dataset,seed,n,phi_dim,method,cate_learner,outcome_source,ate_calibration,observed_ate,raw_tau_hat_mean,train_tau_hat_mean,standardized_representation,cate_feature_dim,tau_true_mean,tau_true_std,tau_hat_mean,tau_hat_std,pehe,pehe_norm,pearson,spearman,policy_norm_20
semisynthetic_true_phi10,0,100,10,encoder_pred,econml_dml,True,none,0.0799999833106994,0.030353056428108,0.0263890114303722,True,10,0.08481841,0.13307382,0.030353056428108,0.285046324796086,0.2819374898437074,2.118654791142013,0.2957615577566321,0.4742347415621016,0.3902762974491126
semisynthetic_true_phi10,0,100,10,mi_mine_cond,econml_dml,True,none,0.0799999833106994,0.0081084000397205,0.0159851692365056,True,10,0.08481841,0.13307382,0.0081084000397205,0.201636303206154,0.2148138173137327,1.6142454964309276,0.3373759533330265,0.5594919087273417,0.5086744716480933
semisynthetic_true_phi10,0,100,10,mi_infonce_cond,econml_dml,True,none,0.0799999833106994,0.0408587949099555,0.0773767716074109,True,10,0.08481841,0.13307382,0.0408587949099555,0.2912835052132169,0.2960205421743189,2.224483662324395,0.2174670736664374,0.3687073282418238,0.3597509890491065
semisynthetic_true_phi10,0,100,10,autoencoder,econml_dml,True,none,0.0799999833106994,0.0204366003052653,0.0096467868649613,True,10,0.08481841,0.13307382,0.0204366003052653,0.2255270535732632,0.2464917560984731,1.8522933588028268,0.1992207415049145,0.361354400484075,0.2533525505811316
semisynthetic_true_phi10,0,100,10,pls,econml_dml,True,none,0.0799999833106994,0.0009116412043425,-0.0049105029635806,True,10,0.08481841,0.13307382,0.0009116412043425,0.3500406128546105,0.3411199631256629,2.563388943524365,0.3318351667952383,0.5178177762551436,0.5002369001589501
semisynthetic_true_phi10,0,100,10,pca,econml_dml,True,none,0.0799999833106994,0.0423368074537656,0.024454223415188,True,10,0.08481841,0.13307382,0.0423368074537656,0.308113065753574,0.3211895930543642,2.4136196664261043,0.1376066350478483,0.3501252450745379,0.3294063610706214
semisynthetic_true_phi10,0,100,10,ica,econml_dml,True,none,0.0799999833106994,0.0201696581035257,-0.0080791167862851,True,10,0.08481841,0.13307382,0.0201696581035257,0.2921459190989107,0.2970597499648563,2.2322929202050505,0.2442685686608465,0.4930475015366035,0.3678126425048485
semisynthetic_true_phi10,0,100,10,raw_x,econml_dml,True,none,0.0799999833106994,0.1781770896088391,0.0566401640156857,True,205,0.08481841,0.13307382,0.1781770896088391,1.0690624042329646,1.0680626935240238,8.02609168482395,0.1003800986658506,0.0822531943836328,0.1804506682178527
semisynthetic_true_phi10,0,250,10,encoder_pred,econml_dml,True,none,0.1334276795387268,0.1479497239805438,0.1468360236918358,True,10,0.08481841,0.13307382,0.1479497239805438,0.1386102315741822,0.1747812944684832,1.3134160594709563,0.2807882909103066,0.4075748983483788,0.3849245209679859
semisynthetic_true_phi10,0,250,10,mi_mine_cond,econml_dml,True,none,0.1334276795387268,0.1236581421998513,0.1346431213715178,True,10,0.08481841,0.13307382,0.1236581421998513,0.1764627545565697,0.2162176586215383,1.6247948388203846,0.0767844964676626,0.2676955828709336,0.2165984114482487
semisynthetic_true_phi10,0,250,10,mi_infonce_cond,econml_dml,True,none,0.1334276795387268,0.127592051998109,0.1246173974966194,True,10,0.08481841,0.13307382,0.127592051998109,0.1542669604217335,0.1986483541780359,1.4927680868730158,0.0943877788656586,0.2507856726475784,0.2319059887424833
semisynthetic_true_phi10,0,250,10,autoencoder,econml_dml,True,none,0.1334276795387268,0.1416431521078723,0.141366950418827,True,10,0.08481841,0.13307382,0.1416431521078723,0.2491371325816752,0.2652117737814769,1.9929672903766145,0.1910759043995123,0.367072920768031,0.2728302030214272
semisynthetic_true_phi10,0,250,10,pls,econml_dml,True,none,0.1334276795387268,0.1631367736675647,0.1617307953181198,True,10,0.08481841,0.13307382,0.1631367736675647,0.1799155003232689,0.2210166969938782,1.66085781734115,0.1537800212454783,0.3409043718316606,0.2148524049104235
semisynthetic_true_phi10,0,250,10,pca,econml_dml,True,none,0.1334276795387268,0.1264615064329823,0.1212822717999162,True,10,0.08481841,0.13307382,0.1264615064329823,0.2181161350209892,0.244019716538373,1.8337169060550849,0.1287110298053045,0.3648269807034924,0.2132587548490758
semisynthetic_true_phi10,0,250,10,ica,econml_dml,True,none,0.1334276795387268,0.1322509469984247,0.1268845402939135,True,10,0.08481841,0.13307382,0.1322509469984247,0.1882981465202262,0.2178897331384456,1.637359853456629,0.1584102001023569,0.360804405560319,0.2329502201396291
semisynthetic_true_phi10,0,250,10,raw_x,econml_dml,True,none,0.1334276795387268,0.0315802447626368,0.0897189091284095,True,242,0.08481841,0.13307382,0.0315802447626368,0.7442727595790564,0.760205495897149,5.712659983700044,-0.0173031101164205,0.0289754755052932,0.101765200950815
semisynthetic_true_phi10,0,500,10,encoder_pred,econml_dml,True,none,0.0344794392585754,0.0454229368707963,0.0476980994046664,True,10,0.08481841,0.13307382,0.0454229368707963,0.1200296962638343,0.1716666121399352,1.2900103866676635,0.131421683980391,0.1791303274063545,0.2406632914624186
semisynthetic_true_phi10,0,500,10,mi_mine_cond,econml_dml,True,none,0.0344794392585754,0.0571899021164238,0.0604276294858255,True,10,0.08481841,0.13307382,0.0571899021164238,0.1166548617839907,0.147592611618359,1.1091032764594142,0.3316460813471234,0.4525929397247065,0.4838407612000948
semisynthetic_true_phi10,0,500,10,mi_infonce_cond,econml_dml,True,none,0.0344794392585754,0.0338442674021515,0.0305263348989571,True,10,0.08481841,0.13307382,0.0338442674021515,0.1534342549981598,0.1887741664673476,1.418567259187835,0.2011302827889395,0.2172334310587748,0.339910724242616
semisynthetic_true_phi10,0,500,10,autoencoder,econml_dml,True,none,0.0344794392585754,0.0320850472359569,0.0238192989314466,True,10,0.08481841,0.13307382,0.0320850472359569,0.1853996424899561,0.2155501122634729,1.6197784776028374,0.1702472539144167,0.2489081332347338,0.2703264321492321
semisynthetic_true_phi10,0,500,10,pls,econml_dml,True,none,0.0344794392585754,0.0478945847562571,0.0458632821220305,True,10,0.08481841,0.13307382,0.0478945847562571,0.146960050882305,0.1661897187204095,1.2488535809860757,0.3336543035818244,0.4144423095518416,0.4143857053396762
semisynthetic_true_phi10,0,500,10,pca,econml_dml,True,none,0.0344794392585754,0.0245728019752224,0.0212263976461192,True,10,0.08481841,0.13307382,0.0245728019752224,0.1580843924349608,0.2016139786850851,1.5150536458955888,0.1350164492548728,0.0734004405404331,0.2284835998759279
semisynthetic_true_phi10,0,500,10,ica,econml_dml,True,none,0.0344794392585754,0.0299566298017412,0.020623574229969,True,10,0.08481841,0.13307382,0.0299566298017412,0.1303538666683142,0.1774249730269365,1.3332823150980864,0.1796010361154464,0.1444928862671935,0.2377928243063712
semisynthetic_true_phi10,0,500,10,raw_x,econml_dml,True,none,0.0344794392585754,0.0214961863803626,0.0238724608526515,True,260,0.08481841,0.13307382,0.0214961863803626,0.5613889780646989,0.5686265607255514,4.273015936687367,0.0906201146017072,0.1982109991580787,0.1855313252622385
semisynthetic_true_phi10,0,750,10,encoder_pred,econml_dml,True,none,0.1015726923942565,0.0992124835389144,0.1000652666562417,True,10,0.08481841,0.13307382,0.0992124835389144,0.1286050029411344,0.1431249815118773,1.075530707109397,0.4081556412814492,0.5557656453064819,0.5496494714191963
semisynthetic_true_phi10,0,750,10,mi_mine_cond,econml_dml,True,none,0.1015726923942565,0.1292251000007653,0.1261156829220468,True,10,0.08481841,0.13307382,0.1292251000007653,0.1531877670263803,0.1593650617968223,1.1975688366369854,0.4353598346010493,0.6387180989904709,0.5504051279250978
semisynthetic_true_phi10,0,750,10,mi_infonce_cond,econml_dml,True,none,0.1015726923942565,0.1000221772708897,0.0966662696692357,True,10,0.08481841,0.13307382,0.1000221772708897,0.1144261962195643,0.146817047597967,1.1032752029082458,0.3112177052790881,0.4637565765751211,0.5269011937620661
semisynthetic_true_phi10,0,750,10,autoencoder,econml_dml,True,none,0.1015726923942565,0.1184150124229657,0.1174676776866129,True,10,0.08481841,0.13307382,0.1184150124229657,0.1337887343809034,0.1821135911985721,1.3685155271078768,0.1003000436262322,0.2496499569516632,0.1541301153291759
semisynthetic_true_phi10,0,750,10,pls,econml_dml,True,none,0.1015726923942565,0.1090484860067641,0.1051377407900443,True,10,0.08481841,0.13307382,0.1090484860067641,0.1174677160878384,0.137777564934355,1.0353468714709353,0.4193912557860513,0.6190556382645882,0.514835851869983
semisynthetic_true_phi10,0,750,10,pca,econml_dml,True,none,0.1015726923942565,0.1193153875200052,0.1174321126517598,True,10,0.08481841,0.13307382,0.1193153875200052,0.1335266981505253,0.1684787534972275,1.2660548212315088,0.2347632336039221,0.4954203422865609,0.3458088893845213
semisynthetic_true_phi10,0,750,10,ica,econml_dml,True,none,0.1015726923942565,0.1165468766668223,0.1152564842725985,True,10,0.08481841,0.13307382,0.1165468766668223,0.1214831827535396,0.1612754054234633,1.2119243545198832,0.230843698119138,0.4816342808535861,0.3327120948053819
semisynthetic_true_phi10,0,750,10,raw_x,econml_dml,True,none,0.1015726923942565,0.1134825611613017,0.1125096742132942,True,278,0.08481841,0.13307382,0.1134825611613017,0.4890377049927871,0.4807536322121765,3.6126837435131054,0.204093936511394,0.2365657770662737,0.3047709841075662
semisynthetic_true_phi10,0,1000,10,encoder_pred,econml_dml,True,none,0.1022775173187255,0.1160451524190868,0.1110950478449363,True,10,0.08481841,0.13307382,0.1160451524190868,0.1340372409991326,0.1612920296636997,1.2120492794677695,0.2981080237291526,0.4158763075095302,0.4962405891222481
semisynthetic_true_phi10,0,1000,10,mi_mine_cond,econml_dml,True,none,0.1022775173187255,0.0716634244532601,0.0646427615271357,True,10,0.08481841,0.13307382,0.0716634244532601,0.083652605944576,0.1393143092813911,1.0468949304942787,0.2457326220046764,0.4022359472732907,0.3586566967258376
semisynthetic_true_phi10,0,1000,10,mi_infonce_cond,econml_dml,True,none,0.1022775173187255,0.0978915258523613,0.0955296986612394,True,10,0.08481841,0.13307382,0.0978915258523613,0.1126050003950839,0.1471921531782891,1.106093981054331,0.2967646525333505,0.4122328620328478,0.4151544699038652
semisynthetic_true_phi10,0,1000,10,autoencoder,econml_dml,True,none,0.1022775173187255,0.0957828839973041,0.0923133703704999,True,10,0.08481841,0.13307382,0.0957828839973041,0.0692123663129199,0.1538401194729918,1.1560509614099068,-0.0568690844479744,0.1039215187727799,0.0838747433471828
semisynthetic_true_phi10,0,1000,10,pls,econml_dml,True,none,0.1022775173187255,0.0897789646069278,0.0871314088681417,True,10,0.08481841,0.13307382,0.0897789646069278,0.0731527444335434,0.1331746230589326,1.0007574847841276,0.2747431682660619,0.4450425679304257,0.3429593687738781
semisynthetic_true_phi10,0,1000,10,pca,econml_dml,True,none,0.1022775173187255,0.1050825218263666,0.10032232996728,True,10,0.08481841,0.13307382,0.1050825218263666,0.0861691960630764,0.1498287304552837,1.125906873207189,0.1349871392116451,0.3200949175206911,0.2463364459153281
semisynthetic_true_phi10,0,1000,10,ica,econml_dml,True,none,0.1022775173187255,0.1028325282709673,0.098249778194841,True,10,0.08481841,0.13307382,0.1028325282709673,0.0822768096559359,0.1493097701579943,1.122007080664969,0.1145877245588729,0.2914469292723928,0.2634252700045931
semisynthetic_true_phi10,0,1000,10,raw_x,econml_dml,True,none,0.1022775173187255,0.1260656033940441,0.0923465948648641,True,284,0.08481841,0.13307382,0.1260656033940441,0.4714191608040047,0.4686175275029868,3.521485455544452,0.1756923665818103,0.251749634424579,0.2964388699114798
semisynthetic_true_phi10,1,100,10,encoder_pred,econml_dml,True,none,0.0156062245368957,-0.0034322215172796,0.0033693301521165,True,10,0.08496582,0.13391817,-0.0034322215172796,0.1573083037177352,0.1912473011456917,1.428090800738444,0.3303515191862375,0.3462103061410434,0.4998896875771828
semisynthetic_true_phi10,1,100,10,mi_mine_cond,econml_dml,True,none,0.0156062245368957,-0.0049768222819811,-0.0017042585196646,True,10,0.08496582,0.13391817,-0.0049768222819811,0.1226567561769184,0.1716542744258275,1.2817848343293023,0.3531981663673642,0.3883307253279857,0.5146834109440164
semisynthetic_true_phi10,1,100,10,mi_infonce_cond,econml_dml,True,none,0.0156062245368957,0.0108883944955005,0.0274737503992269,True,10,0.08496582,0.13391817,0.0108883944955005,0.2035956074236508,0.2330819213605698,1.7404802353780546,0.193388425692642,0.3308569709297334,0.3972168501094486
semisynthetic_true_phi10,1,100,10,autoencoder,econml_dml,True,none,0.0156062245368957,-0.0020690651115439,-0.0115685125445351,True,10,0.08496582,0.13391817,-0.0020690651115439,0.2922065404185673,0.3156677744648086,2.3571691840992366,0.1437152732281222,0.3648796231636734,0.2115489030214901
semisynthetic_true_phi10,1,100,10,pls,econml_dml,True,none,0.0156062245368957,-0.0525313283904037,-0.0371427929006349,True,10,0.08496582,0.13391817,-0.0525313283904037,0.2475596779579237,0.3110042352639653,2.322345385845823,0.0211400329493148,0.0532834445958864,0.1991489212422814
semisynthetic_true_phi10,1,100,10,pca,econml_dml,True,none,0.0156062245368957,0.0646889210447358,0.0381839302106113,True,10,0.08496582,0.13391817,0.0646889210447358,0.2148406119736469,0.2351406838591308,1.7558535230923766,0.1600666579615755,0.14470683338453,0.2378459708251306
semisynthetic_true_phi10,1,100,10,ica,econml_dml,True,none,0.0156062245368957,-0.0194077333705693,-0.0463400006712212,True,10,0.08496582,0.13391817,-0.0194077333705693,0.3137487068428472,0.3423654457605733,2.55652728510363,0.1196200249319585,0.03482586108249,0.2041465579237335
semisynthetic_true_phi10,1,100,10,raw_x,econml_dml,True,none,0.0156062245368957,-0.0935590982518237,0.0181904985150952,True,198,0.08496582,0.13391817,-0.0935590982518237,0.8107868634384459,0.8298565291562807,6.196743525902124,0.0852774666398028,0.046877158447479,0.1534918663292891
semisynthetic_true_phi10,1,250,10,encoder_pred,econml_dml,True,none,0.1282249689102172,0.0813807468429522,0.0955365931768709,True,10,0.08496582,0.13391817,0.0813807468429522,0.2009256142063365,0.211417301199537,1.5787051694392462,0.2531024753779464,0.4415944259070297,0.3395702436773177
semisynthetic_true_phi10,1,250,10,mi_mine_cond,econml_dml,True,none,0.1282249689102172,0.0936944113667233,0.1052706269231072,True,10,0.08496582,0.13391817,0.0936944113667233,0.1208200254036024,0.155004944712061,1.157460180019132,0.265179581504768,0.3531084043797932,0.3435512024879902
semisynthetic_true_phi10,1,250,10,mi_infonce_cond,econml_dml,True,none,0.1282249689102172,0.0989626322537795,0.0953204807228989,True,10,0.08496582,0.13391817,0.0989626322537795,0.1400766385309685,0.1540491433951588,1.1503229756778175,0.3736994708977088,0.5542577195854796,0.5569384036505798
semisynthetic_true_phi10,1,250,10,autoencoder,econml_dml,True,none,0.1282249689102172,0.0698971080251968,0.0820623894025199,True,10,0.08496582,0.13391817,0.0698971080251968,0.167995609770001,0.2017694422693571,1.5066622255520736,0.126074384846621,0.333913966799398,0.1700729845751885
semisynthetic_true_phi10,1,250,10,pls,econml_dml,True,none,0.1282249689102172,0.0631780752880945,0.0680732474580858,True,10,0.08496582,0.13391817,0.0631780752880945,0.2123073855013451,0.2181283463192538,1.6288181997481392,0.2796731580020185,0.3218151787418843,0.5154502961687879
semisynthetic_true_phi10,1,250,10,pca,econml_dml,True,none,0.1282249689102172,0.0596508372122717,0.0741252112469214,True,10,0.08496582,0.13391817,0.0596508372122717,0.1842785444266731,0.2103954221677914,1.5710745464920923,0.1675012097940387,0.3657416244294865,0.2969888226544555
semisynthetic_true_phi10,1,250,10,ica,econml_dml,True,none,0.1282249689102172,0.0739135995315387,0.0918359656143984,True,10,0.08496582,0.13391817,0.0739135995315387,0.1677506910247014,0.1984676801187799,1.482007152642712,0.151505496745022,0.3258647019529797,0.2551946349481317
semisynthetic_true_phi10,1,250,10,raw_x,econml_dml,True,none,0.1282249689102172,0.173345369325028,0.1546754068969435,True,236,0.08496582,0.13391817,0.173345369325028,0.7848412255092685,0.7759346388464183,5.794095462119622,0.1886037559499985,0.2504933013927595,0.2741245704232096
semisynthetic_true_phi10,1,500,10,encoder_pred,econml_dml,True,none,0.0834414362907409,0.0920907691476151,0.0886786075834142,True,10,0.08496582,0.13391817,0.0920907691476151,0.1631231508788406,0.1770230593870368,1.3218748767420063,0.3034274662761723,0.506178967583014,0.3685876795805809
semisynthetic_true_phi10,1,500,10,mi_mine_cond,econml_dml,True,none,0.0834414362907409,0.1081692088809797,0.101375992409537,True,10,0.08496582,0.13391817,0.1081692088809797,0.1274392454308146,0.1521883219280003,1.136427762500188,0.3384406863482537,0.4601932842229754,0.4509618420757511
semisynthetic_true_phi10,1,500,10,mi_infonce_cond,econml_dml,True,none,0.0834414362907409,0.1197299266205047,0.1140007111381583,True,10,0.08496582,0.13391817,0.1197299266205047,0.1506889986767231,0.1918854832546886,1.4328562640605127,0.1246222900963074,0.3092235967193651,0.2098600114048411
semisynthetic_true_phi10,1,500,10,autoencoder,econml_dml,True,none,0.0834414362907409,0.0890127880460384,0.0864710459642155,True,10,0.08496582,0.13391817,0.0890127880460384,0.1507771044328036,0.1903899165547395,1.4216884983807192,0.1098433419782266,0.0879246779786618,0.1458682027009515
semisynthetic_true_phi10,1,500,10,pls,econml_dml,True,none,0.0834414362907409,0.098193486635186,0.0920367964792464,True,10,0.08496582,0.13391817,0.098193486635186,0.133454448048565,0.156095433727274,1.165603130646946,0.3232253794217071,0.3119314844017601,0.455929485141417
semisynthetic_true_phi10,1,500,10,pca,econml_dml,True,none,0.0834414362907409,0.0891685064163844,0.0905463538554284,True,10,0.08496582,0.13391817,0.0891685064163844,0.1538392832293481,0.1905698270490944,1.423031934447034,0.1286631437270534,0.2028520593072793,0.176648457216601
semisynthetic_true_phi10,1,500,10,ica,econml_dml,True,none,0.0834414362907409,0.0674071043919885,0.0693493231354065,True,10,0.08496582,0.13391817,0.0674071043919885,0.132905667856278,0.1787697864344325,1.334918118726825,0.110898877202112,0.1247999484829078,0.216979002718221
semisynthetic_true_phi10,1,500,10,raw_x,econml_dml,True,none,0.0834414362907409,0.0891982860185689,0.0886333680471751,True,254,0.08496582,0.13391817,0.0891982860185689,0.6951239208755784,0.6974298650556648,5.207880939911954,0.0791754321621271,0.1166578088401146,0.2241691462875517
semisynthetic_true_phi10,1,750,10,encoder_pred,econml_dml,True,none,0.0584897398948669,0.0473082478166879,0.0445027541616169,True,10,0.08496582,0.13391817,0.0473082478166879,0.0698187192759661,0.1441290914093503,1.0762474990623958,0.1846860007142283,0.3137104580325502,0.2407236402445484
semisynthetic_true_phi10,1,750,10,mi_mine_cond,econml_dml,True,none,0.0584897398948669,0.045394107627303,0.0433903964693835,True,10,0.08496582,0.13391817,0.045394107627303,0.0695303812940046,0.1497543256433405,1.1182525114909927,0.1024612379013375,0.2420039261070232,0.1827157891183227
semisynthetic_true_phi10,1,750,10,mi_infonce_cond,econml_dml,True,none,0.0584897398948669,0.0554904482999226,0.0501459199415991,True,10,0.08496582,0.13391817,0.0554904482999226,0.1083610980382389,0.1698371051275934,1.2682155826711288,0.0585864862523162,0.1477536540932569,0.167361535282022
semisynthetic_true_phi10,1,750,10,autoencoder,econml_dml,True,none,0.0584897398948669,0.0662941421448886,0.0596227612828856,True,10,0.08496582,0.13391817,0.0662941421448886,0.0914125372464155,0.1551933542730174,1.158867080713475,0.1043139721224112,0.273227035449501,0.1823404064643641
semisynthetic_true_phi10,1,750,10,pls,econml_dml,True,none,0.0584897398948669,0.056790515112137,0.0467851634199359,True,10,0.08496582,0.13391817,0.056790515112137,0.1022360621536497,0.1416391888166945,1.0576547818527668,0.3330033718392235,0.5159416176783874,0.356521525423768
semisynthetic_true_phi10,1,750,10,pca,econml_dml,True,none,0.0584897398948669,0.0619112363070454,0.057484875249197,True,10,0.08496582,0.13391817,0.0619112363070454,0.0795393241843778,0.1485543659386236,1.1092921162054263,0.127851794693291,0.3542842442007083,0.1781482371037609
semisynthetic_true_phi10,1,750,10,ica,econml_dml,True,none,0.0584897398948669,0.0696663365195862,0.0639801834663544,True,10,0.08496582,0.13391817,0.0696663365195862,0.0762513636540518,0.1440236508312851,1.0754601482414563,0.1586263502528113,0.3880021141942602,0.2211617908157368
semisynthetic_true_phi10,1,750,10,raw_x,econml_dml,True,none,0.0584897398948669,0.0700719095124959,0.0602566928140744,True,279,0.08496582,0.13391817,0.0700719095124959,0.5243787821341035,0.5270186887895136,3.935378626358703,0.1095091884859866,0.1283854365033002,0.2278470638744107
semisynthetic_true_phi10,1,1000,10,encoder_pred,econml_dml,True,none,0.0511506795883178,0.0368417902612837,0.0354937882067018,True,10,0.08496582,0.13391817,0.0368417902612837,0.0699426368827121,0.1452969746805865,1.0849683717021523,0.2151668276048228,0.30045750090995,0.3932890738113485
semisynthetic_true_phi10,1,1000,10,mi_mine_cond,econml_dml,True,none,0.0511506795883178,0.0458779265949535,0.0417018229523716,True,10,0.08496582,0.13391817,0.0458779265949535,0.0929415123128158,0.1521265122391426,1.135966214297806,0.1991549722055988,0.1788899960719477,0.3644749206300549
semisynthetic_true_phi10,1,1000,10,mi_infonce_cond,econml_dml,True,none,0.0511506795883178,0.0414180304747272,0.0396137828203954,True,10,0.08496582,0.13391817,0.0414180304747272,0.121938787842501,0.1796542121534119,1.3415223438617403,0.0742175093715893,-0.0264661178322155,0.2546382996209606
semisynthetic_true_phi10,1,1000,10,autoencoder,econml_dml,True,none,0.0511506795883178,0.0419815218332573,0.0428353257597296,True,10,0.08496582,0.13391817,0.0419815218332573,0.0999547948365546,0.1775345312190064,1.3256941631512624,-0.0652119693725281,-0.0870733130939143,0.0771316880601857
semisynthetic_true_phi10,1,1000,10,pls,econml_dml,True,none,0.0511506795883178,0.0145645769494659,0.014980329043254,True,10,0.08496582,0.13391817,0.0145645769494659,0.1066549371933017,0.1823836029509728,1.3619033786071535,0.0350733196845534,0.0100790863035242,0.1865551701346564
semisynthetic_true_phi10,1,1000,10,pca,econml_dml,True,none,0.0511506795883178,0.0363820024465883,0.0410645071832111,True,10,0.08496582,0.13391817,0.0363820024465883,0.0729792735061359,0.1622419019737539,1.2115003260962145,-0.0359142611280199,-0.0335701347019239,0.0731133363276299
semisynthetic_true_phi10,1,1000,10,ica,econml_dml,True,none,0.0511506795883178,0.0175123431291667,0.0223786368789537,True,10,0.08496582,0.13391817,0.0175123431291667,0.0752982933447903,0.1737062656271664,1.297107559095996,-0.1001599356196092,-0.1864329301941316,0.04518181465934
semisynthetic_true_phi10,1,1000,10,raw_x,econml_dml,True,none,0.0511506795883178,0.0359316328763596,0.0359734270607479,True,272,0.08496582,0.13391817,0.0359316328763596,0.4389448852702958,0.4481671086578639,3.346574415605866,0.1034086786589461,0.1467092449743708,0.2013365393029173
semisynthetic_true_phi10,2,100,10,encoder_pred,econml_dml,True,none,0.0260103940963745,0.0322596453544948,0.0282683856829978,True,10,0.084778905,0.1312038,0.0322596453544948,0.16194737560183,0.1886319191755989,1.437701640830891,0.2498495343747699,0.3950449945526694,0.3562518975880145
semisynthetic_true_phi10,2,100,10,mi_mine_cond,econml_dml,True,none,0.0260103940963745,0.0284571191745006,0.0461661659702887,True,10,0.084778905,0.1312038,0.0284571191745006,0.1644610483978955,0.2211884401645541,1.6858386679582753,-0.034533200451045,-0.0385632349832996,0.1322203727736086
semisynthetic_true_phi10,2,100,10,mi_infonce_cond,econml_dml,True,none,0.0260103940963745,0.1133770332164407,0.093594469668472,True,10,0.084778905,0.1312038,0.1133770332164407,0.3229846672463466,0.3175656339059282,2.4203996594713924,0.2537171940948394,0.2361041718619903,0.4050891631267414
semisynthetic_true_phi10,2,100,10,autoencoder,econml_dml,True,none,0.0260103940963745,0.040622464928309,0.0285736233334026,True,10,0.084778905,0.1312038,0.040622464928309,0.2640909541833972,0.2846275383478825,2.1693543738346404,0.113931960229739,0.1907427397634314,0.2110599490035815
semisynthetic_true_phi10,2,100,10,pls,econml_dml,True,none,0.0260103940963745,0.0421161520246989,0.0527645537834101,True,10,0.084778905,0.1312038,0.0421161520246989,0.2683115315822069,0.274571171945041,2.092707459879942,0.2220844585859114,0.2383243614222841,0.3460306489012126
semisynthetic_true_phi10,2,100,10,pca,econml_dml,True,none,0.0260103940963745,0.0388040819597585,0.0250806964443032,True,10,0.084778905,0.1312038,0.0388040819597585,0.174799726591052,0.2190281529324875,1.6693735409968251,0.0416347305793681,-0.002940747302504,0.0960859308458473
semisynthetic_true_phi10,2,100,10,ica,econml_dml,True,none,0.0260103940963745,0.0176375776864504,-0.0027848413839973,True,10,0.084778905,0.1312038,0.0176375776864504,0.2279591791763419,0.2622507138858957,1.9988042496235048,0.0821212221972381,0.0648897227279242,0.1356679039612233
semisynthetic_true_phi10,2,100,10,raw_x,econml_dml,True,none,0.0260103940963745,-0.0327773103305492,0.0318792790632773,True,201,0.084778905,0.1312038,-0.0327773103305492,0.822736680705151,0.8354608694105029,6.367657542005543,0.0460168319786263,-0.0090860132494336,0.157788473680958
semisynthetic_true_phi10,2,250,10,encoder_pred,econml_dml,True,none,0.0579254627227783,0.1000274888799329,0.090263750816551,True,10,0.084778905,0.1312038,0.1000274888799329,0.1294338945148516,0.1583915585228749,1.2072177634481531,0.2682866070039265,0.408800153265633,0.3288074011977978
semisynthetic_true_phi10,2,250,10,mi_mine_cond,econml_dml,True,none,0.0579254627227783,0.0744302835104249,0.0781089645851706,True,10,0.084778905,0.1312038,0.0744302835104249,0.1363191249291579,0.1593568629319268,1.2145750534490214,0.2938071049333305,0.3887619768308525,0.3430915033733405
semisynthetic_true_phi10,2,250,10,mi_infonce_cond,econml_dml,True,none,0.0579254627227783,0.1280677492357382,0.1079958169994275,True,10,0.084778905,0.1312038,0.1280677492357382,0.1558673441814207,0.1751797199016486,1.3351726041044047,0.3103866789144966,0.4508472295613822,0.3915253383416223
semisynthetic_true_phi10,2,250,10,autoencoder,econml_dml,True,none,0.0579254627227783,0.0561885473410228,0.0695745467086587,True,10,0.084778905,0.1312038,0.0561885473410228,0.2084257436655564,0.248286217547426,1.8923706227647064,-0.0031614842089656,0.0340855223389042,0.1163920369818073
semisynthetic_true_phi10,2,250,10,pls,econml_dml,True,none,0.0579254627227783,0.0407238578124445,0.0483205632899936,True,10,0.084778905,0.1312038,0.0407238578124445,0.2280343274759495,0.2344024014240826,1.7865519187576526,0.270905931650898,0.3502938970449625,0.4368544506331562
semisynthetic_true_phi10,2,250,10,pca,econml_dml,True,none,0.0579254627227783,0.0656250302897625,0.0643893011408468,True,10,0.084778905,0.1312038,0.0656250302897625,0.1847739080440648,0.2178566698498606,1.6604448127229516,0.0878845389055296,0.1739138309804903,0.1594712816007179
semisynthetic_true_phi10,2,250,10,ica,econml_dml,True,none,0.0579254627227783,0.0360120853916029,0.0320547787392029,True,10,0.084778905,0.1312038,0.0360120853916029,0.1233079398406106,0.1808201821389928,1.3781626868492316,0.0649489594777581,0.1641128782461274,0.1206175120841091
semisynthetic_true_phi10,2,250,10,raw_x,econml_dml,True,none,0.0579254627227783,0.1286740768577944,0.0749635743027137,True,257,0.084778905,0.1312038,0.1286740768577944,0.8550833809987876,0.8453104745962361,6.442728577697454,0.1593678271155567,0.1874694089422102,0.2467033690415736
semisynthetic_true_phi10,2,500,10,encoder_pred,econml_dml,True,none,0.034928560256958,0.0508641949758138,0.0530782251361007,True,10,0.084778905,0.1312038,0.0508641949758138,0.1116469543325252,0.1543448183591668,1.1763746007490377,0.2391836005684817,0.2438749827705583,0.3984715180435431
semisynthetic_true_phi10,2,500,10,mi_mine_cond,econml_dml,True,none,0.034928560256958,0.0680104555933095,0.0674699362453508,True,10,0.084778905,0.1312038,0.0680104555933095,0.0802495349274194,0.149280267240528,1.1377739573098924,0.07840254795771,0.196941465089586,0.210927487284481
semisynthetic_true_phi10,2,500,10,mi_infonce_cond,econml_dml,True,none,0.034928560256958,0.0532282321143937,0.0505746074441755,True,10,0.084778905,0.1312038,0.0532282321143937,0.1378169738652342,0.1640513200924684,1.2503549405011063,0.2845509842870567,0.2326323417970738,0.3657867903692538
semisynthetic_true_phi10,2,500,10,autoencoder,econml_dml,True,none,0.034928560256958,0.0679677273624189,0.0675221008708848,True,10,0.084778905,0.1312038,0.0679677273624189,0.1100710429949107,0.1766205000187594,1.3461538417841128,-0.054775731333266,-0.1466079290137837,0.1218319012421308
semisynthetic_true_phi10,2,500,10,pls,econml_dml,True,none,0.034928560256958,0.0582917634004671,0.0521070274027411,True,10,0.084778905,0.1312038,0.0582917634004671,0.1871295292383422,0.2244552483547658,1.710737399391819,0.0519977413214277,-0.0442132340608227,0.2098350139581872
semisynthetic_true_phi10,2,500,10,pca,econml_dml,True,none,0.034928560256958,0.053627388864275,0.0440609801615633,True,10,0.084778905,0.1312038,0.053627388864275,0.1557817121588564,0.1946258434577079,1.4833857160026125,0.1118827457513275,0.0636653642113286,0.2305891859649688
semisynthetic_true_phi10,2,500,10,ica,econml_dml,True,none,0.034928560256958,0.0409773905839359,0.0266627632701566,True,10,0.084778905,0.1312038,0.0409773905839359,0.1722161379175063,0.2093840444370497,1.5958687456851972,0.109529536047187,0.0526529358809586,0.1989953195068017
semisynthetic_true_phi10,2,500,10,raw_x,econml_dml,True,none,0.034928560256958,0.0253110481152325,0.040494925115666,True,254,0.084778905,0.1312038,0.0253110481152325,0.5290249711237067,0.5496591994741014,4.189354253699042,-0.0108554274921515,0.0124173524907824,0.1293326468430852
semisynthetic_true_phi10,2,750,10,encoder_pred,econml_dml,True,none,0.0816521048545837,0.1392606315161509,0.1312011259552432,True,10,0.084778905,0.1312038,0.1392606315161509,0.1345780083902851,0.1431698282059438,1.091201838102216,0.503941470482094,0.6845883625610104,0.6082089321650909
semisynthetic_true_phi10,2,750,10,mi_mine_cond,econml_dml,True,none,0.0816521048545837,0.1092725832674551,0.1084987137695047,True,10,0.084778905,0.1312038,0.1092725832674551,0.091278901379501,0.1353746235380991,1.031788889378834,0.3264794597284888,0.4787409450500466,0.377247684606766
semisynthetic_true_phi10,2,750,10,mi_infonce_cond,econml_dml,True,none,0.0816521048545837,0.1186944550387968,0.1128464062271845,True,10,0.084778905,0.1312038,0.1186944550387968,0.10709667590333,0.1432573315348113,1.0918687648876764,0.3313433703597661,0.4899767964238287,0.4835807250734182
semisynthetic_true_phi10,2,750,10,autoencoder,econml_dml,True,none,0.0816521048545837,0.0944411779438479,0.0942212148320146,True,10,0.084778905,0.1312038,0.0944411779438479,0.1118959883970018,0.1489296284820467,1.1351014832100128,0.2604857123055694,0.4478457755078189,0.2898005819717719
semisynthetic_true_phi10,2,750,10,pls,econml_dml,True,none,0.0816521048545837,0.1073763953144973,0.1067760826901288,True,10,0.084778905,0.1312038,0.1073763953144973,0.1132525984470824,0.139257425677836,1.0613825606499454,0.3754786854622001,0.5636280389836051,0.4959890698930365
semisynthetic_true_phi10,2,750,10,pca,econml_dml,True,none,0.0816521048545837,0.0790444780639779,0.0771315292669525,True,10,0.084778905,0.1312038,0.0790444780639779,0.1253698463104316,0.1559495059069087,1.1886050966825583,0.2627719213661376,0.3545709244189217,0.2499569432241666
semisynthetic_true_phi10,2,750,10,ica,econml_dml,True,none,0.0816521048545837,0.0848356597448852,0.0862536816802392,True,10,0.084778905,0.1312038,0.0848356597448852,0.1091372567430938,0.1592939932419936,1.2140958776193396,0.1309709674986884,0.0420056857158541,0.15514058272409
semisynthetic_true_phi10,2,750,10,raw_x,econml_dml,True,none,0.0816521048545837,0.1189005591853166,0.11562678593151,True,276,0.084778905,0.1312038,0.1189005591853166,0.5577880222649235,0.5545855689320665,4.226901713768418,0.1499035069983657,0.1401314220955068,0.2641268542625536
semisynthetic_true_phi10,2,1000,10,encoder_pred,econml_dml,True,none,0.0646856427192688,0.082534045842554,0.0806260496877056,True,10,0.084778905,0.1312038,0.082534045842554,0.0706124287547358,0.1366212704754671,1.0412904962925735,0.1910612908184039,0.189109102970756,0.3161420591483222
semisynthetic_true_phi10,2,1000,10,mi_mine_cond,econml_dml,True,none,0.0646856427192688,0.0632855123370588,0.064916770105621,True,10,0.084778905,0.1312038,0.0632855123370588,0.0584664396447862,0.1453793295479129,1.1080420617433162,-0.0026347077479577,-0.1014161796230305,0.1458064984161017
semisynthetic_true_phi10,2,1000,10,mi_infonce_cond,econml_dml,True,none,0.0646856427192688,0.064788940512622,0.064321683730294,True,10,0.084778905,0.1312038,0.064788940512622,0.0600848112454901,0.1300589664532672,0.9912743839528312,0.2732900736373803,0.3762848503693329,0.2810534736943922
semisynthetic_true_phi10,2,1000,10,autoencoder,econml_dml,True,none,0.0646856427192688,0.0722859813309702,0.0752643636537885,True,10,0.084778905,0.1312038,0.0722859813309702,0.0937435189438213,0.1612776815669359,1.2292150153142258,0.0060110990786567,0.0736686938022021,0.1031783423745845
semisynthetic_true_phi10,2,1000,10,pls,econml_dml,True,none,0.0646856427192688,0.0763360545691911,0.0800166300412213,True,10,0.084778905,0.1312038,0.0763360545691911,0.0764246769863612,0.1483031968772643,1.130326990377622,0.0564769351054711,0.2507622554519984,0.1579509273663762
semisynthetic_true_phi10,2,1000,10,pca,econml_dml,True,none,0.0646856427192688,0.0775780887414759,0.0778352581994787,True,10,0.084778905,0.1312038,0.0775780887414759,0.0450165950073982,0.1248906382519475,0.9518827795633708,0.3128084420492713,0.4942274652029197,0.3188262897553085
semisynthetic_true_phi10,2,1000,10,ica,econml_dml,True,none,0.0646856427192688,0.0678153600906191,0.0666878484526256,True,10,0.084778905,0.1312038,0.0678153600906191,0.0697826308850042,0.1380259799030882,1.0519968129001114,0.1813420420365812,0.3770830826951965,0.1379743970036245
semisynthetic_true_phi10,2,1000,10,raw_x,econml_dml,True,none,0.0646856427192688,0.098396478428623,0.0966004175486111,True,290,0.084778905,0.1312038,0.098396478428623,0.4466729585338223,0.4543292037078799,3.4627747228725982,0.0895960077301478,0.1711952902323777,0.2223910683722792
semisynthetic_true_phi10,3,100,10,encoder_pred,econml_dml,True,none,0.0942472219467163,-0.0774801765310166,-0.0652280906109959,True,10,0.08406847,0.1318516,-0.0774801765310166,0.2471082699490606,0.3112980069458076,2.3609725646330464,0.1172265131511757,0.0436052969826908,0.3054687167923874
semisynthetic_true_phi10,3,100,10,mi_mine_cond,econml_dml,True,none,0.0942472219467163,0.0776446033048078,0.09673856833592,True,10,0.08406847,0.1318516,0.0776446033048078,0.2809915065442762,0.2841091730717656,2.1547647206742067,0.2113989631419497,0.2456181685256068,0.3515811283994186
semisynthetic_true_phi10,3,100,10,mi_infonce_cond,econml_dml,True,none,0.0942472219467163,0.0392487403705368,0.0310525825888546,True,10,0.08406847,0.1318516,0.0392487403705368,0.22369819254599,0.2477520502783587,1.8790219676562872,0.1365225816315373,0.1637066807873401,0.2041273311566334
semisynthetic_true_phi10,3,100,10,autoencoder,econml_dml,True,none,0.0942472219467163,0.0526082864033471,0.0658038889590054,True,10,0.08406847,0.1318516,0.0526082864033471,0.2630557426899258,0.290636855828665,2.204272522060005,0.0447339253858606,0.1330377675432699,0.135041384241191
semisynthetic_true_phi10,3,100,10,pls,econml_dml,True,none,0.0942472219467163,0.1842779880974214,0.1956316081897882,True,10,0.08406847,0.1318516,0.1842779880974214,0.3599954786701447,0.371533239893006,2.817813691911363,0.2000020788479398,0.2695536631636711,0.265060502462039
semisynthetic_true_phi10,3,100,10,pca,econml_dml,True,none,0.0942472219467163,0.1708919733957915,0.1765932538030712,True,10,0.08406847,0.1318516,0.1708919733957915,0.2368889257314367,0.2708033582810445,2.0538496394014576,0.1233435665783395,0.0956367694968358,0.1447079462431761
semisynthetic_true_phi10,3,100,10,ica,econml_dml,True,none,0.0942472219467163,0.15133637797601,0.1566016131559899,True,10,0.08406847,0.1318516,0.15133637797601,0.2845217495976679,0.3069978297740079,2.328358798726579,0.1148188326165151,0.0897942618647282,0.1447416899849076
semisynthetic_true_phi10,3,100,10,raw_x,econml_dml,True,none,0.0942472219467163,0.1759077168127506,0.1770271989031716,True,194,0.08406847,0.1318516,0.1759077168127506,0.8471002697541766,0.8437336466316905,6.399115789719779,0.1410657260530323,0.1838320756785628,0.1903893141562755
semisynthetic_true_phi10,3,250,10,encoder_pred,econml_dml,True,none,0.0564935207366943,0.0827620127025229,0.0752633598507689,True,10,0.08406847,0.1318516,0.0827620127025229,0.1923021015736705,0.2136322911783104,1.6202480168126954,0.1721115866429471,0.3997687528066144,0.1559707644756722
semisynthetic_true_phi10,3,250,10,mi_mine_cond,econml_dml,True,none,0.0564935207366943,0.0127131897624761,0.0004150929871203,True,10,0.08406847,0.1318516,0.0127131897624761,0.1371477723118484,0.1803673367382303,1.3679571474706702,0.2420362616618678,0.4506731737616797,0.2634906325667372
semisynthetic_true_phi10,3,250,10,mi_infonce_cond,econml_dml,True,none,0.0564935207366943,0.0641980344459893,0.0680244763009605,True,10,0.08406847,0.1318516,0.0641980344459893,0.1824738758931574,0.2138836851073903,1.6221546598243104,0.1107706193874883,0.3004556149917916,0.164700226986024
semisynthetic_true_phi10,3,250,10,autoencoder,econml_dml,True,none,0.0564935207366943,0.0497760367948927,0.0444360703261387,True,10,0.08406847,0.1318516,0.0497760367948927,0.1817851902948654,0.2157391326261816,1.6362269011790236,0.1056232981003841,0.2257808314163578,0.1493533123930396
semisynthetic_true_phi10,3,250,10,pls,econml_dml,True,none,0.0564935207366943,0.0283619342993681,0.0066636373128763,True,10,0.08406847,0.1318516,0.0283619342993681,0.1855976589561958,0.2083959709130745,1.580534275606487,0.2350846058234589,0.3578901508098356,0.2826626962533845
semisynthetic_true_phi10,3,250,10,pca,econml_dml,True,none,0.0564935207366943,0.0563542650651273,0.051414753715699,True,10,0.08406847,0.1318516,0.0563542650651273,0.1210332226030151,0.1713092058810731,1.2992577084655017,0.108253820626263,0.1987631878541074,0.138308407164629
semisynthetic_true_phi10,3,250,10,ica,econml_dml,True,none,0.0564935207366943,0.0126285309296302,0.0083398811458988,True,10,0.08406847,0.1318516,0.0126285309296302,0.1892619064516339,0.2284424870229705,1.7325727515874088,0.1226755569429103,0.2452180220085981,0.1726794012448932
semisynthetic_true_phi10,3,250,10,raw_x,econml_dml,True,none,0.0564935207366943,0.0247133208489403,0.0354140022694935,True,236,0.08406847,0.1318516,0.0247133208489403,0.8375661896206003,0.8499190384099968,6.4460275590348655,0.0002835654137895,0.0226067686020444,0.1005786566786974
semisynthetic_true_phi10,3,500,10,encoder_pred,econml_dml,True,none,0.1505624055862426,0.1179983488288715,0.121618070213217,True,10,0.08406847,0.1318516,0.1179983488288715,0.0814231929601203,0.1554137611619735,1.1787021377677147,0.0471499416240452,0.2031638661527728,0.2045773368937384
semisynthetic_true_phi10,3,500,10,mi_mine_cond,econml_dml,True,none,0.1505624055862426,0.1461702516580888,0.1493430484102971,True,10,0.08406847,0.1318516,0.1461702516580888,0.1104099517573014,0.179446219659014,1.3609711337336048,0.0422761589449792,0.2495267783601439,0.2065615625472692
semisynthetic_true_phi10,3,500,10,mi_infonce_cond,econml_dml,True,none,0.1505624055862426,0.1337176356906327,0.1331439710282675,True,10,0.08406847,0.1318516,0.1337176356906327,0.1139200044327801,0.1844501956191935,1.3989227096912489,-0.0397529349542434,0.1719546844096821,0.1038944391417237
semisynthetic_true_phi10,3,500,10,autoencoder,econml_dml,True,none,0.1505624055862426,0.0995612668701929,0.1009562737820239,True,10,0.08406847,0.1318516,0.0995612668701929,0.1113964193544489,0.1830271462604222,1.388129898882272,-0.1179516703573223,-0.363038092329521,-0.1823702259670232
semisynthetic_true_phi10,3,500,10,pls,econml_dml,True,none,0.1505624055862426,0.1470771977189696,0.1501928368602883,True,10,0.08406847,0.1318516,0.1470771977189696,0.1389352059093634,0.1907048337508304,1.4463596630318245,0.1170818304869971,0.2232575707252815,0.3851668865472196
semisynthetic_true_phi10,3,500,10,pca,econml_dml,True,none,0.1505624055862426,0.1399421945613546,0.1383358296344339,True,10,0.08406847,0.1318516,0.1399421945613546,0.1357780466158148,0.2041365560772471,1.5482296628418764,-0.076227550391368,0.016879391546671,0.0983054187198708
semisynthetic_true_phi10,3,500,10,ica,econml_dml,True,none,0.1505624055862426,0.1241893650525064,0.1233523972845163,True,10,0.08406847,0.1318516,0.1241893650525064,0.1052810365583987,0.1898988117406204,1.4402465630114722,-0.2155004918118355,-0.4871230290422142,-0.2412855449268157
semisynthetic_true_phi10,3,500,10,raw_x,econml_dml,True,none,0.1505624055862426,0.10868118439904,0.1422542983881894,True,265,0.08406847,0.1318516,0.10868118439904,0.5835834848474108,0.5894377765940592,4.470463633065089,0.0722803194243222,0.1492970560715305,0.2196978774651366
semisynthetic_true_phi10,3,750,10,encoder_pred,econml_dml,True,none,0.074842095375061,0.0650864885176866,0.0619866876443781,True,10,0.08406847,0.1318516,0.0650864885176866,0.1159858096279678,0.1514428896795293,1.148585919807583,0.2701552106667531,0.3090294133721332,0.346970576159508
semisynthetic_true_phi10,3,750,10,mi_mine_cond,econml_dml,True,none,0.074842095375061,0.0755809692686118,0.0782676092173187,True,10,0.08406847,0.1318516,0.0755809692686118,0.1005515955196757,0.1362699357820484,1.0335099248538775,0.339345579002171,0.4834400111071203,0.389842919705178
semisynthetic_true_phi10,3,750,10,mi_infonce_cond,econml_dml,True,none,0.074842095375061,0.0710908604857177,0.0726814026280962,True,10,0.08406847,0.1318516,0.0710908604857177,0.0979187822406034,0.1426554669010921,1.0819396078145431,0.2629890369663534,0.3577447081035184,0.3428622003574963
semisynthetic_true_phi10,3,750,10,autoencoder,econml_dml,True,none,0.074842095375061,0.0914194266670458,0.0923159875761104,True,10,0.08406847,0.1318516,0.0914194266670458,0.1786557303210882,0.2052752994320771,1.5568662161089193,0.1532261607114478,0.2794447261998512,0.1811951645385312
semisynthetic_true_phi10,3,750,10,pls,econml_dml,True,none,0.074842095375061,0.0576161098869059,0.0631386744445016,True,10,0.08406847,0.1318516,0.0576161098869059,0.1298042087443528,0.1619939641447835,1.2286082674745955,0.2539210152937767,0.3534742649136778,0.2436236283913087
semisynthetic_true_phi10,3,750,10,pca,econml_dml,True,none,0.074842095375061,0.0751395667579443,0.0786748390777379,True,10,0.08406847,0.1318516,0.0751395667579443,0.1101764180492383,0.1567193401915371,1.1886040202114931,0.1735556274492795,0.2538889577082275,0.1573247613750605
semisynthetic_true_phi10,3,750,10,ica,econml_dml,True,none,0.074842095375061,0.080343576043333,0.0820796232855968,True,10,0.08406847,0.1318516,0.080343576043333,0.1053325900650273,0.1490458422408415,1.1304060307219104,0.2260545215386482,0.3547727157474913,0.2170171060704924
semisynthetic_true_phi10,3,750,10,raw_x,econml_dml,True,none,0.074842095375061,0.0719757056094202,0.0876270256008736,True,276,0.08406847,0.1318516,0.0719757056094202,0.5603940216629071,0.5614402152176635,4.2581221698645,0.1106894022798288,0.1524623590261814,0.254765484172028
semisynthetic_true_phi10,3,1000,10,encoder_pred,econml_dml,True,none,0.0762860774993896,0.0933293833490929,0.0946714192774251,True,10,0.08406847,0.1318516,0.0933293833490929,0.0836545403991434,0.1374665043916525,1.0425850412887483,0.2525684885896692,0.3225006705074534,0.3278144312251543
semisynthetic_true_phi10,3,1000,10,mi_mine_cond,econml_dml,True,none,0.0762860774993896,0.0495980581736947,0.0544836136225282,True,10,0.08406847,0.1318516,0.0495980581736947,0.1100369193984891,0.1521338989166248,1.1538267302666572,0.2597247574683297,0.4370360713490487,0.43111897357758
semisynthetic_true_phi10,3,1000,10,mi_infonce_cond,econml_dml,True,none,0.0762860774993896,0.0617281676339228,0.0561880263703383,True,10,0.08406847,0.1318516,0.0617281676339228,0.1121377194679091,0.1581974687892338,1.1998145676236038,0.1837053444481858,0.2064168321389346,0.2541677952203678
semisynthetic_true_phi10,3,1000,10,autoencoder,econml_dml,True,none,0.0762860774993896,0.0603062383947689,0.0616971643630432,True,10,0.08406847,0.1318516,0.0603062383947689,0.0603841426701653,0.1479372848376577,1.1219984162918786,-0.0181935604353241,0.0663003610513312,0.0513565368767762
semisynthetic_true_phi10,3,1000,10,pls,econml_dml,True,none,0.0762860774993896,0.0723727928458133,0.0721754843055892,True,10,0.08406847,0.1318516,0.0723727928458133,0.0667214570247842,0.129238540197299,0.9801818222118158,0.2995674485116257,0.3498301949859712,0.4302382920168695
semisynthetic_true_phi10,3,1000,10,pca,econml_dml,True,none,0.0762860774993896,0.0562098853359032,0.0561698730003811,True,10,0.08406847,0.1318516,0.0562098853359032,0.0578480346539434,0.1362836802513215,1.0336141668154228,0.1923406391267874,0.3684795268140011,0.2291620439022466
semisynthetic_true_phi10,3,1000,10,ica,econml_dml,True,none,0.0762860774993896,0.0545410633521468,0.0549672440200742,True,10,0.08406847,0.1318516,0.0545410633521468,0.0575500848835345,0.1377088157325365,1.0444227993699493,0.1716515872686511,0.4098057590685098,0.2678476887092002
semisynthetic_true_phi10,3,1000,10,raw_x,econml_dml,True,none,0.0762860774993896,0.0604403566587127,0.0754362362160015,True,282,0.08406847,0.1318516,0.0604403566587127,0.421854692610246,0.4273281830569448,3.2409783994138177,0.1195128515258834,0.1624302943819833,0.250781047227159
semisynthetic_true_phi10,4,100,10,encoder_pred,econml_dml,True,none,-0.0116419196128845,-0.0440663192812822,-0.0203402924387874,True,10,0.08253687,0.12999763,-0.0440663192812822,0.2668227660493824,0.3495969103364956,2.689256113638798,-0.2608500737318265,-0.3081499785567107,-0.1542350755960861
semisynthetic_true_phi10,4,100,10,mi_mine_cond,econml_dml,True,none,-0.0116419196128845,0.0037309474270975,0.0123922638433917,True,10,0.08253687,0.12999763,0.0037309474270975,0.1663999460910179,0.2488142634926312,1.913990826217668,-0.2567965574176347,-0.1720811972719704,-0.1198094193413223
semisynthetic_true_phi10,4,100,10,mi_infonce_cond,econml_dml,True,none,-0.0116419196128845,0.0202653437067875,0.0103724137202693,True,10,0.08253687,0.12999763,0.0202653437067875,0.1971241454636188,0.247449531920007,1.9034926993274075,-0.0311448746543542,0.1025751662861378,0.0974812319185556
semisynthetic_true_phi10,4,100,10,autoencoder,econml_dml,True,none,-0.0116419196128845,0.0120006633558156,0.0043563443392423,True,10,0.08253687,0.12999763,0.0120006633558156,0.1704292649780775,0.2269148745387487,1.7455309117049904,-0.012852103916044,-0.0555600151357388,0.1089254395116338
semisynthetic_true_phi10,4,100,10,pls,econml_dml,True,none,-0.0116419196128845,-0.0176899636121876,-0.0222764434494836,True,10,0.08253687,0.12999763,-0.0176899636121876,0.3040541766297016,0.3658725586804743,2.814455694980494,-0.1830297624982728,-0.0835951712073014,-0.0583870052912576
semisynthetic_true_phi10,4,100,10,pca,econml_dml,True,none,-0.0116419196128845,-0.0334739500991269,-0.0272373619861787,True,10,0.08253687,0.12999763,-0.0334739500991269,0.2629300283922118,0.3139498759322847,2.4150431490209323,0.013539501152674,0.0301546167964495,0.1608832899989014
semisynthetic_true_phi10,4,100,10,ica,econml_dml,True,none,-0.0116419196128845,-0.0128336026343863,-0.0040333022371233,True,10,0.08253687,0.12999763,-0.0128336026343863,0.1931480330645954,0.2500287246219353,1.923333005510998,0.0156660093575775,0.0075728302308952,0.1527772842980035
semisynthetic_true_phi10,4,100,10,raw_x,econml_dml,True,none,-0.0116419196128845,-0.1388055971696512,-0.0752179559453831,True,204,0.08253687,0.12999763,-0.1388055971696512,0.6632298248741478,0.7204745502507818,5.542213136603947,-0.0772336441014248,-0.0855964074631199,0.0546558212776177
semisynthetic_true_phi10,4,250,10,encoder_pred,econml_dml,True,none,0.1163431406021118,0.1261818487555086,0.1403070560248411,True,10,0.08253687,0.12999763,0.1261818487555086,0.1409451260732235,0.169326849245897,1.3025380118474887,0.2728393102589633,0.1433717665612538,0.4920792607057905
semisynthetic_true_phi10,4,250,10,mi_mine_cond,econml_dml,True,none,0.1163431406021118,0.0924033203548799,0.1144821103327146,True,10,0.08253687,0.12999763,0.0924033203548799,0.1530113462965287,0.1600131231083986,1.230892656252336,0.3721511995767684,0.5347154347115681,0.4079254914618536
semisynthetic_true_phi10,4,250,10,mi_infonce_cond,econml_dml,True,none,0.1163431406021118,0.1420995445796708,0.1476301875078533,True,10,0.08253687,0.12999763,0.1420995445796708,0.2156667786342216,0.2111233814611176,1.6240556696565742,0.3992373618484038,0.5405334918165305,0.4505962778093358
semisynthetic_true_phi10,4,250,10,autoencoder,econml_dml,True,none,0.1163431406021118,0.0520239608007926,0.064198284567228,True,10,0.08253687,0.12999763,0.0520239608007926,0.1573620660394252,0.1958438485694788,1.506518654804715,0.1035951089263851,0.2462616451237064,0.1717424529531145
semisynthetic_true_phi10,4,250,10,pls,econml_dml,True,none,0.1163431406021118,0.1241230260114357,0.1359587223618412,True,10,0.08253687,0.12999763,0.1241230260114357,0.1330514669258063,0.1640391143904164,1.2618623855276938,0.2723880947174836,0.4153611673150452,0.3131065635270281
semisynthetic_true_phi10,4,250,10,pca,econml_dml,True,none,0.1163431406021118,0.0617127596750664,0.0722312520157734,True,10,0.08253687,0.12999763,0.0617127596750664,0.1231565163212144,0.1744226461622899,1.3417371655187298,0.0648746782288143,0.2130816328299894,0.111061836942738
semisynthetic_true_phi10,4,250,10,ica,econml_dml,True,none,0.1163431406021118,0.0670225431184118,0.0797565249113947,True,10,0.08253687,0.12999763,0.0670225431184118,0.1024962188530258,0.1487016329730199,1.1438796046448356,0.2076428324220436,0.3188221480360514,0.3216685047960272
semisynthetic_true_phi10,4,250,10,raw_x,econml_dml,True,none,0.1163431406021118,0.048096915962789,0.1028478539366014,True,259,0.08253687,0.12999763,0.048096915962789,0.8776262527983945,0.8786452123356447,6.758932756924943,0.0714173866592371,0.0917237042900263,0.1559475081353192
semisynthetic_true_phi10,4,500,10,encoder_pred,econml_dml,True,none,0.137603223323822,0.1107429011354454,0.1190855094559933,True,10,0.08253687,0.12999763,0.1107429011354454,0.147172305923038,0.1641888292262178,1.263014059142583,0.3239767527503647,0.4937597861796247,0.4280865371431296
semisynthetic_true_phi10,4,500,10,mi_mine_cond,econml_dml,True,none,0.137603223323822,0.1405608910720431,0.1458018072894753,True,10,0.08253687,0.12999763,0.1405608910720431,0.1405128941939743,0.1742338149810802,1.340284591444133,0.2642187718997308,0.352263538833665,0.3607140174467574
semisynthetic_true_phi10,4,500,10,mi_infonce_cond,econml_dml,True,none,0.137603223323822,0.1050516702194384,0.1046299516846415,True,10,0.08253687,0.12999763,0.1050516702194384,0.1071456759855961,0.1389145280026479,1.068592806912373,0.3442266787298515,0.486405351095283,0.4198290752605388
semisynthetic_true_phi10,4,500,10,autoencoder,econml_dml,True,none,0.137603223323822,0.1063778016140413,0.102740773646938,True,10,0.08253687,0.12999763,0.1063778016140413,0.1495192741928368,0.179399016525685,1.380017636620748,0.1965251822859093,0.368089506807801,0.2046595770230139
semisynthetic_true_phi10,4,500,10,pls,econml_dml,True,none,0.137603223323822,0.1256994131765037,0.1261654069272647,True,10,0.08253687,0.12999763,0.1256994131765037,0.1560641356321378,0.1694128539843361,1.303199598840424,0.3553260751570615,0.586259733580298,0.4716563177854558
semisynthetic_true_phi10,4,500,10,pca,econml_dml,True,none,0.137603223323822,0.1214671105011163,0.1217076239643294,True,10,0.08253687,0.12999763,0.1214671105011163,0.1613934121021028,0.184741131991226,1.4211115829649608,0.246261194156152,0.5175703953634693,0.2726660597291264
semisynthetic_true_phi10,4,500,10,ica,econml_dml,True,none,0.137603223323822,0.137657605362803,0.1320541133712847,True,10,0.08253687,0.12999763,0.137657605362803,0.1608567475748074,0.1840490385767759,1.4157876902445488,0.2854604238508944,0.5292718771157383,0.2783119074161919
semisynthetic_true_phi10,4,500,10,raw_x,econml_dml,True,none,0.137603223323822,0.0605719291192836,0.0948269887508192,True,263,0.08253687,0.12999763,0.0605719291192836,0.6392116984741204,0.6334068531520284,4.872449389270193,0.149039629822965,0.1767521306649067,0.279988962707407
semisynthetic_true_phi10,4,750,10,encoder_pred,econml_dml,True,none,0.043715476989746,0.0588141522051058,0.0620122674513267,True,10,0.08253687,0.12999763,0.0588141522051058,0.0021803601389258,0.1315297229340905,1.0117855766667356,0.2943039596859574,0.2985406535605107,0.5196160112280606
semisynthetic_true_phi10,4,750,10,mi_mine_cond,econml_dml,True,none,0.043715476989746,0.0427593183859536,0.0439709476669042,True,10,0.08253687,0.12999763,0.0427593183859536,0.0001267130063559,0.1359003058137979,1.0454060589476144,0.3872896254885448,0.6562933515691612,0.5258684330876912
semisynthetic_true_phi10,4,750,10,mi_infonce_cond,econml_dml,True,none,0.043715476989746,0.0597056395568222,0.0615819283339316,True,10,0.08253687,0.12999763,0.0597056395568222,5.942030992158089e-05,0.1319817515382282,1.0152627832760468,0.0950598877396479,0.2021034916110282,0.095520443263121
semisynthetic_true_phi10,4,750,10,autoencoder,econml_dml,True,none,0.043715476989746,0.0501844898769115,0.0536133058493645,True,10,0.08253687,0.12999763,0.0501844898769115,0.0008718471735809,0.1339208189537131,1.0301789588704804,0.0530868737205035,-0.1234740394438561,0.0406570255007447
semisynthetic_true_phi10,4,750,10,pls,econml_dml,True,none,0.043715476989746,0.0428830291085127,0.0418906175176198,True,10,0.08253687,0.12999763,0.0428830291085127,0.0851752157415986,0.1597542565488189,1.2289013386594645,0.0092663448454731,0.0789966709883182,0.1307507999056379
semisynthetic_true_phi10,4,750,10,pca,econml_dml,True,none,0.043715476989746,0.0470494111451982,0.0430964625294593,True,10,0.08253687,0.12999763,0.0470494111451982,0.0960920476814612,0.1602856038506641,1.2329887002399125,0.068082967833151,0.2030117857591702,0.1779655782953685
semisynthetic_true_phi10,4,750,10,ica,econml_dml,True,none,0.043715476989746,0.0394163394339756,0.0386090973469589,True,10,0.08253687,0.12999763,0.0394163394339756,0.1235772531949667,0.1826279344485724,1.4048559203922055,0.0210752687704625,0.0190564427587849,0.1243704272096515
semisynthetic_true_phi10,4,750,10,raw_x,econml_dml,True,none,0.043715476989746,0.0374097552114886,0.0742990118578791,True,271,0.08253687,0.12999763,0.0374097552114886,0.4981442525719675,0.5178451171755242,3.983496724675996,-0.008339024455987,0.0065779040127412,0.1249841892486891
semisynthetic_true_phi10,4,1000,10,encoder_pred,econml_dml,True,none,0.0762907266616821,0.064907769881979,0.0729550606775809,True,10,0.08253687,0.12999763,0.064907769881979,0.1025288448223362,0.1246309077787048,0.958716798639986,0.4572706176803069,0.519130811334966,0.5598761711155075
semisynthetic_true_phi10,4,1000,10,mi_mine_cond,econml_dml,True,none,0.0762907266616821,0.0843312416965126,0.0889169159086008,True,10,0.08253687,0.12999763,0.0843312416965126,0.0838342047971699,0.1261867037629326,0.9706846786139024,0.3673843980241303,0.467606174947114,0.4655590312050492
semisynthetic_true_phi10,4,1000,10,mi_infonce_cond,econml_dml,True,none,0.0762907266616821,0.0816174126315539,0.085003757799428,True,10,0.08253687,0.12999763,0.0816174126315539,0.1163961230636938,0.144135379228775,1.1087539343798525,0.3196463446260877,0.4776761927238945,0.3527789535181796
semisynthetic_true_phi10,4,1000,10,autoencoder,econml_dml,True,none,0.0762907266616821,0.060723376068874,0.0626844369767255,True,10,0.08253687,0.12999763,0.060723376068874,0.1013340022042526,0.1587261691984905,1.22099283000141,0.0929841727700385,0.0330098378123499,0.1322987120603712
semisynthetic_true_phi10,4,1000,10,pls,econml_dml,True,none,0.0762907266616821,0.0691803339950478,0.0768405143516286,True,10,0.08253687,0.12999763,0.0691803339950478,0.1034830905557729,0.1267502947070655,0.975020072741505,0.4356381240871166,0.5024357607842397,0.5319667416396341
semisynthetic_true_phi10,4,1000,10,pca,econml_dml,True,none,0.0762907266616821,0.0794266999308592,0.0835502919029879,True,10,0.08253687,0.12999763,0.0794266999308592,0.139851977265697,0.1728178556427662,1.3293923976213682,0.1815584688250865,0.2591640422062393,0.2366170357545258
semisynthetic_true_phi10,4,1000,10,ica,econml_dml,True,none,0.0762907266616821,0.0729940490023375,0.0762895591977177,True,10,0.08253687,0.12999763,0.0729940490023375,0.1243905667407066,0.1571616032912456,1.2089574878492173,0.2400575776427363,0.35472716846241,0.2948908747309873
semisynthetic_true_phi10,4,1000,10,raw_x,econml_dml,True,none,0.0762907266616821,0.0702179018284585,0.074441565702412,True,279,0.08253687,0.12999763,0.0702179018284585,0.4092140205838038,0.4152878170086034,3.194580008545084,0.1131954535773396,0.1760499392723311,0.2234852465634078
semisynthetic_true_phi10,5,100,10,encoder_pred,econml_dml,True,none,0.146058440208435,0.1245032507873665,0.1257069894980887,True,10,0.08298485,0.12931249,0.1245032507873665,0.2327416572935109,0.2115874002378551,1.636248808388162,0.462595952017694,0.5957409823553522,0.5966544138156932
semisynthetic_true_phi10,5,100,10,mi_mine_cond,econml_dml,True,none,0.146058440208435,0.1906331663672894,0.1739969542813519,True,10,0.08298485,0.12931249,0.1906331663672894,0.2619907560326923,0.2653174722362235,2.051754486812824,0.3919231405045182,0.5220510883038453,0.4497152514638587
semisynthetic_true_phi10,5,100,10,mi_infonce_cond,econml_dml,True,none,0.146058440208435,0.1638776772796025,0.1684557626397473,True,10,0.08298485,0.12931249,0.1638776772796025,0.1380936410279123,0.1796829334584365,1.3895250162748378,0.2813780377021292,0.4762196854980421,0.3874745331640563
semisynthetic_true_phi10,5,100,10,autoencoder,econml_dml,True,none,0.146058440208435,0.1983810270064843,0.1999441486029153,True,10,0.08298485,0.12931249,0.1983810270064843,0.2166214551288618,0.2657856877327052,2.055375293379405,0.1128239989190659,0.0165767283334651,0.2039381695916299
semisynthetic_true_phi10,5,100,10,pls,econml_dml,True,none,0.146058440208435,0.1730720389735747,0.164295936737641,True,10,0.08298485,0.12931249,0.1730720389735747,0.3179261933531633,0.325835756183235,2.519754801967118,0.2401443430996633,0.271458350386748,0.3335311706833999
semisynthetic_true_phi10,5,100,10,pca,econml_dml,True,none,0.146058440208435,0.1457813130756494,0.1303849661590525,True,10,0.08298485,0.12931249,0.1457813130756494,0.182512714999311,0.2135126620702312,1.6511372534256237,0.1777104322489519,0.3190224017142839,0.2468276091262925
semisynthetic_true_phi10,5,100,10,ica,econml_dml,True,none,0.146058440208435,0.1440679549892322,0.1288009846313421,True,10,0.08298485,0.12931249,0.1440679549892322,0.2213337201084668,0.2532725369776362,1.9586085294362467,0.0924926302477079,0.1522029726728856,0.1957891917850339
semisynthetic_true_phi10,5,100,10,raw_x,econml_dml,True,none,0.146058440208435,0.1254194609009393,0.1563790607990696,True,213,0.08298485,0.12931249,0.1254194609009393,0.7120285751658566,0.7288939981571584,5.636686941591128,-0.0313842206471388,-0.004211285206119,0.0591954866317419
semisynthetic_true_phi10,5,250,10,encoder_pred,econml_dml,True,none,0.1473509073257446,0.1223907490199143,0.1286414062350133,True,10,0.08298485,0.12931249,0.1223907490199143,0.111570482395754,0.1742605506479456,1.3475926166975642,0.0123298675241451,-0.0800345379913144,0.128040084869765
semisynthetic_true_phi10,5,250,10,mi_mine_cond,econml_dml,True,none,0.1473509073257446,0.0886762155458376,0.0972732207326119,True,10,0.08298485,0.12931249,0.0886762155458376,0.1036248677661435,0.1635351543546648,1.264650925062602,0.0279282886124306,-0.1286521635594226,0.0878826648800306
semisynthetic_true_phi10,5,250,10,mi_infonce_cond,econml_dml,True,none,0.1473509073257446,0.1359328087685449,0.1549776051895286,True,10,0.08298485,0.12931249,0.1359328087685449,0.1928654057706278,0.2273206071949755,1.757916928071911,0.1011954914512242,0.2202081924731302,0.1896234127803246
semisynthetic_true_phi10,5,250,10,autoencoder,econml_dml,True,none,0.1473509073257446,0.1262177197749454,0.1411110014434706,True,10,0.08298485,0.12931249,0.1262177197749454,0.1922549130880329,0.2357328294177785,1.8229703696874535,-0.0003462232390874,0.0162188712260417,0.1485610439639339
semisynthetic_true_phi10,5,250,10,pls,econml_dml,True,none,0.1473509073257446,0.1728115204931377,0.1837122866600097,True,10,0.08298485,0.12931249,0.1728115204931377,0.157316841263233,0.2222862838748208,1.7189854722083582,0.0031447270169924,0.0971302765123567,0.0683423116939286
semisynthetic_true_phi10,5,250,10,pca,econml_dml,True,none,0.1473509073257446,0.1519185596406662,0.1553557866179854,True,10,0.08298485,0.12931249,0.1519185596406662,0.145506907717364,0.201368065591584,1.5572205953722469,0.0557173037016251,0.2577859687341911,0.1325437979731959
semisynthetic_true_phi10,5,250,10,ica,econml_dml,True,none,0.1473509073257446,0.1364567979132809,0.134910115716639,True,10,0.08298485,0.12931249,0.1364567979132809,0.0954514600374484,0.1724274895815549,1.3334171791137912,-0.0421001320712639,-0.005065892390345,0.0162779488218082
semisynthetic_true_phi10,5,250,10,raw_x,econml_dml,True,none,0.1473509073257446,0.0920117559646927,0.1328712597641531,True,239,0.08298485,0.12931249,0.0920117559646927,0.9551564884798128,0.9487224296253002,7.336665336501397,0.1176099595128659,0.1109797133509531,0.1996142444803959
semisynthetic_true_phi10,5,500,10,encoder_pred,econml_dml,True,none,0.0972175598144531,0.0707804355392432,0.070308930051758,True,10,0.08298485,0.12931249,0.0707804355392432,0.1391813200067496,0.1532269061013057,1.1849351248676594,0.3545867714360838,0.4921299757995972,0.5218704615566773
semisynthetic_true_phi10,5,500,10,mi_mine_cond,econml_dml,True,none,0.0972175598144531,0.0907555348786932,0.0884960708896478,True,10,0.08298485,0.12931249,0.0907555348786932,0.1320722029460707,0.151554634037596,1.1720031016542265,0.3295461120640906,0.4373928856583087,0.5048216708647926
semisynthetic_true_phi10,5,500,10,mi_infonce_cond,econml_dml,True,none,0.0972175598144531,0.0985647199797352,0.08872950640166,True,10,0.08298485,0.12931249,0.0985647199797352,0.1546812339885181,0.1733497830177736,1.3405494636179756,0.270984701889114,0.3240816509062623,0.4352710991929205
semisynthetic_true_phi10,5,500,10,autoencoder,econml_dml,True,none,0.0972175598144531,0.1006713877994038,0.0959943856129645,True,10,0.08298485,0.12931249,0.1006713877994038,0.1201340906915605,0.1704134061300701,1.3178418582592335,0.078082685494603,0.2005462732872871,0.2778332194266354
semisynthetic_true_phi10,5,500,10,pls,econml_dml,True,none,0.0972175598144531,0.1050856919808176,0.1058839731317833,True,10,0.08298485,0.12931249,0.1050856919808176,0.1186734278731465,0.1378645372706346,1.066134772554867,0.400330820577076,0.3923983828769514,0.5179254363955764
semisynthetic_true_phi10,5,500,10,pca,econml_dml,True,none,0.0972175598144531,0.1291118366967977,0.123017782984288,True,10,0.08298485,0.12931249,0.1291118366967977,0.1201751511393693,0.167878754606031,1.2982408776184862,0.1643552249002968,0.3500863371897996,0.3552577950180631
semisynthetic_true_phi10,5,500,10,ica,econml_dml,True,none,0.0972175598144531,0.1250575599493385,0.114097445830864,True,10,0.08298485,0.12931249,0.1250575599493385,0.1208481054160162,0.1575675214565186,1.2185019946087428,0.2645576103911423,0.4820516574713007,0.4142690894322011
semisynthetic_true_phi10,5,500,10,raw_x,econml_dml,True,none,0.0972175598144531,0.0664243167029546,0.0986701418803717,True,268,0.08298485,0.12931249,0.0664243167029546,0.5874725962985229,0.5984367592937114,4.62783432845838,0.0262840357062824,0.0626483408987124,0.188496887032028
semisynthetic_true_phi10,5,750,10,encoder_pred,econml_dml,True,none,0.0533025860786438,0.0311230478559698,0.0295236252211196,True,10,0.08298485,0.12931249,0.0311230478559698,0.1001355896790394,0.1491158732513728,1.1531436637769443,0.2781326672305338,0.3329727249184914,0.4481011882053887
semisynthetic_true_phi10,5,750,10,mi_mine_cond,econml_dml,True,none,0.0533025860786438,0.0403850641314215,0.0438368537862917,True,10,0.08298485,0.12931249,0.0403850641314215,0.1649954428015179,0.1798054009476855,1.3904720825137755,0.314726127724423,0.4497802454219426,0.489191860144744
semisynthetic_true_phi10,5,750,10,mi_infonce_cond,econml_dml,True,none,0.0533025860786438,0.0695566281990182,0.0717859050809132,True,10,0.08298485,0.12931249,0.0695566281990182,0.1183999456339234,0.1499478401804726,1.1595774348560712,0.2755030372065498,0.4524923330073707,0.3195306502336936
semisynthetic_true_phi10,5,750,10,autoencoder,econml_dml,True,none,0.0533025860786438,0.0794980280936686,0.0791120517444389,True,10,0.08298485,0.12931249,0.0794980280936686,0.0390938198897212,0.127317237921452,0.984570341154827,0.2030064743992687,0.3400157899768681,0.3267029142383964
semisynthetic_true_phi10,5,750,10,pls,econml_dml,True,none,0.0533025860786438,0.0820683726222386,0.084483032316756,True,10,0.08298485,0.12931249,0.0820683726222386,0.1143116472035049,0.1388915619758237,1.0740769654650395,0.3551244894529062,0.4537547221110289,0.5060257656063044
semisynthetic_true_phi10,5,750,10,pca,econml_dml,True,none,0.0533025860786438,0.067026502704539,0.0681187758033042,True,10,0.08298485,0.12931249,0.067026502704539,0.0768247899119301,0.1394366547157162,1.0782922795390697,0.1729271176838198,0.2969054964116119,0.2384070715608786
semisynthetic_true_phi10,5,750,10,ica,econml_dml,True,none,0.0533025860786438,0.0596844938495004,0.0613614787853106,True,10,0.08298485,0.12931249,0.0596844938495004,0.1129906166608638,0.1677791986340074,1.2974709908463606,0.0643909863250389,0.1200835065608372,0.1320944986991147
semisynthetic_true_phi10,5,750,10,raw_x,econml_dml,True,none,0.0533025860786438,0.0886017230200685,0.059401367712315,True,279,0.08298485,0.12931249,0.0886017230200685,0.5434203036828926,0.5424932835792105,4.195211944648933,0.1263673812912107,0.1425087729796061,0.2497932574654864
semisynthetic_true_phi10,5,1000,10,encoder_pred,econml_dml,True,none,0.09968101978302,0.0946561511799945,0.1000948424558332,True,10,0.08298485,0.12931249,0.0946561511799945,0.1398124721861698,0.1420880051905601,1.098795717126591,0.4484766204012948,0.5855525082674915,0.5112710956422272
semisynthetic_true_phi10,5,1000,10,mi_mine_cond,econml_dml,True,none,0.09968101978302,0.105922255339093,0.1086343491400696,True,10,0.08298485,0.12931249,0.105922255339093,0.1488915808727021,0.1544406413263763,1.1943211885627945,0.4042018908907774,0.5553963319112166,0.4759063947099585
semisynthetic_true_phi10,5,1000,10,mi_infonce_cond,econml_dml,True,none,0.09968101978302,0.1069674073188619,0.1036549263778011,True,10,0.08298485,0.12931249,0.1069674073188619,0.1000983845921251,0.1336239159304436,1.0333411770623526,0.3654681412323979,0.5473952864339495,0.3773080787082195
semisynthetic_true_phi10,5,1000,10,autoencoder,econml_dml,True,none,0.09968101978302,0.0972579323954327,0.092581644390474,True,10,0.08298485,0.12931249,0.0972579323954327,0.1312314224536485,0.1620800863677954,1.253398585570919,0.2320929970035568,0.3209313980985788,0.2958746337579302
semisynthetic_true_phi10,5,1000,10,pls,econml_dml,True,none,0.09968101978302,0.0733475584533351,0.0718585646065091,True,10,0.08298485,0.12931249,0.0733475584533351,0.1321051219003002,0.1361197735307675,1.052642156325984,0.4606308296522494,0.5559033063839125,0.5197150541272474
semisynthetic_true_phi10,5,1000,10,pca,econml_dml,True,none,0.09968101978302,0.0915469577997133,0.0917679667918575,True,10,0.08298485,0.12931249,0.0915469577997133,0.1208012339563611,0.1448564527927116,1.1202046908415335,0.3330293618785414,0.5624420367753108,0.356775511578094
semisynthetic_true_phi10,5,1000,10,ica,econml_dml,True,none,0.09968101978302,0.0939301770182051,0.0912765584779232,True,10,0.08298485,0.12931249,0.0939301770182051,0.1425769932028061,0.164384102174682,1.271216012857647,0.2751964369617521,0.4840740232992727,0.3285732419612473
semisynthetic_true_phi10,5,1000,10,raw_x,econml_dml,True,none,0.09968101978302,0.0940005132102978,0.0934937840310803,True,279,0.08298485,0.12931249,0.0940005132102978,0.4565051031850689,0.4369821831179052,3.3792729416295706,0.290407365595559,0.3540201608202318,0.4224014745756358
semisynthetic_true_phi10,6,100,10,encoder_pred,econml_dml,True,none,0.1097511053085327,0.0916926495326071,0.0924475154336878,True,10,0.084039055,0.13112344,0.0916926495326071,0.2034279806020766,0.2363440597412829,1.8024547135545792,0.0520421200102854,0.0773489715628623,0.2123565266951055
semisynthetic_true_phi10,6,100,10,mi_mine_cond,econml_dml,True,none,0.1097511053085327,0.1556390964102798,0.1410791445907726,True,10,0.084039055,0.13112344,0.1556390964102798,0.1494890201201001,0.1884657560052545,1.4373155417028731,0.2333377665710645,0.4148352607968892,0.262551946400507
semisynthetic_true_phi10,6,100,10,mi_infonce_cond,econml_dml,True,none,0.1097511053085327,0.0382156005496128,0.0211943657502833,True,10,0.084039055,0.13112344,0.0382156005496128,0.2876389564711007,0.3234930123952739,2.467087624847052,-0.0347120753640993,0.0719836079983316,0.0663220569425746
semisynthetic_true_phi10,6,100,10,autoencoder,econml_dml,True,none,0.1097511053085327,0.1173767921120917,0.0876449579065509,True,10,0.084039055,0.13112344,0.1173767921120917,0.2291242591997921,0.249958296309478,1.9062823489969607,0.1385244635814051,0.3012145721689451,0.1665227497477977
semisynthetic_true_phi10,6,100,10,pls,econml_dml,True,none,0.1097511053085327,0.1178076479212393,0.1002424452656832,True,10,0.084039055,0.13112344,0.1178076479212393,0.3101897761549733,0.3357974872867945,2.560926491752838,0.0220221167374919,0.2253593351178593,0.1755903366784591
semisynthetic_true_phi10,6,100,10,pca,econml_dml,True,none,0.1097511053085327,0.1016350328601284,0.1068877027175235,True,10,0.084039055,0.13112344,0.1016350328601284,0.2458128358167079,0.2949722492239552,2.2495768311821256,-0.1408810168908774,-0.0929578253153287,-0.0477148007349699
semisynthetic_true_phi10,6,100,10,ica,econml_dml,True,none,0.1097511053085327,0.0753572412227932,0.0697898795137625,True,10,0.084039055,0.13112344,0.0753572412227932,0.2480332940969001,0.2881286166551919,2.1973845408622164,-0.0650133556503641,-0.0243017558304203,0.032284440555275
semisynthetic_true_phi10,6,100,10,raw_x,econml_dml,True,none,0.1097511053085327,0.0235222240525792,0.0026666228338591,True,206,0.084039055,0.13112344,0.0235222240525792,0.9782221406684029,0.9812823224229884,7.483653066276549,0.0579225523981024,0.0923864644028017,0.1463942536717246
semisynthetic_true_phi10,6,250,10,encoder_pred,econml_dml,True,none,0.0346902012825012,0.0274370672963396,0.0172600395536049,True,10,0.084039055,0.13112344,0.0274370672963396,0.1399487908194465,0.1690716560239613,1.2894083467232458,0.3105511637434126,0.3131238211155288,0.4754747239229798
semisynthetic_true_phi10,6,250,10,mi_mine_cond,econml_dml,True,none,0.0346902012825012,0.0594409162800983,0.0592318168052997,True,10,0.084039055,0.13112344,0.0594409162800983,0.158016693917031,0.1738906703861797,1.32616008552885,0.3023629420838227,0.4493483774079998,0.4233068599258589
semisynthetic_true_phi10,6,250,10,mi_infonce_cond,econml_dml,True,none,0.0346902012825012,0.0501831925490969,0.0412790417060828,True,10,0.084039055,0.13112344,0.0501831925490969,0.1710031834828149,0.2051623607000284,1.56465055433402,0.1224230790951,0.3344020983166299,0.2255531166700899
semisynthetic_true_phi10,6,250,10,autoencoder,econml_dml,True,none,0.0346902012825012,-0.0122397181886947,-0.0049726864263695,True,10,0.084039055,0.13112344,-0.0122397181886947,0.2154285553096195,0.2687482050674182,2.049581739068722,0.0114490969539268,0.088478805867986,0.0677769432193884
semisynthetic_true_phi10,6,250,10,pls,econml_dml,True,none,0.0346902012825012,0.0519311933545333,0.0515989301628855,True,10,0.084039055,0.13112344,0.0519311933545333,0.2454350363316164,0.2418958122233719,1.844794607524344,0.3099382630310072,0.4405911000423846,0.4793991032144528
semisynthetic_true_phi10,6,250,10,pca,econml_dml,True,none,0.0346902012825012,0.0437132380306311,0.0350429138708788,True,10,0.084039055,0.13112344,0.0437132380306311,0.2497017458742239,0.2658996388374257,2.0278574290363784,0.1598550843518627,0.2923516626639595,0.1940865008879149
semisynthetic_true_phi10,6,250,10,ica,econml_dml,True,none,0.0346902012825012,0.0319822552796963,0.0244530690228678,True,10,0.084039055,0.13112344,0.0319822552796963,0.2594058294044178,0.2764216230886934,2.108102306484981,0.158547627727316,0.2814802580301363,0.2095190728539983
semisynthetic_true_phi10,6,250,10,raw_x,econml_dml,True,none,0.0346902012825012,0.1245944302901398,0.0343802924778863,True,238,0.084039055,0.13112344,0.1245944302901398,0.931079167051642,0.9249161640073524,7.053782105980605,0.1239967089891713,0.118128502105749,0.2149762201126918
semisynthetic_true_phi10,6,500,10,encoder_pred,econml_dml,True,none,0.1397404074668884,0.108275290326932,0.1181087571656651,True,10,0.084039055,0.13112344,0.108275290326932,0.1162018470198014,0.1520833665301858,1.1598488286765276,0.2675849555225157,0.2743346905910809,0.4219612224918702
semisynthetic_true_phi10,6,500,10,mi_mine_cond,econml_dml,True,none,0.1397404074668884,0.1029935659350379,0.1078459210810112,True,10,0.084039055,0.13112344,0.1029935659350379,0.0909203582056966,0.1515731437380536,1.1559576647621548,0.1193076816545101,0.0381131132354152,0.2520831592808249
semisynthetic_true_phi10,6,500,10,mi_infonce_cond,econml_dml,True,none,0.1397404074668884,0.1214599103125577,0.1363333200572527,True,10,0.084039055,0.13112344,0.1214599103125577,0.1244715650089217,0.1692075341333126,1.2904446077527687,0.1671346679581462,0.3735885689472719,0.3149076781929892
semisynthetic_true_phi10,6,500,10,autoencoder,econml_dml,True,none,0.1397404074668884,0.0867658359773271,0.097472176215113,True,10,0.084039055,0.13112344,0.0867658359773271,0.1464729111781278,0.1789598593162019,1.36481975605672,0.1725622748595477,0.3091885095648269,0.2411007015283745
semisynthetic_true_phi10,6,500,10,pls,econml_dml,True,none,0.1397404074668884,0.1086474103576084,0.1139819601257236,True,10,0.084039055,0.13112344,0.1086474103576084,0.1219143440021362,0.1534791753321932,1.1704938271467795,0.2848202949912639,0.489729848073148,0.3440224277820746
semisynthetic_true_phi10,6,500,10,pca,econml_dml,True,none,0.1397404074668884,0.1154068145293483,0.1203067171829175,True,10,0.084039055,0.13112344,0.1154068145293483,0.1422987071781566,0.1752886375671296,1.3368215446637062,0.206340981797779,0.4146067413012527,0.2737159046844731
semisynthetic_true_phi10,6,500,10,ica,econml_dml,True,none,0.1397404074668884,0.1275586045891102,0.1286066167483146,True,10,0.084039055,0.13112344,0.1275586045891102,0.1403479995542262,0.1800989759227948,1.373507116759118,0.1725060187058101,0.3224275589086136,0.1828512292488776
semisynthetic_true_phi10,6,500,10,raw_x,econml_dml,True,none,0.1397404074668884,0.1119210826463467,0.1179318546376966,True,260,0.084039055,0.13112344,0.1119210826463467,0.6493284203221683,0.651636674327346,4.969642970727026,0.0878988881811615,0.1528722790911453,0.1815714427278189
semisynthetic_true_phi10,6,750,10,encoder_pred,econml_dml,True,none,0.08920818567276,0.0759882641414876,0.0712243505311674,True,10,0.084039055,0.13112344,0.0759882641414876,0.1138731859054542,0.1531982859225122,1.1683516517055126,0.2262191893205146,0.4101353626090965,0.3280962923322091
semisynthetic_true_phi10,6,750,10,mi_mine_cond,econml_dml,True,none,0.08920818567276,0.0640539815865516,0.0642714008971299,True,10,0.084039055,0.13112344,0.0640539815865516,0.0929310406898634,0.1427016998722331,1.0883004711373725,0.2406627400608753,0.4280655818544713,0.3091955722851503
semisynthetic_true_phi10,6,750,10,mi_infonce_cond,econml_dml,True,none,0.08920818567276,0.0596243380459851,0.0567823583524295,True,10,0.084039055,0.13112344,0.0596243380459851,0.0650015198493988,0.1347484041039163,1.0276454436254108,0.2262934386283797,0.4096688242849938,0.2860833428590951
semisynthetic_true_phi10,6,750,10,autoencoder,econml_dml,True,none,0.08920818567276,0.0680919490815438,0.0596570191184553,True,10,0.084039055,0.13112344,0.0680919490815438,0.1113350160833329,0.1639342740914645,1.250228608972716,0.1016775175801453,0.151660305468604,0.1444369232536597
semisynthetic_true_phi10,6,750,10,pls,econml_dml,True,none,0.08920818567276,0.070463379365639,0.063573177119918,True,10,0.084039055,0.13112344,0.070463379365639,0.1287688838054143,0.1533617245639154,1.169598100420563,0.3091352359831431,0.4936046525321154,0.3245272733871528
semisynthetic_true_phi10,6,750,10,pca,econml_dml,True,none,0.08920818567276,0.0813323713610204,0.0775891581044379,True,10,0.084039055,0.13112344,0.0813323713610204,0.1002685872402226,0.1515730968503521,1.155957307177713,0.1627703773591941,0.3579868263955537,0.1901365184933994
semisynthetic_true_phi10,6,750,10,ica,econml_dml,True,none,0.08920818567276,0.0719032979880944,0.0683676465379457,True,10,0.084039055,0.13112344,0.0719032979880944,0.1075456530427684,0.1599085708060039,1.2195269790261298,0.1182813080683355,0.3842348738644813,0.1686781690952919
semisynthetic_true_phi10,6,750,10,raw_x,econml_dml,True,none,0.08920818567276,0.0740763885131531,0.073133880323713,True,271,0.084039055,0.13112344,0.0740763885131531,0.4977506044325526,0.4957015724652427,3.7804192615818337,0.1480709512268486,0.2098235366408212,0.2459597951523875
semisynthetic_true_phi10,6,1000,10,encoder_pred,econml_dml,True,none,0.103342056274414,0.1067267878034007,0.1042487199837041,True,10,0.084039055,0.13112344,0.1067267878034007,0.1230498707025366,0.1469369307493164,1.120600042642352,0.3489027441263942,0.4663980329853562,0.5412360930160733
semisynthetic_true_phi10,6,1000,10,mi_mine_cond,econml_dml,True,none,0.103342056274414,0.115707348796358,0.1177660232193249,True,10,0.084039055,0.13112344,0.115707348796358,0.1232092056393083,0.1466925874806759,1.1187365827493103,0.3669940631691565,0.4748342107205354,0.5555600238108859
semisynthetic_true_phi10,6,1000,10,mi_infonce_cond,econml_dml,True,none,0.103342056274414,0.0975473798810446,0.0979739624592165,True,10,0.084039055,0.13112344,0.0975473798810446,0.1318003003772037,0.168594631509929,1.285770366209837,0.1829348387366872,0.3682813221339169,0.3669996041907722
semisynthetic_true_phi10,6,1000,10,autoencoder,econml_dml,True,none,0.103342056274414,0.1197168756226834,0.1182233987768827,True,10,0.084039055,0.13112344,0.1197168756226834,0.1250017037904988,0.1604392687205769,1.223574294446889,0.2547466858457972,0.4184105546428616,0.3095765357346094
semisynthetic_true_phi10,6,1000,10,pls,econml_dml,True,none,0.103342056274414,0.1123217647838158,0.1116848984125908,True,10,0.084039055,0.13112344,0.1123217647838158,0.1356342453827143,0.1449981139588534,1.1058138471842804,0.4319823082927411,0.5664043371426509,0.5285393667648868
semisynthetic_true_phi10,6,1000,10,pca,econml_dml,True,none,0.103342056274414,0.1098529595152732,0.1085102883967333,True,10,0.084039055,0.13112344,0.1098529595152732,0.1283483193518452,0.1680248501726997,1.2814249849122974,0.1812491012778861,0.3630081560614955,0.2422374256843962
semisynthetic_true_phi10,6,1000,10,ica,econml_dml,True,none,0.103342056274414,0.099037150787894,0.1006039290045295,True,10,0.084039055,0.13112344,0.099037150787894,0.146974754640171,0.1846085694377008,1.4078990879220712,0.128154703980047,0.3385782047517104,0.2290195221314865
semisynthetic_true_phi10,6,1000,10,raw_x,econml_dml,True,none,0.103342056274414,0.1003231540704685,0.1058938098871414,True,288,0.084039055,0.13112344,0.1003231540704685,0.4200847448261926,0.4119055821359884,3.1413573875018392,0.2202451864567449,0.2935672013449189,0.379436076910247
semisynthetic_true_phi10,7,100,10,encoder_pred,econml_dml,True,none,0.0606060624122619,0.1132701857305873,0.0629216593665652,True,10,0.084905155,0.1316549,0.1132701857305873,0.3467403531342218,0.3220526824271001,2.4461882875050134,0.3795014159125652,0.559533175351221,0.4250554828553188
semisynthetic_true_phi10,7,100,10,mi_mine_cond,econml_dml,True,none,0.0606060624122619,0.0689389364088216,0.0627674445614853,True,10,0.084905155,0.1316549,0.0689389364088216,0.2831403174262692,0.2764801573234966,2.100036917796433,0.2859028747447334,0.4487355724296593,0.3054153098870489
semisynthetic_true_phi10,7,100,10,mi_infonce_cond,econml_dml,True,none,0.0606060624122619,0.0977974435344192,0.0601783972462328,True,10,0.084905155,0.1316549,0.0977974435344192,0.2741799938744769,0.2433423700113836,1.8483350329190351,0.4634492371374714,0.6170559382599036,0.5440459005810523
semisynthetic_true_phi10,7,100,10,autoencoder,econml_dml,True,none,0.0606060624122619,0.0675081834521559,0.0464912469355031,True,10,0.084905155,0.1316549,0.0675081834521559,0.2508715649677714,0.2512854082052777,1.90866729548762,0.2638307509132589,0.4874607970062993,0.284877168245003
semisynthetic_true_phi10,7,100,10,pls,econml_dml,True,none,0.0606060624122619,0.0158471569748672,0.0534729128150514,True,10,0.084905155,0.1316549,0.0158471569748672,0.3339833706709879,0.3214117530887148,2.441320034805297,0.3450195494926311,0.4590938622944226,0.4512586134790736
semisynthetic_true_phi10,7,100,10,pca,econml_dml,True,none,0.0606060624122619,0.0949695327359039,0.0938465733599202,True,10,0.084905155,0.1316549,0.0949695327359039,0.3763471054715746,0.3654113323095556,2.7755239126740463,0.2577907956984833,0.4522056005944296,0.2968909448149408
semisynthetic_true_phi10,7,100,10,ica,econml_dml,True,none,0.0606060624122619,0.0961157955936674,0.0724485278788077,True,10,0.084905155,0.1316549,0.0961157955936674,0.4441833977071019,0.4292051080968827,3.260076893169728,0.2611244916530317,0.5148788989045383,0.368674275791554
semisynthetic_true_phi10,7,100,10,raw_x,econml_dml,True,none,0.0606060624122619,0.1207411611030306,0.069247210729167,True,207,0.084905155,0.1316549,0.1207411611030306,0.8574466613699594,0.8410875421654467,6.388577418159592,0.2055317857882783,0.2248360561575076,0.2561306452399999
semisynthetic_true_phi10,7,250,10,encoder_pred,econml_dml,True,none,0.0160000324249267,0.0584224773125793,0.0587862001200801,True,10,0.084905155,0.1316549,0.0584224773125793,0.0687748876061708,0.1419469121841895,1.078174140378619,0.1444247858882373,-0.0245716742249858,0.2481427129796321
semisynthetic_true_phi10,7,250,10,mi_mine_cond,econml_dml,True,none,0.0160000324249267,0.0500853094990211,0.0419876074653475,True,10,0.084905155,0.1316549,0.0500853094990211,0.1208431573031362,0.1646338903194941,1.2504956989982294,0.1899540733019078,0.2461400865870242,0.333741787080077
semisynthetic_true_phi10,7,250,10,mi_infonce_cond,econml_dml,True,none,0.0160000324249267,0.0350975117163317,0.0263053743799301,True,10,0.084905155,0.1316549,0.0350975117163317,0.0948980108298843,0.1623595661314532,1.2332208073598585,0.0984015742649455,0.0586979436344739,0.2670525691830608
semisynthetic_true_phi10,7,250,10,autoencoder,econml_dml,True,none,0.0160000324249267,0.0701622070212372,0.075356699611184,True,10,0.084905155,0.1316549,0.0701622070212372,0.1861679537652178,0.2377196678288054,1.8056271500984504,-0.087755631360209,-0.2153076734295164,-0.0105719301804581
semisynthetic_true_phi10,7,250,10,pls,econml_dml,True,none,0.0160000324249267,0.0490059435132341,0.042683224158446,True,10,0.084905155,0.1316549,0.0490059435132341,0.0857919384557062,0.1501388208053549,1.1403967269765187,0.1522964990674763,0.237333481275959,0.2555516415680133
semisynthetic_true_phi10,7,250,10,pca,econml_dml,True,none,0.0160000324249267,0.0134218084440085,0.0278382581291155,True,10,0.084905155,0.1316549,0.0134218084440085,0.1522991160960097,0.2168185004121066,1.646869922726238,-0.0342218825114386,-0.0661992062324177,0.065839399597642
semisynthetic_true_phi10,7,250,10,ica,econml_dml,True,none,0.0160000324249267,-0.0040687912330038,0.008212749151473,True,10,0.084905155,0.1316549,-0.0040687912330038,0.1309341192326156,0.2128070478633507,1.6164004723037282,-0.0839337888205034,-0.2107615992763162,0.016129959043035
semisynthetic_true_phi10,7,250,10,raw_x,econml_dml,True,none,0.0160000324249267,-0.0176139951267916,0.0042503070600726,True,253,0.084905155,0.1316549,-0.0176139951267916,0.7377632724470439,0.7534954181085967,5.723261339030041,0.0225598812320958,0.0208519931189307,0.1684676172493261
semisynthetic_true_phi10,7,500,10,encoder_pred,econml_dml,True,none,0.1441967487335205,0.1693099669377107,0.1685014206017152,True,10,0.084905155,0.1316549,0.1693099669377107,0.118121801360618,0.1566593255642334,1.1899239727972386,0.4458722760453811,0.5749500050598663,0.5290263148208385
semisynthetic_true_phi10,7,500,10,mi_mine_cond,econml_dml,True,none,0.1441967487335205,0.1958457049449684,0.1907832108733902,True,10,0.084905155,0.1316549,0.1958457049449684,0.1741527977131282,0.2198884051741993,1.6701877383587374,0.2533816321688667,0.3048421162136806,0.319511194587305
semisynthetic_true_phi10,7,500,10,mi_infonce_cond,econml_dml,True,none,0.1441967487335205,0.1181328900574014,0.1113131509729232,True,10,0.084905155,0.1316549,0.1181328900574014,0.1273116403179491,0.1690545505368898,1.2840733334564696,0.1809508305010373,0.2576600345051692,0.233712856882797
semisynthetic_true_phi10,7,500,10,autoencoder,econml_dml,True,none,0.1441967487335205,0.1235772113530326,0.1287320570110759,True,10,0.084905155,0.1316549,0.1235772113530326,0.1096921619534187,0.1782820058561054,1.3541615344154865,-0.0319760195955534,0.0027061232495201,0.0741571727485869
semisynthetic_true_phi10,7,500,10,pls,econml_dml,True,none,0.1441967487335205,0.1652578865146667,0.1621236531861607,True,10,0.084905155,0.1316549,0.1652578865146667,0.1098867393535388,0.1786421052607713,1.3568967109691878,0.1365739787405418,0.1418752438811225,0.2526868691713855
semisynthetic_true_phi10,7,500,10,pca,econml_dml,True,none,0.1441967487335205,0.1250511834284111,0.1178371026118918,True,10,0.084905155,0.1316549,0.1250511834284111,0.105778288112315,0.170061285258685,1.2917201031294332,0.0435480524414699,0.1078712318937763,0.0950014714927632
semisynthetic_true_phi10,7,500,10,ica,econml_dml,True,none,0.1441967487335205,0.1775201724929125,0.1763905067700805,True,10,0.084905155,0.1316549,0.1775201724929125,0.0916301135798671,0.1697357701483882,1.2892476155717667,0.2278101032924545,0.3357733755646984,0.3064839117623986
semisynthetic_true_phi10,7,500,10,raw_x,econml_dml,True,none,0.1441967487335205,0.2188571763553399,0.1779003179794651,True,261,0.084905155,0.1316549,0.2188571763553399,0.5442272842786389,0.5648855963149002,4.290653687688448,0.0862785955713135,0.1097953393723251,0.1896511504541807
semisynthetic_true_phi10,7,750,10,encoder_pred,econml_dml,True,none,0.1171496510505676,0.0615226354162066,0.0741716971207518,True,10,0.084905155,0.1316549,0.0615226354162066,0.131130914291336,0.1635430181851599,1.242209853905858,0.2412169467616605,0.2394767107796569,0.4592833205670718
semisynthetic_true_phi10,7,750,10,mi_mine_cond,econml_dml,True,none,0.1171496510505676,0.1004410518686949,0.1119902241462381,True,10,0.084905155,0.1316549,0.1004410518686949,0.1394134167018828,0.1579657136173858,1.1998467939036312,0.3284572344582043,0.4851606315264999,0.4393060616674553
semisynthetic_true_phi10,7,750,10,mi_infonce_cond,econml_dml,True,none,0.1171496510505676,0.0788217145679452,0.0910579701045118,True,10,0.084905155,0.1316549,0.0788217145679452,0.1282176440289139,0.1515045743164152,1.1507704652642936,0.3215592092580107,0.4529610936642364,0.4520800512049502
semisynthetic_true_phi10,7,750,10,autoencoder,econml_dml,True,none,0.1171496510505676,0.1161422103734697,0.1180873860833586,True,10,0.084905155,0.1316549,0.1161422103734697,0.10211855381322,0.1610276299917921,1.2231039328162625,0.1043953157188743,0.2245494889995371,0.258198163357182
semisynthetic_true_phi10,7,750,10,pls,econml_dml,True,none,0.1171496510505676,0.0841793689158503,0.0901246652978323,True,10,0.084905155,0.1316549,0.0841793689158503,0.0953946810890338,0.1369798525834663,1.0404462663952103,0.305362506274912,0.355855360753853,0.5227670659433618
semisynthetic_true_phi10,7,750,10,pca,econml_dml,True,none,0.1171496510505676,0.1130781323457535,0.1175383818937446,True,10,0.084905155,0.1316549,0.1130781323457535,0.1078163155462078,0.1650774392989744,1.253864726420583,0.0880804831300569,0.2408074161612411,0.2317827780217774
semisynthetic_true_phi10,7,750,10,ica,econml_dml,True,none,0.1171496510505676,0.126690704685266,0.1276605422511389,True,10,0.084905155,0.1316549,0.126690704685266,0.124220594033561,0.1777295351556638,1.3499651795010514,0.0893349387921725,0.1898973699776616,0.1914066155050201
semisynthetic_true_phi10,7,750,10,raw_x,econml_dml,True,none,0.1171496510505676,0.0838557832854769,0.1059226097366983,True,274,0.084905155,0.1316549,0.0838557832854769,0.4708568774358321,0.4670198184686213,3.5473028864749687,0.1688384728170197,0.1658570390287469,0.3235097242604104
semisynthetic_true_phi10,7,1000,10,encoder_pred,econml_dml,True,none,0.1252967119216919,0.107898530509898,0.1090684211668801,True,10,0.084905155,0.1316549,0.107898530509898,0.0624349116325552,0.1366045330882302,1.0375954838884482,0.1885084246294033,0.1717720330039413,0.2761998412086927
semisynthetic_true_phi10,7,1000,10,mi_mine_cond,econml_dml,True,none,0.1252967119216919,0.121616835859583,0.1236000344628543,True,10,0.084905155,0.1316549,0.121616835859583,0.0883576746008948,0.1476813693434402,1.1217308710117615,0.2010729403242764,0.4033750149552209,0.1923828805849063
semisynthetic_true_phi10,7,1000,10,mi_infonce_cond,econml_dml,True,none,0.1252967119216919,0.1092380516556079,0.1081018502474614,True,10,0.084905155,0.1316549,0.1092380516556079,0.0927750553372758,0.141713489054404,1.076401148078692,0.2640185797118973,0.4251984522594221,0.2556960760359534
semisynthetic_true_phi10,7,1000,10,autoencoder,econml_dml,True,none,0.1252967119216919,0.1313879005292274,0.1294739985630201,True,10,0.084905155,0.1316549,0.1313879005292274,0.1237050745288783,0.1727041928457409,1.3117946124789324,0.1525773225097894,0.2941419507598358,0.2014672623256048
semisynthetic_true_phi10,7,1000,10,pls,econml_dml,True,none,0.1252967119216919,0.1187102466329442,0.1193298801761695,True,10,0.084905155,0.1316549,0.1187102466329442,0.07986305494703,0.1280783018121334,0.9728335110119516,0.4018242639753375,0.5668770914822263,0.4206109917761292
semisynthetic_true_phi10,7,1000,10,pca,econml_dml,True,none,0.1252967119216919,0.1281967365697825,0.1298894506432973,True,10,0.084905155,0.1316549,0.1281967365697825,0.1148352135717813,0.1550303124128503,1.177550615553096,0.2764770156727029,0.454483208378474,0.2912206927691328
semisynthetic_true_phi10,7,1000,10,ica,econml_dml,True,none,0.1252967119216919,0.1186305368753871,0.1206028878249924,True,10,0.084905155,0.1316549,0.1186305368753871,0.1037291617176542,0.1566978337755384,1.1902164663568549,0.1711989530952805,0.3443694771417418,0.1708829639445133
semisynthetic_true_phi10,7,1000,10,raw_x,econml_dml,True,none,0.1252967119216919,0.0919878313698759,0.0925181178410101,True,291,0.084905155,0.1316549,0.0919878313698759,0.4483548446103217,0.4544053558665658,3.4514882811198246,0.1009774405513679,0.2051038879947818,0.2020776445189934
semisynthetic_true_phi10,8,100,10,encoder_pred,econml_dml,True,none,0.0974234938621521,0.146578236914331,0.1265651714645539,True,10,0.08472609,0.13180314,0.146578236914331,0.3331654320749447,0.348293599110197,2.642528842585728,0.1239805467468802,0.2198203306814109,0.2568413465486514
semisynthetic_true_phi10,8,100,10,mi_mine_cond,econml_dml,True,none,0.0974234938621521,0.0355981281004053,0.0457613923235749,True,10,0.08472609,0.13180314,0.0355981281004053,0.1061865931949489,0.1568049240321821,1.1896903516834514,0.2312645785209838,0.3984459909039049,0.3373976233294301
semisynthetic_true_phi10,8,100,10,mi_infonce_cond,econml_dml,True,none,0.0974234938621521,0.0582740250467021,0.0526382790483283,True,10,0.08472609,0.13180314,0.0582740250467021,0.1611440411578702,0.1920688571700917,1.457240374589435,0.1682903326916759,0.3158031532373182,0.272273636661015
semisynthetic_true_phi10,8,100,10,autoencoder,econml_dml,True,none,0.0974234938621521,0.08738573494328,0.075843084485,True,10,0.08472609,0.13180314,0.08738573494328,0.2535082689095665,0.3053515421547434,2.316724336402878,-0.1734941081396659,-0.3196274980653643,-0.1006166799420441
semisynthetic_true_phi10,8,100,10,pls,econml_dml,True,none,0.0974234938621521,0.0854026310358872,0.0616803516140259,True,10,0.08472609,0.13180314,0.0854026310358872,0.3847631852576647,0.4033610073377864,3.06032926986779,0.0267695780342038,-0.1075803773096911,0.2510106958244806
semisynthetic_true_phi10,8,100,10,pca,econml_dml,True,none,0.0974234938621521,0.1757527644275299,0.1540160457339018,True,10,0.08472609,0.13180314,0.1757527644275299,0.364995191430101,0.4099610093311214,3.1104039645307626,-0.0955008513540418,-0.1557333153300773,0.0248409005198765
semisynthetic_true_phi10,8,100,10,ica,econml_dml,True,none,0.0974234938621521,0.031144663111292,0.0425428124143935,True,10,0.08472609,0.13180314,0.031144663111292,0.2899098106628379,0.3424615290365622,2.598280503193521,-0.169966205625912,-0.2361260783314691,-0.0351099891617531
semisynthetic_true_phi10,8,100,10,raw_x,econml_dml,True,none,0.0974234938621521,0.0730329467455327,0.0489033546787496,True,215,0.08472609,0.13180314,0.0730329467455327,1.0890651635130084,1.079647013517624,8.191360335994004,0.1321355382618355,0.1075035855706854,0.2546076163796563
semisynthetic_true_phi10,8,250,10,encoder_pred,econml_dml,True,none,0.0808373689651489,0.0469012242342637,0.0478906540601045,True,10,0.08472609,0.13180314,0.0469012242342637,0.1921753403563703,0.2542506780204076,1.929018367355445,-0.1758685497046575,-0.2123991348009139,-0.0397357445540872
semisynthetic_true_phi10,8,250,10,mi_mine_cond,econml_dml,True,none,0.0808373689651489,0.0619303362290961,0.0662078337380439,True,10,0.08472609,0.13180314,0.0619303362290961,0.0840587471573721,0.1753798091863393,1.330619354952466,-0.2617737812047654,-0.2373219191555582,-0.1059180699731881
semisynthetic_true_phi10,8,250,10,mi_infonce_cond,econml_dml,True,none,0.0808373689651489,0.0540664956828693,0.0613887824211824,True,10,0.08472609,0.13180314,0.0540664956828693,0.2242857965788844,0.2583223197336841,1.9599102088693177,0.0318957145026362,0.1431771869799539,0.2477087811981471
semisynthetic_true_phi10,8,250,10,autoencoder,econml_dml,True,none,0.0808373689651489,0.1232334352281461,0.1165847085733736,True,10,0.08472609,0.13180314,0.1232334352281461,0.2059829185006896,0.2552606355902764,1.9366809888190164,-0.0713492011113865,0.035054739558998,0.0396523632070226
semisynthetic_true_phi10,8,250,10,pls,econml_dml,True,none,0.0808373689651489,0.0861873818905559,0.0847557065078788,True,10,0.08472609,0.13180314,0.0861873818905559,0.1505563866154104,0.1925380466084389,1.4608001489482991,0.0748477529886681,0.2883468408675656,0.1572924525867793
semisynthetic_true_phi10,8,250,10,pca,econml_dml,True,none,0.0808373689651489,0.0974350638072318,0.0926151334901281,True,10,0.08472609,0.13180314,0.0974350638072318,0.2746961986485979,0.2990722276452314,2.269082720980016,0.0489892094203999,0.2421823143430466,0.1498163236104794
semisynthetic_true_phi10,8,250,10,ica,econml_dml,True,none,0.0808373689651489,0.0327030084459492,0.0464742301741343,True,10,0.08472609,0.13180314,0.0327030084459492,0.2160872716297948,0.267952769287733,2.0329771293601224,-0.0882432812719195,-0.0262369987638369,0.042663024231164
semisynthetic_true_phi10,8,250,10,raw_x,econml_dml,True,none,0.0808373689651489,0.1361031164447364,0.0986222185860128,True,239,0.08472609,0.13180314,0.1361031164447364,0.8865200042939533,0.8906220034832713,6.757213850781696,0.054438398286658,0.133747308402005,0.1742123907869555
semisynthetic_true_phi10,8,500,10,encoder_pred,econml_dml,True,none,0.1033257842063903,0.0934529489834043,0.0894358647481453,True,10,0.08472609,0.13180314,0.0934529489834043,0.1074487649145199,0.1267752489245233,0.9618530247609998,0.4562004440942057,0.583560513271077,0.5749110673679112
semisynthetic_true_phi10,8,500,10,mi_mine_cond,econml_dml,True,none,0.1033257842063903,0.1061639558954408,0.1078898861794756,True,10,0.08472609,0.13180314,0.1061639558954408,0.086337378311248,0.1341083332587554,1.0174896684082784,0.3207839950562351,0.4548952927323798,0.3813074162013311
semisynthetic_true_phi10,8,500,10,mi_infonce_cond,econml_dml,True,none,0.1033257842063903,0.080309079556968,0.0856902324081239,True,10,0.08472609,0.13180314,0.080309079556968,0.098030082635286,0.1410649294987959,1.0702698695302464,0.2748370693916083,0.5113466396468118,0.2683073277726066
semisynthetic_true_phi10,8,500,10,autoencoder,econml_dml,True,none,0.1033257842063903,0.0947414853381902,0.0953255400288478,True,10,0.08472609,0.13180314,0.0947414853381902,0.1599255423336101,0.1917321083602809,1.454685436902079,0.1491400377913099,0.317564240149132,0.2074801868021108
semisynthetic_true_phi10,8,500,10,pls,econml_dml,True,none,0.1033257842063903,0.1338930703538535,0.1218246129948574,True,10,0.08472609,0.13180314,0.1338930703538535,0.1620983171929707,0.1679824998826848,1.2744954317957553,0.4176725395975597,0.6054340057113762,0.4489980607112505
semisynthetic_true_phi10,8,500,10,pca,econml_dml,True,none,0.1033257842063903,0.1274825080892915,0.1203300646995442,True,10,0.08472609,0.13180314,0.1274825080892915,0.136081123519464,0.1663137548027504,1.2618345416274737,0.2803866801723239,0.5197029836808856,0.291437399785068
semisynthetic_true_phi10,8,500,10,ica,econml_dml,True,none,0.1033257842063903,0.1210775160461088,0.1176124072574174,True,10,0.08472609,0.13180314,0.1210775160461088,0.1309377219179717,0.1555564035232374,1.1802177358677288,0.3372460282669727,0.5719973230286267,0.356753917337705
semisynthetic_true_phi10,8,500,10,raw_x,econml_dml,True,none,0.1033257842063903,0.0899893699366799,0.0902814392004753,True,252,0.08472609,0.13180314,0.0899893699366799,0.6592490381421992,0.6618110984229715,5.02120888926449,0.0806476996109644,0.1150286616010236,0.1983128211124094
semisynthetic_true_phi10,8,750,10,encoder_pred,econml_dml,True,none,0.1051246523857116,0.1149556496640934,0.1180884906416416,True,10,0.08472609,0.13180314,0.1149556496640934,0.0078303612008489,0.1363188303339305,1.0342608703267877,-0.1141475774767681,-0.2744050721992926,-0.0034543321424732
semisynthetic_true_phi10,8,750,10,mi_mine_cond,econml_dml,True,none,0.1051246523857116,0.0696616856244901,0.0709244451296384,True,10,0.08472609,0.13180314,0.0696616856244901,0.0151832532618569,0.132859841529239,1.0080172709441688,0.0444224816348177,0.118182794753826,0.2746768524514431
semisynthetic_true_phi10,8,750,10,mi_infonce_cond,econml_dml,True,none,0.1051246523857116,0.0930178149487344,0.094697031939666,True,10,0.08472609,0.13180314,0.0930178149487344,0.0006300215400963,0.131852454241309,1.000374150396418,0.3380752268889488,0.5485504494972616,0.5115804935996432
semisynthetic_true_phi10,8,750,10,autoencoder,econml_dml,True,none,0.1051246523857116,0.0907063748995128,0.0924418929399546,True,10,0.08472609,0.13180314,0.0907063748995128,0.000617420654609,0.1318617823302192,1.000444923284735,0.1270746131401259,0.2625376677869156,0.2207547230585354
semisynthetic_true_phi10,8,750,10,pls,econml_dml,True,none,0.1051246523857116,0.105178014168283,0.1060855960789531,True,10,0.08472609,0.13180314,0.105178014168283,0.107402989097697,0.1501082234883296,1.1388819980918288,0.2399423218801021,0.2026205083810689,0.4459853740948467
semisynthetic_true_phi10,8,750,10,pca,econml_dml,True,none,0.1051246523857116,0.0890401749637182,0.0902744713632553,True,10,0.08472609,0.13180314,0.0890401749637182,0.1182040178586238,0.177598121600167,1.347449852413176,-0.0057197931483018,-0.1868930289981504,0.0604369322053197
semisynthetic_true_phi10,8,750,10,ica,econml_dml,True,none,0.1051246523857116,0.0968277486872309,0.1012574053089847,True,10,0.08472609,0.13180314,0.0968277486872309,0.1072327933171269,0.1661563244129679,1.2606401058216978,0.0498621350334751,-0.1034247210668182,0.1308087303292162
semisynthetic_true_phi10,8,750,10,raw_x,econml_dml,True,none,0.1051246523857116,0.0850785150981953,0.1206339146565629,True,276,0.08472609,0.13180314,0.0850785150981953,0.5013931472832444,0.4931975743191253,3.741925830854152,0.1931100752547018,0.229638743711789,0.3580718141526404
semisynthetic_true_phi10,8,1000,10,encoder_pred,econml_dml,True,none,0.0826443433761596,0.0759690937873885,0.0689798151552485,True,10,0.08472609,0.13180314,0.0759690937873885,0.0818473031837069,0.1299951474663795,0.9862826289477904,0.3359832639388802,0.490391904137295,0.4889266018010039
semisynthetic_true_phi10,8,1000,10,mi_mine_cond,econml_dml,True,none,0.0826443433761596,0.0859023370431912,0.0845787334650306,True,10,0.08472609,0.13180314,0.0859023370431912,0.0513754184077417,0.1307240286569612,0.9918127034994072,0.2159150558743701,0.3862482014051934,0.2979686397805932
semisynthetic_true_phi10,8,1000,10,mi_infonce_cond,econml_dml,True,none,0.0826443433761596,0.0895744064346896,0.0894080067976595,True,10,0.08472609,0.13180314,0.0895744064346896,0.0593882757309183,0.1244319388787941,0.9440741611850404,0.3474411007246418,0.5319904000463018,0.4269970737497223
semisynthetic_true_phi10,8,1000,10,autoencoder,econml_dml,True,none,0.0826443433761596,0.0900574836234218,0.0889405482986886,True,10,0.08472609,0.13180314,0.0900574836234218,0.0517967865375051,0.1336020656480166,1.0136485792614718,0.1636071903252231,0.3377109628498874,0.2528802178634059
semisynthetic_true_phi10,8,1000,10,pls,econml_dml,True,none,0.0826443433761596,0.0870850216104929,0.0817857469849857,True,10,0.08472609,0.13180314,0.0870850216104929,0.0690178857235612,0.123953361954628,0.9404431632891964,0.3724762242918631,0.5576631303268902,0.4782359243170989
semisynthetic_true_phi10,8,1000,10,pca,econml_dml,True,none,0.0826443433761596,0.046012966766308,0.0488458968147484,True,10,0.08472609,0.13180314,0.046012966766308,0.0881314332098704,0.1549896678374243,1.1759178710418758,0.1126086808565413,0.3763991615370138,0.2688685828614506
semisynthetic_true_phi10,8,1000,10,ica,econml_dml,True,none,0.0826443433761596,0.0620384637119673,0.0668123280535452,True,10,0.08472609,0.13180314,0.0620384637119673,0.0637532216257572,0.1424059438303676,1.0804442426986085,0.0994787767588817,0.2890486546805483,0.1847792082849778
semisynthetic_true_phi10,8,1000,10,raw_x,econml_dml,True,none,0.0826443433761596,0.0814395174350451,0.0628879889319047,True,274,0.08472609,0.13180314,0.0814395174350451,0.4898318745208079,0.4934511439795307,3.7438496822913807,0.1070617034534555,0.1993303637610116,0.3150127700309573
semisynthetic_true_phi10,9,100,10,encoder_pred,econml_dml,True,none,0.1484593749046325,0.154397909289872,0.151858206636244,True,10,0.083963506,0.13230343,0.154397909289872,0.2976031424715226,0.3139991255146894,2.373325632191465,0.1579393659153373,0.1949086354757964,0.3261142519344538
semisynthetic_true_phi10,9,100,10,mi_mine_cond,econml_dml,True,none,0.1484593749046325,0.2337161198080748,0.2376411134885956,True,10,0.083963506,0.13230343,0.2337161198080748,0.1551076164058779,0.2308686032984514,1.744993311616165,0.2604152577810452,0.4354074167889885,0.327345297685486
semisynthetic_true_phi10,9,100,10,mi_infonce_cond,econml_dml,True,none,0.1484593749046325,0.1896391234736134,0.1674818967614292,True,10,0.083963506,0.13230343,0.1896391234736134,0.2695515457753949,0.2898590665960764,2.190865822788346,0.2427093630505829,0.4099780292752538,0.2982388974094499
semisynthetic_true_phi10,9,100,10,autoencoder,econml_dml,True,none,0.1484593749046325,0.1773973614378609,0.185845549816017,True,10,0.083963506,0.13230343,0.1773973614378609,0.1456129423513432,0.2198938973487051,1.662042281438603,-0.0237765089028584,0.0362067285618236,0.0909766784031093
semisynthetic_true_phi10,9,100,10,pls,econml_dml,True,none,0.1484593749046325,0.2303641464922886,0.195782221799068,True,10,0.083963506,0.13230343,0.2303641464922886,0.3111400654409929,0.3628204056213298,2.7423355626604224,0.0498827779538085,0.0082632820534009,0.2654089570749555
semisynthetic_true_phi10,9,100,10,pca,econml_dml,True,none,0.1484593749046325,0.1684503274943875,0.1451870726788169,True,10,0.083963506,0.13230343,0.1684503274943875,0.3715498899249227,0.4042903255605593,3.055781097884045,-0.0077213827527134,-0.0864598328867537,0.1255372348146274
semisynthetic_true_phi10,9,100,10,ica,econml_dml,True,none,0.1484593749046325,0.2318349078321462,0.2020195114858576,True,10,0.083963506,0.13230343,0.2318349078321462,0.4098013245099048,0.4574176086810632,3.45733744805511,-0.0177393975659388,-0.117914189212646,0.1202586984083562
semisynthetic_true_phi10,9,100,10,raw_x,econml_dml,True,none,0.1484593749046325,0.1646855804986881,0.138951330898568,True,215,0.083963506,0.13230343,0.1646855804986881,1.0589423144106858,1.071370098119401,8.097825467705983,-0.0087608139940797,0.0237591725518956,0.0834659131146083
semisynthetic_true_phi10,9,250,10,encoder_pred,econml_dml,True,none,0.0998389720916748,0.0915857725631093,0.0815405343930302,True,10,0.083963506,0.13230343,0.0915857725631093,0.2187155695223976,0.2032596707610015,1.5363144270454836,0.4161532532821784,0.5714470948103716,0.5032795017288247
semisynthetic_true_phi10,9,250,10,mi_mine_cond,econml_dml,True,none,0.0998389720916748,0.1355927751883194,0.1132272310184627,True,10,0.083963506,0.13230343,0.1355927751883194,0.2254666024126059,0.2142434136325338,1.6193337617384669,0.4207965720335878,0.5392652807507022,0.5188488185345949
semisynthetic_true_phi10,9,250,10,mi_infonce_cond,econml_dml,True,none,0.0998389720916748,0.1224704563875327,0.1024410193579671,True,10,0.083963506,0.13230343,0.1224704563875327,0.1983203161682353,0.1955616248986325,1.478129648559242,0.3825221327327238,0.5647247352671376,0.4017688204833209
semisynthetic_true_phi10,9,250,10,autoencoder,econml_dml,True,none,0.0998389720916748,0.0971450587202739,0.0841857193431178,True,10,0.083963506,0.13230343,0.0971450587202739,0.2106856237162032,0.2408650950365185,1.8205506241884732,0.0726542258340907,0.0708599165658622,0.145175739431886
semisynthetic_true_phi10,9,250,10,pls,econml_dml,True,none,0.0998389720916748,0.1324724793142605,0.1015425175243137,True,10,0.083963506,0.13230343,0.1324724793142605,0.3582905749558695,0.3668309384277275,2.772648705388341,0.1441311378550177,0.3597202026403376,0.237456256205914
semisynthetic_true_phi10,9,250,10,pca,econml_dml,True,none,0.0998389720916748,0.1017971640093087,0.0820692771072024,True,10,0.083963506,0.13230343,0.1017971640093087,0.2251313110293432,0.2346890948889618,1.7738700500607951,0.2254000870924539,0.4228322747768928,0.2638931026648829
semisynthetic_true_phi10,9,250,10,ica,econml_dml,True,none,0.0998389720916748,0.1264112121250369,0.1117882136118088,True,10,0.083963506,0.13230343,0.1264112121250369,0.2262063626618337,0.2343174758215271,1.7710612108428254,0.2601361367289695,0.4351375075018894,0.3020863255514317
semisynthetic_true_phi10,9,250,10,raw_x,econml_dml,True,none,0.0998389720916748,0.1106449614888597,0.1077649826076291,True,240,0.083963506,0.13230343,0.1106449614888597,0.6734303339453404,0.670071778274024,5.064659094763817,0.1275479991997958,0.1720564990709892,0.2070435397972889
semisynthetic_true_phi10,9,500,10,encoder_pred,econml_dml,True,none,0.0939381718635559,0.0931694760955981,0.085635016173077,True,10,0.083963506,0.13230343,0.0931694760955981,0.1063496025723849,0.145651561220184,1.1008902749201943,0.2730839217658419,0.3430959010908649,0.4205169715792365
semisynthetic_true_phi10,9,500,10,mi_mine_cond,econml_dml,True,none,0.0939381718635559,0.0832216361797163,0.0840740062404001,True,10,0.083963506,0.13230343,0.0832216361797163,0.1181620532710395,0.1513647447212392,1.1440727036044849,0.2736391001838967,0.4242130914290622,0.3454089838615681
semisynthetic_true_phi10,9,500,10,mi_infonce_cond,econml_dml,True,none,0.0939381718635559,0.0409931760890598,0.0427452746165031,True,10,0.083963506,0.13230343,0.0409931760890598,0.119878876193676,0.1677033354741433,1.2675660291486026,0.1764517183595004,0.3941937591805722,0.2338350410077927
semisynthetic_true_phi10,9,500,10,autoencoder,econml_dml,True,none,0.0939381718635559,0.0966639460505356,0.099711091722231,True,10,0.083963506,0.13230343,0.0966639460505356,0.1650719506507463,0.2150296549760364,1.6252764748927302,-0.0303005567402534,-0.1534087030074715,0.1028584496611744
semisynthetic_true_phi10,9,500,10,pls,econml_dml,True,none,0.0939381718635559,0.0741335983836392,0.0739393816796988,True,10,0.083963506,0.13230343,0.0741335983836392,0.1316935150493613,0.1555345671052387,1.1755898179576232,0.3085776102267378,0.3706756949714779,0.4853737226343361
semisynthetic_true_phi10,9,500,10,pca,econml_dml,True,none,0.0939381718635559,0.0845815345223882,0.0828896640954378,True,10,0.083963506,0.13230343,0.0845815345223882,0.1327047575563014,0.1876499964431823,1.418330531046041,-0.0027734117637597,-0.0860758138628448,0.1347891968921502
semisynthetic_true_phi10,9,500,10,ica,econml_dml,True,none,0.0939381718635559,0.0772188849275032,0.0768795193816462,True,10,0.083963506,0.13230343,0.0772188849275032,0.1029630862312424,0.1616730547526392,1.2219868582442357,0.0738825094290665,-0.0298803262756619,0.1580977353090915
semisynthetic_true_phi10,9,500,10,raw_x,econml_dml,True,none,0.0939381718635559,0.1039156206951456,0.0775576239417723,True,262,0.083963506,0.13230343,0.1039156206951456,0.5969924498207095,0.5899270946149661,4.45889488538859,0.1664149915121621,0.1726723473064576,0.231702023042179
semisynthetic_true_phi10,9,750,10,encoder_pred,econml_dml,True,none,0.0522137284278869,0.0561854554136736,0.0561143009703755,True,10,0.083963506,0.13230343,0.0561854554136736,0.0004430915262082,0.1351245805702492,1.021323324008718,0.1480976097909745,0.5440224038622695,0.4277847153244369
semisynthetic_true_phi10,9,750,10,mi_mine_cond,econml_dml,True,none,0.0522137284278869,0.0249663775274153,0.0240534669684847,True,10,0.083963506,0.13230343,0.0249663775274153,0.0051921504037782,0.1449449760153148,1.095549633364921,0.0020186394862087,-0.0728574522497275,0.0223223557888297
semisynthetic_true_phi10,9,750,10,mi_infonce_cond,econml_dml,True,none,0.0522137284278869,0.0387833926055724,0.0393809215139671,True,10,0.083963506,0.13230343,0.0387833926055724,0.0034965348734517,0.1397858569922187,1.0565550361762488,0.0190036437358787,0.4781986522053164,0.3498434406198556
semisynthetic_true_phi10,9,750,10,autoencoder,econml_dml,True,none,0.0522137284278869,0.0289483690125241,0.0278174293302093,True,10,0.083963506,0.13230343,0.0289483690125241,0.0066791451403838,0.1430229963010942,1.0810225746897264,0.0678409880251563,0.2173645844660106,0.1784402925566867
semisynthetic_true_phi10,9,750,10,pls,econml_dml,True,none,0.0522137284278869,0.0542528474427705,0.0560258942793358,True,10,0.083963506,0.13230343,0.0542528474427705,0.1237510284783371,0.1488835046254188,1.1253185408042574,0.352261738638028,0.4999790027425667,0.4397192896926956
semisynthetic_true_phi10,9,750,10,pca,econml_dml,True,none,0.0522137284278869,0.0382474862904856,0.0413859013950972,True,10,0.083963506,0.13230343,0.0382474862904856,0.1156848932364887,0.1746645716290131,1.3201817177146449,0.0806714802859716,0.1360629377097221,0.1789407334475894
semisynthetic_true_phi10,9,750,10,ica,econml_dml,True,none,0.0522137284278869,0.0488820712593722,0.0481829034238635,True,10,0.083963506,0.13230343,0.0488820712593722,0.1118594164190677,0.1598289524009268,1.2080484264969196,0.1926479253007116,0.285850967318504,0.2609003683661489
semisynthetic_true_phi10,9,750,10,raw_x,econml_dml,True,none,0.0522137284278869,0.0497514749161867,0.0542364329228949,True,280,0.083963506,0.13230343,0.0497514749161867,0.5139756550653453,0.5210363537591156,3.938192285259212,0.0835781628429825,0.1340418023822808,0.2045167586256659
semisynthetic_true_phi10,9,1000,10,encoder_pred,econml_dml,True,none,0.054879605770111,0.0795723516632164,0.0755828198424042,True,10,0.083963506,0.13230343,0.0795723516632164,0.1249456099616,0.1390976295052402,1.0513531492826231,0.4170031669024894,0.5650221819366251,0.4733921377608702
semisynthetic_true_phi10,9,1000,10,mi_mine_cond,econml_dml,True,none,0.054879605770111,0.072248441523701,0.070338754133269,True,10,0.083963506,0.13230343,0.072248441523701,0.0878799725179676,0.136945535235492,1.0350867966776165,0.2842673559488166,0.4873011844549897,0.3963458707515804
semisynthetic_true_phi10,9,1000,10,mi_infonce_cond,econml_dml,True,none,0.054879605770111,0.0552948878178512,0.0541444333375064,True,10,0.083963506,0.13230343,0.0552948878178512,0.0643059091857578,0.1264998650619457,0.9561344214833882,0.3795959532734015,0.5986116308486112,0.3785714799921582
semisynthetic_true_phi10,9,1000,10,autoencoder,econml_dml,True,none,0.054879605770111,0.0769913432782535,0.074377973251502,True,10,0.083963506,0.13230343,0.0769913432782535,0.1121965520429411,0.1535067205949998,1.1602625774979207,0.221522775129015,0.4106818094940532,0.2235137573531344
semisynthetic_true_phi10,9,1000,10,pls,econml_dml,True,none,0.054879605770111,0.056252571928919,0.0578279099548095,True,10,0.083963506,0.13230343,0.056252571928919,0.0989545168676718,0.1419812854131979,1.0731489248904642,0.3019169248343928,0.4622449290439309,0.3964283735185538
semisynthetic_true_phi10,9,1000,10,pca,econml_dml,True,none,0.054879605770111,0.0683013961117391,0.0712044746947689,True,10,0.083963506,0.13230343,0.0683013961117391,0.1165153517120243,0.1537571302015867,1.1621552691953432,0.2492339637587491,0.4401981281116869,0.2696810869605616
semisynthetic_true_phi10,9,1000,10,ica,econml_dml,True,none,0.054879605770111,0.0511775180774372,0.0535809324163325,True,10,0.083963506,0.13230343,0.0511775180774372,0.0966991420155033,0.1499974409290618,1.1337380979534404,0.2122389386172261,0.2624168700845349,0.2291304412608927
semisynthetic_true_phi10,9,1000,10,raw_x,econml_dml,True,none,0.054879605770111,0.0558719916345193,0.0669762009830149,True,275,0.083963506,0.13230343,0.0558719916345193,0.4719524481451495,0.4840096467961461,3.658330255176117,0.054188076487183,0.1150340416843707,0.1347255452038319
