dataset,seed,n,phi_dim,method,cate_learner,outcome_source,ate_calibration,observed_ate,raw_tau_hat_mean,train_tau_hat_mean,standardized_representation,cate_feature_dim,tau_true_mean,tau_true_std,tau_hat_mean,tau_hat_std,pehe,pehe_norm,pearson,spearman,policy_norm_20
semisynthetic_true_phi5,0,100,5,encoder_pred,econml_dml,True,none,0.0799999833106994,0.0817178750735244,0.0643428734715185,True,5,0.08481841,0.13307382,0.0817178750735244,0.2771495162083585,0.2682075249762698,2.015479240190156,0.3063179087875251,0.4259261535862076,0.3671013821360615
semisynthetic_true_phi5,0,100,5,mi_mine_cond,econml_dml,True,none,0.0799999833106994,0.0480142723477604,0.0452766344968466,True,5,0.08481841,0.13307382,0.0480142723477604,0.2106557791497405,0.1951868071973281,1.4667558559366285,0.4519916170620326,0.6584474287297754,0.5431891747726394
semisynthetic_true_phi5,0,100,5,mi_infonce_cond,econml_dml,True,none,0.0799999833106994,0.0147794499576885,-0.0142315986656894,True,5,0.08481841,0.13307382,0.0147794499576885,0.3603331325674893,0.3567736154575077,2.6810202863093178,0.2624210098167073,0.3886148541379966,0.4960552978259527
semisynthetic_true_phi5,0,100,5,autoencoder,econml_dml,True,none,0.0799999833106994,0.0144808714099057,0.0093510825599792,True,5,0.08481841,0.13307382,0.0144808714099057,0.2660686904896096,0.2837977701802717,2.132634102123728,0.1822727896945378,0.3501967323928818,0.2467260648337736
semisynthetic_true_phi5,0,100,5,pls,econml_dml,True,none,0.0799999833106994,0.0214312725423056,0.0060394697065458,True,5,0.08481841,0.13307382,0.0214312725423056,0.2781623086589916,0.2761961721949123,2.0755109362725137,0.308196996407934,0.5253806003323299,0.3219995177024985
semisynthetic_true_phi5,0,100,5,pca,econml_dml,True,none,0.0799999833106994,0.0446205713952299,0.0513675701911601,True,5,0.08481841,0.13307382,0.0446205713952299,0.2025098777796358,0.2227125151485393,1.6736012565349592,0.1991537378976948,0.4045040811703967,0.2306620405979619
semisynthetic_true_phi5,0,100,5,ica,econml_dml,True,none,0.0799999833106994,0.0111828708906389,0.011046358849275,True,5,0.08481841,0.13307382,0.0111828708906389,0.2297257161157852,0.2500204271711555,1.878810002185894,0.2190761291345848,0.5064988090084003,0.3424733825726455
semisynthetic_true_phi5,0,100,5,raw_x,econml_dml,True,none,0.0799999833106994,0.1781770896088388,0.0566401640156854,True,205,0.08481841,0.13307382,0.1781770896088388,1.0690624042329642,1.0680626936604647,8.026091685849252,0.1003800978741839,0.0822528439951848,0.1804506682178527
semisynthetic_true_phi5,0,250,5,encoder_pred,econml_dml,True,none,0.1334276795387268,0.1304703136640922,0.1244132107819122,True,5,0.08481841,0.13307382,0.1304703136640922,0.125074261330201,0.1644467875807357,1.2357561053302215,0.2521481663873627,0.4783931351478253,0.3931561180939882
semisynthetic_true_phi5,0,250,5,mi_mine_cond,econml_dml,True,none,0.1334276795387268,0.1302900047934048,0.131445626103802,True,5,0.08481841,0.13307382,0.1302900047934048,0.0864186178869584,0.1434071732088231,1.077651272171837,0.2903841799158999,0.3821382346370245,0.3668582572961659
semisynthetic_true_phi5,0,250,5,mi_infonce_cond,econml_dml,True,none,0.1334276795387268,0.1205419535839276,0.1224229159576265,True,5,0.08481841,0.13307382,0.1205419535839276,0.0870475171153283,0.1510332795234039,1.134958608950999,0.1619093093006271,0.3049607046623921,0.3203617349825949
semisynthetic_true_phi5,0,250,5,autoencoder,econml_dml,True,none,0.1334276795387268,0.1551499850761585,0.1442288493384182,True,5,0.08481841,0.13307382,0.1551499850761585,0.1907761413373777,0.2198184581501004,1.65185350057324,0.2113369749752262,0.4088665723782422,0.2055672228984472
semisynthetic_true_phi5,0,250,5,pls,econml_dml,True,none,0.1334276795387268,0.186696126747645,0.1766662633623565,True,5,0.08481841,0.13307382,0.186696126747645,0.123728844729072,0.1783647435182162,1.340344338864516,0.3517311896573458,0.5810182829692186,0.4109282079551949
semisynthetic_true_phi5,0,250,5,pca,econml_dml,True,none,0.1334276795387268,0.1630553331212854,0.1501491193021734,True,5,0.08481841,0.13307382,0.1630553331212854,0.1982917675735255,0.2308307169646018,1.7346065069633194,0.1869537713138291,0.4291411492250318,0.243022149127415
semisynthetic_true_phi5,0,250,5,ica,econml_dml,True,none,0.1334276795387268,0.1542494291488223,0.1407272919061201,True,5,0.08481841,0.13307382,0.1542494291488223,0.2184145731704092,0.2403083190300457,1.8058271418481,0.2147950134636907,0.484393386505061,0.3270466471003098
semisynthetic_true_phi5,0,250,5,raw_x,econml_dml,True,none,0.1334276795387268,0.0315802447626366,0.0897189091284095,True,242,0.08481841,0.13307382,0.0315802447626366,0.7442727595790568,0.7602054963462459,5.712659987074839,-0.0173031151252541,0.0289758497074807,0.101765200950815
semisynthetic_true_phi5,0,500,5,encoder_pred,econml_dml,True,none,0.0344794392585754,0.0805180588856634,0.0794781963076353,True,5,0.08481841,0.13307382,0.0805180588856634,0.0758614692110345,0.133140824950966,1.0005035046433006,0.2850677555681587,0.3033375680505114,0.4870241750140516
semisynthetic_true_phi5,0,500,5,mi_mine_cond,econml_dml,True,none,0.0344794392585754,0.0763318332025563,0.0726580424162009,True,5,0.08481841,0.13307382,0.0763318332025563,0.1071119397664027,0.1295895921337828,0.9738173181884352,0.4370825075515259,0.5412935002475249,0.4648749158597691
semisynthetic_true_phi5,0,500,5,mi_infonce_cond,econml_dml,True,none,0.0344794392585754,0.0574298688137772,0.0579775170017354,True,5,0.08481841,0.13307382,0.0574298688137772,0.0869222144499137,0.130163845134306,0.9781326147159052,0.392131179266609,0.5394365797978863,0.4322321620240317
semisynthetic_true_phi5,0,500,5,autoencoder,econml_dml,True,none,0.0344794392585754,0.0210907887095451,0.0223742307109899,True,5,0.08481841,0.13307382,0.0210907887095451,0.0753307470249081,0.1558462376332749,1.1711261890933091,0.1574396087365768,0.1959987593769234,0.2346623696826816
semisynthetic_true_phi5,0,500,5,pls,econml_dml,True,none,0.0344794392585754,0.0437564069399678,0.0448100714602495,True,5,0.08481841,0.13307382,0.0437564069399678,0.0930499460457403,0.1524193973210565,1.1453747657902755,0.1946838153178395,0.2358749756840367,0.2637045572766487
semisynthetic_true_phi5,0,500,5,pca,econml_dml,True,none,0.0344794392585754,0.0312250124175783,0.0305796286957138,True,5,0.08481841,0.13307382,0.0312250124175783,0.1116316745200236,0.16960249237663,1.2744992986302346,0.1439732719940795,0.0016118362170597,0.2250583127452285
semisynthetic_true_phi5,0,500,5,ica,econml_dml,True,none,0.0344794392585754,0.0244451842050765,0.0240273041787004,True,5,0.08481841,0.13307382,0.0244451842050765,0.1005086299697078,0.1686325739986848,1.2672107247708682,0.1128445639259853,-0.0051888448654586,0.2224907800618661
semisynthetic_true_phi5,0,500,5,raw_x,econml_dml,True,none,0.0344794392585754,0.021496186380363,0.0238724608526511,True,260,0.08481841,0.13307382,0.021496186380363,0.5613889780646992,0.5686265601473414,4.273015932342335,0.090620117574266,0.1982117055043172,0.1855313252622385
semisynthetic_true_phi5,0,750,5,encoder_pred,econml_dml,True,none,0.1015726923942565,0.101824140588307,0.1002163031599539,True,5,0.08481841,0.13307382,0.101824140588307,0.0565087063481624,0.125611315357501,0.9439220560960092,0.3599063178480706,0.4436392385368836,0.5507677402912927
semisynthetic_true_phi5,0,750,5,mi_mine_cond,econml_dml,True,none,0.1015726923942565,0.1226997382877599,0.1190762535301259,True,5,0.08481841,0.13307382,0.1226997382877599,0.0970118158294783,0.1259282854653512,0.946303967909219,0.4917606203504597,0.6463024618623502,0.5948718772932927
semisynthetic_true_phi5,0,750,5,mi_infonce_cond,econml_dml,True,none,0.1015726923942565,0.1009167691768406,0.100168691221651,True,5,0.08481841,0.13307382,0.1009167691768406,0.0748570486332668,0.125183136934843,0.94070445538909,0.3965541568330276,0.598893410252534,0.5176917618356709
semisynthetic_true_phi5,0,750,5,autoencoder,econml_dml,True,none,0.1015726923942565,0.1338049913930057,0.1313794430540409,True,5,0.08481841,0.13307382,0.1338049913930057,0.0917745793850314,0.1541500341575751,1.158379854356005,0.1952324735734322,0.3531978762827156,0.3080429267171935
semisynthetic_true_phi5,0,750,5,pls,econml_dml,True,none,0.1015726923942565,0.0983953347118794,0.0941599788603902,True,5,0.08481841,0.13307382,0.0983953347118794,0.1100266055594772,0.1424908108209683,1.0707651515479808,0.3310825794302778,0.5690203664227904,0.4095884853546431
semisynthetic_true_phi5,0,750,5,pca,econml_dml,True,none,0.1015726923942565,0.1197097042514433,0.1150451524643769,True,5,0.08481841,0.13307382,0.1197097042514433,0.1041691499005833,0.1532073962993136,1.1512962833991078,0.227408209692114,0.4985986368826346,0.327528549383885
semisynthetic_true_phi5,0,750,5,ica,econml_dml,True,none,0.1015726923942565,0.1316261427634988,0.1279487884556781,True,5,0.08481841,0.13307382,0.1316261427634988,0.1336557268993798,0.1744549810213402,1.3109639359573837,0.2060296551231069,0.4712849454124125,0.2881830986277312
semisynthetic_true_phi5,0,750,5,raw_x,econml_dml,True,none,0.1015726923942565,0.1134825611613021,0.1125096742132942,True,278,0.08481841,0.13307382,0.1134825611613021,0.4890377049927897,0.480753631908999,3.61268374123484,0.2040939385778824,0.2365656726891175,0.3047709841075662
semisynthetic_true_phi5,0,1000,5,encoder_pred,econml_dml,True,none,0.1022775173187255,0.1176430798790793,0.1138178511097535,True,5,0.08481841,0.13307382,0.1176430798790793,0.1115005326937521,0.143179290354993,1.0759388177538245,0.3611775121712879,0.5210464411848712,0.4108020017256528
semisynthetic_true_phi5,0,1000,5,mi_mine_cond,econml_dml,True,none,0.1022775173187255,0.1211540048562154,0.1136108457468655,True,5,0.08481841,0.13307382,0.1211540048562154,0.1052881232899018,0.141767347578232,1.0653285958551286,0.3574498387307314,0.5857047134825554,0.5643723897920239
semisynthetic_true_phi5,0,1000,5,mi_infonce_cond,econml_dml,True,none,0.1022775173187255,0.1014079394456368,0.10320266364824,True,5,0.08481841,0.13307382,0.1014079394456368,0.0630390839813682,0.1269261982615979,0.9538029093521684,0.3485292739950139,0.4857850861856677,0.4172756040394161
semisynthetic_true_phi5,0,1000,5,autoencoder,econml_dml,True,none,0.1022775173187255,0.0732272788110544,0.0738712520855884,True,5,0.08481841,0.13307382,0.0732272788110544,0.0594355551470642,0.1445231205856267,1.086037199342565,0.0308907167196464,0.2502834825573818,0.1521983564075778
semisynthetic_true_phi5,0,1000,5,pls,econml_dml,True,none,0.1022775173187255,0.0746677528740327,0.0730654300668974,True,5,0.08481841,0.13307382,0.0746677528740327,0.0470265930850995,0.1282825521158043,0.9639954012882046,0.2849760370013565,0.4500105445398318,0.4121103045080984
semisynthetic_true_phi5,0,1000,5,pca,econml_dml,True,none,0.1022775173187255,0.1055002132454572,0.105253206331687,True,5,0.08481841,0.13307382,0.1055002132454572,0.0621841356559308,0.1443419185836683,1.084675534067662,0.0706129894844699,0.3607408385365194,0.1681560670450174
semisynthetic_true_phi5,0,1000,5,ica,econml_dml,True,none,0.1022775173187255,0.1068744369402398,0.1065273746898255,True,5,0.08481841,0.13307382,0.1068744369402398,0.0582737865711357,0.145193355359183,1.0910737629970555,0.0328725278252933,0.2664496177230955,0.1484857459087872
semisynthetic_true_phi5,0,1000,5,raw_x,econml_dml,True,none,0.1022775173187255,0.126065603394044,0.0923465948648639,True,284,0.08481841,0.13307382,0.126065603394044,0.4714191608040032,0.4686175275411054,3.521485455830899,0.1756923660063989,0.251749749460304,0.2964388699114798
semisynthetic_true_phi5,1,100,5,encoder_pred,econml_dml,True,none,0.0156062245368957,0.0172036160814819,0.0182629916046028,True,5,0.08496582,0.13391817,0.0172036160814819,0.174413027515587,0.1796347699316068,1.3413771639928505,0.4426291913613783,0.6369130604777108,0.5729234152990366
semisynthetic_true_phi5,1,100,5,mi_mine_cond,econml_dml,True,none,0.0156062245368957,0.0474734784415157,0.0462742432635788,True,5,0.08496582,0.13391817,0.0474734784415157,0.0974746895530692,0.130534188685845,0.9747310049729868,0.452053937932206,0.6786399351553363,0.5199730559553695
semisynthetic_true_phi5,1,100,5,mi_infonce_cond,econml_dml,True,none,0.0156062245368957,0.0192959305142778,0.0281386187071301,True,5,0.08496582,0.13391817,0.0192959305142778,0.1004339491285895,0.1503290612466493,1.1225442040954117,0.3618888818202271,0.4200310037044329,0.5162947419771124
semisynthetic_true_phi5,1,100,5,autoencoder,econml_dml,True,none,0.0156062245368957,0.0073661390527,-0.0105257414457015,True,5,0.08496582,0.13391817,0.0073661390527,0.2111756485421954,0.2428498376467365,1.813419677174576,0.169285879353312,0.2820808837216431,0.2273111427042396
semisynthetic_true_phi5,1,100,5,pls,econml_dml,True,none,0.0156062245368957,-0.023518538185967,-0.0247026843376657,True,5,0.08496582,0.13391817,-0.023518538185967,0.1397197242150973,0.1892252612262021,1.4129917295858057,0.3585678328224623,0.5731254438477474,0.4798857296090731
semisynthetic_true_phi5,1,100,5,pca,econml_dml,True,none,0.0156062245368957,0.0781858553492857,0.0694645420081352,True,5,0.08496582,0.13391817,0.0781858553492857,0.1719118872558933,0.1929914422666804,1.4411147329725318,0.2234381784418147,0.431888289404931,0.3385730550502758
semisynthetic_true_phi5,1,100,5,ica,econml_dml,True,none,0.0156062245368957,0.059741198709215,0.0501262370751038,True,5,0.08496582,0.13391817,0.059741198709215,0.1472148492549095,0.1792956704203842,1.33884502424703,0.2053192123056183,0.3737464887434756,0.3287160562200598
semisynthetic_true_phi5,1,100,5,raw_x,econml_dml,True,none,0.0156062245368957,-0.0935590982518235,0.0181904985150953,True,198,0.08496582,0.13391817,-0.0935590982518235,0.8107868634384455,0.8298565280483358,6.196743517628826,0.0852774733621153,0.0468769031296073,0.1534918663292891
semisynthetic_true_phi5,1,250,5,encoder_pred,econml_dml,True,none,0.1282249689102172,0.0781495390437871,0.0766438991385408,True,5,0.08496582,0.13391817,0.0781495390437871,0.1282915694092859,0.1331607941022895,0.9943445159084257,0.4862313890668734,0.6910622461648196,0.5454344646266758
semisynthetic_true_phi5,1,250,5,mi_mine_cond,econml_dml,True,none,0.1282249689102172,0.1479386823214736,0.1473735548875409,True,5,0.08496582,0.13391817,0.1479386823214736,0.14769113947809,0.1624223495276429,1.2128477725186255,0.43813451152874,0.6636362829746352,0.4993254244220506
semisynthetic_true_phi5,1,250,5,mi_infonce_cond,econml_dml,True,none,0.1282249689102172,0.1152054675969769,0.1245612563562315,True,5,0.08496582,0.13391817,0.1152054675969769,0.1881818519819231,0.1907435380092604,1.42432907706141,0.3547050943980038,0.5070144500445933,0.416927015986366
semisynthetic_true_phi5,1,250,5,autoencoder,econml_dml,True,none,0.1282249689102172,0.1324585116756989,0.1325219464489803,True,5,0.08496582,0.13391817,0.1324585116756989,0.1693553503315393,0.1964505832278978,1.4669449923047084,0.2265904771030894,0.4596364410449116,0.3022581856392747
semisynthetic_true_phi5,1,250,5,pls,econml_dml,True,none,0.1282249689102172,0.0577400035139159,0.060531751606987,True,5,0.08496582,0.13391817,0.0577400035139159,0.1148050624542622,0.1497004125994072,1.117849929485287,0.3071748354467618,0.481473347626606,0.3419540754799912
semisynthetic_true_phi5,1,250,5,pca,econml_dml,True,none,0.1282249689102172,0.0787961199550858,0.0766266849264077,True,5,0.08496582,0.13391817,0.0787961199550858,0.1226587348130348,0.1526757902210612,1.1400678085599314,0.2954849326198923,0.5995413743769472,0.3704338725170249
semisynthetic_true_phi5,1,250,5,ica,econml_dml,True,none,0.1282249689102172,0.1154405670174239,0.112088602914126,True,5,0.08496582,0.13391817,0.1154405670174239,0.1295613164366296,0.158564788959703,1.1840424156463238,0.3027595476068792,0.549644517257748,0.3505962007403996
semisynthetic_true_phi5,1,250,5,raw_x,econml_dml,True,none,0.1282249689102172,0.1733453693250278,0.1546754068969436,True,236,0.08496582,0.13391817,0.1733453693250278,0.7848412255092694,0.7759346394056715,5.794095466295704,0.1886037526315026,0.2504932983201112,0.2741245704232096
semisynthetic_true_phi5,1,500,5,encoder_pred,econml_dml,True,none,0.0834414362907409,0.1116877066499891,0.1040559389906235,True,5,0.08496582,0.13391817,0.1116877066499891,0.1148026083877814,0.1416380486579771,1.0576462680062135,0.3826693835971666,0.6143884685577071,0.4301018108183074
semisynthetic_true_phi5,1,500,5,mi_mine_cond,econml_dml,True,none,0.0834414362907409,0.1073932816996531,0.1003555173722786,True,5,0.08496582,0.13391817,0.1073932816996531,0.1107023206679002,0.1343639093007649,1.0033284740447157,0.4262518018763869,0.6192695555479345,0.4893270459931948
semisynthetic_true_phi5,1,500,5,mi_infonce_cond,econml_dml,True,none,0.0834414362907409,0.1292349883220661,0.1201767609196679,True,5,0.08496582,0.13391817,0.1292349883220661,0.1312192741786809,0.1584386352472236,1.1831003947383605,0.3417109907734602,0.5605429468472539,0.3855953810360211
semisynthetic_true_phi5,1,500,5,autoencoder,econml_dml,True,none,0.0834414362907409,0.1128540290025338,0.1081870125213234,True,5,0.08496582,0.13391817,0.1128540290025338,0.0903590008322056,0.1612586434134646,1.2041580917416144,0.0360402981162659,0.0015382664119666,0.134909566110306
semisynthetic_true_phi5,1,500,5,pls,econml_dml,True,none,0.0834414362907409,0.0973885919435351,0.0947730623571158,True,5,0.08496582,0.13391817,0.0973885919435351,0.0831962233317838,0.1303485326988576,0.9733446658951002,0.3598834282603882,0.6295891929123493,0.5035247948930518
semisynthetic_true_phi5,1,500,5,pca,econml_dml,True,none,0.0834414362907409,0.079555977243922,0.080852812916134,True,5,0.08496582,0.13391817,0.079555977243922,0.0884600442714386,0.1456192713103646,1.0873750401849898,0.1934573401774039,0.452209313717436,0.2719100638127389
semisynthetic_true_phi5,1,500,5,ica,econml_dml,True,none,0.0834414362907409,0.0931977406941572,0.0944271611488213,True,5,0.08496582,0.13391817,0.0931977406941572,0.0897429204524263,0.1514029992358263,1.1305635641267409,0.130334051623937,0.3660324229756038,0.2270894277822605
semisynthetic_true_phi5,1,500,5,raw_x,econml_dml,True,none,0.0834414362907409,0.0891982860185697,0.0886333680471751,True,254,0.08496582,0.13391817,0.0891982860185697,0.6951239208755773,0.6974298648985529,5.20788093873876,0.0791754329702904,0.1166580722236881,0.2241691462875517
semisynthetic_true_phi5,1,750,5,encoder_pred,econml_dml,True,none,0.0584897398948669,0.0596436278813781,0.0584642889482268,True,5,0.08496582,0.13391817,0.0596436278813781,0.0310070335779014,0.1261111494235862,0.9417030791204556,0.4374214928727481,0.6485392762482612,0.4584081866186918
semisynthetic_true_phi5,1,750,5,mi_mine_cond,econml_dml,True,none,0.0584897398948669,0.0405259698699859,0.040802245206947,True,5,0.08496582,0.13391817,0.0405259698699859,0.0589147848586291,0.1338716186854967,0.9996524185148196,0.3459114512764707,0.4147447440553661,0.4835718392848253
semisynthetic_true_phi5,1,750,5,mi_infonce_cond,econml_dml,True,none,0.0584897398948669,0.0571507731622152,0.0576617559308444,True,5,0.08496582,0.13391817,0.0571507731622152,0.0434657332876113,0.1560107614139581,1.1649708615848504,-0.3214595094065688,-0.4739274576335098,-0.2077158477512171
semisynthetic_true_phi5,1,750,5,autoencoder,econml_dml,True,none,0.0584897398948669,0.0687695038748437,0.0613975707982002,True,5,0.08496582,0.13391817,0.0687695038748437,0.0967369927765558,0.1562084813071305,1.1664472848277985,0.1217055411069354,0.2830818341256312,0.192603310086189
semisynthetic_true_phi5,1,750,5,pls,econml_dml,True,none,0.0584897398948669,0.0645435105546801,0.0619697661882267,True,5,0.08496582,0.13391817,0.0645435105546801,0.0727563444743728,0.1323986984153488,0.9886537593158748,0.3138133698516751,0.5364775757704636,0.3155414595838174
semisynthetic_true_phi5,1,750,5,pca,econml_dml,True,none,0.0584897398948669,0.0736296187635945,0.0690093749466061,True,5,0.08496582,0.13391817,0.0736296187635945,0.0814768128269958,0.1535178538342092,1.1463557053949156,0.0519338585417721,0.1704638343397584,0.136452750855553
semisynthetic_true_phi5,1,750,5,ica,econml_dml,True,none,0.0584897398948669,0.03782385699593,0.033930381228681,True,5,0.08496582,0.13391817,0.03782385699593,0.0965594748539563,0.1710060264235141,1.2769442064974068,0.0091682494688015,0.0585924916765582,0.0692922223482233
semisynthetic_true_phi5,1,750,5,raw_x,econml_dml,True,none,0.0584897398948669,0.0700719095124954,0.0602566928140746,True,279,0.08496582,0.13391817,0.0700719095124954,0.5243787821341045,0.5270186886307687,3.935378625173316,0.1095091889632991,0.1283854742392624,0.2278470638744107
semisynthetic_true_phi5,1,1000,5,encoder_pred,econml_dml,True,none,0.0511506795883178,0.0443117550193816,0.0403202168792831,True,5,0.08496582,0.13391817,0.0443117550193816,0.0778202195054419,0.1451791047015351,1.0840882074762617,0.2190579049328483,0.255824709408118,0.4868356599911823
semisynthetic_true_phi5,1,1000,5,mi_mine_cond,econml_dml,True,none,0.0511506795883178,0.0691878827704584,0.0683859059574296,True,5,0.08496582,0.13391817,0.0691878827704584,0.0890920045187538,0.1474682029990404,1.1011814694520896,0.1832838318940776,0.1456471484716468,0.3943479673660211
semisynthetic_true_phi5,1,1000,5,mi_infonce_cond,econml_dml,True,none,0.0511506795883178,0.057723084395605,0.0566785158607769,True,5,0.08496582,0.13391817,0.057723084395605,0.0783315125877922,0.1503060686143495,1.1223725124350572,0.1058222351285827,0.1714459701933574,0.3067389279376624
semisynthetic_true_phi5,1,1000,5,autoencoder,econml_dml,True,none,0.0511506795883178,0.0491792472486852,0.0496494566016433,True,5,0.08496582,0.13391817,0.0491792472486852,0.0933891566643982,0.1556346238299713,1.1621621494080745,0.1484888138592666,0.2841636296857361,0.2120106329349919
semisynthetic_true_phi5,1,1000,5,pls,econml_dml,True,none,0.0511506795883178,0.0196281077437473,0.0201113017901081,True,5,0.08496582,0.13391817,0.0196281077437473,0.0678865324350878,0.162399978272306,1.2126807208334194,0.0240846991944059,0.0609329052456416,0.2509157219365873
semisynthetic_true_phi5,1,1000,5,pca,econml_dml,True,none,0.0511506795883178,0.0395500943804474,0.0403311122454937,True,5,0.08496582,0.13391817,0.0395500943804474,0.0467853854968073,0.1452794462693972,1.0848374827294918,0.0861409820481663,0.2016090978458879,0.2360293751130747
semisynthetic_true_phi5,1,1000,5,ica,econml_dml,True,none,0.0511506795883178,0.0230260560639688,0.0242504004811608,True,5,0.08496582,0.13391817,0.0230260560639688,0.0303376735820913,0.154853165288322,1.1563268056003324,-0.1585766363186833,-0.3214020975663991,-0.0701808657974309
semisynthetic_true_phi5,1,1000,5,raw_x,econml_dml,True,none,0.0511506795883178,0.0359316328763599,0.0359734270607476,True,272,0.08496582,0.13391817,0.0359316328763599,0.4389448852702945,0.4481671089347915,3.3465744176737524,0.1034086750808849,0.1467093049870334,0.2013365393029173
semisynthetic_true_phi5,2,100,5,encoder_pred,econml_dml,True,none,0.0260103940963745,0.0710078484648609,0.0544893690775812,True,5,0.084778905,0.1312038,0.0710078484648609,0.1789156948010484,0.2031003310986297,1.5479759764410508,0.1739161402194775,0.2912057929228019,0.2681455090640894
semisynthetic_true_phi5,2,100,5,mi_mine_cond,econml_dml,True,none,0.0260103940963745,0.0847789859463413,0.0736887766823067,True,5,0.084778905,0.1312038,0.0847789859463413,0.150551130607411,0.1950727762264124,1.4867921170916532,0.0462386306173574,-0.0970027059608173,0.1980402114013805
semisynthetic_true_phi5,2,100,5,mi_infonce_cond,econml_dml,True,none,0.0260103940963745,0.0148757617193041,0.0030302222211631,True,5,0.084778905,0.1312038,0.0148757617193041,0.1861734309244842,0.2205243760501417,1.6807773502816057,0.1664253790292781,0.2184217103034165,0.3045142443367913
semisynthetic_true_phi5,2,100,5,autoencoder,econml_dml,True,none,0.0260103940963745,0.0095496465538116,0.0152513625334897,True,5,0.084778905,0.1312038,0.0095496465538116,0.0855924999380112,0.1676391145678438,1.2777001428759462,0.0933691315619409,0.107992503794285,0.1088595529618494
semisynthetic_true_phi5,2,100,5,pls,econml_dml,True,none,0.0260103940963745,0.0547992788173356,0.0451764392568082,True,5,0.084778905,0.1312038,0.0547992788173356,0.2139471118387567,0.2328346262993826,1.774602759362541,0.1723260864390813,0.2486043577556551,0.2956423318636262
semisynthetic_true_phi5,2,100,5,pca,econml_dml,True,none,0.0260103940963745,0.0427032052979219,0.0491351535925638,True,5,0.084778905,0.1312038,0.0427032052979219,0.0775817505008789,0.163408985770763,1.2454592414470238,-0.0834445046624098,-0.145619951527282,-0.0232864276444652
semisynthetic_true_phi5,2,100,5,ica,econml_dml,True,none,0.0260103940963745,0.022090599084601,0.020499300300008,True,5,0.084778905,0.1312038,0.022090599084601,0.066280629195388,0.1554801904277802,1.1850281006080914,0.0783837957760145,0.0003092565880408,0.1302274015739569
semisynthetic_true_phi5,2,100,5,raw_x,econml_dml,True,none,0.0260103940963745,-0.0327773103305489,0.0318792790632773,True,201,0.084778905,0.1312038,-0.0327773103305489,0.8227366807051514,0.8354608701599058,6.36765754771729,0.0460168278749467,-0.0090899301946842,0.157788473680958
semisynthetic_true_phi5,2,250,5,encoder_pred,econml_dml,True,none,0.0579254627227783,0.0993848258917403,0.0978817470785962,True,5,0.084778905,0.1312038,0.0993848258917403,0.0620383990812892,0.1212970385804102,0.9244933315482178,0.4031833386799689,0.5343963169218768,0.4852542297740627
semisynthetic_true_phi5,2,250,5,mi_mine_cond,econml_dml,True,none,0.0579254627227783,0.0423500017410769,0.0405367444731759,True,5,0.084778905,0.1312038,0.0423500017410769,0.1229088972089305,0.1622030640932013,1.2362680314857333,0.2421975953216654,0.4182267914263432,0.3771207309307518
semisynthetic_true_phi5,2,250,5,mi_infonce_cond,econml_dml,True,none,0.0579254627227783,0.0937651556417048,0.1023389537133949,True,5,0.084778905,0.1312038,0.0937651556417048,0.1571877130992683,0.1621711552794087,1.2360248311082622,0.3807207341304975,0.4819018319387474,0.4900191572425393
semisynthetic_true_phi5,2,250,5,autoencoder,econml_dml,True,none,0.0579254627227783,0.0544353676045379,0.0565149456647557,True,5,0.084778905,0.1312038,0.0544353676045379,0.1109619280885139,0.1795667923492069,1.3686096877319482,-0.0616993539404739,-0.0450992850605824,0.0615169486516041
semisynthetic_true_phi5,2,250,5,pls,econml_dml,True,none,0.0579254627227783,0.0507604890871332,0.0588157473202988,True,5,0.084778905,0.1312038,0.0507604890871332,0.1050270052556622,0.1614687392202655,1.2306712052469042,0.1208353447135935,0.0950431150210515,0.215890502790294
semisynthetic_true_phi5,2,250,5,pca,econml_dml,True,none,0.0579254627227783,0.0566847965028901,0.0603219693770967,True,5,0.084778905,0.1312038,0.0566847965028901,0.0871813769511164,0.1545546840797468,1.177974140700445,0.0750602910134564,0.0553231460279795,0.1071882649126908
semisynthetic_true_phi5,2,250,5,ica,econml_dml,True,none,0.0579254627227783,0.0216249908488327,0.0227182934387653,True,5,0.084778905,0.1312038,0.0216249908488327,0.0590489016007699,0.157528415248856,1.2006391180802187,-0.0081042552375432,-0.0487515953998992,0.0429080586700628
semisynthetic_true_phi5,2,250,5,raw_x,econml_dml,True,none,0.0579254627227783,0.1286740768577939,0.0749635743027133,True,257,0.084778905,0.1312038,0.1286740768577939,0.855083380998786,0.8453104751492239,6.442728581912178,0.1593678225491486,0.1874694089422102,0.2467033690415736
semisynthetic_true_phi5,2,500,5,encoder_pred,econml_dml,True,none,0.034928560256958,0.044437874583686,0.0442419661480589,True,5,0.084778905,0.1312038,0.044437874583686,0.0451168536788835,0.1307710704837931,0.996701848920604,0.3189705282702544,0.430782982793464,0.3537648146207645
semisynthetic_true_phi5,2,500,5,mi_mine_cond,econml_dml,True,none,0.034928560256958,0.0529182009830398,0.0486643448644788,True,5,0.084778905,0.1312038,0.0529182009830398,0.0697723978499095,0.1381840072850749,1.0532012550081675,0.2186330001524908,0.0421678232376685,0.3055409570023348
semisynthetic_true_phi5,2,500,5,mi_infonce_cond,econml_dml,True,none,0.034928560256958,0.0328035982476686,0.0348242080605783,True,5,0.084778905,0.1312038,0.0328035982476686,0.0858606146768725,0.1433466392412027,1.0925494441522403,0.2991350718576057,0.425470663357353,0.3427713651617618
semisynthetic_true_phi5,2,500,5,autoencoder,econml_dml,True,none,0.034928560256958,0.0396177213897696,0.0322849355640304,True,5,0.084778905,0.1312038,0.0396177213897696,0.1278097039472942,0.1876802207210345,1.4304480517475406,0.0108957764010969,-0.0639990844639813,0.0654650400475035
semisynthetic_true_phi5,2,500,5,pls,econml_dml,True,none,0.034928560256958,0.0534815960066948,0.0524899061203366,True,5,0.084778905,0.1312038,0.0534815960066948,0.1166466211964024,0.1701739808431974,1.297020210334785,0.0928228028377437,-0.0133007084057003,0.2504863199017687
semisynthetic_true_phi5,2,500,5,pca,econml_dml,True,none,0.034928560256958,0.0423537539954425,0.0416425135185715,True,5,0.084778905,0.1312038,0.0423537539954425,0.0452248601733115,0.1396216796328316,1.0641588061075808,0.1319086259623416,0.0557172130881239,0.2695300430164731
semisynthetic_true_phi5,2,500,5,ica,econml_dml,True,none,0.034928560256958,0.0336927417828714,0.0339240141670205,True,5,0.084778905,0.1312038,0.0336927417828714,0.0228229151187328,0.1427814139365216,1.0882414492406118,-0.0069149798057802,-0.075447710593091,0.0335792473057608
semisynthetic_true_phi5,2,500,5,raw_x,econml_dml,True,none,0.034928560256958,0.0253110481152318,0.040494925115666,True,254,0.084778905,0.1312038,0.0253110481152318,0.5290249711237097,0.549659200228299,4.189354259447334,-0.0108554311093275,0.0124134715577247,0.1293326468430852
semisynthetic_true_phi5,2,750,5,encoder_pred,econml_dml,True,none,0.0816521048545837,0.1035253549400569,0.0972553492432759,True,5,0.084778905,0.1312038,0.1035253549400569,0.0977842743354413,0.1228006870354501,0.9359537347529971,0.4695219658664668,0.5977796941571033,0.5434708194624688
semisynthetic_true_phi5,2,750,5,mi_mine_cond,econml_dml,True,none,0.0816521048545837,0.1103020495251,0.1027759543261747,True,5,0.084778905,0.1312038,0.1103020495251,0.1207812075840492,0.1394963356187156,1.0632034678193922,0.4100075354577212,0.4591385166558646,0.5622874365567476
semisynthetic_true_phi5,2,750,5,mi_infonce_cond,econml_dml,True,none,0.0816521048545837,0.112464630336909,0.1104348785503039,True,5,0.084778905,0.1312038,0.112464630336909,0.0911182868275516,0.1266390048645734,0.9652083585996856,0.428523010623778,0.5739157064044182,0.5696056106807672
semisynthetic_true_phi5,2,750,5,autoencoder,econml_dml,True,none,0.0816521048545837,0.1074672202343848,0.1085848934731109,True,5,0.084778905,0.1312038,0.1074672202343848,0.0641626004093783,0.1397411551337766,1.0650694161702805,0.1377014742228262,0.3266993205223189,0.1849978370855197
semisynthetic_true_phi5,2,750,5,pls,econml_dml,True,none,0.0816521048545837,0.1020920865460388,0.100378370598844,True,5,0.084778905,0.1312038,0.1020920865460388,0.0902348993907121,0.1304807058289582,0.994488767791388,0.3645235303526867,0.5547832086013041,0.4451067754303662
semisynthetic_true_phi5,2,750,5,pca,econml_dml,True,none,0.0816521048545837,0.0992972552426114,0.0969486201005504,True,5,0.084778905,0.1312038,0.0992972552426114,0.0883293408328513,0.135215765830692,1.0305781187542444,0.2995902129104351,0.5183722074114906,0.3222368431658619
semisynthetic_true_phi5,2,750,5,ica,econml_dml,True,none,0.0816521048545837,0.1215349384789371,0.1197604241590503,True,5,0.084778905,0.1312038,0.1215349384789371,0.1036953249357253,0.1509423965690061,1.1504422590123295,0.2401488654786888,0.4486554121769134,0.2829391052251177
semisynthetic_true_phi5,2,750,5,raw_x,econml_dml,True,none,0.0816521048545837,0.1189005591853169,0.1156267859315098,True,276,0.084778905,0.1312038,0.1189005591853169,0.5577880222649212,0.5545855684447135,4.226901710053946,0.1499035107709752,0.1401277550482089,0.2641268542625536
semisynthetic_true_phi5,2,1000,5,encoder_pred,econml_dml,True,none,0.0646856427192688,0.0572470370467181,0.0567085714914037,True,5,0.084778905,0.1312038,0.0572470370467181,0.0563426970341438,0.1293996801741632,0.9862494816489812,0.29778405914182,0.4666232134271245,0.4333839132899675
semisynthetic_true_phi5,2,1000,5,mi_mine_cond,econml_dml,True,none,0.0646856427192688,0.0507020831707224,0.0524831421487012,True,5,0.084778905,0.1312038,0.0507020831707224,0.0458122964797047,0.144047850714575,1.0978938889855576,-0.0229047683025152,-0.1978614854076333,0.0021125360373794
semisynthetic_true_phi5,2,1000,5,mi_infonce_cond,econml_dml,True,none,0.0646856427192688,0.0671344768745761,0.0639872414576405,True,5,0.084778905,0.1312038,0.0671344768745761,0.0392808508448917,0.1383410359720417,1.0543980853319872,-0.0067419929542761,0.1056357435063774,0.1710580883597585
semisynthetic_true_phi5,2,1000,5,autoencoder,econml_dml,True,none,0.0646856427192688,0.0594608818823817,0.0581166363574795,True,5,0.084778905,0.1312038,0.0594608818823817,0.0373384515407939,0.1304533616104917,0.994280357529072,0.2277550913074231,0.418239036869498,0.2539730455179307
semisynthetic_true_phi5,2,1000,5,pls,econml_dml,True,none,0.0646856427192688,0.0746841274917091,0.0749749255671388,True,5,0.084778905,0.1312038,0.0746841274917091,0.0358865719811087,0.1252019244615533,0.9542553191434912,0.311000776415458,0.5193460829062339,0.375360911164669
semisynthetic_true_phi5,2,1000,5,pca,econml_dml,True,none,0.0646856427192688,0.0790005816431169,0.0771902820373059,True,5,0.084778905,0.1312038,0.0790005816431169,0.0573404994694864,0.1322377240950128,1.0078802873980193,0.2026336237071323,0.4119953986223957,0.2089698481660903
semisynthetic_true_phi5,2,1000,5,ica,econml_dml,True,none,0.0646856427192688,0.0873634432787436,0.0862492721214488,True,5,0.084778905,0.1312038,0.0873634432787436,0.047276617872525,0.1277665671327628,0.9738023342650964,0.2524556502603969,0.4629476551816723,0.2465326197058973
semisynthetic_true_phi5,2,1000,5,raw_x,econml_dml,True,none,0.0646856427192688,0.0983964784286222,0.0966004175486108,True,290,0.084778905,0.1312038,0.0983964784286222,0.4466729585338239,0.4543292048255604,3.462774731391258,0.0895960000777255,0.1711994786658518,0.2223910683722792
semisynthetic_true_phi5,3,100,5,encoder_pred,econml_dml,True,none,0.0942472219467163,0.0539291039980898,0.0775474821805543,True,5,0.08406847,0.1318516,0.0539291039980898,0.1984270869122604,0.2302824077196587,1.7465272331101178,0.0886091438169353,0.0226416517635013,0.2504784571625539
semisynthetic_true_phi5,3,100,5,mi_mine_cond,econml_dml,True,none,0.0942472219467163,0.0444147259033397,0.04437980711072,True,5,0.08406847,0.1318516,0.0444147259033397,0.1462651453792292,0.1604733949602836,1.2170758385893197,0.3785020848792929,0.5490129313206004,0.5528436526700814
semisynthetic_true_phi5,3,100,5,mi_infonce_cond,econml_dml,True,none,0.0942472219467163,0.075545926210868,0.0824080203399955,True,5,0.08406847,0.1318516,0.075545926210868,0.1651054496183682,0.1822305382939664,1.3820881976454964,0.2643460743602841,0.2175831527323476,0.4121358614675263
semisynthetic_true_phi5,3,100,5,autoencoder,econml_dml,True,none,0.0942472219467163,0.0684552214493835,0.0874275895992738,True,5,0.08406847,0.1318516,0.0684552214493835,0.1008108408928554,0.1687844826962468,1.2801094902319503,-0.0262094417577557,-0.0950765373016181,0.0638281435581173
semisynthetic_true_phi5,3,100,5,pls,econml_dml,True,none,0.0942472219467163,0.2204394036941469,0.2152228399325378,True,5,0.08406847,0.1318516,0.2204394036941469,0.3115250584018941,0.3341134025165811,2.534011009441413,0.2604739229688616,0.3741593254917784,0.3828284352124004
semisynthetic_true_phi5,3,100,5,pca,econml_dml,True,none,0.0942472219467163,0.1337781986321453,0.1419196726034162,True,5,0.08406847,0.1318516,0.1337781986321453,0.1242102783009023,0.1668179793985061,1.2651949702843988,0.227627493972596,0.4343632256952906,0.2914111876924233
semisynthetic_true_phi5,3,100,5,ica,econml_dml,True,none,0.0942472219467163,0.0786988564162181,0.0746224149092169,True,5,0.08406847,0.1318516,0.0786988564162181,0.128581402466294,0.162999627877249,1.2362355070605238,0.2175924220662137,0.4084502117440336,0.3457826894337375
semisynthetic_true_phi5,3,100,5,raw_x,econml_dml,True,none,0.0942472219467163,0.1759077168127506,0.1770271989031716,True,194,0.08406847,0.1318516,0.1759077168127506,0.8471002697541766,0.8437336466316905,6.399115789719779,0.1410657260530323,0.1838320756785628,0.1903893141562755
semisynthetic_true_phi5,3,250,5,encoder_pred,econml_dml,True,none,0.0564935207366943,0.0597557929231092,0.0501704901777732,True,5,0.08406847,0.1318516,0.0597557929231092,0.141357677008858,0.1787232899126823,1.3554882290597452,0.1613868193867015,0.2397923317015193,0.1726758228699029
semisynthetic_true_phi5,3,250,5,mi_mine_cond,econml_dml,True,none,0.0564935207366943,0.029805283558408,0.0258535387266618,True,5,0.08406847,0.1318516,0.029805283558408,0.190313861145454,0.2229628449497492,1.6910135886302986,0.1362177573550796,0.3003968317812756,0.1425543330258494
semisynthetic_true_phi5,3,250,5,mi_infonce_cond,econml_dml,True,none,0.0564935207366943,0.0758903470600687,0.0716954885727578,True,5,0.08406847,0.1318516,0.0758903470600687,0.1131294683243029,0.1721386607826187,1.3055485301940537,0.0207251975765101,0.2127951997434574,0.0735231653462407
semisynthetic_true_phi5,3,250,5,autoencoder,econml_dml,True,none,0.0564935207366943,0.049369414960016,0.0435689751798829,True,5,0.08406847,0.1318516,0.049369414960016,0.0821415417151116,0.1512815471931387,1.1473622525325655,0.1131064547333975,0.1997504142243132,0.1577126973553233
semisynthetic_true_phi5,3,250,5,pls,econml_dml,True,none,0.0564935207366943,0.0391740426570664,0.0240945942124878,True,5,0.08406847,0.1318516,0.0391740426570664,0.1758335153407159,0.2153544737554609,1.633309538972229,0.0849776530553601,0.1494359574312658,0.1849922551591388
semisynthetic_true_phi5,3,250,5,pca,econml_dml,True,none,0.0564935207366943,0.0685463973507033,0.062898618727952,True,5,0.08406847,0.1318516,0.0685463973507033,0.0933357913005279,0.1441988745154772,1.093645249843416,0.225248759789107,0.3734242083866821,0.2293004969158922
semisynthetic_true_phi5,3,250,5,ica,econml_dml,True,none,0.0564935207366943,0.0588325845620694,0.0541127718284714,True,5,0.08406847,0.1318516,0.0588325845620694,0.1372537557861429,0.1845732829261457,1.3998562388121705,0.0771667585445716,0.0953073387947061,0.1368457213052534
semisynthetic_true_phi5,3,250,5,raw_x,econml_dml,True,none,0.0564935207366943,0.0247133208489403,0.0354140022694935,True,236,0.08406847,0.1318516,0.0247133208489403,0.8375661896206003,0.8499190384099968,6.4460275590348655,0.0002835654137895,0.0226067686020444,0.1005786566786974
semisynthetic_true_phi5,3,500,5,encoder_pred,econml_dml,True,none,0.1505624055862426,0.1214871746505508,0.1234784097525053,True,5,0.08406847,0.1318516,0.1214871746505508,0.0581994521864351,0.1618826644589351,1.227764139022511,-0.2628340325022235,-0.4330761730193068,-0.1570248300096305
semisynthetic_true_phi5,3,500,5,mi_mine_cond,econml_dml,True,none,0.1505624055862426,0.1374602637166559,0.1408055983193009,True,5,0.08406847,0.1318516,0.1374602637166559,0.1153188744015609,0.1783205368179855,1.3524336351154105,0.057078651104512,0.2227707282356371,0.1223673151094609
semisynthetic_true_phi5,3,500,5,mi_infonce_cond,econml_dml,True,none,0.1505624055862426,0.1353289703605548,0.1330859069992491,True,5,0.08406847,0.1318516,0.1353289703605548,0.0844135134928444,0.1621366192038024,1.2296902039889162,0.0381778660244352,0.2034438018449023,0.1208309214138353
semisynthetic_true_phi5,3,500,5,autoencoder,econml_dml,True,none,0.1505624055862426,0.0921869954685402,0.0939426422095685,True,5,0.08406847,0.1318516,0.0921869954685402,0.0949937741791256,0.1702740928802205,1.2914071172577868,-0.1005459390184596,-0.1336823585733465,0.0185076898776901
semisynthetic_true_phi5,3,500,5,pls,econml_dml,True,none,0.1505624055862426,0.1212086772199586,0.1221009333478605,True,5,0.08406847,0.1318516,0.1212086772199586,0.091493954914549,0.1754327586761287,1.3305319048969522,-0.1509192777881498,-0.23898073425968,-0.0174418023291609
semisynthetic_true_phi5,3,500,5,pca,econml_dml,True,none,0.1505624055862426,0.1350140780812545,0.1320237789092642,True,5,0.08406847,0.1318516,0.1350140780812545,0.1053850593719883,0.1833933765621932,1.3909074935842167,-0.0916438739110858,0.0346535926000508,0.0115689197865776
semisynthetic_true_phi5,3,500,5,ica,econml_dml,True,none,0.1505624055862426,0.1235984744855451,0.1191069988722781,True,5,0.08406847,0.1318516,0.1235984744855451,0.1056542542093624,0.1850090636617447,1.4031613237725244,-0.1478055306251181,-0.2284602600260414,-0.0891408993847569
semisynthetic_true_phi5,3,500,5,raw_x,econml_dml,True,none,0.1505624055862426,0.10868118439904,0.1422542983881894,True,265,0.08406847,0.1318516,0.10868118439904,0.5835834848474108,0.5894377765940592,4.470463633065089,0.0722803194243222,0.1492970560715305,0.2196978774651366
semisynthetic_true_phi5,3,750,5,encoder_pred,econml_dml,True,none,0.074842095375061,0.0634284717616247,0.0606633120505101,True,5,0.08406847,0.1318516,0.0634284717616247,0.1112613203134601,0.1555247449339048,1.179543870238861,0.20456707596811,0.277565985313736,0.2759257197575226
semisynthetic_true_phi5,3,750,5,mi_mine_cond,econml_dml,True,none,0.074842095375061,0.0584457841249547,0.057306360877127,True,5,0.08406847,0.1318516,0.0584457841249547,0.0819580107355852,0.1314922676560405,0.9972747318338656,0.3455517161140927,0.5231500615456458,0.3856389645038912
semisynthetic_true_phi5,3,750,5,mi_infonce_cond,econml_dml,True,none,0.074842095375061,0.0556686886993903,0.054945227877108,True,5,0.08406847,0.1318516,0.0556686886993903,0.0943013668264546,0.1412228197718841,1.071074004786609,0.2871312432534521,0.3810728404639233,0.3834962201825633
semisynthetic_true_phi5,3,750,5,autoencoder,econml_dml,True,none,0.074842095375061,0.0644449425926972,0.0687085137876185,True,5,0.08406847,0.1318516,0.0644449425926972,0.0944115808346434,0.1724842770595418,1.3081697822724458,-0.123203364453415,-0.1300758796538405,-0.0142403272092845
semisynthetic_true_phi5,3,750,5,pls,econml_dml,True,none,0.074842095375061,0.0597382343718784,0.0570621578889546,True,5,0.08406847,0.1318516,0.0597382343718784,0.0933907099599953,0.1460277178785039,1.1075157177191348,0.2182337901633818,0.3065915979945002,0.2402687847882008
semisynthetic_true_phi5,3,750,5,pca,econml_dml,True,none,0.074842095375061,0.092045318351302,0.0947518203686467,True,5,0.08406847,0.1318516,0.092045318351302,0.0924700066664491,0.142373477322937,1.0798009187041682,0.2349418501368077,0.3725373460503839,0.2369521996990085
semisynthetic_true_phi5,3,750,5,ica,econml_dml,True,none,0.074842095375061,0.0710859233908948,0.0715284868501854,True,5,0.08406847,0.1318516,0.0710859233908948,0.0910138930415618,0.1448860664183329,1.0988571085546175,0.2018673892661243,0.3078942790428299,0.2230644929186801
semisynthetic_true_phi5,3,750,5,raw_x,econml_dml,True,none,0.074842095375061,0.0719757056094202,0.0876270256008736,True,276,0.08406847,0.1318516,0.0719757056094202,0.5603940216629071,0.5614402152176635,4.2581221698645,0.1106894022798288,0.1524623590261814,0.254765484172028
semisynthetic_true_phi5,3,1000,5,encoder_pred,econml_dml,True,none,0.0762860774993896,0.0539354470714442,0.0578988155046882,True,5,0.08406847,0.1318516,0.0539354470714442,0.0754475490044099,0.1441787443406584,1.093492576876008,0.1607210805535706,0.1888140287389695,0.4119216271667019
semisynthetic_true_phi5,3,1000,5,mi_mine_cond,econml_dml,True,none,0.0762860774993896,0.0724412547676909,0.0745479822435734,True,5,0.08406847,0.1318516,0.0724412547676909,0.1002105049667007,0.1329204378547039,1.0081063805480757,0.3744192899574878,0.4440899885330623,0.4787157753932274
semisynthetic_true_phi5,3,1000,5,mi_infonce_cond,econml_dml,True,none,0.0762860774993896,0.0617108902013665,0.0629677434722746,True,5,0.08406847,0.1318516,0.0617108902013665,0.0465237789837662,0.1287430105548223,0.976423584559322,0.2831981025842857,0.3438431500896317,0.3931298745117399
semisynthetic_true_phi5,3,1000,5,autoencoder,econml_dml,True,none,0.0762860774993896,0.04681239971959,0.0488662795459235,True,5,0.08406847,0.1318516,0.04681239971959,0.0367195613127187,0.1423221828729428,1.079411887016036,-0.0138815417411805,0.0848405136333723,0.0969933255949023
semisynthetic_true_phi5,3,1000,5,pls,econml_dml,True,none,0.0762860774993896,0.0505233611728319,0.0514715756787486,True,5,0.08406847,0.1318516,0.0505233611728319,0.0553229332442525,0.1351309314899342,1.0248713925643052,0.226911839459784,0.3243259290667666,0.2753349868993016
semisynthetic_true_phi5,3,1000,5,pca,econml_dml,True,none,0.0762860774993896,0.0705792031040927,0.070533083950575,True,5,0.08406847,0.1318516,0.0705792031040927,0.0699668637196293,0.1321821429207259,1.0025069419238728,0.2704562901061863,0.4577352803450145,0.2795370024206871
semisynthetic_true_phi5,3,1000,5,ica,econml_dml,True,none,0.0762860774993896,0.050007620292406,0.0513487413781581,True,5,0.08406847,0.1318516,0.050007620292406,0.0692508604329206,0.1469848723293715,1.1147750491256745,0.0950689007720793,0.1116419857424453,0.1782558471901446
semisynthetic_true_phi5,3,1000,5,raw_x,econml_dml,True,none,0.0762860774993896,0.0604403566587127,0.0754362362160015,True,282,0.08406847,0.1318516,0.0604403566587127,0.421854692610246,0.4273281830569448,3.2409783994138177,0.1195128515258834,0.1624302943819833,0.250781047227159
semisynthetic_true_phi5,4,100,5,encoder_pred,econml_dml,True,none,-0.0116419196128845,-0.0279016452369542,-0.0146662812246727,True,5,0.08253687,0.12999763,-0.0279016452369542,0.2111991550640101,0.3066258616067091,2.358703548414982,-0.3700236794162683,-0.4805019197608642,-0.2350093297484843
semisynthetic_true_phi5,4,100,5,mi_mine_cond,econml_dml,True,none,-0.0116419196128845,0.0060480607565983,0.0121982478041259,True,5,0.08253687,0.12999763,0.0060480607565983,0.1687713402692413,0.2568866433480096,1.9760871898748755,-0.3363069021034294,-0.3502701052730765,-0.1678508194082614
semisynthetic_true_phi5,4,100,5,mi_infonce_cond,econml_dml,True,none,-0.0116419196128845,0.0052439297366884,0.0066894799819009,True,5,0.08253687,0.12999763,0.0052439297366884,0.1183361574470719,0.2196768787395085,1.6898530041546531,-0.3699081271095342,-0.5788684918381702,-0.2835065717028004
semisynthetic_true_phi5,4,100,5,autoencoder,econml_dml,True,none,-0.0116419196128845,-0.0506559696236396,-0.0297083536102924,True,5,0.08253687,0.12999763,-0.0506559696236396,0.1797551870332985,0.2713857644106473,2.08762092717981,-0.1433298422887882,-0.3181654385349596,-0.1597896612249521
semisynthetic_true_phi5,4,100,5,pls,econml_dml,True,none,-0.0116419196128845,-0.033697786015092,-0.0180520191388204,True,5,0.08253687,0.12999763,-0.033697786015092,0.1494683085242041,0.2365798593289559,1.8198783062808548,-0.0828432845634718,-0.0614050772938053,0.157133540169017
semisynthetic_true_phi5,4,100,5,pca,econml_dml,True,none,-0.0116419196128845,-0.0358855458553086,-0.0316206396060878,True,5,0.08253687,0.12999763,-0.0358855458553086,0.1492772075944243,0.233176441142797,1.7936976882782882,-0.0299993872275981,-0.0046780148864932,0.0775584418681299
semisynthetic_true_phi5,4,100,5,ica,econml_dml,True,none,-0.0116419196128845,-0.0369760468302751,-0.0277076887255758,True,5,0.08253687,0.12999763,-0.0369760468302751,0.1501949086342316,0.2387310058398198,1.8364258893247247,-0.0832590552382801,-0.1475346094152024,0.0090318778471488
semisynthetic_true_phi5,4,100,5,raw_x,econml_dml,True,none,-0.0116419196128845,-0.1388055971696512,-0.0752179559453831,True,204,0.08253687,0.12999763,-0.1388055971696512,0.6632298248741478,0.7204745502507818,5.542213136603947,-0.0772336441014248,-0.0855964074631199,0.0546558212776177
semisynthetic_true_phi5,4,250,5,encoder_pred,econml_dml,True,none,0.1163431406021118,0.1491108023276049,0.1612712191104298,True,5,0.08253687,0.12999763,0.1491108023276049,0.1338068229907674,0.1563307994048799,1.2025665720127665,0.425317187619361,0.5349197704214229,0.5808071701522993
semisynthetic_true_phi5,4,250,5,mi_mine_cond,econml_dml,True,none,0.1163431406021118,0.1228753277543737,0.1445760950506995,True,5,0.08253687,0.12999763,0.1228753277543737,0.1555818451465894,0.167484796264031,1.2883681147555444,0.3629402066200783,0.5198447461381728,0.3961367772638586
semisynthetic_true_phi5,4,250,5,mi_infonce_cond,econml_dml,True,none,0.1163431406021118,0.1360635252663294,0.1571053753418249,True,5,0.08253687,0.12999763,0.1360635252663294,0.1515158293648921,0.170577984442813,1.3121623045051565,0.3458621228314793,0.5305372695311444,0.5139007376079564
semisynthetic_true_phi5,4,250,5,autoencoder,econml_dml,True,none,0.1163431406021118,0.0918428131872531,0.106710195800392,True,5,0.08253687,0.12999763,0.0918428131872531,0.1087804897919646,0.1534797337377233,1.1806348971349572,0.1860926831346004,0.4181160699762525,0.3008275755173092
semisynthetic_true_phi5,4,250,5,pls,econml_dml,True,none,0.1163431406021118,0.1310314341233469,0.1352179410519734,True,5,0.08253687,0.12999763,0.1310314341233469,0.1111320301384366,0.1606876702754156,1.2360815753737664,0.2000742892024697,0.2954762349307228,0.2388245624045627
semisynthetic_true_phi5,4,250,5,pca,econml_dml,True,none,0.1163431406021118,0.0797340499255977,0.0908241250170762,True,5,0.08253687,0.12999763,0.0797340499255977,0.1090977218971502,0.1552736416130971,1.194434440490504,0.1656853874046283,0.3068453210779049,0.2412485426260069
semisynthetic_true_phi5,4,250,5,ica,econml_dml,True,none,0.1163431406021118,0.0733231958903752,0.0814700331724638,True,5,0.08253687,0.12999763,0.0733231958903752,0.0920822813147041,0.1466017894213768,1.12772666695581,0.1658804450652929,0.3057185940254545,0.2296792797825926
semisynthetic_true_phi5,4,250,5,raw_x,econml_dml,True,none,0.1163431406021118,0.048096915962789,0.1028478539366014,True,259,0.08253687,0.12999763,0.048096915962789,0.8776262527983945,0.8786452123356447,6.758932756924943,0.0714173866592371,0.0917237042900263,0.1559475081353192
semisynthetic_true_phi5,4,500,5,encoder_pred,econml_dml,True,none,0.137603223323822,0.1151928148626069,0.1190245667846496,True,5,0.08253687,0.12999763,0.1151928148626069,0.1393557977278297,0.1583434833138309,1.2180490386677467,0.339843943559957,0.5750843331791127,0.6021312875734223
semisynthetic_true_phi5,4,500,5,mi_mine_cond,econml_dml,True,none,0.137603223323822,0.1335737733379507,0.1322939039438438,True,5,0.08253687,0.12999763,0.1335737733379507,0.0974996256598749,0.1458969757240865,1.1223049241189245,0.3047167159615494,0.519705333764963,0.3034584027777186
semisynthetic_true_phi5,4,500,5,mi_infonce_cond,econml_dml,True,none,0.137603223323822,0.0949504008235195,0.0994177575859729,True,5,0.08253687,0.12999763,0.0949504008235195,0.0659191906311067,0.1415327667364031,1.08873347267209,0.0797782866796695,0.1303188530624209,0.1417278983751504
semisynthetic_true_phi5,4,500,5,autoencoder,econml_dml,True,none,0.137603223323822,0.1304639092585523,0.1258891107659041,True,5,0.08253687,0.12999763,0.1304639092585523,0.1312548598062017,0.1829843151779376,1.4075973606821268,0.0861804415896847,0.3144964875077538,0.1398568388206107
semisynthetic_true_phi5,4,500,5,pls,econml_dml,True,none,0.137603223323822,0.1192492845539689,0.1172730970132877,True,5,0.08253687,0.12999763,0.1192492845539689,0.1381387936664563,0.159441033848846,1.2264918892738226,0.3315585318501877,0.5134708898263234,0.3971697179614052
semisynthetic_true_phi5,4,500,5,pca,econml_dml,True,none,0.137603223323822,0.1124494857840413,0.1115589710084594,True,5,0.08253687,0.12999763,0.1124494857840413,0.1164251839799862,0.1482688754250229,1.140550639636094,0.3093925703782585,0.5504197917052189,0.3120130539830915
semisynthetic_true_phi5,4,500,5,ica,econml_dml,True,none,0.137603223323822,0.1197796847644109,0.1179844695412014,True,5,0.08253687,0.12999763,0.1197796847644109,0.134891454599088,0.1711518362865211,1.3165766300709332,0.2049880374567599,0.4602359129565005,0.2171208847548247
semisynthetic_true_phi5,4,500,5,raw_x,econml_dml,True,none,0.137603223323822,0.0605719291192836,0.0948269887508192,True,263,0.08253687,0.12999763,0.0605719291192836,0.6392116984741204,0.6334068531520284,4.872449389270193,0.149039629822965,0.1767521306649067,0.279988962707407
semisynthetic_true_phi5,4,750,5,encoder_pred,econml_dml,True,none,0.043715476989746,0.0531196361201765,0.0582521530297826,True,5,0.08253687,0.12999763,0.0531196361201765,0.0005683207117715,0.1334773110026821,1.0267672969435784,-0.34591908641404,-0.398339080498545,-0.0767338471011351
semisynthetic_true_phi5,4,750,5,mi_mine_cond,econml_dml,True,none,0.043715476989746,0.0510083979592169,0.0522898309287366,True,5,0.08253687,0.12999763,0.0510083979592169,7.27636452472549e-05,0.1337402100587042,1.0287896343063336,0.3694177736660544,0.5473090300376926,0.4797713168358739
semisynthetic_true_phi5,4,750,5,mi_infonce_cond,econml_dml,True,none,0.043715476989746,0.0574119275947581,0.0597189449729443,True,5,0.08253687,0.12999763,0.0574119275947581,0.0002123680422327,0.1323228672367216,1.0178867981071518,0.3866603960527106,0.6420155838166272,0.501274279275865
semisynthetic_true_phi5,4,750,5,autoencoder,econml_dml,True,none,0.043715476989746,0.0299617418218383,0.0338721838261517,True,5,0.08253687,0.12999763,0.0299617418218383,0.0011645995110321,0.1403177271645892,1.079386843739733,-0.0798625206179265,-0.164970178586927,0.0271674440747367
semisynthetic_true_phi5,4,750,5,pls,econml_dml,True,none,0.043715476989746,0.0482867866104061,0.0484993911780686,True,5,0.08253687,0.12999763,0.0482867866104061,0.041818719620197,0.1410217795706992,1.0848027303836714,-0.0060597948150391,-0.0444764622763122,0.1508777798690343
semisynthetic_true_phi5,4,750,5,pca,econml_dml,True,none,0.043715476989746,0.0338629979677236,0.0330708776582227,True,5,0.08253687,0.12999763,0.0338629979677236,0.0436916328607212,0.1503029740398758,1.1561978378063302,-0.1244317312996777,-0.1861685269294201,-0.0250475344510863
semisynthetic_true_phi5,4,750,5,ica,econml_dml,True,none,0.043715476989746,0.0226611082270779,0.0237535332816386,True,5,0.08253687,0.12999763,0.0226611082270779,0.0552803702109907,0.1624484024607732,1.2496259164533143,-0.1982291343267642,-0.3053128388945332,-0.1025239631034209
semisynthetic_true_phi5,4,750,5,raw_x,econml_dml,True,none,0.043715476989746,0.0374097552114886,0.0742990118578791,True,271,0.08253687,0.12999763,0.0374097552114886,0.4981442525719675,0.5178451171755242,3.983496724675996,-0.008339024455987,0.0065779040127412,0.1249841892486891
semisynthetic_true_phi5,4,1000,5,encoder_pred,econml_dml,True,none,0.0762907266616821,0.0690187362369767,0.0735166589304903,True,5,0.08253687,0.12999763,0.0690187362369767,0.0753571949619791,0.1229167604372438,0.9455308090576848,0.3905726415231114,0.5467307283002178,0.4724794817922996
semisynthetic_true_phi5,4,1000,5,mi_mine_cond,econml_dml,True,none,0.0762907266616821,0.0938107450059064,0.0973009750471411,True,5,0.08253687,0.12999763,0.0938107450059064,0.0781990944193903,0.1218877231664955,0.9376149931860328,0.4074961473688524,0.6082644728180399,0.3944360122329993
semisynthetic_true_phi5,4,1000,5,mi_infonce_cond,econml_dml,True,none,0.0762907266616821,0.0726957884858277,0.0741584624275828,True,5,0.08253687,0.12999763,0.0726957884858277,0.0806162179754191,0.1347755960315128,1.03675428723954,0.2543313550799619,0.4644249628608713,0.2088921062066886
semisynthetic_true_phi5,4,1000,5,autoencoder,econml_dml,True,none,0.0762907266616821,0.0870729036440534,0.0888843408180972,True,5,0.08253687,0.12999763,0.0870729036440534,0.0486923829255236,0.1294094438442168,0.9954754396590166,0.2009593177119577,0.4321170307254394,0.2305672367848434
semisynthetic_true_phi5,4,1000,5,pls,econml_dml,True,none,0.0762907266616821,0.0675456043243113,0.0694847255130163,True,5,0.08253687,0.12999763,0.0675456043243113,0.0720185228999872,0.1272253600127629,0.978674487983604,0.3270850859296303,0.5921859280408456,0.3187806857599338
semisynthetic_true_phi5,4,1000,5,pca,econml_dml,True,none,0.0762907266616821,0.0646356630579667,0.0666810231773731,True,5,0.08253687,0.12999763,0.0646356630579667,0.0639730781544967,0.1242299863038027,0.9556327309735072,0.3534785315577908,0.6058392912194335,0.3501907084051197
semisynthetic_true_phi5,4,1000,5,ica,econml_dml,True,none,0.0762907266616821,0.0744024736194262,0.0769948756573124,True,5,0.08253687,0.12999763,0.0744024736194262,0.0879062460888077,0.1309215227154478,1.0071070280070036,0.3304548627008969,0.5721859280237446,0.3186089264103846
semisynthetic_true_phi5,4,1000,5,raw_x,econml_dml,True,none,0.0762907266616821,0.0702179018284585,0.074441565702412,True,279,0.08253687,0.12999763,0.0702179018284585,0.4092140205838038,0.4152878170086034,3.194580008545084,0.1131954535773396,0.1760499392723311,0.2234852465634078
semisynthetic_true_phi5,5,100,5,encoder_pred,econml_dml,True,none,0.146058440208435,0.1758343112580069,0.1751177153774427,True,5,0.08298485,0.12931249,0.1758343112580069,0.2360368229794302,0.2514451164292925,1.9444767111366212,0.29210372743181,0.316116596495781,0.4846509992301139
semisynthetic_true_phi5,5,100,5,mi_mine_cond,econml_dml,True,none,0.146058440208435,0.1867052422458459,0.1675517104467841,True,5,0.08298485,0.12931249,0.1867052422458459,0.1636689068475141,0.1863130760868036,1.4407972704965626,0.4619681413064044,0.670768439402517,0.5626004052570753
semisynthetic_true_phi5,5,100,5,mi_infonce_cond,econml_dml,True,none,0.146058440208435,0.1666067361014696,0.1714925126158051,True,5,0.08298485,0.12931249,0.1666067361014696,0.1877223776016128,0.2041354455942367,1.5786213131210705,0.3559806113592921,0.5111183879906698,0.5508226172369115
semisynthetic_true_phi5,5,100,5,autoencoder,econml_dml,True,none,0.146058440208435,0.1170074625599736,0.1481571526769617,True,5,0.08298485,0.12931249,0.1170074625599736,0.2428662300547744,0.2687345405639227,2.078179377770856,0.0739518518707384,0.1754865165973626,0.1616967536757363
semisynthetic_true_phi5,5,100,5,pls,econml_dml,True,none,0.146058440208435,0.087866581555812,0.1271997417363818,True,5,0.08298485,0.12931249,0.087866581555812,0.1355129001032806,0.1982615167604684,1.5331970154360202,-0.1197914196189904,-0.2904209124217203,0.0194094581607064
semisynthetic_true_phi5,5,100,5,pca,econml_dml,True,none,0.146058440208435,0.1448707842645429,0.1426811044446977,True,5,0.08298485,0.12931249,0.1448707842645429,0.1745731877698844,0.2100940450925352,1.6247003864392031,0.1525588704441044,0.4493576944737612,0.2889288341945473
semisynthetic_true_phi5,5,100,5,ica,econml_dml,True,none,0.146058440208435,0.1405847093011461,0.1448320926786181,True,5,0.08298485,0.12931249,0.1405847093011461,0.193122803477119,0.2218887419505712,1.7159111988862867,0.1621992737971052,0.4866710231686991,0.3042360118879961
semisynthetic_true_phi5,5,100,5,raw_x,econml_dml,True,none,0.146058440208435,0.1254194609009386,0.1563790607990696,True,213,0.08298485,0.12931249,0.1254194609009386,0.7120285751658559,0.7288939979537099,5.636686940017819,-0.0313842190919304,-0.0042048012339378,0.0591955288570692
semisynthetic_true_phi5,5,250,5,encoder_pred,econml_dml,True,none,0.1473509073257446,0.1656863232394949,0.1749511216387128,True,5,0.08298485,0.12931249,0.1656863232394949,0.1487651531322801,0.1897806196648996,1.467612496929306,0.251482656037355,0.2480414381395178,0.3732237398024243
semisynthetic_true_phi5,5,250,5,mi_mine_cond,econml_dml,True,none,0.1473509073257446,0.1156580448455442,0.1233648665127007,True,5,0.08298485,0.12931249,0.1156580448455442,0.1237471598077928,0.1574581600981714,1.2176562807709703,0.2596399468487189,0.4346631296304765,0.3905113852656448
semisynthetic_true_phi5,5,250,5,mi_infonce_cond,econml_dml,True,none,0.1473509073257446,0.1394464103777214,0.1500538912587045,True,5,0.08298485,0.12931249,0.1394464103777214,0.0986688166020628,0.1397958242133406,1.0810698110075627,0.3958853716637013,0.6231591591515582,0.4965792137603043
semisynthetic_true_phi5,5,250,5,autoencoder,econml_dml,True,none,0.1473509073257446,0.1812626386639891,0.1661453969903361,True,5,0.08298485,0.12931249,0.1812626386639891,0.1743457796835139,0.2246346485215495,1.7371458581791257,0.1400741743626976,0.2965057802468605,0.1249061712083113
semisynthetic_true_phi5,5,250,5,pls,econml_dml,True,none,0.1473509073257446,0.1698796235624673,0.1724694659601989,True,5,0.08298485,0.12931249,0.1698796235624673,0.1557524956889689,0.2105168102385051,1.627969716113577,0.1046121702023247,0.1189656710144027,0.1092450507936995
semisynthetic_true_phi5,5,250,5,pca,econml_dml,True,none,0.1473509073257446,0.1679652797524724,0.1628289820618767,True,5,0.08298485,0.12931249,0.1679652797524724,0.085849749673156,0.1670682835994311,1.2919733389215151,0.1532125354853492,0.4006961211726509,0.259393206908148
semisynthetic_true_phi5,5,250,5,ica,econml_dml,True,none,0.1473509073257446,0.1350899199537406,0.1309959279651806,True,5,0.08298485,0.12931249,0.1350899199537406,0.114715475278741,0.169113207497192,1.307787155279173,0.134723687133642,0.3538206545447864,0.1792249586463662
semisynthetic_true_phi5,5,250,5,raw_x,econml_dml,True,none,0.1473509073257446,0.092011755964693,0.1328712597641532,True,239,0.08298485,0.12931249,0.092011755964693,0.955156488479812,0.9487224295702044,7.336665336075331,0.1176099599682853,0.1109857679563948,0.1996142034581709
semisynthetic_true_phi5,5,500,5,encoder_pred,econml_dml,True,none,0.0972175598144531,0.0624860563443324,0.0545196972002306,True,5,0.08298485,0.12931249,0.0624860563443324,0.1016003520170054,0.1277509230571729,0.987924117351998,0.4241166194083587,0.5325743262013679,0.5225732970752867
semisynthetic_true_phi5,5,500,5,mi_mine_cond,econml_dml,True,none,0.0972175598144531,0.0889314727860229,0.0821739942032449,True,5,0.08298485,0.12931249,0.0889314727860229,0.1236351106927293,0.1377705260232563,1.0654077642768465,0.4085051568654595,0.5314582913840643,0.5748722859810755
semisynthetic_true_phi5,5,500,5,mi_infonce_cond,econml_dml,True,none,0.0972175598144531,0.1044735025384206,0.0944152978436738,True,5,0.08298485,0.12931249,0.1044735025384206,0.1340198426082752,0.1489490276644086,1.1518534125968267,0.373879356641601,0.580738629938712,0.4710477448826478
semisynthetic_true_phi5,5,500,5,autoencoder,econml_dml,True,none,0.0972175598144531,0.116281094376656,0.1159997319055747,True,5,0.08298485,0.12931249,0.116281094376656,0.0622227237249192,0.1396387139433332,1.0798548450322916,0.1369008320711199,0.3093716578797748,0.2471861946292341
semisynthetic_true_phi5,5,500,5,pls,econml_dml,True,none,0.0972175598144531,0.1276107821334093,0.128473128231638,True,5,0.08298485,0.12931249,0.1276107821334093,0.0457423091656639,0.135209912990883,1.0456060179618292,0.2133397601008227,0.3224114095162715,0.3655519877910758
semisynthetic_true_phi5,5,500,5,pca,econml_dml,True,none,0.0972175598144531,0.1534324445593279,0.1475532836789099,True,5,0.08298485,0.12931249,0.1534324445593279,0.1069357823124275,0.1651510674662336,1.2771471129277154,0.2113434201238772,0.5690968250920173,0.3812003052231048
semisynthetic_true_phi5,5,500,5,ica,econml_dml,True,none,0.0972175598144531,0.0978238574633023,0.0967316529662538,True,5,0.08298485,0.12931249,0.0978238574633023,0.0546608441596454,0.1340926514256689,1.0369660048859826,0.13786030563014,0.2162491811599227,0.2836324280771115
semisynthetic_true_phi5,5,500,5,raw_x,econml_dml,True,none,0.0972175598144531,0.0664243167029541,0.0986701418803718,True,268,0.08298485,0.12931249,0.0664243167029541,0.5874725962985233,0.598436759209169,4.627834327804595,0.0262840356435509,0.0626416391063162,0.1884969127741332
semisynthetic_true_phi5,5,750,5,encoder_pred,econml_dml,True,none,0.0533025860786438,0.0619340858285064,0.0643846259744031,True,5,0.08298485,0.12931249,0.0619340858285064,0.0950049757545063,0.1315463681661968,1.0172750736469462,0.3616651984373114,0.4455158886115686,0.5522266435188742
semisynthetic_true_phi5,5,750,5,mi_mine_cond,econml_dml,True,none,0.0533025860786438,0.064470165869676,0.0659894787090134,True,5,0.08298485,0.12931249,0.064470165869676,0.0786144123012161,0.1275208422663342,0.9861448553570988,0.3434631874149896,0.4552801002254448,0.4537879587095276
semisynthetic_true_phi5,5,750,5,mi_infonce_cond,econml_dml,True,none,0.0533025860786438,0.0483600830798191,0.0513248909707087,True,5,0.08298485,0.12931249,0.0483600830798191,0.111957599799553,0.1472244886178971,1.1385171980741224,0.3032304736101431,0.4077102061026506,0.4252047367621427
semisynthetic_true_phi5,5,750,5,autoencoder,econml_dml,True,none,0.0533025860786438,0.0747898237626979,0.075837977238026,True,5,0.08298485,0.12931249,0.0747898237626979,0.0694385170192176,0.1534683146257799,1.1868019865525312,-0.1081345568139698,-0.1869700418701412,-0.023323244583058
semisynthetic_true_phi5,5,750,5,pls,econml_dml,True,none,0.0533025860786438,0.0669561490304243,0.0699834776036186,True,5,0.08298485,0.12931249,0.0669561490304243,0.089845164746429,0.1322250832445689,1.0225237166992878,0.3256693621360194,0.4947785925978576,0.3950607800259815
semisynthetic_true_phi5,5,750,5,pca,econml_dml,True,none,0.0533025860786438,0.0604368729085689,0.0607468822733446,True,5,0.08298485,0.12931249,0.0604368729085689,0.0519752659274682,0.1339139070143126,1.0355837376538173,0.1486839163345074,0.2680013225446164,0.2680219391909539
semisynthetic_true_phi5,5,750,5,ica,econml_dml,True,none,0.0533025860786438,0.0690064011518022,0.0695350277519157,True,5,0.08298485,0.12931249,0.0690064011518022,0.0526725137236556,0.1341497915331432,1.0374078810688778,0.1244523757932844,0.1764907240633322,0.2526069433135143
semisynthetic_true_phi5,5,750,5,raw_x,econml_dml,True,none,0.0533025860786438,0.0886017230200678,0.059401367712315,True,279,0.08298485,0.12931249,0.0886017230200678,0.5434203036828941,0.5424932834645874,4.195211943762529,0.1263673819752036,0.1425017735127928,0.2497932232959657
semisynthetic_true_phi5,5,1000,5,encoder_pred,econml_dml,True,none,0.09968101978302,0.0904401451070168,0.0934295883927851,True,5,0.08298485,0.12931249,0.0904401451070168,0.10763269195011,0.1287644326390489,0.9957617950387146,0.4232506632891336,0.518011313306488,0.533755661052132
semisynthetic_true_phi5,5,1000,5,mi_mine_cond,econml_dml,True,none,0.09968101978302,0.0896013350978072,0.0938415910810586,True,5,0.08298485,0.12931249,0.0896013350978072,0.1054173162942726,0.1253904126070607,0.9696698053899342,0.4458535987509209,0.6081855519848703,0.5251823742192314
semisynthetic_true_phi5,5,1000,5,mi_infonce_cond,econml_dml,True,none,0.09968101978302,0.0829954813252241,0.0873384848739051,True,5,0.08298485,0.12931249,0.0829954813252241,0.0916903004366002,0.1348916271503848,1.0431446482079754,0.2923696763444897,0.4564172037900583,0.3223427068236483
semisynthetic_true_phi5,5,1000,5,autoencoder,econml_dml,True,none,0.09968101978302,0.0745648213280184,0.0713736804415935,True,5,0.08298485,0.12931249,0.0745648213280184,0.0662090062494707,0.1308189997584646,1.0116501844093402,0.2372578532762163,0.3489398220683307,0.2720559370844365
semisynthetic_true_phi5,5,1000,5,pls,econml_dml,True,none,0.09968101978302,0.0912086686932222,0.093231001373052,True,5,0.08298485,0.12931249,0.0912086686932222,0.0836828055803492,0.1273161666055076,0.9845620564486705,0.3503647451919708,0.5332266365447684,0.373171640198634
semisynthetic_true_phi5,5,1000,5,pca,econml_dml,True,none,0.09968101978302,0.0987018664679386,0.1000421462324739,True,5,0.08298485,0.12931249,0.0987018664679386,0.0984649854955446,0.136029151479458,1.0519413573970202,0.320440040961291,0.5975388295700171,0.3491955117864257
semisynthetic_true_phi5,5,1000,5,ica,econml_dml,True,none,0.09968101978302,0.0746281124589121,0.0757990226030635,True,5,0.08298485,0.12931249,0.0746281124589121,0.0939191702329568,0.1356116050012589,1.048712384751996,0.2973200568700201,0.5738659217362004,0.3347748467482985
semisynthetic_true_phi5,5,1000,5,raw_x,econml_dml,True,none,0.09968101978302,0.0940005132102973,0.0934937840310802,True,279,0.08298485,0.12931249,0.0940005132102973,0.456505103185069,0.4369821828256614,3.379272939369589,0.2904073679757811,0.3540201608287284,0.4224015322609555
semisynthetic_true_phi5,6,100,5,encoder_pred,econml_dml,True,none,0.1097511053085327,0.0309946245202966,0.0195390906347774,True,5,0.084039055,0.13112344,0.0309946245202966,0.1998100782368084,0.2457877102100642,1.8744757845273377,-0.0091692484535068,0.2091904489809892,0.2645956370234676
semisynthetic_true_phi5,6,100,5,mi_mine_cond,econml_dml,True,none,0.1097511053085327,0.0635900491438518,0.0550987990811639,True,5,0.084039055,0.13112344,0.0635900491438518,0.135069621328412,0.1887375398894409,1.439388274750009,0.0065909070573365,0.1289378174302974,0.1071073979462491
semisynthetic_true_phi5,6,100,5,mi_infonce_cond,econml_dml,True,none,0.1097511053085327,0.0609428978127712,0.0542825799638109,True,5,0.084039055,0.13112344,0.0609428978127712,0.1694180188093793,0.1943668582783656,1.4823197174751777,0.1947086303699543,0.3749664218727467,0.289577027019283
semisynthetic_true_phi5,6,100,5,autoencoder,econml_dml,True,none,0.1097511053085327,0.1574889274058936,0.1337268746952542,True,5,0.084039055,0.13112344,0.1574889274058936,0.1942094280324828,0.2349421602043612,1.7917632646938777,0.1002874603582451,0.2905712386138543,0.1528062559238593
semisynthetic_true_phi5,6,100,5,pls,econml_dml,True,none,0.1097511053085327,0.0950063067834365,0.0761233624336306,True,5,0.084039055,0.13112344,0.0950063067834365,0.2287291158701241,0.2626616594939476,2.0031632982152643,0.0106612096027282,0.1779913573069842,0.1524398701574151
semisynthetic_true_phi5,6,100,5,pca,econml_dml,True,none,0.1097511053085327,0.1280381178414693,0.1301044050179703,True,5,0.084039055,0.13112344,0.1280381178414693,0.2994090167619284,0.3341334897205059,2.548236178063619,-0.0365536285390737,0.1237817630536268,0.0616923188646645
semisynthetic_true_phi5,6,100,5,ica,econml_dml,True,none,0.1097511053085327,0.0980208944852622,0.0819062585746631,True,5,0.084039055,0.13112344,0.0980208944852622,0.2722774713704413,0.3068982519035029,2.3405293170078587,-0.0372902366879348,0.1109194247180344,0.0678763060472954
semisynthetic_true_phi5,6,100,5,raw_x,econml_dml,True,none,0.1097511053085327,0.0235222240525791,0.0026666228338588,True,206,0.084039055,0.13112344,0.0235222240525791,0.9782221406684026,0.9812823223776818,7.483653065931023,0.0579225519915317,0.0923864644028017,0.1463942536717246
semisynthetic_true_phi5,6,250,5,encoder_pred,econml_dml,True,none,0.0346902012825012,0.0496456899916644,0.0413478065997023,True,5,0.084039055,0.13112344,0.0496456899916644,0.1476419597190685,0.1662126498656551,1.2676044176049863,0.3240754648009074,0.4494062056168207,0.4998187843197615
semisynthetic_true_phi5,6,250,5,mi_mine_cond,econml_dml,True,none,0.0346902012825012,0.0790400232744673,0.0723605124177962,True,5,0.084039055,0.13112344,0.0790400232744673,0.1151269458326672,0.1490472093261778,1.1366938745412405,0.2735021043754043,0.4369059170190373,0.3360165653417161
semisynthetic_true_phi5,6,250,5,mi_infonce_cond,econml_dml,True,none,0.0346902012825012,0.033420426649459,0.0289473203945461,True,5,0.084039055,0.13112344,0.033420426649459,0.1454085676594781,0.163465534606718,1.2466538134198453,0.3718116260958878,0.5113709905703502,0.487276749068109
semisynthetic_true_phi5,6,250,5,autoencoder,econml_dml,True,none,0.0346902012825012,0.0293934687903742,0.0280490188022979,True,5,0.084039055,0.13112344,0.0293934687903742,0.1549417611567698,0.1905960420380826,1.4535619584958053,0.1934288560352889,0.4561545516313295,0.2424402397938374
semisynthetic_true_phi5,6,250,5,pls,econml_dml,True,none,0.0346902012825012,0.0607309030856971,0.0493128043484339,True,5,0.084039055,0.13112344,0.0607309030856971,0.1890231393803497,0.1990690870140221,1.518180802192406,0.2791540835855108,0.4758863750878956,0.3647120138506085
semisynthetic_true_phi5,6,250,5,pca,econml_dml,True,none,0.0346902012825012,0.0685869081618908,0.0655675024481993,True,5,0.084039055,0.13112344,0.0685869081618908,0.1384494884636723,0.1639523042721444,1.2503661143713636,0.2677107338781592,0.4696789511199986,0.2431328640525831
semisynthetic_true_phi5,6,250,5,ica,econml_dml,True,none,0.0346902012825012,0.074005556970957,0.0724911434681493,True,5,0.084039055,0.13112344,0.074005556970957,0.1101841827398662,0.1408287911188069,1.0740169168379072,0.3322955497285461,0.5607429673384289,0.3187205968552486
semisynthetic_true_phi5,6,250,5,raw_x,econml_dml,True,none,0.0346902012825012,0.1245944302901412,0.0343802924778864,True,238,0.084039055,0.13112344,0.1245944302901412,0.9310791670516428,0.924916163781718,7.053782104259828,0.1239967109043598,0.118128502105749,0.2149762201126918
semisynthetic_true_phi5,6,500,5,encoder_pred,econml_dml,True,none,0.1397404074668884,0.1056131371721183,0.1040858330176189,True,5,0.084039055,0.13112344,0.1056131371721183,0.0724556106520687,0.1329904237522014,1.014238379471763,0.2748322736732264,0.3731176803070549,0.3621643040263929
semisynthetic_true_phi5,6,500,5,mi_mine_cond,econml_dml,True,none,0.1397404074668884,0.1145308695580761,0.1222459593635453,True,5,0.084039055,0.13112344,0.1145308695580761,0.0917835312777583,0.137644901804007,1.049735298297635,0.3157964735807767,0.4781486869551674,0.4134092498850457
semisynthetic_true_phi5,6,500,5,mi_infonce_cond,econml_dml,True,none,0.1397404074668884,0.0959208527109853,0.0983477244262581,True,5,0.084039055,0.13112344,0.0959208527109853,0.0922270286122574,0.1503303814301534,1.146479860318266,0.1340072703004115,0.1299967443346781,0.217654559381488
semisynthetic_true_phi5,6,500,5,autoencoder,econml_dml,True,none,0.1397404074668884,0.1007790950984789,0.1101418553667698,True,5,0.084039055,0.13112344,0.1007790950984789,0.1205615825290061,0.1641626484017183,1.2519702831760882,0.1600189876466045,0.3519369899547167,0.213200021595078
semisynthetic_true_phi5,6,500,5,pls,econml_dml,True,none,0.1397404074668884,0.1006060472917725,0.1069132867868222,True,5,0.084039055,0.13112344,0.1006060472917725,0.0809732253499846,0.1259500933670006,0.960545992611362,0.3843215009523201,0.5873695342703624,0.4513267082288139
semisynthetic_true_phi5,6,500,5,pca,econml_dml,True,none,0.1397404074668884,0.1286286070895746,0.132576532225683,True,5,0.084039055,0.13112344,0.1286286070895746,0.12109884089459,0.1569376699047156,1.196869695661816,0.2902305112396359,0.4790986124604529,0.2832456209226681
semisynthetic_true_phi5,6,500,5,ica,econml_dml,True,none,0.1397404074668884,0.1329789546156009,0.1356202705836704,True,5,0.084039055,0.13112344,0.1329789546156009,0.1214755948815307,0.1662483193143925,1.2678764471456352,0.2105148195135911,0.3964858305109565,0.2223286002109977
semisynthetic_true_phi5,6,500,5,raw_x,econml_dml,True,none,0.1397404074668884,0.1119210826463469,0.1179318546376964,True,260,0.084039055,0.13112344,0.1119210826463469,0.6493284203221703,0.6516366745109139,4.969642972126989,0.0878988865301312,0.1528722790911453,0.1815714427278189
semisynthetic_true_phi5,6,750,5,encoder_pred,econml_dml,True,none,0.08920818567276,0.0769206965337277,0.0769241877684298,True,5,0.084039055,0.13112344,0.0769206965337277,0.0497322353805371,0.122111204452982,0.9312690840846164,0.3685117008335863,0.4547271727391689,0.5530907318677165
semisynthetic_true_phi5,6,750,5,mi_mine_cond,econml_dml,True,none,0.08920818567276,0.0779273501001527,0.0768007596909868,True,5,0.084039055,0.13112344,0.0779273501001527,0.0777402271849337,0.1283909495272,0.9791609419182165,0.3330539650977628,0.5024255310661027,0.3655430423182095
semisynthetic_true_phi5,6,750,5,mi_infonce_cond,econml_dml,True,none,0.08920818567276,0.0682425568568249,0.0655227024164984,True,5,0.084039055,0.13112344,0.0682425568568249,0.0766582493864156,0.1347823892481056,1.0279046279831725,0.2563289115428965,0.447023028110181,0.2814401329913643
semisynthetic_true_phi5,6,750,5,autoencoder,econml_dml,True,none,0.08920818567276,0.0699045045688071,0.0697665013107576,True,5,0.084039055,0.13112344,0.0699045045688071,0.074155834243744,0.1424458195923293,1.0863490253632624,0.133768630285797,0.2975942045504174,0.184157858813833
semisynthetic_true_phi5,6,750,5,pls,econml_dml,True,none,0.08920818567276,0.0712953125959299,0.0634067422647634,True,5,0.084039055,0.13112344,0.0712953125959299,0.1069303735625944,0.1449624176413399,1.105541612731554,0.2772882463214781,0.4427451420802745,0.3570978386725019
semisynthetic_true_phi5,6,750,5,pca,econml_dml,True,none,0.08920818567276,0.0635374232199642,0.0604192027962842,True,5,0.084039055,0.13112344,0.0635374232199642,0.0737694324019196,0.1466617428437455,1.118501349161109,0.0799105715389706,0.2331321146110135,0.0932017963860952
semisynthetic_true_phi5,6,750,5,ica,econml_dml,True,none,0.08920818567276,0.0911218712624755,0.0873651719186253,True,5,0.084039055,0.13112344,0.0911218712624755,0.0691869308457302,0.1422436767988942,1.0848074032415256,0.0990456057856238,0.2882234492666846,0.1162610769864866
semisynthetic_true_phi5,6,750,5,raw_x,econml_dml,True,none,0.08920818567276,0.0740763885131534,0.0731338803237131,True,271,0.084039055,0.13112344,0.0740763885131534,0.4977506044325509,0.4957015730784324,3.780419266258265,0.1480709459079124,0.2098235366408212,0.2459597951523875
semisynthetic_true_phi5,6,1000,5,encoder_pred,econml_dml,True,none,0.103342056274414,0.1152568647381209,0.1167918709432389,True,5,0.084039055,0.13112344,0.1152568647381209,0.1467027833358624,0.157214682215889,1.1989823027928506,0.3891927239024497,0.4519720770040666,0.5575289158396177
semisynthetic_true_phi5,6,1000,5,mi_mine_cond,econml_dml,True,none,0.103342056274414,0.11844609644179,0.1165784361911732,True,5,0.084039055,0.13112344,0.11844609644179,0.1161177976668687,0.1529294344363947,1.1663012823036791,0.2782497563760009,0.4202408394840088,0.4291022764543308
semisynthetic_true_phi5,6,1000,5,mi_infonce_cond,econml_dml,True,none,0.103342056274414,0.1056307615263334,0.1020708759355149,True,5,0.084039055,0.13112344,0.1056307615263334,0.1146153060916232,0.1424209667236879,1.0861594874062803,0.3497460396265096,0.5043456846081017,0.4430803642865801
semisynthetic_true_phi5,6,1000,5,autoencoder,econml_dml,True,none,0.103342056274414,0.1072703637039421,0.1067700027096397,True,5,0.084039055,0.13112344,0.1072703637039421,0.071452445221277,0.1374812164846879,1.048486968317735,0.2101279675505296,0.2523427097808389,0.2800550855453627
semisynthetic_true_phi5,6,1000,5,pls,econml_dml,True,none,0.103342056274414,0.1091591429892249,0.1092896442066675,True,5,0.084039055,0.13112344,0.1091591429892249,0.1139642120077088,0.1433444691939166,1.0932024881157765,0.343449049949634,0.4946446262970559,0.4464519310285916
semisynthetic_true_phi5,6,1000,5,pca,econml_dml,True,none,0.103342056274414,0.1058752226274794,0.1064353201831497,True,5,0.084039055,0.13112344,0.1058752226274794,0.0849507057467074,0.1376111369155795,1.0494777936987656,0.2670776305740063,0.4125965500618813,0.2995943416203943
semisynthetic_true_phi5,6,1000,5,ica,econml_dml,True,none,0.103342056274414,0.1171283951099356,0.1180095286322513,True,5,0.084039055,0.13112344,0.1171283951099356,0.079462895558706,0.1390553326404982,1.0604918102749583,0.2527113590535856,0.3902785542229735,0.2834133815690433
semisynthetic_true_phi5,6,1000,5,raw_x,econml_dml,True,none,0.103342056274414,0.1003231540704687,0.1058938098871412,True,288,0.084039055,0.13112344,0.1003231540704687,0.4200847448261919,0.4119055824439432,3.1413573898504272,0.2202451839826571,0.2935672013449189,0.379436076910247
semisynthetic_true_phi5,7,100,5,encoder_pred,econml_dml,True,none,0.0606060624122619,0.0835225152722086,0.0506417222786446,True,5,0.084905155,0.1316549,0.0835225152722086,0.2356059885194191,0.2070465723750066,1.5726461164516026,0.4832059288010198,0.6272842714307659,0.5821769888941701
semisynthetic_true_phi5,7,100,5,mi_mine_cond,econml_dml,True,none,0.0606060624122619,0.0806836067086596,0.0473286651956049,True,5,0.084905155,0.1316549,0.0806836067086596,0.2468324095338967,0.2373198944566958,1.8025906253499493,0.3378241851850503,0.5713400392588326,0.2729858048184944
semisynthetic_true_phi5,7,100,5,mi_infonce_cond,econml_dml,True,none,0.0606060624122619,0.0891740517395103,0.0485199912232056,True,5,0.084905155,0.1316549,0.0891740517395103,0.249045335759182,0.228197148265094,1.7332977546444597,0.4163237218784698,0.6338086332439573,0.5004807208824599
semisynthetic_true_phi5,7,100,5,autoencoder,econml_dml,True,none,0.0606060624122619,-0.0002280528549473,0.0435594509002692,True,5,0.084905155,0.1316549,-0.0002280528549473,0.2163849311074095,0.2452885531742869,1.863117491560755,0.1972161209403925,0.3915112608447745,0.315542602349678
semisynthetic_true_phi5,7,100,5,pls,econml_dml,True,none,0.0606060624122619,0.0777981833309336,0.0742290029264286,True,5,0.084905155,0.1316549,0.0777981833309336,0.2982662905897798,0.277133320773694,2.104998096103218,0.3761747441807617,0.5716760661113529,0.4281601672774762
semisynthetic_true_phi5,7,100,5,pca,econml_dml,True,none,0.0606060624122619,0.0897452035085781,0.073558639703099,True,5,0.084905155,0.1316549,0.0897452035085781,0.2499130144736334,0.2382131318301061,1.809375312825089,0.3505450367606317,0.5985961798657808,0.3842976636761918
semisynthetic_true_phi5,7,100,5,ica,econml_dml,True,none,0.0606060624122619,0.0340814773369226,0.0269959253289895,True,5,0.084905155,0.1316549,0.0340814773369226,0.2176336560817738,0.2183534553728373,1.6585288501367774,0.3420680566363483,0.5590628437843295,0.3681365281282924
semisynthetic_true_phi5,7,100,5,raw_x,econml_dml,True,none,0.0606060624122619,0.1207411611030307,0.0692472107291668,True,207,0.084905155,0.1316549,0.1207411611030307,0.8574466613699597,0.8410875428993986,6.388577423734408,0.205531780110199,0.2248360561575076,0.2561306111126119
semisynthetic_true_phi5,7,250,5,encoder_pred,econml_dml,True,none,0.0160000324249267,0.1092311377247841,0.0938933379159204,True,5,0.084905155,0.1316549,0.1092311377247841,0.1461207455938543,0.1568949083152861,1.1917133687495416,0.381027057799829,0.4501110654822328,0.5162134164213374
semisynthetic_true_phi5,7,250,5,mi_mine_cond,econml_dml,True,none,0.0160000324249267,0.0735788132793447,0.0699504869477749,True,5,0.084905155,0.1316549,0.0735788132793447,0.0425657485449853,0.1308713319075605,0.994048293185453,0.1914560242625355,0.3064572077041606,0.2535217305725257
semisynthetic_true_phi5,7,250,5,mi_infonce_cond,econml_dml,True,none,0.0160000324249267,0.018123841461734,0.0144661604615242,True,5,0.084905155,0.1316549,0.018123841461734,0.0321428709675586,0.1505721037301761,1.143687777396859,0.0181911534938342,0.0725826268089569,0.108294058277901
semisynthetic_true_phi5,7,250,5,autoencoder,econml_dml,True,none,0.0160000324249267,0.0185522389873086,0.0291143786105711,True,5,0.084905155,0.1316549,0.0185522389873086,0.1211038750875472,0.1951509086257368,1.4822912306724765,-0.0527476140173159,-0.0865454774249832,0.0563575823871783
semisynthetic_true_phi5,7,250,5,pls,econml_dml,True,none,0.0160000324249267,0.0545741367859074,0.0533569925217081,True,5,0.084905155,0.1316549,0.0545741367859074,0.0486430397424504,0.1500997688818986,1.1401001035885578,-0.1491868258119555,-0.2261577223868328,-0.0614613215305694
semisynthetic_true_phi5,7,250,5,pca,econml_dml,True,none,0.0160000324249267,0.0168522590666454,0.0175765189554419,True,5,0.084905155,0.1316549,0.0168522590666454,0.1380489498990391,0.2018410630996203,1.5331070704670031,0.0077554087929365,0.0707762389331187,0.0723375086636519
semisynthetic_true_phi5,7,250,5,ica,econml_dml,True,none,0.0160000324249267,0.0016907979604997,0.0087674681165885,True,5,0.084905155,0.1316549,0.0016907979604997,0.1463427653330881,0.2140610100204701,1.6259250864712085,-0.0038478193131685,0.0594560415687069,0.0516436430405196
semisynthetic_true_phi5,7,250,5,raw_x,econml_dml,True,none,0.0160000324249267,-0.017613995126792,0.004250307060073,True,253,0.084905155,0.1316549,-0.017613995126792,0.7377632724470445,0.7534954179923177,5.723261338146831,0.0225598828242386,0.0208519931189307,0.1684675948023451
semisynthetic_true_phi5,7,500,5,encoder_pred,econml_dml,True,none,0.1441967487335205,0.1833528873775155,0.1844047768306954,True,5,0.084905155,0.1316549,0.1833528873775155,0.1005305352120931,0.1563322336438518,1.1874395083967406,0.4794584388045649,0.624678069140589,0.6028611611537021
semisynthetic_true_phi5,7,500,5,mi_mine_cond,econml_dml,True,none,0.1441967487335205,0.1674133425206599,0.1625409751854595,True,5,0.084905155,0.1316549,0.1674133425206599,0.0951831664641822,0.1544750313690624,1.1733329143516942,0.3725826377539195,0.6229228039424026,0.4411504070596467
semisynthetic_true_phi5,7,500,5,mi_infonce_cond,econml_dml,True,none,0.1441967487335205,0.1613353763814621,0.1607984167656567,True,5,0.084905155,0.1316549,0.1613353763814621,0.0996244925807698,0.1516058743605954,1.151539901431475,0.3856071939366126,0.535676800085554,0.4341515320561033
semisynthetic_true_phi5,7,500,5,autoencoder,econml_dml,True,none,0.1441967487335205,0.1476382932714715,0.14654636960717,True,5,0.084905155,0.1316549,0.1476382932714715,0.0517067025361514,0.1547371836449642,1.1753241221939044,-0.0001142276894313,0.108512629443575,0.1142389548701973
semisynthetic_true_phi5,7,500,5,pls,econml_dml,True,none,0.1441967487335205,0.1211466153178348,0.1228581505135225,True,5,0.084905155,0.1316549,0.1211466153178348,0.0351777300588123,0.1400341248422278,1.0636453435459647,0.0296212780339761,0.0067268082122188,0.2752567833642161
semisynthetic_true_phi5,7,500,5,pca,econml_dml,True,none,0.1441967487335205,0.1534990898765758,0.1528337710262687,True,5,0.084905155,0.1316549,0.1534990898765758,0.0447005034716658,0.1417939694907773,1.0770124465139228,0.3339606957344407,0.5631844465920792,0.3760782243116954
semisynthetic_true_phi5,7,500,5,ica,econml_dml,True,none,0.1441967487335205,0.1381963883156131,0.138648671968532,True,5,0.084905155,0.1316549,0.1381963883156131,0.0547219480837526,0.1352797269189355,1.0275327658569764,0.3377689629295045,0.6124564121504088,0.3942641736046112
semisynthetic_true_phi5,7,500,5,raw_x,econml_dml,True,none,0.1441967487335205,0.2188571763553397,0.1779003179794646,True,261,0.084905155,0.1316549,0.2188571763553397,0.5442272842786379,0.5648855966162442,4.290653689977341,0.0862785921486128,0.1097953393723251,0.189651125184661
semisynthetic_true_phi5,7,750,5,encoder_pred,econml_dml,True,none,0.1171496510505676,0.0879072309716183,0.0926589728125943,True,5,0.084905155,0.1316549,0.0879072309716183,0.1018354754679431,0.1341619202155596,1.0190423361394356,0.3622348968691073,0.4503637771803848,0.5284495058533093
semisynthetic_true_phi5,7,750,5,mi_mine_cond,econml_dml,True,none,0.1171496510505676,0.0874237216126214,0.0920218544129421,True,5,0.084905155,0.1316549,0.0874237216126214,0.0922188409922224,0.1238303451448507,0.94056766628424,0.4328169561264631,0.5889954882469073,0.4081982338824763
semisynthetic_true_phi5,7,750,5,mi_infonce_cond,econml_dml,True,none,0.1171496510505676,0.0754013571336326,0.0820245234420217,True,5,0.084905155,0.1316549,0.0754013571336326,0.0780395066657958,0.1279959015905976,0.9722076306271352,0.3470094899332175,0.5031619628192089,0.5151843209743836
semisynthetic_true_phi5,7,750,5,autoencoder,econml_dml,True,none,0.1171496510505676,0.1032771387769811,0.1059725799840325,True,5,0.084905155,0.1316549,0.1032771387769811,0.0379531275246939,0.1343724541056135,1.0206414705794642,0.1055718199882362,0.1418369363001015,0.1481931087246634
semisynthetic_true_phi5,7,750,5,pls,econml_dml,True,none,0.1171496510505676,0.0923761563567105,0.0977076112750387,True,5,0.084905155,0.1316549,0.0923761563567105,0.0893770944384017,0.144617189553173,1.0984565400629491,0.1896399487695114,0.3163101002168171,0.3655105259768987
semisynthetic_true_phi5,7,750,5,pca,econml_dml,True,none,0.1171496510505676,0.1149712753114192,0.1155485227722254,True,5,0.084905155,0.1316549,0.1149712753114192,0.0304088648208774,0.1331133110214873,1.0110775040834556,0.1801594896140571,0.3605425824933683,0.219133207435083
semisynthetic_true_phi5,7,750,5,ica,econml_dml,True,none,0.1171496510505676,0.0986428075926045,0.1010015286555282,True,5,0.084905155,0.1316549,0.0986428075926045,0.0435272870510914,0.1323126741042094,1.0049961740512725,0.166624959518688,0.2417560976453913,0.2189771809227009
semisynthetic_true_phi5,7,750,5,raw_x,econml_dml,True,none,0.1171496510505676,0.0838557832854757,0.1059226097366977,True,274,0.084905155,0.1316549,0.0838557832854757,0.4708568774358321,0.4670198186551175,3.5473028878915223,0.1688384714670642,0.1658570390287469,0.3235096811552917
semisynthetic_true_phi5,7,1000,5,encoder_pred,econml_dml,True,none,0.1252967119216919,0.091223964177495,0.0900198960037678,True,5,0.084905155,0.1316549,0.091223964177495,0.0544956192225971,0.1371125067836786,1.0414538566701994,0.1075229649805688,0.1643717918648684,0.1758553369078416
semisynthetic_true_phi5,7,1000,5,mi_mine_cond,econml_dml,True,none,0.1252967119216919,0.1026917826651082,0.103299853727317,True,5,0.084905155,0.1316549,0.1026917826651082,0.0777774244211006,0.1304161668863228,0.9905910347784044,0.326683166365482,0.42308654556466,0.315529011654321
semisynthetic_true_phi5,7,1000,5,mi_infonce_cond,econml_dml,True,none,0.1252967119216919,0.1254767959969176,0.1258032926559655,True,5,0.084905155,0.1316549,0.1254767959969176,0.0887706137914361,0.1530319634155779,1.1623719253008218,0.1471927798122549,0.3362611442062111,0.10203234525536
semisynthetic_true_phi5,7,1000,5,autoencoder,econml_dml,True,none,0.1252967119216919,0.120720064967379,0.1212594511684491,True,5,0.084905155,0.1316549,0.120720064967379,0.0598655519570775,0.1473230033667219,1.1190088609099302,0.0314362850919516,0.1208578531056189,0.086560337907324
semisynthetic_true_phi5,7,1000,5,pls,econml_dml,True,none,0.1252967119216919,0.1152989246262917,0.1173974305070239,True,5,0.084905155,0.1316549,0.1152989246262917,0.0780076586454085,0.1391395518966838,1.0568505115786706,0.2425573849638809,0.4033336177945119,0.2150224884369997
semisynthetic_true_phi5,7,1000,5,pca,econml_dml,True,none,0.1252967119216919,0.1306764821764045,0.1320939808012751,True,5,0.084905155,0.1316549,0.1306764821764045,0.0843113086723276,0.1480837504961974,1.1247872034588928,0.2075507490668826,0.3607084498932066,0.1905315890564123
semisynthetic_true_phi5,7,1000,5,ica,econml_dml,True,none,0.1252967119216919,0.115538534882989,0.1181472618130079,True,5,0.084905155,0.1316549,0.115538534882989,0.063280757455085,0.1401571374619646,1.064579700084615,0.1579508070204365,0.3123781288053928,0.1472962227626892
semisynthetic_true_phi5,7,1000,5,raw_x,econml_dml,True,none,0.1252967119216919,0.0919878313698756,0.09251811784101,True,291,0.084905155,0.1316549,0.0919878313698756,0.4483548446103215,0.4544053558067519,3.4514882806655014,0.1009774410188443,0.2051038879947818,0.202077684214797
semisynthetic_true_phi5,8,100,5,encoder_pred,econml_dml,True,none,0.0974234938621521,0.001090055338902,0.045471597267366,True,5,0.08472609,0.13180314,0.001090055338902,0.2699791641278073,0.3072878667521223,2.331415371811665,0.0397645061753666,0.2252839354850843,0.3657483439371981
semisynthetic_true_phi5,8,100,5,mi_mine_cond,econml_dml,True,none,0.0974234938621521,0.0248078221193076,0.034129867903776,True,5,0.08472609,0.13180314,0.0248078221193076,0.1064588365893519,0.1863523674343326,1.4138689516184684,-0.0866420935119812,0.0194292166123293,0.0916322152717104
semisynthetic_true_phi5,8,100,5,mi_infonce_cond,econml_dml,True,none,0.0974234938621521,0.0746133661189341,0.0628559887378265,True,5,0.08472609,0.13180314,0.0746133661189341,0.1250644341241635,0.1867892386129286,1.4171835249924365,-0.0538335830655904,-0.1881289744562594,0.0806602461147729
semisynthetic_true_phi5,8,100,5,autoencoder,econml_dml,True,none,0.0974234938621521,0.0898121980751516,0.055369028593204,True,5,0.08472609,0.13180314,0.0898121980751516,0.2665666629545471,0.3179541410063061,2.412341169562811,-0.1798684865856126,-0.252054496195742,-0.0709041968246085
semisynthetic_true_phi5,8,100,5,pls,econml_dml,True,none,0.0974234938621521,0.0852035231221735,0.1007058245221024,True,5,0.08472609,0.13180314,0.0852035231221735,0.2651616501940468,0.3164061495229389,2.400596445705337,-0.1778277960071272,-0.3102949939248057,-0.1161555626964139
semisynthetic_true_phi5,8,100,5,pca,econml_dml,True,none,0.0974234938621521,0.1193922965652421,0.0971447671138167,True,5,0.08472609,0.13180314,0.1193922965652421,0.2324925906279823,0.2941926578286311,2.2320610702442027,-0.22717402958881,-0.3318429429223114,-0.092014022809962
semisynthetic_true_phi5,8,100,5,ica,econml_dml,True,none,0.0974234938621521,0.0839690206534309,0.0844265903493442,True,5,0.08472609,0.13180314,0.0839690206534309,0.2307236405695125,0.2941369262730423,2.2316382308826355,-0.26159883558858,-0.3384174208923974,-0.1293704269971733
semisynthetic_true_phi5,8,100,5,raw_x,econml_dml,True,none,0.0974234938621521,0.0730329467455327,0.0489033546787496,True,215,0.08472609,0.13180314,0.0730329467455327,1.0890651635130084,1.079647013517624,8.191360335994004,0.1321355382618355,0.1075035855706854,0.2546076163796563
semisynthetic_true_phi5,8,250,5,encoder_pred,econml_dml,True,none,0.0808373689651489,0.0579311617861504,0.0645157134736122,True,5,0.08472609,0.13180314,0.0579311617861504,0.1117267221182618,0.1926169165266745,1.4613985407484424,-0.2216627523167558,-0.410761384175807,-0.0495446916880884
semisynthetic_true_phi5,8,250,5,mi_mine_cond,econml_dml,True,none,0.0808373689651489,0.0440554885494985,0.0582897671120469,True,5,0.08472609,0.13180314,0.0440554885494985,0.1286976545457416,0.2106979564440088,1.5985807043241294,-0.2595208913768969,-0.2190383397622281,-0.0971581969957544
semisynthetic_true_phi5,8,250,5,mi_infonce_cond,econml_dml,True,none,0.0808373689651489,0.0652915972713554,0.0645815505054953,True,5,0.08472609,0.13180314,0.0652915972713554,0.0991839806231049,0.1538100826277998,1.1669682723507608,0.1503005739497803,0.1402554728674998,0.2351303845513856
semisynthetic_true_phi5,8,250,5,autoencoder,econml_dml,True,none,0.0808373689651489,0.0774706522930807,0.0814089796876584,True,5,0.08472609,0.13180314,0.0774706522930807,0.2327222448892184,0.2713486937248623,2.058742254803949,-0.0333473653654389,0.1486441309640274,0.0278217753758312
semisynthetic_true_phi5,8,250,5,pls,econml_dml,True,none,0.0808373689651489,0.0827777901674059,0.0797491988489189,True,5,0.08472609,0.13180314,0.0827777901674059,0.1253682324565186,0.1846887421246332,1.4012469055189494,-0.030769780764182,0.135450560901332,0.0641946050906985
semisynthetic_true_phi5,8,250,5,pca,econml_dml,True,none,0.0808373689651489,0.1132281320470001,0.1147259720223249,True,5,0.08472609,0.13180314,0.1132281320470001,0.0313311940368319,0.1367065234906264,1.0372023264754493,0.0578033379943275,0.1973682493550403,0.2215908609793194
semisynthetic_true_phi5,8,250,5,ica,econml_dml,True,none,0.0808373689651489,0.0441022858323281,0.046682040160982,True,5,0.08472609,0.13180314,0.0441022858323281,0.0799727625051599,0.1720539799822267,1.3053860471344807,-0.1984965386554621,-0.5296190864030461,-0.2696781805426322
semisynthetic_true_phi5,8,250,5,raw_x,econml_dml,True,none,0.0808373689651489,0.1361031164447364,0.0986222185860128,True,239,0.08472609,0.13180314,0.1361031164447364,0.8865200042939533,0.8906220034832713,6.757213850781696,0.054438398286658,0.133747308402005,0.1742123907869555
semisynthetic_true_phi5,8,500,5,encoder_pred,econml_dml,True,none,0.1033257842063903,0.093888251846677,0.0941831385590031,True,5,0.08472609,0.13180314,0.093888251846677,0.1347164133473861,0.1453448524473146,1.1027419559090914,0.4077314869754774,0.5440499395065819,0.5797847087641632
semisynthetic_true_phi5,8,500,5,mi_mine_cond,econml_dml,True,none,0.1033257842063903,0.1144274080613937,0.1146578894137448,True,5,0.08472609,0.13180314,0.1144274080613937,0.1215039627690943,0.1418716031299509,1.0763901609806965,0.4024419512281947,0.5897386877969181,0.4807080766573105
semisynthetic_true_phi5,8,500,5,mi_infonce_cond,econml_dml,True,none,0.1033257842063903,0.071183579718745,0.0706500089169147,True,5,0.08472609,0.13180314,0.071183579718745,0.0858975682569873,0.1317824448380854,0.9998429839674536,0.3341959820870149,0.613042904055001,0.3755696770697875
semisynthetic_true_phi5,8,500,5,autoencoder,econml_dml,True,none,0.1033257842063903,0.1115453835305382,0.1084392134959067,True,5,0.08472609,0.13180314,0.1115453835305382,0.107840347560126,0.1501837259772565,1.1394548409611376,0.2520713277199247,0.4991099197696774,0.2770786735717889
semisynthetic_true_phi5,8,500,5,pls,econml_dml,True,none,0.1033257842063903,0.1311568962293694,0.1283098354422513,True,5,0.08472609,0.13180314,0.1311568962293694,0.1587201388083804,0.1689032215246092,1.281481013790354,0.3869937028565391,0.6693152659036492,0.4531516538678568
semisynthetic_true_phi5,8,500,5,pca,econml_dml,True,none,0.1033257842063903,0.1036767936955768,0.0960261390490669,True,5,0.08472609,0.13180314,0.1036767936955768,0.1291815890168939,0.1524407503047415,1.156579048523476,0.328337335922242,0.5708251413659229,0.3808462452941092
semisynthetic_true_phi5,8,500,5,ica,econml_dml,True,none,0.1033257842063903,0.1158893957507882,0.1094325174508002,True,5,0.08472609,0.13180314,0.1158893957507882,0.1050299014900133,0.1426388654700839,1.0822114361026365,0.3261025967779364,0.5449876556013952,0.3422201932355246
semisynthetic_true_phi5,8,500,5,raw_x,econml_dml,True,none,0.1033257842063903,0.0899893699366799,0.0902814392004753,True,252,0.08472609,0.13180314,0.0899893699366799,0.6592490381421992,0.6618110984229715,5.02120888926449,0.0806476996109644,0.1150286616010236,0.1983128211124094
semisynthetic_true_phi5,8,750,5,encoder_pred,econml_dml,True,none,0.1051246523857116,0.0902249218088609,0.0914801205139471,True,5,0.08472609,0.13180314,0.0902249218088609,0.0618173451338292,0.1223072896931222,0.927954293441683,0.3844397571728574,0.572718009476335,0.3997310744016973
semisynthetic_true_phi5,8,750,5,mi_mine_cond,econml_dml,True,none,0.1051246523857116,0.0928504901019769,0.0950994392465096,True,5,0.08472609,0.13180314,0.0928504901019769,0.0028036433697246,0.1311503514596682,0.9950472455790876,0.3322045132755692,0.6162753429294775,0.3676681405119482
semisynthetic_true_phi5,8,750,5,mi_infonce_cond,econml_dml,True,none,0.1051246523857116,0.07815281303918,0.0795154037417575,True,5,0.08472609,0.13180314,0.07815281303918,0.0022821733246576,0.1314483013999643,0.997307813424407,0.235751579221274,0.514176202640287,0.2759858499429962
semisynthetic_true_phi5,8,750,5,autoencoder,econml_dml,True,none,0.1051246523857116,0.0938650567535338,0.0938055264748799,True,5,0.08472609,0.13180314,0.0938650567535338,0.0049211300885497,0.1322308027450986,1.0032447079845206,-0.0039932149661177,-0.2340883089001535,0.0538112199149324
semisynthetic_true_phi5,8,750,5,pls,econml_dml,True,none,0.1051246523857116,0.1023740874123654,0.104639900736267,True,5,0.08472609,0.13180314,0.1023740874123654,0.0909015350892894,0.1475225563511815,1.1192643536542168,0.1745958442139359,0.2032009288952105,0.3811288984307936
semisynthetic_true_phi5,8,750,5,pca,econml_dml,True,none,0.1051246523857116,0.1110293823477634,0.1132440183535845,True,5,0.08472609,0.13180314,0.1110293823477634,0.0367887033593485,0.1349058336394599,1.0235403617410546,0.1255710867342651,0.1724688451205663,0.2618609634135201
semisynthetic_true_phi5,8,750,5,ica,econml_dml,True,none,0.1051246523857116,0.1129618607449622,0.1160132821249698,True,5,0.08472609,0.13180314,0.1129618607449622,0.0777990944302822,0.1547980061363956,1.174463719790514,0.0126583733513286,-0.0707190449413886,0.116864885258998
semisynthetic_true_phi5,8,750,5,raw_x,econml_dml,True,none,0.1051246523857116,0.0850785150981953,0.1206339146565629,True,276,0.08472609,0.13180314,0.0850785150981953,0.5013931472832444,0.4931975743191253,3.741925830854152,0.1931100752547018,0.229638743711789,0.3580718141526404
semisynthetic_true_phi5,8,1000,5,encoder_pred,econml_dml,True,none,0.0826443433761596,0.0859594452980757,0.0783645320379525,True,5,0.08472609,0.13180314,0.0859594452980757,0.082734207958835,0.1260362492778545,0.9562461807478688,0.382103858641749,0.4727519588477613,0.5733409345066582
semisynthetic_true_phi5,8,1000,5,mi_mine_cond,econml_dml,True,none,0.0826443433761596,0.0718083836923742,0.0693411073087382,True,5,0.08472609,0.13180314,0.0718083836923742,0.0606625023647481,0.1224772481954411,0.929243780947534,0.3888556286012324,0.5101789325338553,0.5111403755693782
semisynthetic_true_phi5,8,1000,5,mi_infonce_cond,econml_dml,True,none,0.0826443433761596,0.0765512904090155,0.0773055357748122,True,5,0.08472609,0.13180314,0.0765512904090155,0.052967829025441,0.1263316067768015,0.9584870795523122,0.3068765203175527,0.4503665981988006,0.4061650859686261
semisynthetic_true_phi5,8,1000,5,autoencoder,econml_dml,True,none,0.0826443433761596,0.1120620949336714,0.1108875803358456,True,5,0.08472609,0.13180314,0.1120620949336714,0.0452095275766453,0.1295822860686855,0.9831502195260154,0.2829160790169241,0.5559815002569435,0.3475317610376265
semisynthetic_true_phi5,8,1000,5,pls,econml_dml,True,none,0.0826443433761596,0.0780395509213652,0.0759613828657341,True,5,0.08472609,0.13180314,0.0780395509213652,0.0435621599888932,0.1227042718552734,0.930966225949649,0.3708093732235483,0.5424803097242344,0.4324139059366091
semisynthetic_true_phi5,8,1000,5,pca,econml_dml,True,none,0.0826443433761596,0.0702495436059967,0.0698384475899075,True,5,0.08472609,0.13180314,0.0702495436059967,0.0609400097049717,0.1275688215487839,0.9678739179202558,0.3125911848167406,0.4909138565868587,0.3369912430325852
semisynthetic_true_phi5,8,1000,5,ica,econml_dml,True,none,0.0826443433761596,0.0644775725771283,0.0662464825001133,True,5,0.08472609,0.13180314,0.0644775725771283,0.0602185612322482,0.1296026819008116,0.9833049641862658,0.2905059693223231,0.5402680100123975,0.3222246090266568
semisynthetic_true_phi5,8,1000,5,raw_x,econml_dml,True,none,0.0826443433761596,0.0814395174350451,0.0628879889319047,True,274,0.08472609,0.13180314,0.0814395174350451,0.4898318745208079,0.4934511439795307,3.7438496822913807,0.1070617034534555,0.1993303637610116,0.3150127700309573
semisynthetic_true_phi5,9,100,5,encoder_pred,econml_dml,True,none,0.1484593749046325,0.1924180159732666,0.1690890622339285,True,5,0.08396351,0.13230343,0.1924180159732666,0.2937650470277327,0.3360276726644567,2.539825827071897,0.0340899067788564,-0.0081753576077568,0.2520402024210812
semisynthetic_true_phi5,9,100,5,mi_mine_cond,econml_dml,True,none,0.1484593749046325,0.1706723908371372,0.1724990873369035,True,5,0.08396351,0.13230343,0.1706723908371372,0.1573228975323066,0.2111728492909583,1.5961252606153853,0.1244129321147636,0.1755626440942827,0.3078041057449786
semisynthetic_true_phi5,9,100,5,mi_infonce_cond,econml_dml,True,none,0.1484593749046325,0.1954233788842497,0.1877756978514818,True,5,0.08396351,0.13230343,0.1954233788842497,0.1824836605537645,0.2152983660180912,1.6273074958476967,0.3494646675359337,0.4833470766727021,0.4399038307000306
semisynthetic_true_phi5,9,100,5,autoencoder,econml_dml,True,none,0.1484593749046325,0.1956929254208987,0.1931641162272998,True,5,0.08396351,0.13230343,0.1956929254208987,0.0651152893934571,0.1919919551364884,1.4511487175420978,-0.1528296893300098,-0.3720885317575701,-0.1448028746322198
semisynthetic_true_phi5,9,100,5,pls,econml_dml,True,none,0.1484593749046325,0.1870339253040254,0.1550307616570615,True,5,0.08396351,0.13230343,0.1870339253040254,0.3055030023198508,0.3564615446060671,2.694272856070623,-0.0693365134290895,-0.1381907590690167,0.0958701939457967
semisynthetic_true_phi5,9,100,5,pca,econml_dml,True,none,0.1484593749046325,0.1539959130129577,0.1297533820532275,True,5,0.08396351,0.13230343,0.1539959130129577,0.2932498380461238,0.3359193002759688,2.539006707060022,-0.0571882100948617,-0.0959544810097431,0.0665604822983343
semisynthetic_true_phi5,9,100,5,ica,econml_dml,True,none,0.1484593749046325,0.2320670211531184,0.2014157654784126,True,5,0.08396351,0.13230343,0.2320670211531184,0.2493135819337702,0.324807231122114,2.4550174331845,-0.0591726675350647,-0.2025764550425165,0.0683785232432803
semisynthetic_true_phi5,9,100,5,raw_x,econml_dml,True,none,0.1484593749046325,0.1646855804986873,0.1389513308985673,True,215,0.08396351,0.13230343,0.1646855804986873,1.0589423144106858,1.0713700985938397,8.097825471291971,-0.008760817221024,0.0237589166138458,0.0834658824260528
semisynthetic_true_phi5,9,250,5,encoder_pred,econml_dml,True,none,0.0998389720916748,0.0966298404045019,0.091885720677227,True,5,0.08396351,0.13230343,0.0966298404045019,0.2346823938277795,0.2193009774485667,1.6575607657830154,0.3969099577334251,0.5144281397287885,0.5186846674495501
semisynthetic_true_phi5,9,250,5,mi_mine_cond,econml_dml,True,none,0.0998389720916748,0.0797810512789961,0.0763228542052024,True,5,0.08396351,0.13230343,0.0797810512789961,0.2140122666775095,0.2018762773518912,1.5258582099083673,0.3985389957724384,0.623881897770186,0.5395095183552591
semisynthetic_true_phi5,9,250,5,mi_infonce_cond,econml_dml,True,none,0.0998389720916748,0.1164595618233397,0.1010894817797434,True,5,0.08396351,0.13230343,0.1164595618233397,0.1975302061735166,0.1870893785069307,1.4140931660030926,0.4319278373992144,0.5944120592087464,0.5418200646735998
semisynthetic_true_phi5,9,250,5,autoencoder,econml_dml,True,none,0.0998389720916748,0.1032126852881833,0.1093331913098527,True,5,0.08396351,0.13230343,0.1032126852881833,0.1867815787672702,0.2180024284069896,1.647745834865673,0.1059619309327116,0.3502685725783425,0.2091402354221891
semisynthetic_true_phi5,9,250,5,pls,econml_dml,True,none,0.0998389720916748,0.1396716165702222,0.1217567304544856,True,5,0.08396351,0.13230343,0.1396716165702222,0.2541707345372563,0.248770093429504,1.8802996291506773,0.3467947838179166,0.6134258130431703,0.4629436666802385
semisynthetic_true_phi5,9,250,5,pca,econml_dml,True,none,0.0998389720916748,0.1217881923391895,0.0972578011664813,True,5,0.08396351,0.13230343,0.1217881923391895,0.2577961001184065,0.264232483078068,1.997170291219296,0.2283224633193274,0.5170165203865875,0.3223296826750612
semisynthetic_true_phi5,9,250,5,ica,econml_dml,True,none,0.0998389720916748,0.0650365568251277,0.0527892777499186,True,5,0.08396351,0.13230343,0.0650365568251277,0.2037067660591331,0.2075771653136299,1.5689477041980997,0.3018539665289255,0.5594168233290816,0.3809557356568399
semisynthetic_true_phi5,9,250,5,raw_x,econml_dml,True,none,0.0998389720916748,0.1106449614888603,0.1077649826076293,True,240,0.08396351,0.13230343,0.1106449614888603,0.6734303339453415,0.670071778594144,5.064659097183407,0.1275479969972628,0.1720561927265285,0.2070435132465161
semisynthetic_true_phi5,9,500,5,encoder_pred,econml_dml,True,none,0.0939381718635559,0.0982835102645619,0.099499900479687,True,5,0.08396351,0.13230343,0.0982835102645619,0.1053490940266629,0.1367852605215842,1.0338753790149526,0.3622274278727108,0.3284530474432712,0.5743313793391636
semisynthetic_true_phi5,9,500,5,mi_mine_cond,econml_dml,True,none,0.0939381718635559,0.0875018027785669,0.0840698626845064,True,5,0.08396351,0.13230343,0.0875018027785669,0.0580010803238267,0.1300301227434538,0.9828174609027834,0.2588705340292957,0.2674659496021344,0.4045412149550735
semisynthetic_true_phi5,9,500,5,mi_infonce_cond,econml_dml,True,none,0.0939381718635559,0.1133043834835326,0.1143009683718124,True,5,0.08396351,0.13230343,0.1133043834835326,0.1067657595470711,0.1436993497829736,1.0861347133058292,0.3226266486960879,0.4718619684569928,0.4400925423924946
semisynthetic_true_phi5,9,500,5,autoencoder,econml_dml,True,none,0.0939381718635559,0.1090133144383442,0.1026813629154237,True,5,0.08396351,0.13230343,0.1090133144383442,0.0781655816791322,0.1530998163628943,1.1571870394934112,0.0387753580461032,-0.0732802933394452,0.1268064222513184
semisynthetic_true_phi5,9,500,5,pls,econml_dml,True,none,0.0939381718635559,0.094995614825187,0.095509725744191,True,5,0.08396351,0.13230343,0.094995614825187,0.07371495061185,0.1398929067962141,1.0573641595880643,0.1789125377244992,0.3360664395525617,0.3158277679679246
semisynthetic_true_phi5,9,500,5,pca,econml_dml,True,none,0.0939381718635559,0.0902255605786023,0.0842227042392407,True,5,0.08396351,0.13230343,0.0902255605786023,0.0907513549302499,0.1475559200390737,1.115284148120804,0.1668429404716637,0.1617643866322044,0.2263227095838217
semisynthetic_true_phi5,9,500,5,ica,econml_dml,True,none,0.0939381718635559,0.0924442826094685,0.0881991426521887,True,5,0.08396351,0.13230343,0.0924442826094685,0.0883740772052727,0.1496944591132037,1.1314480453665572,0.1273357847088439,0.045417003866184,0.1694356770370148
semisynthetic_true_phi5,9,500,5,raw_x,econml_dml,True,none,0.0939381718635559,0.103915620695146,0.0775576239417724,True,262,0.08396351,0.13230343,0.103915620695146,0.5969924498207096,0.589927095500416,4.458894892081159,0.1664149850539004,0.1726721040944981,0.2317019973170528
semisynthetic_true_phi5,9,750,5,encoder_pred,econml_dml,True,none,0.0522137284278869,0.046418746202123,0.0464261079620782,True,5,0.08396351,0.13230343,0.046418746202123,0.0010248706686018,0.1372889964616105,1.0376828081482683,0.2455520136086613,0.4037574722370261,0.3997872607151811
semisynthetic_true_phi5,9,750,5,mi_mine_cond,econml_dml,True,none,0.0522137284278869,0.0410498187670086,0.0410610585824665,True,5,0.08396351,0.13230343,0.0410498187670086,7.174073184299465e-05,0.139081152121643,1.051228606907613,0.1170935107501102,0.6453246934498006,0.538163825857011
semisynthetic_true_phi5,9,750,5,mi_infonce_cond,econml_dml,True,none,0.0522137284278869,0.048169581681591,0.0473538794094875,True,5,0.08396351,0.13230343,0.048169581681591,0.0046665099791955,0.1371007767030821,1.0362601711372,0.0085506482960913,0.5820088840882455,0.43056615114936
semisynthetic_true_phi5,9,750,5,autoencoder,econml_dml,True,none,0.0522137284278869,0.0563173163940314,0.0568480856249516,True,5,0.08396351,0.13230343,0.0563173163940314,0.0030269525013313,0.1350829941189581,1.021008997684913,0.037778467264001,0.3920344442291466,0.2542509686039459
semisynthetic_true_phi5,9,750,5,pls,econml_dml,True,none,0.0522137284278869,0.0373146124817069,0.0357791211296156,True,5,0.08396351,0.13230343,0.0373146124817069,0.0844146348425702,0.1488571391528231,1.1251192604660916,0.2080747602309276,0.35610903637853,0.2461892024232242
semisynthetic_true_phi5,9,750,5,pca,econml_dml,True,none,0.0522137284278869,0.0351194524187429,0.0359235956317218,True,5,0.08396351,0.13230343,0.0351194524187429,0.0828892085178143,0.1538944393664477,1.1631931044439772,0.1402934570469983,0.3015295235822606,0.2040844630141154
semisynthetic_true_phi5,9,750,5,ica,econml_dml,True,none,0.0522137284278869,0.0150682834278922,0.0167020869919493,True,5,0.08396351,0.13230343,0.0150682834278922,0.0595212068926893,0.1567351113700317,1.1846639912424792,0.0779462003060735,0.1461188412262257,0.1122952431260192
semisynthetic_true_phi5,9,750,5,raw_x,econml_dml,True,none,0.0522137284278869,0.0497514749161869,0.0542364329228948,True,280,0.08396351,0.13230343,0.0497514749161869,0.513975655065344,0.521036353555081,3.93819228371704,0.083578165822372,0.1340419112710334,0.2045167319902882
semisynthetic_true_phi5,9,1000,5,encoder_pred,econml_dml,True,none,0.054879605770111,0.0607320931568121,0.0534644899730804,True,5,0.08396351,0.13230343,0.0607320931568121,0.1184980614577555,0.1395785124521618,1.0549878467428222,0.4019571449118174,0.5389644743416528,0.5361054085387152
semisynthetic_true_phi5,9,1000,5,mi_mine_cond,econml_dml,True,none,0.054879605770111,0.057162539904552,0.0564937256301903,True,5,0.08396351,0.13230343,0.057162539904552,0.0744665365477627,0.134923658856085,1.019804680752919,0.2823417579274877,0.5330975538924172,0.4793485924170311
semisynthetic_true_phi5,9,1000,5,mi_infonce_cond,econml_dml,True,none,0.054879605770111,0.0528004356763566,0.0522526059099534,True,5,0.08396351,0.13230343,0.0528004356763566,0.0724853450359892,0.1319107198031889,0.9970317336284708,0.3299783238492608,0.5147421390160871,0.3365353604728158
semisynthetic_true_phi5,9,1000,5,autoencoder,econml_dml,True,none,0.054879605770111,0.0591981248953322,0.0565982551937934,True,5,0.08396351,0.13230343,0.0591981248953322,0.0888759383279617,0.147901333602906,1.1178949161075182,0.1761117219699174,0.3011282827453187,0.2135259406922946
semisynthetic_true_phi5,9,1000,5,pls,econml_dml,True,none,0.054879605770111,0.0464387324737747,0.0481901101519817,True,5,0.08396351,0.13230343,0.0464387324737747,0.0815489500457444,0.1430353546875327,1.081115984106899,0.2365061395157187,0.4801147726302595,0.3276782997357768
semisynthetic_true_phi5,9,1000,5,pca,econml_dml,True,none,0.054879605770111,0.0541874224950766,0.0542295506969492,True,5,0.08396351,0.13230343,0.0541874224950766,0.1039360760089721,0.1477312263963452,1.1166091807001677,0.2679424761011946,0.5293485634760711,0.3459109430816606
semisynthetic_true_phi5,9,1000,5,ica,econml_dml,True,none,0.054879605770111,0.0380093177438073,0.038654851652725,True,5,0.08396351,0.13230343,0.0380093177438073,0.0786593623507982,0.1405346058432058,1.0622143667148571,0.2908313202432765,0.4995627372408841,0.30724701114966
semisynthetic_true_phi5,9,1000,5,raw_x,econml_dml,True,none,0.054879605770111,0.0558719916345188,0.0669762009830151,True,275,0.08396351,0.13230343,0.0558719916345188,0.4719524481451486,0.4840096463644603,3.6583302519132697,0.0541880815293742,0.1150338106174302,0.1347255162316163
