dataset,seed,n,phi_dim,method,cate_learner,outcome_source,ate_calibration,observed_ate,raw_tau_hat_mean,train_tau_hat_mean,standardized_representation,cate_feature_dim,tau_true_mean,tau_true_std,tau_hat_mean,tau_hat_std,pehe,pehe_norm,pearson,spearman,policy_norm_20
semisynthetic_predicted_phi10,0,100,10,encoder_pred,econml_dml,predicted,none,0.0799999833106994,0.0194545724357267,0.0113469794746532,True,10,0.08481841,0.13307382,0.0194545724357267,0.1697620375251808,0.184078662277385,1.383282318621236,0.3743826381323831,0.4672132397548952,0.3659292977683827
semisynthetic_predicted_phi10,0,100,10,mi_mine_cond,econml_dml,predicted,none,0.0799999833106994,0.0386525412347811,0.0469358180364087,True,10,0.08481841,0.13307382,0.0386525412347811,0.1812702376131655,0.1752820151741558,1.317178804772838,0.4554918552443092,0.6342325260383603,0.5570434702075902
semisynthetic_predicted_phi10,0,100,10,mi_infonce_cond,econml_dml,predicted,none,0.0799999833106994,0.0786629476117503,0.0575397481042537,True,10,0.08481841,0.13307382,0.0786629476117503,0.1994491339306599,0.1948875229728641,1.4645068652336284,0.3682039997080235,0.4964166563895942,0.5286027382931372
semisynthetic_predicted_phi10,0,100,10,autoencoder,econml_dml,predicted,none,0.0799999833106994,0.0302831990419474,0.0237706968796273,True,10,0.08481841,0.13307382,0.0302831990419474,0.1277829933341191,0.1755811691043176,1.3194268347021043,0.1817886990897441,0.1989342293377298,0.2256979728157314
semisynthetic_predicted_phi10,0,100,10,pls,econml_dml,predicted,none,0.0799999833106994,0.0849767410108518,0.0564972115925273,True,10,0.08481841,0.13307382,0.0849767410108518,0.3026811483866374,0.290387789472561,2.18215565971249,0.3103293980551279,0.4871282976853612,0.4229083804032289
semisynthetic_predicted_phi10,0,100,10,pca,econml_dml,predicted,none,0.0799999833106994,0.0772111297110185,0.0710429386744234,True,10,0.08481841,0.13307382,0.0772111297110185,0.1482167282417587,0.1752852301577436,1.3172029641723944,0.2283995666429414,0.3101450107534029,0.2496627968472946
semisynthetic_predicted_phi10,0,100,10,ica,econml_dml,predicted,none,0.0799999833106994,0.0237394328873816,0.0221923099372715,True,10,0.08481841,0.13307382,0.0237394328873816,0.0972768549755164,0.1623271374447716,1.219827742562524,0.1758196008065076,0.141544917881403,0.20921613745571
semisynthetic_predicted_phi10,0,100,10,raw_x,econml_dml,predicted,none,0.0799999833106994,0.1101427420908437,0.0029789613586267,True,205,0.08481841,0.13307382,0.1101427420908437,0.5886368205204398,0.6106649182651315,4.588918528566562,-0.051501017780789,-0.0960763740413454,0.0467590457623393
semisynthetic_predicted_phi10,0,100,10,raw_x_s,econml_dml,predicted,none,0.0799999833106994,0.1884897918915341,0.0649637723528153,True,205,0.08481841,0.13307382,0.1884897918915341,0.7319038643221873,0.7297650428226536,5.483911432185937,0.1621331675466519,0.1529630768426082,0.2084006713170193
semisynthetic_predicted_phi10,0,250,10,encoder_pred,econml_dml,predicted,none,0.1334276795387268,0.0279545590007934,0.0247321091359343,True,10,0.08481841,0.13307382,0.0279545590007934,0.0895057055259619,0.1387525670943626,1.042673661087978,0.4072389165069123,0.4881653128308896,0.5537188318862541
semisynthetic_predicted_phi10,0,250,10,mi_mine_cond,econml_dml,predicted,none,0.1334276795387268,0.045961379916079,0.0373274423761937,True,10,0.08481841,0.13307382,0.045961379916079,0.1036438582020342,0.1343182703861589,1.0093515793426453,0.432095319640162,0.534069423217114,0.5870394501834831
semisynthetic_predicted_phi10,0,250,10,mi_infonce_cond,econml_dml,predicted,none,0.1334276795387268,0.0272536264034661,0.0266196011283265,True,10,0.08481841,0.13307382,0.0272536264034661,0.0650262537590587,0.1425522610231819,1.071226940228979,0.2848403457703789,0.4331512187907808,0.4639471419854993
semisynthetic_predicted_phi10,0,250,10,autoencoder,econml_dml,predicted,none,0.1334276795387268,0.0166593719896379,0.027108105043347,True,10,0.08481841,0.13307382,0.0166593719896379,0.1527850502119523,0.1995710283686136,1.499701657084869,0.1443306721379187,0.2821047158564076,0.2254838964869152
semisynthetic_predicted_phi10,0,250,10,pls,econml_dml,predicted,none,0.1334276795387268,0.0566903213447637,0.0533007835983724,True,10,0.08481841,0.13307382,0.0566903213447637,0.1159483156741662,0.1537020514497367,1.1550134462942203,0.269594712294168,0.4758872874992588,0.3650098893383467
semisynthetic_predicted_phi10,0,250,10,pca,econml_dml,predicted,none,0.1334276795387268,0.0367135491752347,0.0324819640946071,True,10,0.08481841,0.13307382,0.0367135491752347,0.1463083129359001,0.1873959422005491,1.408210436887955,0.162086961605768,0.331381759502494,0.2564265549236534
semisynthetic_predicted_phi10,0,250,10,ica,econml_dml,predicted,none,0.1334276795387268,0.0195460343218344,0.0126711527549461,True,10,0.08481841,0.13307382,0.0195460343218344,0.1350229783288665,0.1813242063797821,1.3625836124624824,0.2037470175923634,0.3742686461011494,0.2964128514038236
semisynthetic_predicted_phi10,0,250,10,raw_x,econml_dml,predicted,none,0.1334276795387268,-0.0515188585532927,-0.0359698167696403,True,242,0.08481841,0.13307382,-0.0515188585532927,0.4623848138956467,0.5049639491445491,3.794615268011011,-0.0397552095709089,-0.0282137193043821,0.0908557394950604
semisynthetic_predicted_phi10,0,250,10,raw_x_s,econml_dml,predicted,none,0.1334276795387268,-0.0071690381401631,-0.0014787572136005,True,242,0.08481841,0.13307382,-0.0071690381401631,0.4586666262682091,0.4714616512196691,3.5428580258661624,0.116891644372694,0.1918232400110641,0.2568236171113778
semisynthetic_predicted_phi10,0,500,10,encoder_pred,econml_dml,predicted,none,0.0344794392585754,-0.010816753796857,-0.0055239790051096,True,10,0.08481841,0.13307382,-0.010816753796857,0.0738069636537519,0.1693527010257723,1.2726222259627948,0.1843789314557863,0.140485039832716,0.4421256501580443
semisynthetic_predicted_phi10,0,500,10,mi_mine_cond,econml_dml,predicted,none,0.0344794392585754,-0.0132921549573071,-0.0118384647989295,True,10,0.08481841,0.13307382,-0.0132921549573071,0.0683540459275815,0.1764830648567892,1.326204244056338,0.0472908580717391,0.0202153338804814,0.2151930826866197
semisynthetic_predicted_phi10,0,500,10,mi_infonce_cond,econml_dml,predicted,none,0.0344794392585754,-0.0011621278084587,-0.0038109409997874,True,10,0.08481841,0.13307382,-0.0011621278084587,0.0539400352658564,0.1647480554743131,1.2380200363551086,0.0605251703378929,0.0326252142914387,0.2302022705133043
semisynthetic_predicted_phi10,0,500,10,autoencoder,econml_dml,predicted,none,0.0344794392585754,0.0106744787725838,0.0023013453888585,True,10,0.08481841,0.13307382,0.0106744787725838,0.0966949913925726,0.1714201392183324,1.288158250949228,0.1232175523132648,0.145619709205821,0.1892353068382369
semisynthetic_predicted_phi10,0,500,10,pls,econml_dml,predicted,none,0.0344794392585754,0.0058225464289738,0.0038761078900246,True,10,0.08481841,0.13307382,0.0058225464289738,0.0891661397737077,0.1546059214098359,1.1618056910806045,0.3369633393906573,0.3253758083868141,0.5025478047262916
semisynthetic_predicted_phi10,0,500,10,pca,econml_dml,predicted,none,0.0344794392585754,0.0045777907347798,0.0026255220848234,True,10,0.08481841,0.13307382,0.0045777907347798,0.0490170987251257,0.1554784060982663,1.1683620872855858,0.1821538345592322,0.2439264889030546,0.2465780557535121
semisynthetic_predicted_phi10,0,500,10,ica,econml_dml,predicted,none,0.0344794392585754,-0.0060065650643163,-0.0116244182169003,True,10,0.08481841,0.13307382,-0.0060065650643163,0.0574804284671299,0.1673772662441196,1.2577775722085651,0.0814907376562025,-0.0092656933896878,0.1569613241800004
semisynthetic_predicted_phi10,0,500,10,raw_x,econml_dml,predicted,none,0.0344794392585754,-0.0060274819736826,-0.0013655775049185,True,260,0.08481841,0.13307382,-0.0060274819736826,0.2268066766790683,0.2761876248685999,2.075446732261837,0.0186084579463929,0.0411430931755578,0.1089348148117897
semisynthetic_predicted_phi10,0,500,10,raw_x_s,econml_dml,predicted,none,0.0344794392585754,0.0321360191660173,0.0167886813899705,True,260,0.08481841,0.13307382,0.0321360191660173,0.3414313045889903,0.3548959394203706,2.666910286488887,0.1222421589264962,0.2220141112101429,0.2425998588677101
semisynthetic_predicted_phi10,0,750,10,encoder_pred,econml_dml,predicted,none,0.1015726923942565,0.0396029374591561,0.0405205357288818,True,10,0.08481841,0.13307382,0.0396029374591561,0.0748058413517032,0.1383537506744707,1.039676704812943,0.3117741003507627,0.4781372914702462,0.4317972247935168
semisynthetic_predicted_phi10,0,750,10,mi_mine_cond,econml_dml,predicted,none,0.1015726923942565,0.0612619310599161,0.0572281020330468,True,10,0.08481841,0.13307382,0.0612619310599161,0.0968133649706486,0.1322104318932324,0.9935119612049343,0.394183168258731,0.564107416163315,0.5156777976038074
semisynthetic_predicted_phi10,0,750,10,mi_infonce_cond,econml_dml,predicted,none,0.1015726923942565,0.0436139369582322,0.0419695109402382,True,10,0.08481841,0.13307382,0.0436139369582322,0.0670407083303112,0.1379662466917876,1.0367647572737269,0.2727286215704434,0.3169414057883644,0.4592344327481189
semisynthetic_predicted_phi10,0,750,10,autoencoder,econml_dml,predicted,none,0.1015726923942565,0.0588766860563766,0.059756919391654,True,10,0.08481841,0.13307382,0.0588766860563766,0.0926096475311051,0.1521457422220866,1.1433183643641296,0.1545707579790738,0.3101007395093753,0.253379425394103
semisynthetic_predicted_phi10,0,750,10,pls,econml_dml,predicted,none,0.1015726923942565,0.0325706560952988,0.0331181979055683,True,10,0.08481841,0.13307382,0.0325706560952988,0.0692855007870401,0.1377660167441462,1.035260104084682,0.3394477569872403,0.4366747741299331,0.4818594683094906
semisynthetic_predicted_phi10,0,750,10,pca,econml_dml,predicted,none,0.1015726923942565,0.0456957538523016,0.0432070902773527,True,10,0.08481841,0.13307382,0.0456957538523016,0.0850774706655072,0.1508454571752879,1.1335472084237752,0.1644225981387021,0.3460245630307872,0.2327787614676572
semisynthetic_predicted_phi10,0,750,10,ica,econml_dml,predicted,none,0.1015726923942565,0.0447708310448019,0.0475780756135353,True,10,0.08481841,0.13307382,0.0447708310448019,0.0726715186765209,0.1455081113274528,1.0934390500509628,0.1768743838626156,0.3687276170108234,0.2408906734584412
semisynthetic_predicted_phi10,0,750,10,raw_x,econml_dml,predicted,none,0.1015726923942565,0.0078648502323442,-0.0039421523361395,True,278,0.08481841,0.13307382,0.0078648502323442,0.178298836406846,0.2404313459869551,1.8067516660072969,-0.0502860375142998,-0.0878679390003361,0.0762953215232143
semisynthetic_predicted_phi10,0,750,10,raw_x_s,econml_dml,predicted,none,0.1015726923942565,0.0576769248188854,0.0472247205247472,True,278,0.08481841,0.13307382,0.0576769248188854,0.3347062621558851,0.3414017138141383,2.565506226650278,0.1562444300936312,0.1349224442772258,0.274709200361677
semisynthetic_predicted_phi10,0,1000,10,encoder_pred,econml_dml,predicted,none,0.1022775173187255,0.0170833915061582,0.0145788736855675,True,10,0.08481841,0.13307382,0.0170833915061582,0.0510345758660129,0.1417504778341626,1.065201839356251,0.3539792248667498,0.3656510348042478,0.4983320160503233
semisynthetic_predicted_phi10,0,1000,10,mi_mine_cond,econml_dml,predicted,none,0.1022775173187255,0.0220174767759548,0.0157834643781898,True,10,0.08481841,0.13307382,0.0220174767759548,0.0810385984528784,0.1474719759028794,1.1081967580315906,0.3000649422371145,0.466900396643728,0.5053271741707226
semisynthetic_predicted_phi10,0,1000,10,mi_infonce_cond,econml_dml,predicted,none,0.1022775173187255,0.0111577595589188,0.0090160990031021,True,10,0.08481841,0.13307382,0.0111577595589188,0.0658012392539256,0.1467221748514885,1.1025622834866282,0.3390049003886209,0.5101448592690275,0.4838381264145093
semisynthetic_predicted_phi10,0,1000,10,autoencoder,econml_dml,predicted,none,0.1022775173187255,0.0092131595759935,0.0089159011121019,True,10,0.08481841,0.13307382,0.0092131595759935,0.0316273601496365,0.1546569497752356,1.162189150166694,0.0601498199171924,0.0864730813819495,0.1779775267280883
semisynthetic_predicted_phi10,0,1000,10,pls,econml_dml,predicted,none,0.1022775173187255,0.0171861323442337,0.0160670298187255,True,10,0.08481841,0.13307382,0.0171861323442337,0.061137181180223,0.1522845231174782,1.144361250901779,0.1739202465633378,0.1718188517876482,0.4403070552773405
semisynthetic_predicted_phi10,0,1000,10,pca,econml_dml,predicted,none,0.1022775173187255,0.0229216484260241,0.0199562266172704,True,10,0.08481841,0.13307382,0.0229216484260241,0.0762018549717094,0.1550485434859036,1.165131830482537,0.1630359625736366,0.1659963711482181,0.3180571539006584
semisynthetic_predicted_phi10,0,1000,10,ica,econml_dml,predicted,none,0.1022775173187255,0.0204009112478922,0.0170079720614057,True,10,0.08481841,0.13307382,0.0204009112478922,0.0707040638548301,0.1501744451677732,1.128504804083728,0.2287714509051394,0.4525485177275767,0.4095090465692424
semisynthetic_predicted_phi10,0,1000,10,raw_x,econml_dml,predicted,none,0.1022775173187255,-0.0034734899007818,-0.0060667038513645,True,284,0.08481841,0.13307382,-0.0034734899007818,0.1686698144531858,0.2294284038962949,1.7240686702786088,0.0293202092441866,0.0754412513709238,0.1888982518922206
semisynthetic_predicted_phi10,0,1000,10,raw_x_s,econml_dml,predicted,none,0.1022775173187255,0.0578295759400378,0.0421646339991537,True,284,0.08481841,0.13307382,0.0578295759400378,0.2774890601534933,0.2806755806343611,2.10917204176119,0.2255619010746389,0.19666334202507,0.3452927348883355
semisynthetic_predicted_phi10,1,100,10,encoder_pred,econml_dml,predicted,none,0.0156062245368957,0.0651177693818463,0.0749494877949321,True,10,0.08496582,0.13391817,0.0651177693818463,0.1491718257107091,0.1722782680351847,1.2864443117404067,0.2728275378689436,0.3346452412572407,0.4591523454033082
semisynthetic_predicted_phi10,1,100,10,mi_mine_cond,econml_dml,predicted,none,0.0156062245368957,0.0191477711499745,0.0197777739581968,True,10,0.08496582,0.13391817,0.0191477711499745,0.0817644279987976,0.1486610938066082,1.11008904771181,0.3128562778123778,0.3525726819370457,0.4669241272840526
semisynthetic_predicted_phi10,1,100,10,mi_infonce_cond,econml_dml,predicted,none,0.0156062245368957,0.0165647788815248,0.0197524751737757,True,10,0.08496582,0.13391817,0.0165647788815248,0.1311410491323535,0.1778925230180041,1.3283673381887169,0.2324599626742684,0.3698047086535199,0.3424407119863374
semisynthetic_predicted_phi10,1,100,10,autoencoder,econml_dml,predicted,none,0.0156062245368957,0.0623883584013491,0.0484803782012403,True,10,0.08496582,0.13391817,0.0623883584013491,0.1485501236562264,0.1883569618083005,1.406507883196885,0.1264884412616871,0.3306883598330383,0.1705207416919088
semisynthetic_predicted_phi10,1,100,10,pls,econml_dml,predicted,none,0.0156062245368957,0.0724660272069512,0.0758439771567291,True,10,0.08496582,0.13391817,0.0724660272069512,0.2037488147277172,0.2264070810958036,1.690637507186692,0.1528958871178305,0.2800432672055584,0.3948298471755907
semisynthetic_predicted_phi10,1,100,10,pca,econml_dml,predicted,none,0.0156062245368957,0.1202079329642918,0.0971822301231247,True,10,0.08496582,0.13391817,0.1202079329642918,0.1410695726022366,0.1884365011776316,1.4071018232823194,0.0944429559859549,0.0903961511182279,0.1296566864011225
semisynthetic_predicted_phi10,1,100,10,ica,econml_dml,predicted,none,0.0156062245368957,0.087130717024672,0.059701433352043,True,10,0.08496582,0.13391817,0.087130717024672,0.1356193420188997,0.1714306832384156,1.280115187046057,0.1911388944604183,0.241647636091147,0.1865103779066761
semisynthetic_predicted_phi10,1,100,10,raw_x,econml_dml,predicted,none,0.0156062245368957,0.0234219989466946,-0.0096490786294063,True,198,0.08496582,0.13391817,0.0234219989466946,0.5383513826381838,0.5370808350760151,4.01051504120774,0.1601227207692482,0.1513105417928387,0.2344872143789394
semisynthetic_predicted_phi10,1,100,10,raw_x_s,econml_dml,predicted,none,0.0156062245368957,0.1022641965740975,0.0720011820900859,True,198,0.08496582,0.13391817,0.1022641965740975,0.6103487140678693,0.6037346822055598,4.5082357547565035,0.1606577535244489,0.154762110356434,0.2577161466963965
semisynthetic_predicted_phi10,1,250,10,encoder_pred,econml_dml,predicted,none,0.1282249689102172,0.0316928266199963,0.0333947870676417,True,10,0.08496582,0.13391817,0.0316928266199963,0.0950504702416321,0.1414668464396765,1.056367828500617,0.3847050982180682,0.5568587954166818,0.467539524929534
semisynthetic_predicted_phi10,1,250,10,mi_mine_cond,econml_dml,predicted,none,0.1282249689102172,0.0329035405698282,0.0346104871003602,True,10,0.08496582,0.13391817,0.0329035405698282,0.0970564496090107,0.1433491717061333,1.0704236154521325,0.3660487289840419,0.5257704760962173,0.4698045053780237
semisynthetic_predicted_phi10,1,250,10,mi_infonce_cond,econml_dml,predicted,none,0.1282249689102172,0.0283152019085709,0.0275118116853125,True,10,0.08496582,0.13391817,0.0283152019085709,0.0937520860411629,0.1464800179972922,1.0938024167840126,0.3375688369548139,0.4785812541057697,0.5127687083609417
semisynthetic_predicted_phi10,1,250,10,autoencoder,econml_dml,predicted,none,0.1282249689102172,0.0540257768450193,0.0497075272037951,True,10,0.08496582,0.13391817,0.0540257768450193,0.1397408062062101,0.1712302647307056,1.2786186126252,0.2431103085354972,0.4532748189969154,0.3016260734898421
semisynthetic_predicted_phi10,1,250,10,pls,econml_dml,predicted,none,0.1282249689102172,0.0507995865473157,0.0526959717790234,True,10,0.08496582,0.13391817,0.0507995865473157,0.1353183425860442,0.1613934075376987,1.205164374167439,0.3135660957657858,0.4727947935736493,0.3922885819226562
semisynthetic_predicted_phi10,1,250,10,pca,econml_dml,predicted,none,0.1282249689102172,0.0141444270139441,0.0169039645664553,True,10,0.08496582,0.13391817,0.0141444270139441,0.1097934510032772,0.1652201082549113,1.2337392920983865,0.2620718890575534,0.5125607829454386,0.3940829797164209
semisynthetic_predicted_phi10,1,250,10,ica,econml_dml,predicted,none,0.1282249689102172,0.0374668269295135,0.0433121414899012,True,10,0.08496582,0.13391817,0.0374668269295135,0.1088490448338356,0.1600476625507226,1.195115364485063,0.2203179607255115,0.2910856537719389,0.2976280698490531
semisynthetic_predicted_phi10,1,250,10,raw_x,econml_dml,predicted,none,0.1282249689102172,-0.0031394083456432,-0.0086104342063717,True,236,0.08496582,0.13391817,-0.0031394083456432,0.4192033510740692,0.4578952546795047,3.4192167849926913,-0.0733894091838766,-0.0604274460490751,0.0396108969184499
semisynthetic_predicted_phi10,1,250,10,raw_x_s,econml_dml,predicted,none,0.1282249689102172,0.1099944196025192,0.1001785936098116,True,236,0.08496582,0.13391817,0.1099944196025192,0.6100845202743528,0.6042927703760731,4.5124031367518915,0.1566305833403988,0.2111779402167365,0.2347975888436169
semisynthetic_predicted_phi10,1,500,10,encoder_pred,econml_dml,predicted,none,0.0834414362907409,0.0237776209886787,0.0226920096276608,True,10,0.08496582,0.13391817,0.0237776209886787,0.0787737725982749,0.1464486418523022,1.0935681233719232,0.3050539184273655,0.4463554939094259,0.3393554656048045
semisynthetic_predicted_phi10,1,500,10,mi_mine_cond,econml_dml,predicted,none,0.0834414362907409,0.0349111964971493,0.0275569148827173,True,10,0.08496582,0.13391817,0.0349111964971493,0.1188543092618419,0.1609471986570906,1.2018324224195311,0.272099708552419,0.3921969487434806,0.3665903954562446
semisynthetic_predicted_phi10,1,500,10,mi_infonce_cond,econml_dml,predicted,none,0.0834414362907409,0.0359937344856234,0.0312648244813677,True,10,0.08496582,0.13391817,0.0359937344856234,0.0730140630351031,0.1414445642544925,1.056201441928997,0.2892657736797387,0.5012202778827282,0.34157512530345
semisynthetic_predicted_phi10,1,500,10,autoencoder,econml_dml,predicted,none,0.0834414362907409,0.0418872943330895,0.0405981959616497,True,10,0.08496582,0.13391817,0.0418872943330895,0.0965047622701656,0.1655510898269784,1.2362108131180287,0.0656095029027786,0.0433111437240808,0.0975423105700838
semisynthetic_predicted_phi10,1,500,10,pls,econml_dml,predicted,none,0.0834414362907409,0.0145769578167856,0.0107642999300276,True,10,0.08496582,0.13391817,0.0145769578167856,0.0790604760848181,0.1569078504627154,1.1716696133371254,0.2134165449058897,0.2085132278225683,0.3787866981220858
semisynthetic_predicted_phi10,1,500,10,pca,econml_dml,predicted,none,0.0834414362907409,0.0348260395750043,0.0335042054075139,True,10,0.08496582,0.13391817,0.0348260395750043,0.0786983699497634,0.1481265690498297,1.106097619537586,0.2229795402137876,0.3668594626817079,0.3029403752353284
semisynthetic_predicted_phi10,1,500,10,ica,econml_dml,predicted,none,0.0834414362907409,0.0312856859295115,0.0308772120117395,True,10,0.08496582,0.13391817,0.0312856859295115,0.081441149304457,0.1523052341095335,1.1373007420093446,0.1949034169242328,0.291111758704039,0.3427525398861412
semisynthetic_predicted_phi10,1,500,10,raw_x,econml_dml,predicted,none,0.0834414362907409,-0.0092291430000487,-0.0072155851973413,True,254,0.08496582,0.13391817,-0.0092291430000487,0.2271274311269749,0.276731042781316,2.0664189391276477,0.0298122213670039,0.0195747786158243,0.1863833344635993
semisynthetic_predicted_phi10,1,500,10,raw_x_s,econml_dml,predicted,none,0.0834414362907409,0.0208619320187591,0.0390966341007099,True,254,0.08496582,0.13391817,0.0208619320187591,0.4472986796523159,0.4575726193849331,3.416807587685324,0.1063980670705241,0.1029749327185471,0.2872536481139086
semisynthetic_predicted_phi10,1,750,10,encoder_pred,econml_dml,predicted,none,0.0584897398948669,0.0504044611464477,0.048099313746209,True,10,0.08496582,0.13391817,0.0504044611464477,0.0798480652927958,0.1361505978326091,1.0166700891492857,0.3257842268320772,0.5223907485971347,0.365744826538959
semisynthetic_predicted_phi10,1,750,10,mi_mine_cond,econml_dml,predicted,none,0.0584897398948669,0.0288040832172147,0.0259597539776473,True,10,0.08496582,0.13391817,0.0288040832172147,0.0513627237496544,0.135441179777825,1.0113726895896575,0.3912269271237222,0.564028463566192,0.4889985035894397
semisynthetic_predicted_phi10,1,750,10,mi_infonce_cond,econml_dml,predicted,none,0.0584897398948669,0.0340704867656583,0.0331314657200643,True,10,0.08496582,0.13391817,0.0340704867656583,0.0615951416047719,0.1402812652613792,1.0475148014745068,0.2812281558660036,0.4918794200633681,0.3994024862130942
semisynthetic_predicted_phi10,1,750,10,autoencoder,econml_dml,predicted,none,0.0584897398948669,0.049316021540082,0.0434456131179167,True,10,0.08496582,0.13391817,0.049316021540082,0.0732828065162992,0.1478496826771778,1.1040300407120094,0.138366223628501,0.3347225179785161,0.217727653938682
semisynthetic_predicted_phi10,1,750,10,pls,econml_dml,predicted,none,0.0584897398948669,0.0175757719815063,0.0139722040474624,True,10,0.08496582,0.13391817,0.0175757719815063,0.0682657547619404,0.1459425425577691,1.0897889551340878,0.3192116303015039,0.4432961613441565,0.3788719222726678
semisynthetic_predicted_phi10,1,750,10,pca,econml_dml,predicted,none,0.0584897398948669,0.0385659849214491,0.0372623730644049,True,10,0.08496582,0.13391817,0.0385659849214491,0.0653847591097673,0.1549070038034278,1.1567287979176224,0.0208998412215846,0.1736411467402157,0.0686217923636452
semisynthetic_predicted_phi10,1,750,10,ica,econml_dml,predicted,none,0.0584897398948669,0.0421792192458837,0.0392713503165685,True,10,0.08496582,0.13391817,0.0421792192458837,0.0705077905367945,0.1521610003101326,1.1362237126607435,0.0838329201847655,0.2846546100477216,0.1292450339342417
semisynthetic_predicted_phi10,1,750,10,raw_x,econml_dml,predicted,none,0.0584897398948669,0.0110108421082317,0.0047820405791624,True,279,0.08496582,0.13391817,0.0110108421082317,0.1746749719488313,0.2288319839542499,1.7087448548188038,0.0331453647129215,0.106000764732393,0.1456005724420309
semisynthetic_predicted_phi10,1,750,10,raw_x_s,econml_dml,predicted,none,0.0584897398948669,0.0704969990094126,0.0507423949633512,True,279,0.08496582,0.13391817,0.0704969990094126,0.3148629995078423,0.3208528003230633,2.395886983245539,0.1699906713112851,0.239061581765709,0.2723484066337553
semisynthetic_predicted_phi10,1,1000,10,encoder_pred,econml_dml,predicted,none,0.0511506795883178,0.0275080971849301,0.0249598686829362,True,10,0.08496582,0.13391817,0.0275080971849301,0.068580558762599,0.1345986754554501,1.00508150205047,0.4258383592891753,0.5032059467119515,0.5798084035570975
semisynthetic_predicted_phi10,1,1000,10,mi_mine_cond,econml_dml,predicted,none,0.0511506795883178,0.0340321807885412,0.0321312053065021,True,10,0.08496582,0.13391817,0.0340321807885412,0.0801731469872597,0.1325142756728547,0.9895167748547844,0.4375675331550065,0.6273451586243912,0.5346909364347084
semisynthetic_predicted_phi10,1,1000,10,mi_infonce_cond,econml_dml,predicted,none,0.0511506795883178,0.0408720340381146,0.0391942623737379,True,10,0.08496582,0.13391817,0.0408720340381146,0.0475188574691184,0.1334914205485149,0.996813356608106,0.3391471418561177,0.4791477584693632,0.4792733048990772
semisynthetic_predicted_phi10,1,1000,10,autoencoder,econml_dml,predicted,none,0.0511506795883178,0.0356318051473154,0.0346489349389298,True,10,0.08496582,0.13391817,0.0356318051473154,0.0634776518056091,0.1482532914750416,1.1070438871367612,0.1422390155408157,0.3292437079415987,0.2844365605131603
semisynthetic_predicted_phi10,1,1000,10,pls,econml_dml,predicted,none,0.0511506795883178,0.0110515646819513,0.0095055790240522,True,10,0.08496582,0.13391817,0.0110515646819513,0.0550281582636061,0.1454464651061,1.0860846224683325,0.3576213200980694,0.476620695008898,0.5333007918017274
semisynthetic_predicted_phi10,1,1000,10,pca,econml_dml,predicted,none,0.0511506795883178,0.0246906791320555,0.0236877322816418,True,10,0.08496582,0.13391817,0.0246906791320555,0.0492742199827302,0.1456678353996504,1.0877376490408313,0.210343899322431,0.4585754046172066,0.3908315792738697
semisynthetic_predicted_phi10,1,1000,10,ica,econml_dml,predicted,none,0.0511506795883178,0.0364921321399962,0.0370614362404688,True,10,0.08496582,0.13391817,0.0364921321399962,0.0497404224329065,0.1469264458217709,1.0971360034397943,0.087860448446193,0.0537607397044115,0.2145736997148195
semisynthetic_predicted_phi10,1,1000,10,raw_x,econml_dml,predicted,none,0.0511506795883178,-0.0013172186978586,0.001154165177479,True,272,0.08496582,0.13391817,-0.0013172186978586,0.1413121940747077,0.2095737247504039,1.564938684200986,0.0376983596028528,0.0907811299571413,0.1738658887001001
semisynthetic_predicted_phi10,1,1000,10,raw_x_s,econml_dml,predicted,none,0.0511506795883178,0.0264040780805933,0.0290178336740198,True,272,0.08496582,0.13391817,0.0264040780805933,0.2458568293678527,0.2667263807555249,1.991711660602328,0.1619782770671196,0.2061254095326253,0.3360786300475448
semisynthetic_predicted_phi10,2,100,10,encoder_pred,econml_dml,predicted,none,0.0260103940963745,0.0419783769446893,0.0433219334872189,True,10,0.084778905,0.1312038,0.0419783769446893,0.0852557289007656,0.1500949385302991,1.1439831661148463,0.1692478637605949,0.3981704666168358,0.375107675525212
semisynthetic_predicted_phi10,2,100,10,mi_mine_cond,econml_dml,predicted,none,0.0260103940963745,0.0407439943115047,0.0514100827539442,True,10,0.084778905,0.1312038,0.0407439943115047,0.0631650405234249,0.140964646230443,1.0743945391097138,0.1974240725819002,0.3572504697359337,0.2366073275781
semisynthetic_predicted_phi10,2,100,10,mi_infonce_cond,econml_dml,predicted,none,0.0260103940963745,0.0356453178163814,0.0239535504597009,True,10,0.084778905,0.1312038,0.0356453178163814,0.216039696482774,0.2207121428026334,1.6822084634944523,0.310243514506641,0.3252181924832398,0.4538548912766031
semisynthetic_predicted_phi10,2,100,10,autoencoder,econml_dml,predicted,none,0.0260103940963745,0.0439588420740772,0.0389435905132975,True,10,0.084778905,0.1312038,0.0439588420740772,0.1174609767135367,0.1655782117868698,1.2619925016414906,0.1707072889208811,0.2730053827920645,0.2214427445638301
semisynthetic_predicted_phi10,2,100,10,pls,econml_dml,predicted,none,0.0260103940963745,0.0243017175620684,0.0259647133201987,True,10,0.084778905,0.1312038,0.0243017175620684,0.1603762977127806,0.1768266304368881,1.3477249167850944,0.3641488872546726,0.3769058957513124,0.4540847513185718
semisynthetic_predicted_phi10,2,100,10,pca,econml_dml,predicted,none,0.0260103940963745,0.0122659565172123,0.0107510583822878,True,10,0.084778905,0.1312038,0.0122659565172123,0.0815300540711021,0.1637712032511178,1.2482199696283018,0.1074458350252772,0.2940847896519851,0.1295146137787056
semisynthetic_predicted_phi10,2,100,10,ica,econml_dml,predicted,none,0.0260103940963745,-0.005945046191569,-0.0049213739943473,True,10,0.084778905,0.1312038,-0.005945046191569,0.1133363480695181,0.1919432458673027,1.46293968518673,0.0486945227260199,0.1536490278133367,0.1157876971812253
semisynthetic_predicted_phi10,2,100,10,raw_x,econml_dml,predicted,none,0.0260103940963745,0.0092899017146694,-0.0156534869951755,True,201,0.084778905,0.1312038,0.0092899017146694,0.4710572947321427,0.4996401525863572,3.808122574089753,-0.0390932683040092,-0.0354296046674888,0.0780717751751154
semisynthetic_predicted_phi10,2,100,10,raw_x_s,econml_dml,predicted,none,0.0260103940963745,0.044083311254741,0.0418409904083711,True,201,0.084778905,0.1312038,0.044083311254741,0.5245685898008388,0.5348993051023307,4.076858331102687,0.057576913422925,0.0693057985070415,0.1164362020833837
semisynthetic_predicted_phi10,2,250,10,encoder_pred,econml_dml,predicted,none,0.0579254627227783,0.0076962651184919,-0.0023019558678945,True,10,0.084778905,0.1312038,0.0076962651184919,0.1021904343029653,0.1666937775788076,1.2704950434271542,0.2167488885578786,0.3682759712987272,0.2862900777305788
semisynthetic_predicted_phi10,2,250,10,mi_mine_cond,econml_dml,predicted,none,0.0579254627227783,-0.0146383008020566,-0.0163353767131738,True,10,0.084778905,0.1312038,-0.0146383008020566,0.0754546395544164,0.166837706410614,1.271592030189781,0.2503450836655685,0.3251315569739012,0.3099810442712322
semisynthetic_predicted_phi10,2,250,10,mi_infonce_cond,econml_dml,predicted,none,0.0579254627227783,0.0213440828098246,0.0134256877151667,True,10,0.084778905,0.1312038,0.0213440828098246,0.0765182598337953,0.1523168488258795,1.160917967512218,0.1938861867466618,0.4208370161905462,0.1647668284150538
semisynthetic_predicted_phi10,2,250,10,autoencoder,econml_dml,predicted,none,0.0579254627227783,-0.0113154315874594,-0.01170257519668,True,10,0.084778905,0.1312038,-0.0113154315874594,0.0882522027322548,0.1785876515664427,1.3611469451833158,0.1011942207654485,0.3216943781288318,0.1880228946512871
semisynthetic_predicted_phi10,2,250,10,pls,econml_dml,predicted,none,0.0579254627227783,-0.0415405289662021,-0.0422437974564645,True,10,0.084778905,0.1312038,-0.0415405289662021,0.1064510992875708,0.1836507637848083,1.399736621841809,0.3857461532563435,0.4950754223410629,0.5153739558228077
semisynthetic_predicted_phi10,2,250,10,pca,econml_dml,predicted,none,0.0579254627227783,-0.0074580546746841,-0.0108320343347406,True,10,0.084778905,0.1312038,-0.0074580546746841,0.0976783416173113,0.163782286411247,1.248304442487543,0.3292238874524482,0.5078023963995618,0.3531446895747522
semisynthetic_predicted_phi10,2,250,10,ica,econml_dml,predicted,none,0.0579254627227783,-0.0123466408429383,-0.0195782043804682,True,10,0.084778905,0.1312038,-0.0123466408429383,0.1014918790144088,0.1774961867675683,1.3528280946707971,0.2043956473986556,0.435534241143077,0.2310176714143311
semisynthetic_predicted_phi10,2,250,10,raw_x,econml_dml,predicted,none,0.0579254627227783,0.0484806834875792,0.0211212384860133,True,257,0.084778905,0.1312038,0.0484806834875792,0.4427117820082385,0.4537784038331532,3.4585766862937906,0.074122499862506,0.0839570713624358,0.1733659248273027
semisynthetic_predicted_phi10,2,250,10,raw_x_s,econml_dml,predicted,none,0.0579254627227783,0.0466509709027228,0.0196861619705724,True,257,0.084778905,0.1312038,0.0466509709027228,0.5632463083321321,0.5656049879825445,4.310888769856852,0.1082920555767168,0.1179134235524918,0.2125378510034042
semisynthetic_predicted_phi10,2,500,10,encoder_pred,econml_dml,predicted,none,0.034928560256958,0.0255862115379918,0.0163901511589686,True,10,0.084778905,0.1312038,0.0255862115379918,0.105150854419058,0.1367690894211302,1.0424171359452257,0.4736499313038427,0.6654551039230931,0.575340356759981
semisynthetic_predicted_phi10,2,500,10,mi_mine_cond,econml_dml,predicted,none,0.034928560256958,0.0303618212310769,0.0240016045946045,True,10,0.084778905,0.1312038,0.0303618212310769,0.1006396401341973,0.1415405729179036,1.0787840970909657,0.3888982015398635,0.5744951552019713,0.4588889068012241
semisynthetic_predicted_phi10,2,500,10,mi_infonce_cond,econml_dml,predicted,none,0.034928560256958,0.0231582410773625,0.0155920258221207,True,10,0.084778905,0.1312038,0.0231582410773625,0.0766778539342468,0.1368250288499599,1.0428434911943094,0.4060438543663788,0.6487727137084234,0.5658821063831502
semisynthetic_predicted_phi10,2,500,10,autoencoder,econml_dml,predicted,none,0.034928560256958,0.0273850833369048,0.0257186784243441,True,10,0.084778905,0.1312038,0.0273850833369048,0.0815435229073605,0.152897253323255,1.1653416541537287,0.1766673315022174,0.343078606264416,0.2643409290590919
semisynthetic_predicted_phi10,2,500,10,pls,econml_dml,predicted,none,0.034928560256958,-0.0006467722610927,-0.0118519564716377,True,10,0.084778905,0.1312038,-0.0006467722610927,0.134100853275835,0.1734373229440191,1.3218925286006895,0.3527945677460288,0.4480164370218326,0.4678864295252604
semisynthetic_predicted_phi10,2,500,10,pca,econml_dml,predicted,none,0.034928560256958,0.0135024495516305,0.0049836616560463,True,10,0.084778905,0.1312038,0.0135024495516305,0.1144428582528482,0.1615479474245947,1.231274912956749,0.3094901632841232,0.5982663682812945,0.4174905221356161
semisynthetic_predicted_phi10,2,500,10,ica,econml_dml,predicted,none,0.034928560256958,0.0338097656787505,0.0239006548213167,True,10,0.084778905,0.1312038,0.0338097656787505,0.1204861727102044,0.1548876875097994,1.180512207038206,0.3270133161079684,0.5685580053314816,0.4392891400198289
semisynthetic_predicted_phi10,2,500,10,raw_x,econml_dml,predicted,none,0.034928560256958,-0.0241834768290801,-0.0177028826477714,True,254,0.084778905,0.1312038,-0.0241834768290801,0.2536265790465098,0.3133928705831202,2.3885959902313822,-0.0721435969753435,-0.1171311296284956,0.093101579061913
semisynthetic_predicted_phi10,2,500,10,raw_x_s,econml_dml,predicted,none,0.034928560256958,0.0157155336189078,0.0228044826624337,True,254,0.084778905,0.1312038,0.0157155336189078,0.3525782352256661,0.3723846275499832,2.838215261676744,0.08241842600851,0.1189803524502707,0.2142723472055413
semisynthetic_predicted_phi10,2,750,10,encoder_pred,econml_dml,predicted,none,0.0816521048545837,0.0340040598444042,0.02895925019778,True,10,0.084778905,0.1312038,0.0340040598444042,0.1029213889719846,0.1301966897259634,0.9923240769395656,0.4974258503026846,0.6245343154524995,0.6365474779879791
semisynthetic_predicted_phi10,2,750,10,mi_mine_cond,econml_dml,predicted,none,0.0816521048545837,0.0255088775333366,0.024604396779388,True,10,0.084778905,0.1312038,0.0255088775333366,0.0523508120642591,0.1319103143453541,1.005384861912186,0.4416931632009544,0.6120471114534691,0.4918471558346297
semisynthetic_predicted_phi10,2,750,10,mi_infonce_cond,econml_dml,predicted,none,0.0816521048545837,0.0172207824354651,0.0135933409893387,True,10,0.084778905,0.1312038,0.0172207824354651,0.0787067975580023,0.1410751528753307,1.0752367909719898,0.3907904902007032,0.5806799837747193,0.4984740033800576
semisynthetic_predicted_phi10,2,750,10,autoencoder,econml_dml,predicted,none,0.0816521048545837,0.0102699604962804,0.0086322264297076,True,10,0.084778905,0.1312038,0.0102699604962804,0.0656410450218726,0.150851945843861,1.1497528718212509,0.2507129262292167,0.4541001319984102,0.2612514542577173
semisynthetic_predicted_phi10,2,750,10,pls,econml_dml,predicted,none,0.0816521048545837,0.0087118537879889,0.0055570726120985,True,10,0.084778905,0.1312038,0.0087118537879889,0.0879827995082938,0.1506447472906146,1.1481736602950114,0.3485789726787755,0.4824687158563706,0.5152864316747406
semisynthetic_predicted_phi10,2,750,10,pca,econml_dml,predicted,none,0.0816521048545837,-0.0088940714575352,-0.0114944202081549,True,10,0.084778905,0.1312038,-0.0088940714575352,0.0700308049762595,0.1638172518975834,1.248570940000087,0.2207852330010739,0.4026406466765482,0.2665201661548217
semisynthetic_predicted_phi10,2,750,10,ica,econml_dml,predicted,none,0.0816521048545837,0.0018964087983791,-0.0012782439721232,True,10,0.084778905,0.1312038,0.0018964087983791,0.0702963829746197,0.1569897979785234,1.1965339264451444,0.2374312965753898,0.3954301630462103,0.2709340566334303
semisynthetic_predicted_phi10,2,750,10,raw_x,econml_dml,predicted,none,0.0816521048545837,-0.0024251432916732,-0.007107676548017,True,276,0.084778905,0.1312038,-0.0024251432916732,0.1862600918607063,0.2478710633875285,1.8892064359990224,-0.0394520112687196,-0.0164223693429688,0.0674988849571313
semisynthetic_predicted_phi10,2,750,10,raw_x_s,econml_dml,predicted,none,0.0816521048545837,0.0126602415100055,-0.0009959968298402,True,276,0.084778905,0.1312038,0.0126602415100055,0.2769491806401636,0.2992376403190899,2.2807086404440264,0.1317290742471768,0.1378265094860212,0.2496459403035603
semisynthetic_predicted_phi10,2,1000,10,encoder_pred,econml_dml,predicted,none,0.0646856427192688,0.01366216178347,0.0141955980483369,True,10,0.084778905,0.1312038,0.01366216178347,0.062673389293869,0.1341458643445267,1.0224236214540028,0.4988983506676944,0.6058447159510917,0.6016362918241832
semisynthetic_predicted_phi10,2,1000,10,mi_mine_cond,econml_dml,predicted,none,0.0646856427192688,0.03092645916647,0.0314673001268088,True,10,0.084778905,0.1312038,0.03092645916647,0.0514735859688188,0.1336650201133887,1.018758756327094,0.3626041113765942,0.5487891984957972,0.3900538176112288
semisynthetic_predicted_phi10,2,1000,10,mi_infonce_cond,econml_dml,predicted,none,0.0646856427192688,-0.0023678814860589,-0.0030874981199846,True,10,0.084778905,0.1312038,-0.0023678814860589,0.0537737559277191,0.1465534866081837,1.1169911740984917,0.4409928231199486,0.6025699471907471,0.5334579360153473
semisynthetic_predicted_phi10,2,1000,10,autoencoder,econml_dml,predicted,none,0.0646856427192688,0.024672954467069,0.0256333805354902,True,10,0.084778905,0.1312038,0.024672954467069,0.0426251319287274,0.1458563471338044,1.1116777649260496,0.1224828715593344,0.2645681797989704,0.1676587189635206
semisynthetic_predicted_phi10,2,1000,10,pls,econml_dml,predicted,none,0.0646856427192688,0.0155026768845254,0.0167268142338585,True,10,0.084778905,0.1312038,0.0155026768845254,0.061095242552741,0.1349779634031336,1.0287656562015248,0.4695158828038801,0.6011513125913955,0.5576608818780009
semisynthetic_predicted_phi10,2,1000,10,pca,econml_dml,predicted,none,0.0646856427192688,0.015990676655145,0.0154000719464454,True,10,0.084778905,0.1312038,0.015990676655145,0.0620606580880369,0.1457673200553638,1.1109992245298062,0.2793747989235642,0.4513747346838877,0.3364040673539629
semisynthetic_predicted_phi10,2,1000,10,ica,econml_dml,predicted,none,0.0646856427192688,0.0102437589086925,0.0092452635543283,True,10,0.084778905,0.1312038,0.0102437589086925,0.046073440550113,0.1498406239887174,1.142044849224774,0.2018585836419587,0.2701736403379096,0.211429995459223
semisynthetic_predicted_phi10,2,1000,10,raw_x,econml_dml,predicted,none,0.0646856427192688,0.0001012808222189,0.0108902156619476,True,290,0.084778905,0.1312038,0.0001012808222189,0.1658187123939441,0.2348319025837497,1.7898254668214617,-0.0750467248582355,-0.0672897875294738,0.0670186440541346
semisynthetic_predicted_phi10,2,1000,10,raw_x_s,econml_dml,predicted,none,0.0646856427192688,0.0569300289006697,0.0408383982908892,True,290,0.084778905,0.1312038,0.0569300289006697,0.2822877235466961,0.281120080539274,2.1426214830612684,0.251744801875568,0.2742750684375378,0.3767134044273919
semisynthetic_predicted_phi10,3,100,10,encoder_pred,econml_dml,predicted,none,0.0942472219467163,-0.028468327580602,-0.0085088948530874,True,10,0.08406847,0.1318516,-0.028468327580602,0.2148753229092429,0.2588492220573504,1.9631860520262965,0.162677778935595,0.1994993495238577,0.455482356420797
semisynthetic_predicted_phi10,3,100,10,mi_mine_cond,econml_dml,predicted,none,0.0942472219467163,0.0106091428910756,0.028777348503207,True,10,0.08406847,0.1318516,0.0106091428910756,0.1871571498268117,0.2205558310880236,1.6727580938572126,0.1856800691137748,0.1864351216639639,0.344194492907644
semisynthetic_predicted_phi10,3,100,10,mi_infonce_cond,econml_dml,predicted,none,0.0942472219467163,0.0252099027232857,0.0300236163266319,True,10,0.08406847,0.1318516,0.0252099027232857,0.1059694695694984,0.1674941789294853,1.270323446431331,0.144014296115102,-0.0648981899709522,0.2353098259067058
semisynthetic_predicted_phi10,3,100,10,autoencoder,econml_dml,predicted,none,0.0942472219467163,0.0869802328983983,0.0879076427954625,True,10,0.08406847,0.1318516,0.0869802328983983,0.1746253848710139,0.2094983567800384,1.588895066726823,0.0868154485260218,0.230061356685737,0.2284975363222618
semisynthetic_predicted_phi10,3,100,10,pls,econml_dml,predicted,none,0.0942472219467163,0.116279176622993,0.1180102555398461,True,10,0.08406847,0.1318516,0.116279176622993,0.2997241208907585,0.3100091978503712,2.3511978455352165,0.1537385701588799,0.1863211260986317,0.2190842028756691
semisynthetic_predicted_phi10,3,100,10,pca,econml_dml,predicted,none,0.0942472219467163,0.1049884290679143,0.1041773911091697,True,10,0.08406847,0.1318516,0.1049884290679143,0.2099741685505138,0.2376088739369405,1.8020932164413668,0.0984934210421057,0.0840666945455169,0.1503387032256642
semisynthetic_predicted_phi10,3,100,10,ica,econml_dml,predicted,none,0.0942472219467163,0.0678785206436079,0.0491845178353182,True,10,0.08406847,0.1318516,0.0678785206436079,0.1671104986376422,0.2048980721847444,1.554005201186367,0.0814580738775845,0.0405379264502529,0.1167407719143446
semisynthetic_predicted_phi10,3,100,10,raw_x,econml_dml,predicted,none,0.0942472219467163,0.081445925144725,0.0658356522802308,True,194,0.08406847,0.1318516,0.081445925144725,0.6017818413338737,0.6177732035285374,4.685367515665622,-0.0133001325383247,0.0316684129943957,0.0710546551297627
semisynthetic_predicted_phi10,3,100,10,raw_x_s,econml_dml,predicted,none,0.0942472219467163,0.1350050097878899,0.1359598172380207,True,194,0.08406847,0.1318516,0.1350050097878899,0.5784664033372826,0.5795437993973099,4.395424851858528,0.1227961077189942,0.1259919695290809,0.173315348710469
semisynthetic_predicted_phi10,3,250,10,encoder_pred,econml_dml,predicted,none,0.0564935207366943,-0.0165625542142984,-0.0198912047282763,True,10,0.08406847,0.1318516,-0.0165625542142984,0.095711920560479,0.1678997970860437,1.2733997697869703,0.3360552151731977,0.5468562107711311,0.3616542874400275
semisynthetic_predicted_phi10,3,250,10,mi_mine_cond,econml_dml,predicted,none,0.0564935207366943,-0.0332622558116047,-0.0398610033701529,True,10,0.08406847,0.1318516,-0.0332622558116047,0.1130745888659102,0.2006181114843906,1.5215447630850945,0.1237361781328115,0.0823692886375813,0.2686909143821613
semisynthetic_predicted_phi10,3,250,10,mi_infonce_cond,econml_dml,predicted,none,0.0564935207366943,0.007732881474133,0.0082328756687616,True,10,0.08406847,0.1318516,0.007732881474133,0.0839034692460405,0.1639772622708124,1.2436501511609448,0.1520056414368864,0.1971909417286526,0.1887976395834624
semisynthetic_predicted_phi10,3,250,10,autoencoder,econml_dml,predicted,none,0.0564935207366943,-0.0112363156335615,-0.0049253539884754,True,10,0.08406847,0.1318516,-0.0112363156335615,0.0989516948118166,0.1896604085524667,1.4384384304207662,0.0110453509505902,0.053824694423177,0.1060245086581792
semisynthetic_predicted_phi10,3,250,10,pls,econml_dml,predicted,none,0.0564935207366943,-0.0350048759308365,-0.0433414831887909,True,10,0.08406847,0.1318516,-0.0350048759308365,0.0957423969143549,0.1791502331569865,1.3587262737576682,0.3420173139358849,0.4745599569187745,0.3914695754017286
semisynthetic_predicted_phi10,3,250,10,pca,econml_dml,predicted,none,0.0564935207366943,-0.0138411252247905,-0.017635599550908,True,10,0.08406847,0.1318516,-0.0138411252247905,0.0630711619741811,0.1645345349247363,1.2478766653171922,0.2331335849316742,0.3798507136770656,0.2978596200815863
semisynthetic_predicted_phi10,3,250,10,ica,econml_dml,predicted,none,0.0564935207366943,-0.0434624163004427,-0.0433029243433336,True,10,0.08406847,0.1318516,-0.0434624163004427,0.0940376162112317,0.1961534075172931,1.4876831795540828,0.1619438653709283,0.1779383948535049,0.2170610498530843
semisynthetic_predicted_phi10,3,250,10,raw_x,econml_dml,predicted,none,0.0564935207366943,-0.0390611368953211,-0.0200005470651433,True,236,0.08406847,0.1318516,-0.0390611368953211,0.3283505018912693,0.3907161904750776,2.963302610473271,-0.142045929526676,-0.1296217053121404,0.0071479210928852
semisynthetic_predicted_phi10,3,250,10,raw_x_s,econml_dml,predicted,none,0.0564935207366943,-0.0341448133892551,-0.0418121150872822,True,236,0.08406847,0.1318516,-0.0341448133892551,0.4208434454988961,0.463330959492081,3.5140336521671403,-0.055931430602379,-0.1152494544718874,0.047586167018947
semisynthetic_predicted_phi10,3,500,10,encoder_pred,econml_dml,predicted,none,0.1505624055862426,0.0394004258417082,0.0431736186125891,True,10,0.08406847,0.1318516,0.0394004258417082,0.0706906713871756,0.1298287594161841,0.9846582022226816,0.4034977129162559,0.5069793437678858,0.5267742879109015
semisynthetic_predicted_phi10,3,500,10,mi_mine_cond,econml_dml,predicted,none,0.1505624055862426,0.0712131051243368,0.0750550474032149,True,10,0.08406847,0.1318516,0.0712131051243368,0.0674652489878716,0.1232664953815451,0.9348881271182534,0.3882364358646496,0.5509669045513197,0.4550436543355307
semisynthetic_predicted_phi10,3,500,10,mi_infonce_cond,econml_dml,predicted,none,0.1505624055862426,0.0458875096957209,0.0506972724483189,True,10,0.08406847,0.1318516,0.0458875096957209,0.0759749459646669,0.1418789272352569,1.076050099014778,0.2238697862493434,0.3784389599216477,0.4409053944203636
semisynthetic_predicted_phi10,3,500,10,autoencoder,econml_dml,predicted,none,0.1505624055862426,0.0781606354127962,0.0795976720544361,True,10,0.08406847,0.1318516,0.0781606354127962,0.0664717519994043,0.1445239246504029,1.0961105109866165,0.054257986471086,-0.0164884502610457,0.1206903949492608
semisynthetic_predicted_phi10,3,500,10,pls,econml_dml,predicted,none,0.1505624055862426,0.0540188508908094,0.0597015775899683,True,10,0.08406847,0.1318516,0.0540188508908094,0.0859410063622514,0.141793920477836,1.075405383611849,0.2456950388970044,0.3526451924071055,0.453619461089369
semisynthetic_predicted_phi10,3,500,10,pca,econml_dml,predicted,none,0.1505624055862426,0.0693957117723652,0.0693329086732,True,10,0.08406847,0.1318516,0.0693957117723652,0.0707147221246589,0.1429356337423419,1.0840644614274073,0.1163743021643811,0.3599813545545478,0.2355625193779874
semisynthetic_predicted_phi10,3,500,10,ica,econml_dml,predicted,none,0.1505624055862426,0.0651336431282679,0.0657701533938785,True,10,0.08406847,0.1318516,0.0651336431282679,0.0541069374403394,0.1413770025617346,1.072243359669011,0.0479022888282109,0.0552739896721951,0.1369901940151444
semisynthetic_predicted_phi10,3,500,10,raw_x,econml_dml,predicted,none,0.1505624055862426,0.0109118695420054,0.0043052116698115,True,265,0.08406847,0.1318516,0.0109118695420054,0.2230405406299665,0.2745675609214285,2.082398400333621,-0.0493658664334376,-0.0778983030275039,0.0227594682213713
semisynthetic_predicted_phi10,3,500,10,raw_x_s,econml_dml,predicted,none,0.1505624055862426,0.0676499009528769,0.0668559494064952,True,265,0.08406847,0.1318516,0.0676499009528769,0.3964132075313845,0.4019967619534843,3.0488576699371435,0.1262390135930114,0.1255589088546674,0.2319202687219158
semisynthetic_predicted_phi10,3,750,10,encoder_pred,econml_dml,predicted,none,0.074842095375061,0.00259682055424,0.0015877645751267,True,10,0.08406847,0.1318516,0.00259682055424,0.0538836709714876,0.1531404070964773,1.1614603622290312,0.2444837265086211,0.3172303161144911,0.3575865111449158
semisynthetic_predicted_phi10,3,750,10,mi_mine_cond,econml_dml,predicted,none,0.074842095375061,0.0254772623332849,0.0261180969905504,True,10,0.08406847,0.1318516,0.0254772623332849,0.0803595133637967,0.1453858145171412,1.102647328641755,0.28966894099603,0.3477411438114415,0.4466480508675034
semisynthetic_predicted_phi10,3,750,10,mi_infonce_cond,econml_dml,predicted,none,0.074842095375061,0.0179057309816208,0.0191482071065034,True,10,0.08406847,0.1318516,0.0179057309816208,0.0660554897679627,0.1510705115564983,1.1457616862935176,0.189642019328583,0.2802171112353718,0.2902527974782556
semisynthetic_predicted_phi10,3,750,10,autoencoder,econml_dml,predicted,none,0.074842095375061,0.0487618195632435,0.0477684338010081,True,10,0.08406847,0.1318516,0.0487618195632435,0.0919980367584206,0.1551124596853208,1.1764169694210829,0.1251091294473599,0.2356331534928024,0.1715435848916459
semisynthetic_predicted_phi10,3,750,10,pls,econml_dml,predicted,none,0.074842095375061,-0.0010910317180607,0.0033749438594426,True,10,0.08406847,0.1318516,-0.0010910317180607,0.0485391012868822,0.1580821059706027,1.1989396106729286,0.1564915947743476,0.2592389537296536,0.2078810130787599
semisynthetic_predicted_phi10,3,750,10,pca,econml_dml,predicted,none,0.074842095375061,0.0358330972161593,0.0372707230284217,True,10,0.08406847,0.1318516,0.0358330972161593,0.069487334798104,0.1484451502859926,1.1258502004222373,0.1366524900399267,0.0817746909822255,0.147374772008185
semisynthetic_predicted_phi10,3,750,10,ica,econml_dml,predicted,none,0.074842095375061,0.0314951863336719,0.0332027902578144,True,10,0.08406847,0.1318516,0.0314951863336719,0.0803563520001781,0.1522005566048724,1.1543322690424114,0.1623828937468011,0.2823331604529857,0.2394585336735621
semisynthetic_predicted_phi10,3,750,10,raw_x,econml_dml,predicted,none,0.074842095375061,-0.0165106998052975,-0.011076902858062,True,276,0.08406847,0.1318516,-0.0165106998052975,0.2087837203562355,0.2745264662075556,2.082086726346556,-0.0776127929580299,-0.1257898479918621,0.034486137492337
semisynthetic_predicted_phi10,3,750,10,raw_x_s,econml_dml,predicted,none,0.074842095375061,0.0080406345841611,0.020580555154838,True,276,0.08406847,0.1318516,0.0080406345841611,0.2698945642614127,0.3015637210243322,2.287144949506356,0.0712003555971276,0.0404790036752254,0.1836951778320271
semisynthetic_predicted_phi10,3,1000,10,encoder_pred,econml_dml,predicted,none,0.0762860774993896,0.0226461806093482,0.0236707876241433,True,10,0.08406847,0.1318516,0.0226461806093482,0.0642307810961192,0.1372307285342298,1.040796839281661,0.3808546800431632,0.498417962644418,0.5429813167690912
semisynthetic_predicted_phi10,3,1000,10,mi_mine_cond,econml_dml,predicted,none,0.0762860774993896,0.0225087628982285,0.0243571532755124,True,10,0.08406847,0.1318516,0.0225087628982285,0.0572770580993168,0.1307690578651473,0.9917896928451938,0.4869232442727479,0.648901333632355,0.5701653955019024
semisynthetic_predicted_phi10,3,1000,10,mi_infonce_cond,econml_dml,predicted,none,0.0762860774993896,0.0456580040785238,0.0452970183815011,True,10,0.08406847,0.1318516,0.0456580040785238,0.0598572289395907,0.1308962225321489,0.9927541458135428,0.3363592470733062,0.4228569639327429,0.4753205998252749
semisynthetic_predicted_phi10,3,1000,10,autoencoder,econml_dml,predicted,none,0.0762860774993896,0.0483937628415053,0.048172166053717,True,10,0.08406847,0.1318516,0.0483937628415053,0.0415493944877955,0.1425172816378067,1.080891560191964,0.006635928865835,0.0538409101203495,0.0916098109143179
semisynthetic_predicted_phi10,3,1000,10,pls,econml_dml,predicted,none,0.0762860774993896,0.0349788543642763,0.0350727322347676,True,10,0.08406847,0.1318516,0.0349788543642763,0.0659463145297489,0.1309213621037714,0.9929448114681312,0.4027054345657632,0.3909916286788357,0.5769069870982191
semisynthetic_predicted_phi10,3,1000,10,pca,econml_dml,predicted,none,0.0762860774993896,0.0521148701023543,0.0488752010885556,True,10,0.08406847,0.1318516,0.0521148701023543,0.073171018891047,0.1439939237679252,1.0920908336942838,0.1568053466697257,0.2945166757255346,0.2847473170631868
semisynthetic_predicted_phi10,3,1000,10,ica,econml_dml,predicted,none,0.0762860774993896,0.0546672374929526,0.0540965587621119,True,10,0.08406847,0.1318516,0.0546672374929526,0.0568546436269451,0.134966238643128,1.0236223044932942,0.2178281818112503,0.5256054720263538,0.3570892842350409
semisynthetic_predicted_phi10,3,1000,10,raw_x,econml_dml,predicted,none,0.0762860774993896,0.0006202645885918,0.0036452285974353,True,282,0.08406847,0.1318516,0.0006202645885918,0.1574296111281094,0.2172537948007073,1.6477145123813994,0.0465695505919226,0.0728585084870089,0.1627431568511116
semisynthetic_predicted_phi10,3,1000,10,raw_x_s,econml_dml,predicted,none,0.0762860774993896,0.062302981807815,0.0590852158727281,True,282,0.08406847,0.1318516,0.062302981807815,0.2447610976895257,0.2475593954446358,1.8775607989939884,0.255342867102641,0.29062566623936,0.3927881564215394
semisynthetic_predicted_phi10,4,100,10,encoder_pred,econml_dml,predicted,none,-0.0116419196128845,-0.0174231896975525,-0.0202937370627059,True,10,0.08253687,0.12999763,-0.0174231896975525,0.0849054393600438,0.1893273285617598,1.456390616980939,-0.0790263609370079,0.087552825894795,0.2181654077964505
semisynthetic_predicted_phi10,4,100,10,mi_mine_cond,econml_dml,predicted,none,-0.0116419196128845,-0.0309133860429858,-0.0252501024899705,True,10,0.08253687,0.12999763,-0.0309133860429858,0.0579901450101528,0.1946955254895183,1.4976851923340315,-0.3165813085072961,-0.4659975711948018,-0.2324630110177048
semisynthetic_predicted_phi10,4,100,10,mi_infonce_cond,econml_dml,predicted,none,-0.0116419196128845,-0.0524794444209783,-0.0455346376988772,True,10,0.08253687,0.12999763,-0.0524794444209783,0.0955188613905028,0.2346978935347662,1.8054013256608308,-0.4361063222239592,-0.6468435861309145,-0.3101873827394117
semisynthetic_predicted_phi10,4,100,10,autoencoder,econml_dml,predicted,none,-0.0116419196128845,-0.0514388308694744,-0.0320560752408906,True,10,0.08253687,0.12999763,-0.0514388308694744,0.0933569815032545,0.2204642212452846,1.6959095426992374,-0.2076466267636489,-0.4200273583300261,-0.2192250219510969
semisynthetic_predicted_phi10,4,100,10,pls,econml_dml,predicted,none,-0.0116419196128845,-0.023508537459259,-0.010081790683999,True,10,0.08253687,0.12999763,-0.023508537459259,0.1446491896529113,0.2288714981543933,1.7605820825686846,-0.0881130297453586,-0.1178768380200958,0.0219115466602396
semisynthetic_predicted_phi10,4,100,10,pca,econml_dml,predicted,none,-0.0116419196128845,-0.0273728049256414,-0.0168364783889092,True,10,0.08253687,0.12999763,-0.0273728049256414,0.0870324908994441,0.1970777655250895,1.5160104497681188,-0.1010018013657922,-0.2302004147276924,-0.1206025203521373
semisynthetic_predicted_phi10,4,100,10,ica,econml_dml,predicted,none,-0.0116419196128845,-0.034324319479181,-0.0282662920606581,True,10,0.08253687,0.12999763,-0.034324319479181,0.0948649403043025,0.202873461029219,1.560593535660758,-0.064966597094378,-0.1569819384675766,-0.0548017588130141
semisynthetic_predicted_phi10,4,100,10,raw_x,econml_dml,predicted,none,-0.0116419196128845,-0.177828189363113,-0.1096213896346525,True,204,0.08253687,0.12999763,-0.177828189363113,0.5635775472675794,0.6534635248498322,5.026734140074955,-0.1686071393308889,-0.165694490930621,-0.0162425342850159
semisynthetic_predicted_phi10,4,100,10,raw_x_s,econml_dml,predicted,none,-0.0116419196128845,-0.0946078890335516,-0.0454765162670503,True,204,0.08253687,0.12999763,-0.0946078890335516,0.3987083176187597,0.473644707811139,3.643487252891756,-0.1648752142583407,-0.1720731156415722,-0.0155797176122316
semisynthetic_predicted_phi10,4,250,10,encoder_pred,econml_dml,predicted,none,0.1163431406021118,0.0538829257764194,0.060056525391202,True,10,0.08253687,0.12999763,0.0538829257764194,0.1079971724789438,0.137134974935582,1.0549036542864825,0.3767197109422288,0.4892995510029302,0.4329284338882355
semisynthetic_predicted_phi10,4,250,10,mi_mine_cond,econml_dml,predicted,none,0.1163431406021118,0.0290172885429463,0.0447248589180194,True,10,0.08253687,0.12999763,0.0290172885429463,0.0837137868476031,0.1309786735227491,1.0075466262173332,0.4418208596360131,0.6443795612880034,0.5259256634937289
semisynthetic_predicted_phi10,4,250,10,mi_infonce_cond,econml_dml,predicted,none,0.1163431406021118,0.0206845702235563,0.0287611741952194,True,10,0.08253687,0.12999763,0.0206845702235563,0.0975557816074114,0.1433832032554167,1.1029678253012518,0.3817797737542957,0.5282955048392136,0.4779853875103155
semisynthetic_predicted_phi10,4,250,10,autoencoder,econml_dml,predicted,none,0.1163431406021118,0.0366018171998609,0.036551279829051,True,10,0.08253687,0.12999763,0.0366018171998609,0.0685422827088252,0.1464952838041254,1.1269073428809853,0.1260664518384874,0.2533663845508278,0.1966440498688044
semisynthetic_predicted_phi10,4,250,10,pls,econml_dml,predicted,none,0.1163431406021118,0.0395223965468808,0.0468089474583427,True,10,0.08253687,0.12999763,0.0395223965468808,0.0936512017882545,0.1333752411268797,1.0259820977265486,0.3996580285315607,0.5193803470245475,0.4631862176918602
semisynthetic_predicted_phi10,4,250,10,pca,econml_dml,predicted,none,0.1163431406021118,0.057354860233541,0.0609113442963562,True,10,0.08253687,0.12999763,0.057354860233541,0.0919871392066676,0.1532701078692279,1.1790223242472029,0.1046747539801827,0.1145002304790056,0.1664544315666568
semisynthetic_predicted_phi10,4,250,10,ica,econml_dml,predicted,none,0.1163431406021118,0.0313802228314841,0.0405994922248915,True,10,0.08253687,0.12999763,0.0313802228314841,0.1064695649234475,0.1581831219908431,1.2168154295647018,0.2106185181436482,0.2344452555466212,0.268932184523774
semisynthetic_predicted_phi10,4,250,10,raw_x,econml_dml,predicted,none,0.1163431406021118,0.0229014303752649,0.0120972819553585,True,259,0.08253687,0.12999763,0.0229014303752649,0.4084258064586112,0.4397413740004832,3.382687622847303,-0.0574925945699841,-0.0213621860565101,0.0629626443854161
semisynthetic_predicted_phi10,4,250,10,raw_x_s,econml_dml,predicted,none,0.1163431406021118,0.0158742336372952,0.0860407325438673,True,259,0.08253687,0.12999763,0.0158742336372952,0.5498581573936434,0.5614284235240891,4.318758915251679,0.0593549100666538,0.0305230230540116,0.1664355250932336
semisynthetic_predicted_phi10,4,500,10,encoder_pred,econml_dml,predicted,none,0.137603223323822,-0.0088045094826281,-0.0049349705520034,True,10,0.08253687,0.12999763,-0.0088045094826281,0.0824113610688619,0.1517698118448162,1.167481375197503,0.4200481184315143,0.5362375702900618,0.4911703873527616
semisynthetic_predicted_phi10,4,500,10,mi_mine_cond,econml_dml,predicted,none,0.137603223323822,0.0071522687766804,0.0104533799956745,True,10,0.08253687,0.12999763,0.0071522687766804,0.0843018783638834,0.1421682978334982,1.0936222286013846,0.432391862440482,0.5198890833872672,0.4750034108300027
semisynthetic_predicted_phi10,4,500,10,mi_infonce_cond,econml_dml,predicted,none,0.137603223323822,0.0258149895008935,0.0257414464498452,True,10,0.08253687,0.12999763,0.0258149895008935,0.0762503947024999,0.1297749852345183,0.9982873167343,0.4584842184854454,0.6157057078218132,0.546166218560536
semisynthetic_predicted_phi10,4,500,10,autoencoder,econml_dml,predicted,none,0.137603223323822,0.0418394148007243,0.0415353058929256,True,10,0.08253687,0.12999763,0.0418394148007243,0.0997326804143425,0.1480215289806211,1.1386479044319586,0.2542188387800808,0.4739667436709222,0.3080857536316184
semisynthetic_predicted_phi10,4,500,10,pls,econml_dml,predicted,none,0.137603223323822,0.0261711601306397,0.0272747316200779,True,10,0.08253687,0.12999763,0.0261711601306397,0.0911380389998239,0.1300073688684532,1.000074915738489,0.4845106932467518,0.6366069736767631,0.5527434911058668
semisynthetic_predicted_phi10,4,500,10,pca,econml_dml,predicted,none,0.137603223323822,0.0395871095525917,0.0402602965221186,True,10,0.08253687,0.12999763,0.0395871095525917,0.1377415648420163,0.1772415551253329,1.363421434108706,0.1759803393066393,0.4173462342549047,0.250790145809789
semisynthetic_predicted_phi10,4,500,10,ica,econml_dml,predicted,none,0.137603223323822,0.0359794598934868,0.0346336831319878,True,10,0.08253687,0.12999763,0.0359794598934868,0.0860127585438645,0.1473207708129064,1.133257358714205,0.2129311830756479,0.4116380393966442,0.259088282159528
semisynthetic_predicted_phi10,4,500,10,raw_x,econml_dml,predicted,none,0.137603223323822,-0.0153859347213521,-0.0225802226558569,True,263,0.08253687,0.12999763,-0.0153859347213521,0.2355606891696014,0.2868307454588122,2.2064305746098007,-0.0048131454280026,-0.0560929069959727,0.1129899565747261
semisynthetic_predicted_phi10,4,500,10,raw_x_s,econml_dml,predicted,none,0.137603223323822,-0.0002829167031633,0.0052965923842503,True,263,0.08253687,0.12999763,-0.0002829167031633,0.3595705148682145,0.3730835373001059,2.869925684799838,0.1482364907266673,0.1430876992739556,0.2664863341114511
semisynthetic_predicted_phi10,4,750,10,encoder_pred,econml_dml,predicted,none,0.043715476989746,-0.0165470610978536,-0.0157456670182693,True,10,0.08253687,0.12999763,-0.0165470610978536,0.0011959028339001,0.1631453263306168,1.254986928074126,0.3281800232079088,0.4323402218765546,0.3815967112955959
semisynthetic_predicted_phi10,4,750,10,mi_mine_cond,econml_dml,predicted,none,0.043715476989746,-0.030768295782084,-0.0297907702943329,True,10,0.08253687,0.12999763,-0.030768295782084,9.894302798905764e-05,0.1724164821955946,1.326304811830759,0.3891072091429822,0.6600422245794692,0.5341188774323987
semisynthetic_predicted_phi10,4,750,10,mi_infonce_cond,econml_dml,predicted,none,0.043715476989746,-0.01345960014357,-0.0122746483915626,True,10,0.08253687,0.12999763,-0.01345960014357,5.098115828470519e-05,0.1615929662363343,1.2430454788778402,0.1826322066185636,0.3430808295742313,0.2269701695024957
semisynthetic_predicted_phi10,4,750,10,autoencoder,econml_dml,predicted,none,0.043715476989746,-0.0106556880396345,-0.0097165531488493,True,10,0.08253687,0.12999763,-0.0106556880396345,0.0006234162650928,0.1600012043035434,1.230800933090422,-0.0972403818567471,-0.2090651658144729,-0.0348447327161193
semisynthetic_predicted_phi10,4,750,10,pls,econml_dml,predicted,none,0.043715476989746,-0.0158587829299114,-0.0134231913987422,True,10,0.08253687,0.12999763,-0.0158587829299114,0.0455655877547529,0.1715075560356548,1.3193129446717975,-0.06394380972918,-0.1194001742200504,0.0685817845496639
semisynthetic_predicted_phi10,4,750,10,pca,econml_dml,predicted,none,0.043715476989746,-0.0078872960448336,-0.0064269755398824,True,10,0.08253687,0.12999763,-0.0078872960448336,0.0383225103617614,0.1613174924693428,1.24092641126875,0.0523094211397042,0.0245849352710148,0.1697413986191461
semisynthetic_predicted_phi10,4,750,10,ica,econml_dml,predicted,none,0.043715476989746,-0.0130857347372071,-0.0131964737113375,True,10,0.08253687,0.12999763,-0.0130857347372071,0.0621006965789303,0.1699085062341584,1.3070123373338305,0.0638342901769679,0.0469962926845404,0.1952562125223875
semisynthetic_predicted_phi10,4,750,10,raw_x,econml_dml,predicted,none,0.043715476989746,0.000497044417903,0.0011844152149958,True,271,0.08253687,0.12999763,0.000497044417903,0.1843738950483645,0.2485227134437364,1.911748032973651,-0.0863622575851831,-0.0876315644438355,0.0354447322051335
semisynthetic_predicted_phi10,4,750,10,raw_x_s,econml_dml,predicted,none,0.043715476989746,0.0295528749262068,0.0353066733363652,True,271,0.08253687,0.12999763,0.0295528749262068,0.2779315329955796,0.3008333490096294,2.314144873330609,0.0892864794132367,0.1730863967539875,0.2309784099996508
semisynthetic_predicted_phi10,4,1000,10,encoder_pred,econml_dml,predicted,none,0.0762907266616821,-0.0034181461159964,0.0003460545971125,True,10,0.08253687,0.12999763,-0.0034181461159964,0.0763183345271356,0.1476430115670582,1.135736178936941,0.4189853513531145,0.5053860445202394,0.5022373852517584
semisynthetic_predicted_phi10,4,1000,10,mi_mine_cond,econml_dml,predicted,none,0.0762907266616821,0.0006819564546822,0.0037537247881523,True,10,0.08253687,0.12999763,0.0006819564546822,0.0771114312570002,0.1502138880165353,1.155512512162994,0.3482322066743906,0.3925230459376047,0.4558137150283469
semisynthetic_predicted_phi10,4,1000,10,mi_infonce_cond,econml_dml,predicted,none,0.0762907266616821,-0.0005050590719887,0.0015605631751005,True,10,0.08253687,0.12999763,-0.0005050590719887,0.0666723009861953,0.1479336010551254,1.1379715234433538,0.3666789846112918,0.5437970644913349,0.3793902747485311
semisynthetic_predicted_phi10,4,1000,10,autoencoder,econml_dml,predicted,none,0.0762907266616821,0.0196861294633486,0.0222686384187011,True,10,0.08253687,0.12999763,0.0196861294633486,0.0907576286949318,0.1532458582188557,1.1788357850743567,0.2374182603541486,0.3803230701902119,0.3010083282163786
semisynthetic_predicted_phi10,4,1000,10,pls,econml_dml,predicted,none,0.0762907266616821,0.0164342581292538,0.0215762029383535,True,10,0.08253687,0.12999763,0.0164342581292538,0.0718790955079375,0.1344054015879157,1.0339065534342105,0.4479147210802846,0.5118251912493355,0.5735178559718481
semisynthetic_predicted_phi10,4,1000,10,pca,econml_dml,predicted,none,0.0762907266616821,0.0378139109410812,0.0387166597580216,True,10,0.08253687,0.12999763,0.0378139109410812,0.0697779588657346,0.1381874234779048,1.062999559898937,0.2575648410179676,0.4763404057650461,0.2851867780729193
semisynthetic_predicted_phi10,4,1000,10,ica,econml_dml,predicted,none,0.0762907266616821,0.0182524946049621,0.0197639368480591,True,10,0.08253687,0.12999763,0.0182524946049621,0.0615638191982155,0.1453273692264449,1.117923220803679,0.2312791289173481,0.4633853210676487,0.2825053972871765
semisynthetic_predicted_phi10,4,1000,10,raw_x,econml_dml,predicted,none,0.0762907266616821,-0.0052377677905058,0.0005304646933547,True,279,0.08253687,0.12999763,-0.0052377677905058,0.1350677876624635,0.2065024544617311,1.588509378684297,0.0058038402204177,-0.0356324811310856,0.1128424179505893
semisynthetic_predicted_phi10,4,1000,10,raw_x_s,econml_dml,predicted,none,0.0762907266616821,0.0343046837833345,0.0352374197383742,True,279,0.08253687,0.12999763,0.0343046837833345,0.2510370039715162,0.2693642245691315,2.0720702721205884,0.1484365193234192,0.1939322760704962,0.246755810972738
semisynthetic_predicted_phi10,5,100,10,encoder_pred,econml_dml,predicted,none,0.146058440208435,-0.0129200592476642,0.0106339236136017,True,10,0.08298485,0.12931249,-0.0129200592476642,0.1282110683545427,0.1824035164576769,1.4105637936264075,0.2740317895125732,0.259994212781536,0.5070172967246834
semisynthetic_predicted_phi10,5,100,10,mi_mine_cond,econml_dml,predicted,none,0.146058440208435,0.0507966506492533,0.0731488772974319,True,10,0.08298485,0.12931249,0.0507966506492533,0.1541498662471874,0.178852209820558,1.383100811225258,0.2390916439820939,0.2696195584084319,0.399127294200277
semisynthetic_predicted_phi10,5,100,10,mi_infonce_cond,econml_dml,predicted,none,0.146058440208435,0.0732125075497313,0.0744168510742641,True,10,0.08298485,0.12931249,0.0732125075497313,0.1102258523348754,0.1760778618819384,1.3616462097508013,-0.0714366862877475,-0.0796835053827335,0.0562482745849495
semisynthetic_predicted_phi10,5,100,10,autoencoder,econml_dml,predicted,none,0.146058440208435,0.0696764775784819,0.0806967562290516,True,10,0.08298485,0.12931249,0.0696764775784819,0.2099400681080934,0.2521535352281762,1.9499549906445717,-0.0480284602177442,-0.2041449985793179,-0.0199485804976665
semisynthetic_predicted_phi10,5,100,10,pls,econml_dml,predicted,none,0.146058440208435,0.0926248873906152,0.0912755405984144,True,10,0.08298485,0.12931249,0.0926248873906152,0.2336106149804997,0.2434803078832823,1.8828831451879269,0.2003707675193426,0.1298031857530658,0.3427153804496229
semisynthetic_predicted_phi10,5,100,10,pca,econml_dml,predicted,none,0.146058440208435,0.0361632596402056,0.0324087795381111,True,10,0.08298485,0.12931249,0.0361632596402056,0.1612383740084929,0.2158187033422585,1.6689702854090778,-0.0399498325406584,-0.129187235162693,0.1280093577157625
semisynthetic_predicted_phi10,5,100,10,ica,econml_dml,predicted,none,0.146058440208435,0.0704292242170466,0.067086645267412,True,10,0.08298485,0.12931249,0.0704292242170466,0.1871787150288539,0.2351448381149292,1.818423248326045,-0.0697774001806309,-0.219210689375142,-0.0359789367407789
semisynthetic_predicted_phi10,5,100,10,raw_x,econml_dml,predicted,none,0.146058440208435,-0.1258453466607139,-0.0111837180855435,True,213,0.08298485,0.12931249,-0.1258453466607139,0.4596726691813111,0.5213038601396963,4.0313496410106735,-0.0010681214550425,-0.0460689080587453,0.0993499021886405
semisynthetic_predicted_phi10,5,100,10,raw_x_s,econml_dml,predicted,none,0.146058440208435,-0.0332197420811525,0.0478058113369547,True,213,0.08298485,0.12931249,-0.0332197420811525,0.549027637305596,0.5906422253468757,4.567557436616337,-0.1211450915192612,-0.2075226370289089,-0.020218125920833
semisynthetic_predicted_phi10,5,250,10,encoder_pred,econml_dml,predicted,none,0.1473509073257446,-0.0147316052504045,-0.0080013387714234,True,10,0.08298485,0.12931249,-0.0147316052504045,0.0612862068844902,0.1576781566078474,1.219357516105733,0.3257902975967439,0.3819272710713187,0.4684866064091244
semisynthetic_predicted_phi10,5,250,10,mi_mine_cond,econml_dml,predicted,none,0.1473509073257446,-0.0140504141693711,-0.0143418382520908,True,10,0.08298485,0.12931249,-0.0140504141693711,0.0808834514825313,0.1643525165338213,1.2709717099548643,0.2709539450420282,0.3430584355220654,0.3996187238166239
semisynthetic_predicted_phi10,5,250,10,mi_infonce_cond,econml_dml,predicted,none,0.1473509073257446,0.0379843484113921,0.0526653896563273,True,10,0.08298485,0.12931249,0.0379843484113921,0.1485291767564577,0.189095382188585,1.4623133634545669,0.1314807653751149,0.305552124307553,0.2174519719219363
semisynthetic_predicted_phi10,5,250,10,autoencoder,econml_dml,predicted,none,0.1473509073257446,0.0391079330773477,0.0417515950354099,True,10,0.08298485,0.12931249,0.0391079330773477,0.1425625246764457,0.1822965247064105,1.409736404475782,0.1556527795825158,0.2780417504875797,0.1992582191893535
semisynthetic_predicted_phi10,5,250,10,pls,econml_dml,predicted,none,0.1473509073257446,0.052958364881676,0.0511339621049982,True,10,0.08298485,0.12931249,0.052958364881676,0.1300955366543172,0.1938000850426392,1.4986957952989632,-0.0894703446540595,0.0899325842368696,0.0218571123153272
semisynthetic_predicted_phi10,5,250,10,pca,econml_dml,predicted,none,0.1473509073257446,0.0423171784676345,0.0395221277651702,True,10,0.08298485,0.12931249,0.0423171784676345,0.0925461166132563,0.1553242614903718,1.2011543625087706,0.1176004694162367,0.2794781591799425,0.1503185006077489
semisynthetic_predicted_phi10,5,250,10,ica,econml_dml,predicted,none,0.1473509073257446,0.0235937395679888,0.0152568340878814,True,10,0.08298485,0.12931249,0.0235937395679888,0.1013232784276868,0.1617948559856611,1.2511927965014142,0.1655370835630591,0.2841128003954432,0.1424838274453164
semisynthetic_predicted_phi10,5,250,10,raw_x,econml_dml,predicted,none,0.1473509073257446,-0.0479467744481346,-0.0020508673907755,True,239,0.08298485,0.12931249,-0.0479467744481346,0.4508686419272781,0.4739710746360001,3.6653155053777104,0.1071880864141528,0.0782131706533189,0.2635688551478942
semisynthetic_predicted_phi10,5,250,10,raw_x_s,econml_dml,predicted,none,0.1473509073257446,0.0512182497126916,0.0424969861766783,True,239,0.08298485,0.12931249,0.0512182497126916,0.6839699184490172,0.6712993700647992,5.191295675033396,0.1973119186341571,0.1546427137727619,0.3117018493718038
semisynthetic_predicted_phi10,5,500,10,encoder_pred,econml_dml,predicted,none,0.0972175598144531,0.0044389164421622,0.004457417421264,True,10,0.08298485,0.12931249,0.0044389164421622,0.094330062566593,0.1490201889323404,1.15240367680137,0.3927809405801045,0.5482736904942304,0.5121830092904575
semisynthetic_predicted_phi10,5,500,10,mi_mine_cond,econml_dml,predicted,none,0.0972175598144531,0.0186544141029613,0.0188133461305338,True,10,0.08298485,0.12931249,0.0186544141029613,0.0595913230546927,0.1392187306724815,1.076606990341625,0.3263339605769452,0.5222582295264747,0.3562662602124257
semisynthetic_predicted_phi10,5,500,10,mi_infonce_cond,econml_dml,predicted,none,0.0972175598144531,0.0167761782173693,0.0130705748434025,True,10,0.08298485,0.12931249,0.0167761782173693,0.0543582649243845,0.1394361058457275,1.0782879971279458,0.3284654967416544,0.4949298955352988,0.4183661798643321
semisynthetic_predicted_phi10,5,500,10,autoencoder,econml_dml,predicted,none,0.0972175598144531,0.0299415334085676,0.0320912600436211,True,10,0.08298485,0.12931249,0.0299415334085676,0.0744439980765158,0.1561199201666498,1.2073073541979578,0.0365547902206908,0.1591747811558688,0.1395847887477435
semisynthetic_predicted_phi10,5,500,10,pls,econml_dml,predicted,none,0.0972175598144531,0.0178953139302921,0.0179355312725293,True,10,0.08298485,0.12931249,0.0178953139302921,0.0595762344624045,0.1378748356736152,1.0662143747569566,0.3568444580337536,0.382090243313216,0.4973248598312587
semisynthetic_predicted_phi10,5,500,10,pca,econml_dml,predicted,none,0.0972175598144531,0.0603621804587268,0.0619325566047085,True,10,0.08298485,0.12931249,0.0603621804587268,0.0711497564381779,0.1362784395527378,1.0538691162217806,0.2023780378184183,0.3761396031732723,0.2357872744106241
semisynthetic_predicted_phi10,5,500,10,ica,econml_dml,predicted,none,0.0972175598144531,0.0400308105468086,0.0413656763351817,True,10,0.08298485,0.12931249,0.0400308105468086,0.0573101183831371,0.1402971304239905,1.0849464767401085,0.1462662880147009,0.321917261097263,0.216429577084426
semisynthetic_predicted_phi10,5,500,10,raw_x,econml_dml,predicted,none,0.0972175598144531,-0.0055774582419505,-0.0005462979762124,True,268,0.08298485,0.12931249,-0.0055774582419505,0.227652340405661,0.27682231283564,2.1407237060831483,-0.0040763739980353,-0.0221009657459819,0.1266178273348352
semisynthetic_predicted_phi10,5,500,10,raw_x_s,econml_dml,predicted,none,0.0972175598144531,-0.0052111152052956,0.0220133545928337,True,268,0.08298485,0.12931249,-0.0052111152052956,0.3732167533181115,0.4002651433250283,3.095332425545501,0.0370771863656689,0.069339868743918,0.1835056364184238
semisynthetic_predicted_phi10,5,750,10,encoder_pred,econml_dml,predicted,none,0.0533025860786438,-0.0087498047929997,-0.0081391014051045,True,10,0.08298485,0.12931249,-0.0087498047929997,0.0906782256751262,0.1561768063101064,1.207747266409505,0.382417042884037,0.4986854984916658,0.4575699314176751
semisynthetic_predicted_phi10,5,750,10,mi_mine_cond,econml_dml,predicted,none,0.0533025860786438,0.0019967593605051,0.0063967455193369,True,10,0.08298485,0.12931249,0.0019967593605051,0.123904482203484,0.1671695586201982,1.2927564740281332,0.3335159459790802,0.446747511536846,0.4524481928234068
semisynthetic_predicted_phi10,5,750,10,mi_infonce_cond,econml_dml,predicted,none,0.0533025860786438,0.0268794705500783,0.0275092193210176,True,10,0.08298485,0.12931249,0.0268794705500783,0.0911284772853595,0.1506631674059065,1.165109166221349,0.2322861141191702,0.3737868566352784,0.2974316127925199
semisynthetic_predicted_phi10,5,750,10,autoencoder,econml_dml,predicted,none,0.0533025860786438,0.0327007300334516,0.0321623074838729,True,10,0.08298485,0.12931249,0.0327007300334516,0.0511102086716364,0.1376986102172072,1.0648515871684725,0.2195094341449172,0.3512173134869984,0.2518465141784989
semisynthetic_predicted_phi10,5,750,10,pls,econml_dml,predicted,none,0.0533025860786438,0.0448119006706117,0.0446824081369084,True,10,0.08298485,0.12931249,0.0448119006706117,0.0742978210474176,0.1273167833956502,0.9845667916196664,0.3897679063022967,0.4546032673204421,0.4807487210504972
semisynthetic_predicted_phi10,5,750,10,pca,econml_dml,predicted,none,0.0533025860786438,0.0418276791043268,0.0435860896082651,True,10,0.08298485,0.12931249,0.0418276791043268,0.0772980720545832,0.1425087930672183,1.1020497174497088,0.2041831184892543,0.3810016790128838,0.2183159512099226
semisynthetic_predicted_phi10,5,750,10,ica,econml_dml,predicted,none,0.0533025860786438,0.0478128735094837,0.0483557516659986,True,10,0.08298485,0.12931249,0.0478128735094837,0.0699063650435547,0.143798299013511,1.1120217313386431,0.1199000313276242,0.1398311581828333,0.1787447028947096
semisynthetic_predicted_phi10,5,750,10,raw_x,econml_dml,predicted,none,0.0533025860786438,-0.0084035524592283,-0.0092445958632097,True,279,0.08298485,0.12931249,-0.0084035524592283,0.1808047059762669,0.2349770537132028,1.8171257371442064,0.0545263488269022,-0.0008072563720644,0.1628773712742216
semisynthetic_predicted_phi10,5,750,10,raw_x_s,econml_dml,predicted,none,0.0533025860786438,0.0328188866296172,0.0199215249206689,True,279,0.08298485,0.12931249,0.0328188866296172,0.3140448763405501,0.3292880666728355,2.5464521383265883,0.1161279786698517,0.0717839996622727,0.2292887544693499
semisynthetic_predicted_phi10,5,1000,10,encoder_pred,econml_dml,predicted,none,0.09968101978302,0.0099950864285797,0.0109438773554474,True,10,0.08298485,0.12931249,0.0099950864285797,0.0703192894888191,0.1319670619202367,1.0205283489648738,0.526699170143893,0.669559894493227,0.5824340917910223
semisynthetic_predicted_phi10,5,1000,10,mi_mine_cond,econml_dml,predicted,none,0.09968101978302,0.0117545273046265,0.0115533637526776,True,10,0.08298485,0.12931249,0.0117545273046265,0.0938549748499049,0.142259635445635,1.100122930473577,0.4270723834040485,0.5650699355819878,0.4961167364184443
semisynthetic_predicted_phi10,5,1000,10,mi_infonce_cond,econml_dml,predicted,none,0.09968101978302,0.0289817203724332,0.0255168336489891,True,10,0.08298485,0.12931249,0.0289817203724332,0.0627505342693179,0.1346210521743058,1.0410521997860052,0.3359977724850244,0.5549999751662279,0.328453337778073
semisynthetic_predicted_phi10,5,1000,10,autoencoder,econml_dml,predicted,none,0.09968101978302,0.0418853179033258,0.0388967774213974,True,10,0.08298485,0.12931249,0.0418853179033258,0.0798691226085913,0.1402767304032251,1.0847887191966157,0.2475004592018253,0.3935134228023192,0.2947342466490502
semisynthetic_predicted_phi10,5,1000,10,pls,econml_dml,predicted,none,0.09968101978302,0.023461049467867,0.0235202493807355,True,10,0.08298485,0.12931249,0.023461049467867,0.0503189030587979,0.1343286073295891,1.03879066383757,0.3652005442412816,0.3479232944596557,0.434305583731597
semisynthetic_predicted_phi10,5,1000,10,pca,econml_dml,predicted,none,0.09968101978302,0.0328345286814228,0.0357791032462224,True,10,0.08298485,0.12931249,0.0328345286814228,0.0448092164749622,0.1348726084479048,1.0429975360300068,0.2635323845507253,0.4508050898418416,0.2596218497924244
semisynthetic_predicted_phi10,5,1000,10,ica,econml_dml,predicted,none,0.09968101978302,0.0379472752801014,0.0380060906551209,True,10,0.08298485,0.12931249,0.0379472752801014,0.0749555192078006,0.1426256332351953,1.1029532664261228,0.2077010276777367,0.3099990249183648,0.2430910506344576
semisynthetic_predicted_phi10,5,1000,10,raw_x,econml_dml,predicted,none,0.09968101978302,0.0044375707891174,0.0067738726539907,True,279,0.08298485,0.12931249,0.0044375707891174,0.1776525661951364,0.22759954371445,1.760073939605138,0.0576831843766371,0.0046569702748911,0.1436436409437824
semisynthetic_predicted_phi10,5,1000,10,raw_x_s,econml_dml,predicted,none,0.09968101978302,0.0623654310468671,0.0642123967002852,True,279,0.08298485,0.12931249,0.0623654310468671,0.2830610776796194,0.2844140054458695,2.1994318216737567,0.2237381968770858,0.2892293094592731,0.3467872746154719
semisynthetic_predicted_phi10,6,100,10,encoder_pred,econml_dml,predicted,none,0.1097511053085327,0.0393787643776055,0.0348141103598097,True,10,0.084039055,0.13112344,0.0393787643776055,0.1333893224469491,0.2043017678958409,1.5580873099107295,-0.1360342374063514,-0.1774809883909806,0.0401011952594179
semisynthetic_predicted_phi10,6,100,10,mi_mine_cond,econml_dml,predicted,none,0.1097511053085327,0.0389556483695477,0.0329585402838467,True,10,0.084039055,0.13112344,0.0389556483695477,0.1124448150980294,0.1792711557451262,1.367193811763375,-0.0091033476875877,0.0531831574937978,0.0595219532030906
semisynthetic_predicted_phi10,6,100,10,mi_infonce_cond,econml_dml,predicted,none,0.1097511053085327,-0.0446133386322764,-0.04883391322877,True,10,0.084039055,0.13112344,-0.0446133386322764,0.1300745717968124,0.2342244943395219,1.7862900358587444,-0.1230349807095281,-0.1868549880238254,0.0140919278074263
semisynthetic_predicted_phi10,6,100,10,autoencoder,econml_dml,predicted,none,0.1097511053085327,0.0052769086976721,-0.0093414432888133,True,10,0.084039055,0.13112344,0.0052769086976721,0.1322205347645138,0.1858486991363224,1.4173567985733322,0.1828253025767476,0.3967706609915381,0.2380326857122252
semisynthetic_predicted_phi10,6,100,10,pls,econml_dml,predicted,none,0.1097511053085327,0.0048126077065237,-0.0049320011271477,True,10,0.084039055,0.13112344,0.0048126077065237,0.0872417917318268,0.1731081041466106,1.320191905784432,0.0487304953406992,0.1728679688178745,0.1102377124123407
semisynthetic_predicted_phi10,6,100,10,pca,econml_dml,predicted,none,0.1097511053085327,-0.0131464662751968,-0.0160981406394231,True,10,0.084039055,0.13112344,-0.0131464662751968,0.1571414933497238,0.2368042544132769,1.8059643219646837,-0.1151283907370473,-0.0445123670742287,0.0200889185044852
semisynthetic_predicted_phi10,6,100,10,ica,econml_dml,predicted,none,0.1097511053085327,-0.0214456955767809,-0.029940820298529,True,10,0.084039055,0.13112344,-0.0214456955767809,0.152849565317708,0.2261771876943927,1.7249180443587562,0.0131536974980438,0.124096670401895,0.091242086622067
semisynthetic_predicted_phi10,6,100,10,raw_x,econml_dml,predicted,none,0.1097511053085327,-0.0589191741983043,-0.1317779855420995,True,206,0.084039055,0.13112344,-0.0589191741983043,0.5351752579809137,0.5787061112831765,4.413445157350787,-0.0773633643353796,-0.1179619112890555,0.0339021612269623
semisynthetic_predicted_phi10,6,100,10,raw_x_s,econml_dml,predicted,none,0.1097511053085327,-0.0243397187036138,-0.0912938407420541,True,206,0.084039055,0.13112344,-0.0243397187036138,0.5106461015890216,0.5438692296970266,4.147765111234318,-0.0455137128112543,-0.082403986556288,0.0621509964449555
semisynthetic_predicted_phi10,6,250,10,encoder_pred,econml_dml,predicted,none,0.0346902012825012,0.0312979000764212,0.0260480143246504,True,10,0.084039055,0.13112344,0.0312979000764212,0.105977220087238,0.1514159413056838,1.1547587624736189,0.297902655165458,0.2696745811937456,0.471094381516329
semisynthetic_predicted_phi10,6,250,10,mi_mine_cond,econml_dml,predicted,none,0.0346902012825012,-0.0101838418652185,-0.0060746796616029,True,10,0.084039055,0.13112344,-0.0101838418652185,0.1035698318489967,0.1650413163635406,1.2586713433047565,0.351954316853461,0.4795688154164916,0.5225505194631672
semisynthetic_predicted_phi10,6,250,10,mi_infonce_cond,econml_dml,predicted,none,0.0346902012825012,0.0012443959940471,0.003679186670289,True,10,0.084039055,0.13112344,0.0012443959940471,0.1107387592893189,0.1787320515370425,1.3630823866201387,0.1503478993010512,0.326152585592228,0.2563337435526845
semisynthetic_predicted_phi10,6,250,10,autoencoder,econml_dml,predicted,none,0.0346902012825012,0.0125748115119231,0.0104496627761746,True,10,0.084039055,0.13112344,0.0125748115119231,0.1448862814034942,0.2018465497372067,1.5393628304535538,0.0671254836720131,0.0799503102306765,0.1619315168601963
semisynthetic_predicted_phi10,6,250,10,pls,econml_dml,predicted,none,0.0346902012825012,0.0343789311206119,0.0348548843773389,True,10,0.084039055,0.13112344,0.0343789311206119,0.1520733057034192,0.1716398040941694,1.3089940600564582,0.3341349286718322,0.4436886998734816,0.4536651696559127
semisynthetic_predicted_phi10,6,250,10,pca,econml_dml,predicted,none,0.0346902012825012,-0.0005589986079653,-0.0031559796763457,True,10,0.084039055,0.13112344,-0.0005589986079653,0.1597159814186242,0.2088739993888634,1.5929569830448571,0.1487652023414506,0.2403060993911277,0.1445006964278611
semisynthetic_predicted_phi10,6,250,10,ica,econml_dml,predicted,none,0.0346902012825012,-0.0007946036639792,-0.002106588830057,True,10,0.084039055,0.13112344,-0.0007946036639792,0.1042795638866369,0.1797709213219964,1.371005224710368,0.1077540212820636,0.1545691511654588,0.148648633704146
semisynthetic_predicted_phi10,6,250,10,raw_x,econml_dml,predicted,none,0.0346902012825012,-0.0037876459397215,-0.0083442815074659,True,238,0.084039055,0.13112344,-0.0037876459397215,0.3104093599734691,0.3474560672900916,2.6498394740871016,0.0065738457820341,0.026237019389732,0.1276314351547963
semisynthetic_predicted_phi10,6,250,10,raw_x_s,econml_dml,predicted,none,0.0346902012825012,0.0591032349776498,0.0175648228655812,True,238,0.084039055,0.13112344,0.0591032349776498,0.5193073977650292,0.528447001936433,4.030149010248915,0.0604984726642909,0.0247433568935182,0.1705275241233006
semisynthetic_predicted_phi10,6,500,10,encoder_pred,econml_dml,predicted,none,0.1397404074668884,0.0086598559524524,0.0161756748209773,True,10,0.084039055,0.13112344,0.0086598559524524,0.0633153049324332,0.14160739655644,1.0799548620478538,0.4114341607384119,0.4436912109121233,0.5342677594634045
semisynthetic_predicted_phi10,6,500,10,mi_mine_cond,econml_dml,predicted,none,0.1397404074668884,0.0116096936345816,0.0121710990005007,True,10,0.084039055,0.13112344,0.0116096936345816,0.0667836486935367,0.1479173090156954,1.1280767879159932,0.2866249489058746,0.2993353258671033,0.3575101692743795
semisynthetic_predicted_phi10,6,500,10,mi_infonce_cond,econml_dml,predicted,none,0.1397404074668884,0.0181283942922788,0.0224385365069975,True,10,0.084039055,0.13112344,0.0181283942922788,0.1115600312053425,0.1682548159803516,1.2831787816148787,0.1939251957386775,0.3554868426227867,0.323007977209753
semisynthetic_predicted_phi10,6,500,10,autoencoder,econml_dml,predicted,none,0.1397404074668884,0.0074580707221154,0.0029881761163627,True,10,0.084039055,0.13112344,0.0074580707221154,0.1241058119362837,0.1860683666310987,1.4190320710858315,0.1179492140353807,0.3061486771614161,0.1418925981328568
semisynthetic_predicted_phi10,6,500,10,pls,econml_dml,predicted,none,0.1397404074668884,0.0231983836831427,0.0266600952898221,True,10,0.084039055,0.13112344,0.0231983836831427,0.0990072002057732,0.1557519242152738,1.187826709055786,0.2479827719947288,0.4057955687367499,0.2486866596740705
semisynthetic_predicted_phi10,6,500,10,pca,econml_dml,predicted,none,0.1397404074668884,0.0119793473438698,0.0110868132937301,True,10,0.084039055,0.13112344,0.0119793473438698,0.1494407688138501,0.1992574633869711,1.519617418418638,0.1279641572133387,0.327040801825985,0.1904013966693781
semisynthetic_predicted_phi10,6,500,10,ica,econml_dml,predicted,none,0.1397404074668884,0.0273073896475378,0.0259791934095291,True,10,0.084039055,0.13112344,0.0273073896475378,0.1507809104684631,0.1962789379780938,1.496901987761256,0.1168711539758306,0.3014400545282488,0.147147299913174
semisynthetic_predicted_phi10,6,500,10,raw_x,econml_dml,predicted,none,0.1397404074668884,0.0099019559278028,0.0171402812168595,True,260,0.084039055,0.13112344,0.0099019559278028,0.2402122302165325,0.2750531874874255,2.0976660426802827,0.0752017016917015,0.1470154234259382,0.2053564238470384
semisynthetic_predicted_phi10,6,500,10,raw_x_s,econml_dml,predicted,none,0.1397404074668884,0.0245457647610603,0.0219457332943358,True,260,0.084039055,0.13112344,0.0245457647610603,0.4280004281622499,0.444878869284322,3.392824877720734,0.0534557201246058,0.0774140189957758,0.1692032672910673
semisynthetic_predicted_phi10,6,750,10,encoder_pred,econml_dml,predicted,none,0.08920818567276,0.0156937132776285,0.0142471787245951,True,10,0.084039055,0.13112344,0.0156937132776285,0.0549433161511617,0.1404848370118701,1.0713937722490363,0.3572296488473814,0.4229802920945927,0.5647619264967754
semisynthetic_predicted_phi10,6,750,10,mi_mine_cond,econml_dml,predicted,none,0.08920818567276,-0.0213288482123949,-0.0213104920009426,True,10,0.084039055,0.13112344,-0.0213288482123949,0.0479007361358965,0.1638596020506852,1.249659115492129,0.2977484154076851,0.491495008088657,0.3329356809502156
semisynthetic_predicted_phi10,6,750,10,mi_infonce_cond,econml_dml,predicted,none,0.08920818567276,0.0074758120705991,0.0069742616470093,True,10,0.084039055,0.13112344,0.0074758120705991,0.0459334510270036,0.1491094257445831,1.1371683487298927,0.2433645805906502,0.4616901126479568,0.252744617458642
semisynthetic_predicted_phi10,6,750,10,autoencoder,econml_dml,predicted,none,0.08920818567276,-0.0171160751782307,-0.0181241851910677,True,10,0.084039055,0.13112344,-0.0171160751782307,0.0645000486365968,0.1712873246080636,1.3063059099735606,0.1328189565277626,0.1977302398250311,0.1889359876512614
semisynthetic_predicted_phi10,6,750,10,pls,econml_dml,predicted,none,0.08920818567276,8.398695290950453e-06,0.0024720735405196,True,10,0.084039055,0.13112344,8.398695290950453e-06,0.0705344620118654,0.1590837157452863,1.2132362889906363,0.2120286695121663,0.3617018898700935,0.4125791597510641
semisynthetic_predicted_phi10,6,750,10,pca,econml_dml,predicted,none,0.08920818567276,-0.049185645781602,-0.0521896024717107,True,10,0.084039055,0.13112344,-0.049185645781602,0.0767699697072967,0.1965364270335498,1.4988657026809993,0.1097338552866155,0.0623004244300625,0.1272708469496432
semisynthetic_predicted_phi10,6,750,10,ica,econml_dml,predicted,none,0.08920818567276,-0.0152968590441017,-0.0171905325218504,True,10,0.084039055,0.13112344,-0.0152968590441017,0.0605855624662751,0.1693451388864493,1.2914940218655746,0.1292651585359358,0.1099004601972443,0.1611290405441557
semisynthetic_predicted_phi10,6,750,10,raw_x,econml_dml,predicted,none,0.08920818567276,0.0185224115258314,0.0153575416427639,True,271,0.084039055,0.13112344,0.0185224115258314,0.1775886704572867,0.2300616172153517,1.75454226349882,0.0020435806673616,0.0455348164761103,0.1161066205703573
semisynthetic_predicted_phi10,6,750,10,raw_x_s,econml_dml,predicted,none,0.08920818567276,0.004275627122657,0.0020920319736086,True,271,0.084039055,0.13112344,0.004275627122657,0.336196630731609,0.3522658028682043,2.6865204487329217,0.1416925496707924,0.1176902961443411,0.2957765972423782
semisynthetic_predicted_phi10,6,1000,10,encoder_pred,econml_dml,predicted,none,0.103342056274414,0.0404501599470755,0.0440361198215242,True,10,0.084039055,0.13112344,0.0404501599470755,0.0836811429199411,0.133771448655057,1.020194777189014,0.3737086367482816,0.4483162768644822,0.4554858049727861
semisynthetic_predicted_phi10,6,1000,10,mi_mine_cond,econml_dml,predicted,none,0.103342056274414,0.0168315421583953,0.0200932062370747,True,10,0.084039055,0.13112344,0.0168315421583953,0.1025982336647562,0.1421526333456203,1.0841130567167876,0.4470825063221086,0.6092839787088,0.5291867499384135
semisynthetic_predicted_phi10,6,1000,10,mi_infonce_cond,econml_dml,predicted,none,0.103342056274414,0.0283130662864841,0.0298160146163927,True,10,0.084039055,0.13112344,0.0283130662864841,0.0699637140106047,0.1418601735436165,1.081882640842984,0.276292688642562,0.481749609699609,0.3362919662589976
semisynthetic_predicted_phi10,6,1000,10,autoencoder,econml_dml,predicted,none,0.103342056274414,0.0092777668933326,0.0093998957168737,True,10,0.084039055,0.13112344,0.0092777668933326,0.0818450277595384,0.1559792792292513,1.1895606096762814,0.240019275456249,0.3649970053448166,0.2622595214304172
semisynthetic_predicted_phi10,6,1000,10,pls,econml_dml,predicted,none,0.103342056274414,0.0273545791888131,0.0282540490307187,True,10,0.084039055,0.13112344,0.0273545791888131,0.0880921551706749,0.1383335449782034,1.0549871554483576,0.3909005821354505,0.5200741821358882,0.4826161800284201
semisynthetic_predicted_phi10,6,1000,10,pca,econml_dml,predicted,none,0.103342056274414,-0.0032594082366298,-0.0021348357284448,True,10,0.084039055,0.13112344,-0.0032594082366298,0.0772728638964038,0.1592416090654077,1.2144404468446508,0.2678360841074876,0.4593383237484738,0.2621231949602906
semisynthetic_predicted_phi10,6,1000,10,ica,econml_dml,predicted,none,0.103342056274414,0.011742468938443,0.0145625033048989,True,10,0.084039055,0.13112344,0.011742468938443,0.069010110310196,0.1571495426181027,1.1984855081448649,0.1373970171155309,0.3582089956548882,0.1987669089812702
semisynthetic_predicted_phi10,6,1000,10,raw_x,econml_dml,predicted,none,0.103342056274414,-0.0145192644627902,-0.0091887613359594,True,288,0.084039055,0.13112344,-0.0145192644627902,0.1693238489624785,0.2376791589632555,1.812636695340326,-0.0205771109106525,-0.036274450199719,0.1439415501264689
semisynthetic_predicted_phi10,6,1000,10,raw_x_s,econml_dml,predicted,none,0.103342056274414,0.0094182868649392,0.0013581633584531,True,288,0.084039055,0.13112344,0.0094182868649392,0.263123297651929,0.2798219812094192,2.134034778293028,0.1984709488327738,0.1557768733732587,0.3158771108694455
semisynthetic_predicted_phi10,7,100,10,encoder_pred,econml_dml,predicted,none,0.0606060624122619,0.0399046730890266,0.0054409110507889,True,10,0.084905155,0.1316549,0.0399046730890266,0.1867759451731347,0.1910175629735925,1.4508959634133825,0.3610333989567683,0.4953809656472658,0.4488005695034323
semisynthetic_predicted_phi10,7,100,10,mi_mine_cond,econml_dml,predicted,none,0.0606060624122619,0.0548745142875565,0.0442593508070544,True,10,0.084905155,0.1316549,0.0548745142875565,0.1238142407462565,0.1525367335589983,1.1586103787933326,0.3158554506559133,0.4688172845343835,0.4056585726192324
semisynthetic_predicted_phi10,7,100,10,mi_infonce_cond,econml_dml,predicted,none,0.0606060624122619,0.0745953049866968,0.044790939011069,True,10,0.084905155,0.1316549,0.0745953049866968,0.1272177131074365,0.13966992157587,1.0608790221698554,0.4214013756247569,0.5999796369775494,0.466036302679309
semisynthetic_predicted_phi10,7,100,10,autoencoder,econml_dml,predicted,none,0.0606060624122619,0.0300528101871393,0.0134714993595055,True,10,0.084905155,0.1316549,0.0300528101871393,0.1635938946967511,0.1938802980026222,1.4726401979920405,0.2208935708668564,0.4268312140825747,0.2522374098612953
semisynthetic_predicted_phi10,7,100,10,pls,econml_dml,predicted,none,0.0606060624122619,0.0341702402695265,0.0289848176044764,True,10,0.084905155,0.1316549,0.0341702402695265,0.2211765900736601,0.2223731762367065,1.6890611457432008,0.3327090627898765,0.4501192507175299,0.4791912963321544
semisynthetic_predicted_phi10,7,100,10,pca,econml_dml,predicted,none,0.0606060624122619,0.0538821362394297,0.0434745028994833,True,10,0.084905155,0.1316549,0.0538821362394297,0.209423717371488,0.2198385214948299,1.6698088828811537,0.2507059478232706,0.4860529099861191,0.346507869162509
semisynthetic_predicted_phi10,7,100,10,ica,econml_dml,predicted,none,0.0606060624122619,0.0383253688855362,0.0006343249472257,True,10,0.084905155,0.1316549,0.0383253688855362,0.2616434118757929,0.2689434880343193,2.04279132819454,0.2268634167010019,0.4835978088920743,0.3850139066457134
semisynthetic_predicted_phi10,7,100,10,raw_x,econml_dml,predicted,none,0.0606060624122619,0.0682443083537664,0.0359405311708373,True,207,0.084905155,0.1316549,0.0682443083537664,0.5256569329996258,0.5284158269664595,4.0136434494003606,0.1062239340004167,0.0914749258224333,0.1850978425137536
semisynthetic_predicted_phi10,7,100,10,raw_x_s,econml_dml,predicted,none,0.0606060624122619,0.1121182855490859,0.0655803347767328,True,207,0.084905155,0.1316549,0.1121182855490859,0.575517078347275,0.564120651634888,4.284843569323193,0.2049723568874387,0.1574318052467541,0.2707725201069841
semisynthetic_predicted_phi10,7,250,10,encoder_pred,econml_dml,predicted,none,0.0160000324249267,-0.0158934865899081,-0.0138512254498236,True,10,0.084905155,0.1316549,-0.0158934865899081,0.1004415030343596,0.1674959548445824,1.2722348719613354,0.3602259388793484,0.5476714960679097,0.4110723994662454
semisynthetic_predicted_phi10,7,250,10,mi_mine_cond,econml_dml,predicted,none,0.0160000324249267,-0.0138592872270752,-0.0142349540212009,True,10,0.084905155,0.1316549,-0.0138592872270752,0.0472215231175121,0.1599712086734192,1.215079793258126,0.2997060245553868,0.2683507512761305,0.4003620654512566
semisynthetic_predicted_phi10,7,250,10,mi_infonce_cond,econml_dml,predicted,none,0.0160000324249267,-0.0252642868220156,-0.0336118708405563,True,10,0.084905155,0.1316549,-0.0252642868220156,0.1290830389647877,0.1945970302114902,1.478084220272016,0.2431606208023942,0.216256870355728,0.4096071359678119
semisynthetic_predicted_phi10,7,250,10,autoencoder,econml_dml,predicted,none,0.0160000324249267,-0.0204560952172892,-0.0218548768563216,True,10,0.084905155,0.1316549,-0.0204560952172892,0.0542795283750697,0.1766548099105215,1.341802013525676,0.0121288987483327,-0.0836150493074113,0.1009690732068468
semisynthetic_predicted_phi10,7,250,10,pls,econml_dml,predicted,none,0.0160000324249267,0.0024537139189474,0.0027173831434449,True,10,0.084905155,0.1316549,0.0024537139189474,0.0940724318102321,0.1717862123463977,1.3048220183707389,0.1401027344066018,0.0627542205052468,0.2865460543529881
semisynthetic_predicted_phi10,7,250,10,pca,econml_dml,predicted,none,0.0160000324249267,-0.0251941192132726,-0.0240568366814741,True,10,0.084905155,0.1316549,-0.0251941192132726,0.0871447116637705,0.1892527666302315,1.4374912489412206,0.0537108929817312,-0.0713308446457401,0.0429033935733132
semisynthetic_predicted_phi10,7,250,10,ica,econml_dml,predicted,none,0.0160000324249267,-0.0686448909549639,-0.0583307675378923,True,10,0.084905155,0.1316549,-0.0686448909549639,0.0730618659867335,0.2192779330819878,1.665550868839579,-0.0953402760213765,-0.2345309808272886,-0.0555607612508223
semisynthetic_predicted_phi10,7,250,10,raw_x,econml_dml,predicted,none,0.0160000324249267,-0.0086080808749073,-0.0058290065670634,True,253,0.084905155,0.1316549,-0.0086080808749073,0.3260671272349575,0.3610409596732458,2.742328311921894,0.0238412942996644,0.0408033809604152,0.1357780085161029
semisynthetic_predicted_phi10,7,250,10,raw_x_s,econml_dml,predicted,none,0.0160000324249267,-0.0397553809524367,-0.0240979195500338,True,253,0.084905155,0.1316549,-0.0397553809524367,0.4908690815469005,0.5124288255081948,3.892212333215056,0.0869815083054072,0.0647419244889606,0.2067522838280818
semisynthetic_predicted_phi10,7,500,10,encoder_pred,econml_dml,predicted,none,0.1441967487335205,0.0339693725547775,0.037740400802865,True,10,0.084905155,0.1316549,0.0339693725547775,0.091194494599086,0.1340909465701905,1.0185032731040813,0.4274257279904124,0.4846917218422546,0.5661810735643354
semisynthetic_predicted_phi10,7,500,10,mi_mine_cond,econml_dml,predicted,none,0.1441967487335205,0.0395964727072539,0.0435718980604749,True,10,0.084905155,0.1316549,0.0395964727072539,0.1015276286551263,0.1403405794116808,1.065973081227367,0.3740016906363516,0.4850918954840152,0.4666839925825449
semisynthetic_predicted_phi10,7,500,10,mi_infonce_cond,econml_dml,predicted,none,0.1441967487335205,0.0035099679918347,0.0031455128717857,True,10,0.084905155,0.1316549,0.0035099679918347,0.0680423183512278,0.1540037775571826,1.1697534809352528,0.2718645033900952,0.405177619354555,0.4081122260996047
semisynthetic_predicted_phi10,7,500,10,autoencoder,econml_dml,predicted,none,0.1441967487335205,0.0278613417387614,0.023840836762431,True,10,0.084905155,0.1316549,0.0278613417387614,0.0677175871329655,0.1465492986206256,1.1131321251288455,0.207281914119661,0.3138087113606309,0.2341997590383037
semisynthetic_predicted_phi10,7,500,10,pls,econml_dml,predicted,none,0.1441967487335205,0.0145493906087806,0.017235273946824,True,10,0.084905155,0.1316549,0.0145493906087806,0.0748883452392266,0.1461802806008408,1.1103292061354406,0.3307768781350295,0.4625843332869523,0.4760994797595073
semisynthetic_predicted_phi10,7,500,10,pca,econml_dml,predicted,none,0.1441967487335205,0.0420492038775519,0.0397915595765666,True,10,0.084905155,0.1316549,0.0420492038775519,0.0622996680544829,0.1390871616012591,1.056452601469897,0.2258978497895602,0.4100422478437331,0.3043908372198114
semisynthetic_predicted_phi10,7,500,10,ica,econml_dml,predicted,none,0.1441967487335205,0.0567590111538799,0.0559277154382436,True,10,0.084905155,0.1316549,0.0567590111538799,0.0587133457107336,0.1277819028096115,0.9705822024824868,0.3392190848972999,0.5448528762442095,0.374377455381464
semisynthetic_predicted_phi10,7,500,10,raw_x,econml_dml,predicted,none,0.1441967487335205,-0.0084940571760116,-0.0022806379136154,True,261,0.084905155,0.1316549,-0.0084940571760116,0.232843019236287,0.2852485001684179,2.1666379312005706,-0.0178504975541451,-0.0501503483433059,0.11934036227664
semisynthetic_predicted_phi10,7,500,10,raw_x_s,econml_dml,predicted,none,0.1441967487335205,0.0707389219634533,0.0509812670989735,True,261,0.084905155,0.1316549,0.0707389219634533,0.3304264006440334,0.3431828758454546,2.6066851734759178,0.1027626439868414,0.0756172452786388,0.2441594736190446
semisynthetic_predicted_phi10,7,750,10,encoder_pred,econml_dml,predicted,none,0.1171496510505676,-0.005086008683636,0.0026457292863061,True,10,0.084905155,0.1316549,-0.005086008683636,0.085416774353944,0.152106882040057,1.1553453919303958,0.4264333071450411,0.465690103213622,0.595802060715832
semisynthetic_predicted_phi10,7,750,10,mi_mine_cond,econml_dml,predicted,none,0.1171496510505676,0.0206985524090278,0.0276686361560495,True,10,0.084905155,0.1316549,0.0206985524090278,0.0980147622097394,0.1518668238209951,1.1535220019991292,0.3099342898113381,0.4408144154419832,0.4668600054116283
semisynthetic_predicted_phi10,7,750,10,mi_infonce_cond,econml_dml,predicted,none,0.1171496510505676,0.0136782404999317,0.0212271593629371,True,10,0.084905155,0.1316549,0.0136782404999317,0.1053453603433111,0.1528135627159338,1.1607130666305152,0.3659879786573515,0.4850763341844811,0.4846108525899552
semisynthetic_predicted_phi10,7,750,10,autoencoder,econml_dml,predicted,none,0.1171496510505676,0.0238318560099299,0.0229605407726352,True,10,0.084905155,0.1316549,0.0238318560099299,0.0762422072279274,0.1559828830536903,1.1847860053343278,0.126781217559276,0.306984305999301,0.252887764606758
semisynthetic_predicted_phi10,7,750,10,pls,econml_dml,predicted,none,0.1171496510505676,0.0070122525580321,0.0118512530383305,True,10,0.084905155,0.1316549,0.0070122525580321,0.0854423005651775,0.1506004600568638,1.143903189754911,0.3564884451730876,0.4378344570679431,0.5424599804820294
semisynthetic_predicted_phi10,7,750,10,pca,econml_dml,predicted,none,0.1171496510505676,0.0318354248337469,0.0350608221752303,True,10,0.084905155,0.1316549,0.0318354248337469,0.0974472235784435,0.1583602679129993,1.2028437066375757,0.1780049355910555,0.3675118463570058,0.2977800964866087
semisynthetic_predicted_phi10,7,750,10,ica,econml_dml,predicted,none,0.1171496510505676,0.0255645313326811,0.030583080129649,True,10,0.084905155,0.1316549,0.0255645313326811,0.0917932307607592,0.1619574933452655,1.2301668479127286,0.1261928572242435,0.2618620578999484,0.2148837167780365
semisynthetic_predicted_phi10,7,750,10,raw_x,econml_dml,predicted,none,0.1171496510505676,0.0056898042236686,0.010344250644356,True,274,0.084905155,0.1316549,0.0056898042236686,0.1707098889124947,0.2357408815446359,1.790597095471843,-0.0628218027781893,-0.0233563718847491,0.0504894332510152
semisynthetic_predicted_phi10,7,750,10,raw_x_s,econml_dml,predicted,none,0.1171496510505676,0.0189210817471555,0.0354161203511425,True,274,0.084905155,0.1316549,0.0189210817471555,0.2960405557906028,0.3156028832594684,2.397198154109482,0.124717037173517,0.1304262713169958,0.2453457281363269
semisynthetic_predicted_phi10,7,1000,10,encoder_pred,econml_dml,predicted,none,0.1252967119216919,-0.0063571557582836,-0.0076759831375246,True,10,0.084905155,0.1316549,-0.0063571557582836,0.066923800705641,0.1480884707684846,1.1248230849629193,0.4659269110746977,0.5815334538363135,0.5711321505586558
semisynthetic_predicted_phi10,7,1000,10,mi_mine_cond,econml_dml,predicted,none,0.1252967119216919,0.027255311778153,0.0278071245209784,True,10,0.084905155,0.1316549,0.027255311778153,0.0871605017653894,0.1387269026842403,1.0537162132532882,0.392515529041347,0.5741357975892472,0.479950509882584
semisynthetic_predicted_phi10,7,1000,10,mi_infonce_cond,econml_dml,predicted,none,0.1252967119216919,0.0048572512538258,0.0025171905110628,True,10,0.084905155,0.1316549,0.0048572512538258,0.0841931163282488,0.1492377814232217,1.133552806794291,0.386002661452815,0.5036176710221204,0.4616916771547639
semisynthetic_predicted_phi10,7,1000,10,autoencoder,econml_dml,predicted,none,0.1252967119216919,0.0081858286712423,0.006435275961895,True,10,0.084905155,0.1316549,0.0081858286712423,0.0950019425395589,0.1668392729066304,1.2672469684503234,0.1762503550777829,0.3561315325554524,0.2383437219431669
semisynthetic_predicted_phi10,7,1000,10,pls,econml_dml,predicted,none,0.1252967119216919,0.020128945991495,0.0183771925984629,True,10,0.084905155,0.1316549,0.020128945991495,0.0857280669562977,0.1394891787085099,1.059506168843772,0.4173580170323711,0.5838837630523371,0.5196742470213476
semisynthetic_predicted_phi10,7,1000,10,pca,econml_dml,predicted,none,0.1252967119216919,0.0083681684400372,0.0079034117400142,True,10,0.084905155,0.1316549,0.0083681684400372,0.0734615619021281,0.1525136418779277,1.1584349832625125,0.2754004420082194,0.4647316718516879,0.364470438055759
semisynthetic_predicted_phi10,7,1000,10,ica,econml_dml,predicted,none,0.1252967119216919,0.0150573802417862,0.0142396584629482,True,10,0.084905155,0.1316549,0.0150573802417862,0.0773052227952837,0.153686007358284,1.1673398206848669,0.2244353540347035,0.4239919065769317,0.2855671911820104
semisynthetic_predicted_phi10,7,1000,10,raw_x,econml_dml,predicted,none,0.1252967119216919,0.0054387508755123,0.0075241784087741,True,291,0.084905155,0.1316549,0.0054387508755123,0.1665102925105761,0.2291631430584566,1.740635123025855,-0.0260503940677391,-0.0185899145633235,0.1383724322871085
semisynthetic_predicted_phi10,7,1000,10,raw_x_s,econml_dml,predicted,none,0.1252967119216919,-0.0031378440710521,-0.0007639648416998,True,291,0.084905155,0.1316549,-0.0031378440710521,0.2680436100088536,0.2955502234115428,2.2448858600138912,0.1357640399833113,0.1642681902190322,0.2757470477129008
semisynthetic_predicted_phi10,8,100,10,encoder_pred,econml_dml,predicted,none,0.0974234938621521,-0.0257671136669434,-0.0319891719343878,True,10,0.08472609,0.13180314,-0.0257671136669434,0.1604744163012362,0.2113718227714523,1.6036933776498214,0.251874378553661,0.34661912250485,0.3546198728731655
semisynthetic_predicted_phi10,8,100,10,mi_mine_cond,econml_dml,predicted,none,0.0974234938621521,-0.0596980365580192,-0.0571732950169733,True,10,0.08472609,0.13180314,-0.0596980365580192,0.0773642012204056,0.2041923161271933,1.5492219390766664,0.1236222068456126,0.072440645791213,0.3041447037951529
semisynthetic_predicted_phi10,8,100,10,mi_infonce_cond,econml_dml,predicted,none,0.0974234938621521,-0.0331033702553767,-0.0374538161322583,True,10,0.08472609,0.13180314,-0.0331033702553767,0.0902732142853635,0.1851519844677344,1.4047615593052978,0.2153184718305829,0.378771910152351,0.3232372723321464
semisynthetic_predicted_phi10,8,100,10,autoencoder,econml_dml,predicted,none,0.0974234938621521,-0.0354098287095003,-0.0318909207041274,True,10,0.08472609,0.13180314,-0.0354098287095003,0.1092828329273511,0.2173548484243385,1.6490870280050878,-0.1213458224593187,3.848195362156965e-05,-0.0104100499394829
semisynthetic_predicted_phi10,8,100,10,pls,econml_dml,predicted,none,0.0974234938621521,-0.0658037995352135,-0.0721097901607347,True,10,0.08472609,0.13180314,-0.0658037995352135,0.1622169102665335,0.2555939840798016,1.9392101286797996,0.0237914548202754,-0.0501445451431036,0.2937734057601003
semisynthetic_predicted_phi10,8,100,10,pca,econml_dml,predicted,none,0.0974234938621521,-0.0544148341778248,-0.0519783352330533,True,10,0.08472609,0.13180314,-0.0544148341778248,0.1575443137243623,0.2606638951224747,1.977675912140444,-0.1539427583524414,-0.1235730951615211,-0.0302153280949746
semisynthetic_predicted_phi10,8,100,10,ica,econml_dml,predicted,none,0.0974234938621521,-0.0495051403264623,-0.0519164011670605,True,10,0.08472609,0.13180314,-0.0495051403264623,0.1209111985263353,0.2325498454718198,1.7643725746732577,-0.1276889216325038,-0.0292463129829907,0.0003564378253254
semisynthetic_predicted_phi10,8,100,10,raw_x,econml_dml,predicted,none,0.0974234938621521,0.0357231938397709,-0.0427726370150317,True,215,0.08472609,0.13180314,0.0357231938397709,0.599745117267427,0.6141692679420434,4.65974686143322,0.0143182562983908,0.0238427715607367,0.0891950625092791
semisynthetic_predicted_phi10,8,100,10,raw_x_s,econml_dml,predicted,none,0.0974234938621521,0.0321323227333019,-0.0232695278476973,True,215,0.08472609,0.13180314,0.0321323227333019,0.5878345133530477,0.59846788825279,4.5406193528681476,0.048553985918706,0.0251394533283738,0.1586152639534334
semisynthetic_predicted_phi10,8,250,10,encoder_pred,econml_dml,predicted,none,0.0808373689651489,-0.0194528495190466,-0.0296237772727854,True,10,0.08472609,0.13180314,-0.0194528495190466,0.0657883871642771,0.1735484033627641,1.3167243463453455,0.140373041922669,0.2032668493574889,0.2564138469619885
semisynthetic_predicted_phi10,8,250,10,mi_mine_cond,econml_dml,predicted,none,0.0808373689651489,-0.0070545217411134,-0.0041259231812463,True,10,0.08472609,0.13180314,-0.0070545217411134,0.0698404383084375,0.1620387723813213,1.2293999397990163,0.2399119956062879,0.3712845710375115,0.3195797168348201
semisynthetic_predicted_phi10,8,250,10,mi_infonce_cond,econml_dml,predicted,none,0.0808373689651489,0.021931342799902,0.019411590075956,True,10,0.08472609,0.13180314,0.021931342799902,0.1199272912445835,0.1655237974656004,1.255841078335466,0.2625350566915302,0.3590590536185047,0.384373897235196
semisynthetic_predicted_phi10,8,250,10,autoencoder,econml_dml,predicted,none,0.0808373689651489,0.0115656611638491,0.0030749461026209,True,10,0.08472609,0.13180314,0.0115656611638491,0.1449871085744398,0.2116259630714572,1.6056215585718,-0.0272052532470463,-0.0153151226269761,0.0603290777189533
semisynthetic_predicted_phi10,8,250,10,pls,econml_dml,predicted,none,0.0808373689651489,0.0332939343338424,0.0186804091221102,True,10,0.08472609,0.13180314,0.0332939343338424,0.0955744718341745,0.1615894699320877,1.225991049470352,0.1206895557736149,0.1531136137993474,0.177434277915708
semisynthetic_predicted_phi10,8,250,10,pca,econml_dml,predicted,none,0.0808373689651489,0.0207896951055578,0.0110690768698497,True,10,0.08472609,0.13180314,0.0207896951055578,0.1113074506979929,0.1849958527348762,1.4035769765035662,-0.0127529129752846,0.0855207071497768,0.0911043990584117
semisynthetic_predicted_phi10,8,250,10,ica,econml_dml,predicted,none,0.0808373689651489,0.0136478863520561,0.0145643989904348,True,10,0.08472609,0.13180314,0.0136478863520561,0.0953821518569058,0.1739591135165006,1.3198404341239562,0.0501190281499132,0.160524354948468,0.1384465414157741
semisynthetic_predicted_phi10,8,250,10,raw_x,econml_dml,predicted,none,0.0808373689651489,-0.0009123596820408,-0.0043360722983154,True,239,0.08472609,0.13180314,-0.0009123596820408,0.3598461059770683,0.405747939999969,3.07843910243693,-0.1100191240802661,-0.0857191786225664,0.0508779962867905
semisynthetic_predicted_phi10,8,250,10,raw_x_s,econml_dml,predicted,none,0.0808373689651489,0.0718777226368329,0.0273459918748976,True,239,0.08472609,0.13180314,0.0718777226368329,0.4899986040969217,0.4975754554972434,3.775141134704707,0.0778408464507642,0.1213410688744145,0.166223753761832
semisynthetic_predicted_phi10,8,500,10,encoder_pred,econml_dml,predicted,none,0.1033257842063903,0.0233548432595879,0.019890130072058,True,10,0.08472609,0.13180314,0.0233548432595879,0.1204953204519109,0.1505964848185287,1.1425864726631605,0.4085944701840111,0.4988808711026885,0.5484772875818675
semisynthetic_predicted_phi10,8,500,10,mi_mine_cond,econml_dml,predicted,none,0.1033257842063903,0.0322531808669345,0.030084840213441,True,10,0.08472609,0.13180314,0.0322531808669345,0.1142633858596114,0.14691154118086,1.114628537536056,0.385072494875356,0.4808245064437386,0.5183002132948652
semisynthetic_predicted_phi10,8,500,10,mi_infonce_cond,econml_dml,predicted,none,0.1033257842063903,0.0316847209593214,0.0303799935690005,True,10,0.08472609,0.13180314,0.0316847209593214,0.0778922189025965,0.1402557804041872,1.0641307969156668,0.3205087814667273,0.4704884053204199,0.4219712140759137
semisynthetic_predicted_phi10,8,500,10,autoencoder,econml_dml,predicted,none,0.1033257842063903,0.0404998688732574,0.0428368463272644,True,10,0.08472609,0.13180314,0.0404998688732574,0.1254960710052944,0.1809443159476488,1.3728376725140905,0.0706267919287238,0.0413015340260128,0.1484698360588562
semisynthetic_predicted_phi10,8,500,10,pls,econml_dml,predicted,none,0.1033257842063903,0.042183128696372,0.0372849298589275,True,10,0.08472609,0.13180314,0.042183128696372,0.1047524595125764,0.1400952654340433,1.0629129581741623,0.3812773070535176,0.5359471296700129,0.4938527757703568
semisynthetic_predicted_phi10,8,500,10,pca,econml_dml,predicted,none,0.1033257842063903,0.0725294690705957,0.0687511516027719,True,10,0.08472609,0.13180314,0.0725294690705957,0.0860295002776929,0.1411160676080858,1.0706578584401392,0.2208384081335646,0.4262880287816079,0.1890370696334531
semisynthetic_predicted_phi10,8,500,10,ica,econml_dml,predicted,none,0.1033257842063903,0.0675877212084345,0.0659288467101238,True,10,0.08472609,0.13180314,0.0675877212084345,0.0918460757029295,0.1361480816277931,1.032965387833652,0.3124666081487493,0.5349203263677014,0.3096223701627736
semisynthetic_predicted_phi10,8,500,10,raw_x,econml_dml,predicted,none,0.1033257842063903,0.0202931532875772,0.0154590175663324,True,252,0.08472609,0.13180314,0.0202931532875772,0.2502825014377157,0.2820044003971539,2.139587876261172,0.0703061159548768,0.0610238233243915,0.1654193279822056
semisynthetic_predicted_phi10,8,500,10,raw_x_s,econml_dml,predicted,none,0.1033257842063903,0.0755388598346476,0.0542577262011303,True,252,0.08472609,0.13180314,0.0755388598346476,0.4268320240341106,0.4316700250866643,3.275111845489146,0.1182328366747024,0.1297370932221788,0.2259515958495813
semisynthetic_predicted_phi10,8,750,10,encoder_pred,econml_dml,predicted,none,0.1051246523857116,-0.0015263632193744,-0.0035789697578355,True,10,0.08472609,0.13180314,-0.0015263632193744,0.0070372142894433,0.155423446519258,1.1792089818137714,0.3798419411619722,0.6087848984488826,0.4168347769884351
semisynthetic_predicted_phi10,8,750,10,mi_mine_cond,econml_dml,predicted,none,0.1051246523857116,-0.0163479859729053,-0.0173435476338249,True,10,0.08472609,0.13180314,-0.0163479859729053,0.0019368095510683,0.1659015869757807,1.2587073947994007,0.1340705300685278,0.269997379516956,0.1942459631523515
semisynthetic_predicted_phi10,8,750,10,mi_infonce_cond,econml_dml,predicted,none,0.1051246523857116,0.0032417263915444,0.0030726060171304,True,10,0.08472609,0.13180314,0.0032417263915444,0.0001337527675117,0.1549445730069817,1.1755757336811683,0.1124731726566413,0.2381384808422789,0.2433277239923998
semisynthetic_predicted_phi10,8,750,10,autoencoder,econml_dml,predicted,none,0.1051246523857116,-0.0085623374472448,-0.0096107867335634,True,10,0.08472609,0.13180314,-0.0085623374472448,0.0003877691516678,0.1614793263952875,1.2251553824536163,-0.0061133525635453,-0.0285552458096064,0.0878418340522581
semisynthetic_predicted_phi10,8,750,10,pls,econml_dml,predicted,none,0.1051246523857116,0.0107143750192034,0.0098835329063453,True,10,0.08472609,0.13180314,0.0107143750192034,0.0430513688229898,0.1530598428937516,1.1612761493675468,0.1124283592647183,0.080876013797988,0.284185912311314
semisynthetic_predicted_phi10,8,750,10,pca,econml_dml,predicted,none,0.1051246523857116,0.0107770077247892,0.0108172880797786,True,10,0.08472609,0.13180314,0.0107770077247892,0.0473914618495563,0.1646528669814464,1.2492332654703555,-0.1620213774893494,-0.3063273714193181,-0.0343799125800868
semisynthetic_predicted_phi10,8,750,10,ica,econml_dml,predicted,none,0.1051246523857116,0.0037148047597437,0.0053404257054929,True,10,0.08472609,0.13180314,0.0037148047597437,0.0328159521354139,0.1560660963251663,1.1840848125861518,0.0757362231493197,-0.0028466168671378,0.1650451247165457
semisynthetic_predicted_phi10,8,750,10,raw_x,econml_dml,predicted,none,0.1051246523857116,-0.0032227923529534,0.0041532185301523,True,276,0.08472609,0.13180314,-0.0032227923529534,0.1713604656938267,0.2327270646905373,1.765717149762421,0.0068537456748147,0.0586633875706946,0.1434295980006275
semisynthetic_predicted_phi10,8,750,10,raw_x_s,econml_dml,predicted,none,0.1051246523857116,0.0017166614210252,0.0064965113081174,True,276,0.08472609,0.13180314,0.0017166614210252,0.2668896550432005,0.2944742304280726,2.234197382763966,0.1247643946787681,0.151543378595507,0.2630077142854961
semisynthetic_predicted_phi10,8,1000,10,encoder_pred,econml_dml,predicted,none,0.0826443433761596,-0.0065446887806715,-0.0120110956433042,True,10,0.08472609,0.13180314,-0.0065446887806715,0.0631207741145985,0.1497220460454777,1.1359520421552756,0.4369222243915311,0.5340823691526294,0.5902205601001692
semisynthetic_predicted_phi10,8,1000,10,mi_mine_cond,econml_dml,predicted,none,0.0826443433761596,-0.019459547749356,-0.0213663079734179,True,10,0.08472609,0.13180314,-0.019459547749356,0.0488256333056839,0.1591184926509778,1.2072435652972902,0.4111620845164619,0.5537569976161892,0.4278502797757995
semisynthetic_predicted_phi10,8,1000,10,mi_infonce_cond,econml_dml,predicted,none,0.0826443433761596,-0.001957980676338,-0.0009775248232508,True,10,0.08472609,0.13180314,-0.001957980676338,0.0461095173475749,0.1532477127220926,1.162701531405797,0.2902090645143346,0.4949132558949065,0.3496434907808489
semisynthetic_predicted_phi10,8,1000,10,autoencoder,econml_dml,predicted,none,0.0826443433761596,0.0047483175187668,0.000966559622143,True,10,0.08472609,0.13180314,0.0047483175187668,0.0414079364368008,0.1553164792075167,1.1783974130473427,0.1245873117183995,0.2640844205106631,0.2111049343460719
semisynthetic_predicted_phi10,8,1000,10,pls,econml_dml,predicted,none,0.0826443433761596,0.0083947738377634,0.0054985893375398,True,10,0.08472609,0.13180314,0.0083947738377634,0.026493275904503,0.1470615122366569,1.115766378833288,0.325516752386719,0.2626645465597675,0.5027384845162898
semisynthetic_predicted_phi10,8,1000,10,pca,econml_dml,predicted,none,0.0826443433761596,-4.50258678956349e-06,-0.0012149325507337,True,10,0.08472609,0.13180314,-4.50258678956349e-06,0.0493217404774216,0.1636918221650421,1.2419417486187514,0.014533798950824,-0.0763192425304791,0.103657293166525
semisynthetic_predicted_phi10,8,1000,10,ica,econml_dml,predicted,none,0.0826443433761596,0.0001583712430804,0.0018774640818134,True,10,0.08472609,0.13180314,0.0001583712430804,0.0481151256351973,0.1600650501361908,1.2144251657144955,0.0960315132039715,0.1603940052524264,0.1590026501720143
semisynthetic_predicted_phi10,8,1000,10,raw_x,econml_dml,predicted,none,0.0826443433761596,0.0007128945848482,-0.005189154173635,True,274,0.08472609,0.13180314,0.0007128945848482,0.157307066835827,0.2224209861161417,1.6875241827785117,-0.0071212555825599,-0.0057068710334504,0.1106900498823678
semisynthetic_predicted_phi10,8,1000,10,raw_x_s,econml_dml,predicted,none,0.0826443433761596,0.0092688534523244,0.0065200033372488,True,274,0.08472609,0.13180314,0.0092688534523244,0.2582135314395146,0.2843493775333518,2.157379388179612,0.1305413622414924,0.1109516567637793,0.2859712228424113
semisynthetic_predicted_phi10,9,100,10,encoder_pred,econml_dml,predicted,none,0.1484593749046325,0.03187889810002,0.0247962800921376,True,10,0.08396351,0.13230343,0.03187889810002,0.1410752383893429,0.1908424362416721,1.4424602313157877,0.0990743447943204,0.0714635314075048,0.34266340102132
semisynthetic_predicted_phi10,9,100,10,mi_mine_cond,econml_dml,predicted,none,0.1484593749046325,0.0466882429871201,0.0445123859526529,True,10,0.08396351,0.13230343,0.0466882429871201,0.1256457292255796,0.1679134256387131,1.2691539867009731,0.1950741286110594,0.3787912366456349,0.3215146329912504
semisynthetic_predicted_phi10,9,100,10,mi_infonce_cond,econml_dml,predicted,none,0.1484593749046325,0.0813894880205755,0.078581464140873,True,10,0.08396351,0.13230343,0.0813894880205755,0.1591516699012611,0.1776950442205143,1.3430872065865138,0.2674862938727075,0.4325330924868191,0.3435637660692894
semisynthetic_predicted_phi10,9,100,10,autoencoder,econml_dml,predicted,none,0.1484593749046325,0.0544337754030631,0.0519086696842398,True,10,0.08396351,0.13230343,0.0544337754030631,0.1265225177861766,0.1878984713561325,1.4202086170867414,-0.027530419940978,-0.1760733135113251,0.0397379077190448
semisynthetic_predicted_phi10,9,100,10,pls,econml_dml,predicted,none,0.1484593749046325,0.0888355959002869,0.0714000443298995,True,10,0.08396351,0.13230343,0.0888355959002869,0.1905761503189492,0.2294732154862894,1.734446457558125,0.0235832209443735,-0.061823818321098,0.2135153599799421
semisynthetic_predicted_phi10,9,100,10,pca,econml_dml,predicted,none,0.1484593749046325,0.0586067452965566,0.0419876225297355,True,10,0.08396351,0.13230343,0.0586067452965566,0.2622802750151914,0.2875871718085652,2.1736939987766397,0.0609748581317761,-0.0272726524875498,0.2083386460116875
semisynthetic_predicted_phi10,9,100,10,ica,econml_dml,predicted,none,0.1484593749046325,0.0746625809019107,0.0531062080189571,True,10,0.08396351,0.13230343,0.0746625809019107,0.2723786201180456,0.2978083307840277,2.2509494333142213,0.0428871624731249,-0.0580515807697125,0.169358029340985
semisynthetic_predicted_phi10,9,100,10,raw_x,econml_dml,predicted,none,0.1484593749046325,0.0116785140949775,-0.0102533490309756,True,215,0.08396351,0.13230343,0.0116785140949775,0.4545448671789237,0.4970619753416114,3.756984798818983,-0.1474134142587851,-0.2155821788080857,-0.0235122848767065
semisynthetic_predicted_phi10,9,100,10,raw_x_s,econml_dml,predicted,none,0.1484593749046325,0.1294776863914717,0.0550480600275492,True,215,0.08396351,0.13230343,0.1294776863914717,0.6167615856577312,0.6365061543564563,4.810957314987649,-0.0316759311259496,-0.0404755285650214,0.053656433019537
semisynthetic_predicted_phi10,9,250,10,encoder_pred,econml_dml,predicted,none,0.0998389720916748,0.0220287577905589,0.0210171233949345,True,10,0.08396351,0.13230343,0.0220287577905589,0.0778875743238885,0.142008695614664,1.0733561149145114,0.3512985197047894,0.5415983710381002,0.4189723021058564
semisynthetic_predicted_phi10,9,250,10,mi_mine_cond,econml_dml,predicted,none,0.0998389720916748,0.0536373756651973,0.0477371505897913,True,10,0.08396351,0.13230343,0.0536373756651973,0.0955072445368792,0.1327577654839237,1.0034340416111942,0.3925662008139493,0.5861730890675975,0.4197558105522114
semisynthetic_predicted_phi10,9,250,10,mi_infonce_cond,econml_dml,predicted,none,0.0998389720916748,0.0617028275805338,0.0544945648633085,True,10,0.08396351,0.13230343,0.0617028275805338,0.1420516720719162,0.1635422490567845,1.2361149598070476,0.3041500930063591,0.4843219190306369,0.3614864882963928
semisynthetic_predicted_phi10,9,250,10,autoencoder,econml_dml,predicted,none,0.0998389720916748,0.0436112782269359,0.0331473695099302,True,10,0.08396351,0.13230343,0.0436112782269359,0.1588290659462015,0.1961643954941504,1.482685637811132,0.1398783508187481,0.2303535088981955,0.1986591692721112
semisynthetic_predicted_phi10,9,250,10,pls,econml_dml,predicted,none,0.0998389720916748,0.0515631504261335,0.0402149512754568,True,10,0.08396351,0.13230343,0.0515631504261335,0.2083453655240613,0.2291400850800908,1.731928530349446,0.1715338540225675,0.2916691270266185,0.3443024739044811
semisynthetic_predicted_phi10,9,250,10,pca,econml_dml,predicted,none,0.0998389720916748,0.0547508888392738,0.0349282590583856,True,10,0.08396351,0.13230343,0.0547508888392738,0.2112781398825522,0.2343093705791785,1.770999970138178,0.1448001798810078,0.360030601062798,0.1949202937527188
semisynthetic_predicted_phi10,9,250,10,ica,econml_dml,predicted,none,0.0998389720916748,0.0223982270373766,0.0115742532665295,True,10,0.08396351,0.13230343,0.0223982270373766,0.13221056892331,0.1766017734307612,1.334823847203064,0.2168411141347851,0.4019498892422701,0.2430538962736606
semisynthetic_predicted_phi10,9,250,10,raw_x,econml_dml,predicted,none,0.0998389720916748,-0.0079042275753942,0.0147451702558457,True,240,0.08396351,0.13230343,-0.0079042275753942,0.3613345766166952,0.3990111493217624,3.015879099444077,-0.0282741833216999,0.0478900969346237,0.1401787015349801
semisynthetic_predicted_phi10,9,250,10,raw_x_s,econml_dml,predicted,none,0.0998389720916748,0.0126540693643252,0.0385964725786683,True,240,0.08396351,0.13230343,0.0126540693643252,0.4260418738554576,0.4471847151691562,3.379993361994895,0.0366061613690837,0.0586716557611705,0.1267140754011027
semisynthetic_predicted_phi10,9,500,10,encoder_pred,econml_dml,predicted,none,0.0939381718635559,0.0486732258978144,0.0399964401388185,True,10,0.08396351,0.13230343,0.0486732258978144,0.082800959496895,0.1458884845343875,1.1026810456417309,0.1972711627250307,0.3043262427559133,0.3148905713263231
semisynthetic_predicted_phi10,9,500,10,mi_mine_cond,econml_dml,predicted,none,0.0939381718635559,0.058068756877218,0.0554505782161538,True,10,0.08396351,0.13230343,0.058068756877218,0.0730041093028338,0.1283869544369173,0.970397777570221,0.3634615200236344,0.489557784908855,0.4607401998495664
semisynthetic_predicted_phi10,9,500,10,mi_infonce_cond,econml_dml,predicted,none,0.0939381718635559,0.0198899920245184,0.0206066035587492,True,10,0.08396351,0.13230343,0.0198899920245184,0.0796078440546789,0.1631981654621518,1.233514244204794,0.0623496974310612,0.3157020969151745,0.1093642183880458
semisynthetic_predicted_phi10,9,500,10,autoencoder,econml_dml,predicted,none,0.0939381718635559,0.0552501132790345,0.0529657732948745,True,10,0.08396351,0.13230343,0.0552501132790345,0.0839696719519779,0.1558275293362871,1.1778041531975942,0.0493878169492509,-0.1108207473828115,0.1538324411605246
semisynthetic_predicted_phi10,9,500,10,pls,econml_dml,predicted,none,0.0939381718635559,0.0412078552562197,0.0405148803446159,True,10,0.08396351,0.13230343,0.0412078552562197,0.0437642531440704,0.1348228269106245,1.0190425668527603,0.2651360338167113,0.2330348035930975,0.4839135001317901
semisynthetic_predicted_phi10,9,500,10,pca,econml_dml,predicted,none,0.0939381718635559,0.0439263850445824,0.0419419052950945,True,10,0.08396351,0.13230343,0.0439263850445824,0.1053190234330765,0.1694782213155509,1.2809813117887492,0.0529780672306389,-0.0111669648442506,0.1807551307079594
semisynthetic_predicted_phi10,9,500,10,ica,econml_dml,predicted,none,0.0939381718635559,0.0448711153162173,0.0399086531825535,True,10,0.08396351,0.13230343,0.0448711153162173,0.0891000043837186,0.1518745670185649,1.1479261499007618,0.1656456999464353,0.1966655930864571,0.2140177429170836
semisynthetic_predicted_phi10,9,500,10,raw_x,econml_dml,predicted,none,0.0939381718635559,0.0139077296170907,0.0102542119811122,True,262,0.08396351,0.13230343,0.0139077296170907,0.2083725147286354,0.2595973848698387,1.9621364681916316,-0.0282875589719674,-0.0373970636531366,0.0922143569284111
semisynthetic_predicted_phi10,9,500,10,raw_x_s,econml_dml,predicted,none,0.0939381718635559,0.0740680008577551,0.0482442605199737,True,262,0.08396351,0.13230343,0.0740680008577551,0.3570067344697459,0.3666349124545137,2.771167100161452,0.1125772326293641,0.0916799319686633,0.2009760104446363
semisynthetic_predicted_phi10,9,750,10,encoder_pred,econml_dml,predicted,none,0.0522137284278869,0.018436889911137,0.0190130550343305,True,10,0.08396351,0.13230343,0.018436889911137,0.0033025658704483,0.1476414758914791,1.1159308257652816,0.0124033764436231,0.4805411525443845,0.4352923812442275
semisynthetic_predicted_phi10,9,750,10,mi_mine_cond,econml_dml,predicted,none,0.0522137284278869,0.013861052128071,0.0133764850604202,True,10,0.08396351,0.13230343,0.013861052128071,0.0029819535566428,0.1495678128815054,1.1304908185789695,0.0721322218852257,0.3893132448578317,0.4663911708107343
semisynthetic_predicted_phi10,9,750,10,mi_infonce_cond,econml_dml,predicted,none,0.0522137284278869,0.0094659914108222,0.0100953002569709,True,10,0.08396351,0.13230343,0.0094659914108222,0.0036373752139642,0.1518395879791555,1.1476617649229164,0.0125197100600991,0.4467710039565115,0.3808735007532395
semisynthetic_predicted_phi10,9,750,10,autoencoder,econml_dml,predicted,none,0.0522137284278869,0.0204856073939873,0.0191164068242943,True,10,0.08396351,0.13230343,0.0204856073939873,0.0078485348233834,0.1469182299747216,1.1104642561022164,0.004948496068001,-0.1621517927779161,0.0596272026632322
semisynthetic_predicted_phi10,9,750,10,pls,econml_dml,predicted,none,0.0522137284278869,0.0207152743882726,0.0225101870566254,True,10,0.08396351,0.13230343,0.0207152743882726,0.0770492317224268,0.1394174455352314,1.0537704542900468,0.392583604996188,0.4966326467787435,0.4828610540853871
semisynthetic_predicted_phi10,9,750,10,pca,econml_dml,predicted,none,0.0522137284278869,0.0118136251936503,0.0144584187481938,True,10,0.08396351,0.13230343,0.0118136251936503,0.0706187022941179,0.1595520283285655,1.205955343172626,0.1198722888455796,0.2302472222976017,0.2521906762227017
semisynthetic_predicted_phi10,9,750,10,ica,econml_dml,predicted,none,0.0522137284278869,-0.0020905416218256,0.0019193402894082,True,10,0.08396351,0.13230343,-0.0020905416218256,0.0665580839190101,0.1607227438605645,1.2148040595815583,0.1991671595008006,0.2875415067230442,0.2705429887646228
semisynthetic_predicted_phi10,9,750,10,raw_x,econml_dml,predicted,none,0.0522137284278869,0.0183298027830595,0.0146979773165927,True,280,0.08396351,0.13230343,0.0183298027830595,0.183642912827386,0.2416529377546141,1.82650546364984,-0.0588444703590677,-0.031612623613013,0.0371049510233557
semisynthetic_predicted_phi10,9,750,10,raw_x_s,econml_dml,predicted,none,0.0522137284278869,0.0254149360798924,0.0406525577152304,True,280,0.08396351,0.13230343,0.0254149360798924,0.329317805113118,0.3445988066221255,2.6046097718110977,0.122034017264288,0.1549916740617874,0.2487205374037557
semisynthetic_predicted_phi10,9,1000,10,encoder_pred,econml_dml,predicted,none,0.054879605770111,0.023803549543696,0.0207767246496375,True,10,0.08396351,0.13230343,0.023803549543696,0.0744110125548702,0.1350489685421392,1.020751831922568,0.4277469990152531,0.5252501000340066,0.5624268725450069
semisynthetic_predicted_phi10,9,1000,10,mi_mine_cond,econml_dml,predicted,none,0.054879605770111,0.009603784328165,0.0063655249325186,True,10,0.08396351,0.13230343,0.009603784328165,0.0611335288409259,0.1469697294413081,1.1108535087964702,0.3196502750919154,0.5412876227617918,0.4510639375036162
semisynthetic_predicted_phi10,9,1000,10,mi_infonce_cond,econml_dml,predicted,none,0.054879605770111,0.0033579831600702,0.0041002108557539,True,10,0.08396351,0.13230343,0.0033579831600702,0.0463310128138398,0.1497187976487817,1.1316320192815992,0.3044409286593112,0.4789208184400239,0.3451629268982601
semisynthetic_predicted_phi10,9,1000,10,autoencoder,econml_dml,predicted,none,0.054879605770111,0.0247903922028028,0.0219510573470869,True,10,0.08396351,0.13230343,0.0247903922028028,0.0706929856489893,0.145615404618412,1.1006170030392417,0.2565673102155307,0.4043856077347043,0.2933947157511716
semisynthetic_predicted_phi10,9,1000,10,pls,econml_dml,predicted,none,0.054879605770111,0.0295025658538569,0.0286022834884642,True,10,0.08396351,0.13230343,0.0295025658538569,0.0513224563360214,0.1316711370984395,0.9952208880634426,0.4246526899675431,0.6806665937973376,0.5466186855915878
semisynthetic_predicted_phi10,9,1000,10,pca,econml_dml,predicted,none,0.054879605770111,0.0262605703693567,0.0254459294426146,True,10,0.08396351,0.13230343,0.0262605703693567,0.0564874739195771,0.1390388915721906,1.0509091984402117,0.3139665727007716,0.532572544013526,0.3236331192904333
semisynthetic_predicted_phi10,9,1000,10,ica,econml_dml,predicted,none,0.054879605770111,0.0185376015667444,0.0172735566188208,True,10,0.08396351,0.13230343,0.0185376015667444,0.0548556212429431,0.1466267598297832,1.108261213105233,0.2269680997191191,0.3936864830841253,0.3225702264647456
semisynthetic_predicted_phi10,9,1000,10,raw_x,econml_dml,predicted,none,0.054879605770111,0.0078771142722605,0.0053237828183052,True,275,0.08396351,0.13230343,0.0078771142722605,0.1716417920037923,0.2213297229974793,1.6728948221333293,0.0829501743810618,0.0733557033884104,0.1809488983737311
semisynthetic_predicted_phi10,9,1000,10,raw_x_s,econml_dml,predicted,none,0.054879605770111,0.0328449922320551,0.0366857823451596,True,275,0.08396351,0.13230343,0.0328449922320551,0.2426778682844409,0.2686510746074112,2.0305677230545816,0.1064631638582484,0.1703468896337341,0.187713087510795
