dataset,seed,n,phi_dim,method,cate_learner,outcome_source,ate_calibration,observed_ate,raw_tau_hat_mean,train_tau_hat_mean,standardized_representation,cate_feature_dim,tau_true_mean,tau_true_std,tau_hat_mean,tau_hat_std,pehe,pehe_norm,pearson,spearman,policy_norm_20
semisynthetic_predicted_phi5,0,100,5,encoder_pred,econml_dml,predicted,none,0.0799999833106994,0.0809617670085898,0.0557441647631044,True,5,0.08481841,0.13307382,0.0809617670085898,0.2542735510072623,0.2378367183596019,1.78725400953848,0.3814187602220073,0.4320107656550755,0.40167714641655
semisynthetic_predicted_phi5,0,100,5,mi_mine_cond,econml_dml,predicted,none,0.0799999833106994,0.0451930060322683,0.0295541121122323,True,5,0.08481841,0.13307382,0.0451930060322683,0.1985566088073536,0.1851047573853069,1.3909930396926076,0.4624770117254528,0.6429067552298791,0.4783282627982569
semisynthetic_predicted_phi5,0,100,5,mi_infonce_cond,econml_dml,predicted,none,0.0799999833106994,0.0518471448016517,0.0305477546400638,True,5,0.08481841,0.13307382,0.0518471448016517,0.2079324090571747,0.2015312185607118,1.514431753448663,0.3869989566012303,0.5792552139170671,0.5613780877134613
semisynthetic_predicted_phi5,0,100,5,autoencoder,econml_dml,predicted,none,0.0799999833106994,0.0504772829935882,0.0566668675247105,True,5,0.08481841,0.13307382,0.0504772829935882,0.0701477416136003,0.1415586383071571,1.0637602370410433,0.201921895542372,0.4064209159359457,0.2488339591717578
semisynthetic_predicted_phi5,0,100,5,pls,econml_dml,predicted,none,0.0799999833106994,0.0714389253432836,0.0527871040901767,True,5,0.08481841,0.13307382,0.0714389253432836,0.2365072661794076,0.2340772512987052,1.7590030202687894,0.3023420865265052,0.5374960467089416,0.3991279254930062
semisynthetic_predicted_phi5,0,100,5,pca,econml_dml,predicted,none,0.0799999833106994,0.0705053120379414,0.0803284076868027,True,5,0.08481841,0.13307382,0.0705053120379414,0.0905162701509488,0.147395637708724,1.1076231050459364,0.1818639190553623,0.2726581805040572,0.1655363656070635
semisynthetic_predicted_phi5,0,100,5,ica,econml_dml,predicted,none,0.0799999833106994,0.0605940302904263,0.0584533739874036,True,5,0.08481841,0.13307382,0.0605940302904263,0.0902810933405567,0.1360596459269292,1.022437365418151,0.3301930215181377,0.5896334191684204,0.3766664442468501
semisynthetic_predicted_phi5,0,100,5,raw_x,econml_dml,predicted,none,0.0799999833106994,0.1101427420908438,0.0029789613586267,True,205,0.08481841,0.13307382,0.1101427420908438,0.5886368205204403,0.6106649181542093,4.588918527733023,-0.0515010179160715,-0.0960766200526372,0.0467590786971591
semisynthetic_predicted_phi5,0,100,5,raw_x_s,econml_dml,predicted,none,0.0799999833106994,0.1884897918915342,0.0649637723528152,True,205,0.08481841,0.13307382,0.1884897918915342,0.7319038643221878,0.7297650432623372,5.483911435489994,0.1621331648382987,0.1529630439066702,0.2084006713170193
semisynthetic_predicted_phi5,0,250,5,encoder_pred,econml_dml,predicted,none,0.1334276795387268,0.01838636714226,0.0110295569301478,True,5,0.08481841,0.13307382,0.01838636714226,0.0932427083195662,0.1518000783245344,1.1407208294203504,0.3132130583323111,0.3411764245600106,0.5226790816006929
semisynthetic_predicted_phi5,0,250,5,mi_mine_cond,econml_dml,predicted,none,0.1334276795387268,0.034196957683624,0.0319338645180488,True,5,0.08481841,0.13307382,0.034196957683624,0.0749357104514978,0.1372148220404589,1.0311180819823085,0.3539230036682183,0.4341387217515495,0.5219844862507337
semisynthetic_predicted_phi5,0,250,5,mi_infonce_cond,econml_dml,predicted,none,0.1334276795387268,0.004073777180986,0.0010251466048654,True,5,0.08481841,0.13307382,0.004073777180986,0.0663861376796086,0.1548849182325986,1.16390224788466,0.2629604013800941,0.44271882119523,0.4669537616866738
semisynthetic_predicted_phi5,0,250,5,autoencoder,econml_dml,predicted,none,0.1334276795387268,0.0459775307880401,0.0433739656014904,True,5,0.08481841,0.13307382,0.0459775307880401,0.1172848026782808,0.1664909908686758,1.2511175441471192,0.1683075065375865,0.2711422468727786,0.2544418368117882
semisynthetic_predicted_phi5,0,250,5,pls,econml_dml,predicted,none,0.1334276795387268,0.0720451085018171,0.0631026897027944,True,5,0.08481841,0.13307382,0.0720451085018171,0.1110214016226079,0.1425826508056116,1.0714553080809708,0.333955289161054,0.5749904836649494,0.4137890581438554
semisynthetic_predicted_phi5,0,250,5,pca,econml_dml,predicted,none,0.1334276795387268,0.0242416460947273,0.0149471818653923,True,5,0.08481841,0.13307382,0.0242416460947273,0.1049305520406645,0.1598857330096315,1.201481501091887,0.2443927132580385,0.4389451507060361,0.2828053036389484
semisynthetic_predicted_phi5,0,250,5,ica,econml_dml,predicted,none,0.1334276795387268,0.0248562956918211,0.0198552217413252,True,5,0.08481841,0.13307382,0.0248562956918211,0.1219479768863355,0.17598343255753,1.322449694143672,0.1603774780568131,0.2440840099518048,0.2604641003547673
semisynthetic_predicted_phi5,0,250,5,raw_x,econml_dml,predicted,none,0.1334276795387268,-0.0515188585532929,-0.0359698167696403,True,242,0.08481841,0.13307382,-0.0515188585532929,0.4623848138956467,0.5049639498600133,3.794615273387457,-0.0397552172085627,-0.0282141144396147,0.0908557394950604
semisynthetic_predicted_phi5,0,250,5,raw_x_s,econml_dml,predicted,none,0.1334276795387268,-0.007169038140163,-0.0014787572136004,True,242,0.08481841,0.13307382,-0.007169038140163,0.4586666262682095,0.4714616519825321,3.5428580315987928,0.1168916377905044,0.1918231911352845,0.2568236171113778
semisynthetic_predicted_phi5,0,500,5,encoder_pred,econml_dml,predicted,none,0.0344794392585754,-0.0137021364013846,-0.0138891586000477,True,5,0.08481841,0.13307382,-0.0137021364013846,0.0542304391638145,0.1697473083671776,1.2755875525868097,0.1068176273358718,0.2075158887195229,0.3394450258903912
semisynthetic_predicted_phi5,0,500,5,mi_mine_cond,econml_dml,predicted,none,0.0344794392585754,-0.004248309457912,-0.0082387914338868,True,5,0.08481841,0.13307382,-0.004248309457912,0.0463337274264357,0.1530906017802526,1.1504186306536672,0.352881985633087,0.4706648621037649,0.5423986073577309
semisynthetic_predicted_phi5,0,500,5,mi_infonce_cond,econml_dml,predicted,none,0.0344794392585754,-0.0287031418104458,-0.0284226531854573,True,5,0.08481841,0.13307382,-0.0287031418104458,0.0261181364289927,0.169481619575039,1.2735910006569209,0.3674030650953303,0.5442013843048094,0.483882851899822
semisynthetic_predicted_phi5,0,500,5,autoencoder,econml_dml,predicted,none,0.0344794392585754,-0.0346657193852684,-0.0343028070734113,True,5,0.08481841,0.13307382,-0.0346657193852684,0.0298155354456472,0.1803364069572061,1.3551606691474407,0.0444650430702343,-0.0418389531596488,0.1571604810354391
semisynthetic_predicted_phi5,0,500,5,pls,econml_dml,predicted,none,0.0344794392585754,0.0071672858908049,0.0066641187796987,True,5,0.08481841,0.13307382,0.0071672858908049,0.0485915156981513,0.1583441948678368,1.18989741834898,0.0793805058444059,0.0894060359273601,0.2780966783192254
semisynthetic_predicted_phi5,0,500,5,pca,econml_dml,predicted,none,0.0344794392585754,0.0013949296357105,0.0012112762942498,True,5,0.08481841,0.13307382,0.0013949296357105,0.0454016015926891,0.1587434474017067,1.1928976518574932,0.12661381639404,0.0511052039171186,0.2381590595027461
semisynthetic_predicted_phi5,0,500,5,ica,econml_dml,predicted,none,0.0344794392585754,-0.0060115759466249,-0.0058558833535801,True,5,0.08481841,0.13307382,-0.0060115759466249,0.046933050515803,0.1656176637886805,1.2445548176845045,0.0586199085249612,-0.098424820974858,0.1574796523742942
semisynthetic_predicted_phi5,0,500,5,raw_x,econml_dml,predicted,none,0.0344794392585754,-0.0060274819736825,-0.0013655775049185,True,260,0.08481841,0.13307382,-0.0060274819736825,0.2268066766790687,0.2761876244788347,2.0754467293328975,0.0186084568430857,0.0411429229265256,0.1089348148117897
semisynthetic_predicted_phi5,0,500,5,raw_x_s,econml_dml,predicted,none,0.0344794392585754,0.0321360191660175,0.0167886813899703,True,260,0.08481841,0.13307382,0.0321360191660175,0.3414313045889915,0.3548959387722978,2.666910281618862,0.1222421618409429,0.2220141031441989,0.2425998588677101
semisynthetic_predicted_phi5,0,750,5,encoder_pred,econml_dml,predicted,none,0.1015726923942565,0.0402746329548979,0.0394620792589364,True,5,0.08481841,0.13307382,0.0402746329548979,0.0312370792752369,0.1384477160063368,1.0403828191475737,0.1805188671587507,0.1844564974170436,0.3638317449638214
semisynthetic_predicted_phi5,0,750,5,mi_mine_cond,econml_dml,predicted,none,0.1015726923942565,0.0515375478302631,0.0492128975380376,True,5,0.08481841,0.13307382,0.0515375478302631,0.0854360861263162,0.1231067726278139,0.9251013657518358,0.4820129207867879,0.5997105834112778,0.5603314850092886
semisynthetic_predicted_phi5,0,750,5,mi_infonce_cond,econml_dml,predicted,none,0.1015726923942565,0.0177403586688665,0.017418245718181,True,5,0.08481841,0.13307382,0.0177403586688665,0.0321144649012424,0.1402244452425146,1.0537342750250551,0.4184476081865531,0.6031008621580375,0.5120975192110451
semisynthetic_predicted_phi5,0,750,5,autoencoder,econml_dml,predicted,none,0.1015726923942565,0.0522786324987655,0.0505042357315454,True,5,0.08481841,0.13307382,0.0522786324987655,0.0904471469577723,0.1538170054831935,1.1558772828734725,0.1366090945639527,0.1555158486887509,0.2252111303091835
semisynthetic_predicted_phi5,0,750,5,pls,econml_dml,predicted,none,0.1015726923942565,0.0402455592556772,0.0398243595302927,True,5,0.08481841,0.13307382,0.0402455592556772,0.0634061760922042,0.1389887695508569,1.0444486342306616,0.2606068641979426,0.4302061870806958,0.4286586682041519
semisynthetic_predicted_phi5,0,750,5,pca,econml_dml,predicted,none,0.1015726923942565,0.0346750125678381,0.0339105750523876,True,5,0.08481841,0.13307382,0.0346750125678381,0.0745264447908791,0.1538966234266595,1.1564755819488723,0.1055214861380619,0.1652194260462646,0.2090005461251822
semisynthetic_predicted_phi5,0,750,5,ica,econml_dml,predicted,none,0.1015726923942565,0.057499760940466,0.0567346523688291,True,5,0.08481841,0.13307382,0.057499760940466,0.088471042326064,0.1512490058334923,1.136579725700309,0.1446429220183127,0.2657551016319042,0.2301130171515978
semisynthetic_predicted_phi5,0,750,5,raw_x,econml_dml,predicted,none,0.1015726923942565,0.0078648502323439,-0.0039421523361395,True,278,0.08481841,0.13307382,0.0078648502323439,0.1782988364068449,0.2404313455468735,1.806751662700248,-0.0502860374102522,-0.0878682832433031,0.0762953215232143
semisynthetic_predicted_phi5,0,750,5,raw_x_s,econml_dml,predicted,none,0.1015726923942565,0.0576769248188855,0.0472247205247474,True,278,0.08481841,0.13307382,0.0576769248188855,0.3347062621558849,0.3414017131883272,2.5655062219475417,0.1562444337145778,0.1349219164380098,0.2747092662313166
semisynthetic_predicted_phi5,0,1000,5,encoder_pred,econml_dml,predicted,none,0.1022775173187255,0.0182772237900964,0.0149151674559985,True,5,0.08481841,0.13307382,0.0182772237900964,0.0498302105966344,0.1361349123727835,1.0230029646160572,0.4589517777011942,0.616104371066532,0.5610229844861848
semisynthetic_predicted_phi5,0,1000,5,mi_mine_cond,econml_dml,predicted,none,0.1022775173187255,0.026484110930732,0.021427161729746,True,5,0.08481841,0.13307382,0.026484110930732,0.0678250733355629,0.1344594879233097,1.0104127763320367,0.4228139646739268,0.5883565174970377,0.550578892034457
semisynthetic_predicted_phi5,0,1000,5,mi_infonce_cond,econml_dml,predicted,none,0.1022775173187255,0.0085079864301917,0.0062933703550572,True,5,0.08481841,0.13307382,0.0085079864301917,0.064393741948631,0.1447762957819832,1.0879397298580835,0.3920064135136798,0.6294727232964947,0.5178103271870153
semisynthetic_predicted_phi5,0,1000,5,autoencoder,econml_dml,predicted,none,0.1022775173187255,0.0073005889245438,0.0071054567750914,True,5,0.08481841,0.13307382,0.0073005889245438,0.010079380588988,0.1535877214330511,1.154154298967679,0.0857601203988702,0.1912849622678893,0.1424110171978383
semisynthetic_predicted_phi5,0,1000,5,pls,econml_dml,predicted,none,0.1022775173187255,0.0266175002207937,0.0242499935342829,True,5,0.08481841,0.13307382,0.0266175002207937,0.0517963475275473,0.1431374543986351,1.0756244496373153,0.2386946093179364,0.4319600561590728,0.4749921631596243
semisynthetic_predicted_phi5,0,1000,5,pca,econml_dml,predicted,none,0.1022775173187255,0.0116299053994261,0.0111936314593057,True,5,0.08481841,0.13307382,0.0116299053994261,0.0498274754898368,0.1492069733511092,1.1212346151264705,0.247729467376954,0.2928868403802731,0.3129340109387076
semisynthetic_predicted_phi5,0,1000,5,ica,econml_dml,predicted,none,0.1022775173187255,0.0147695524984153,0.0136589613668339,True,5,0.08481841,0.13307382,0.0147695524984153,0.0473147240339786,0.1485300058398193,1.11614745740236,0.2217955236385052,0.3624287613706822,0.3187925225575521
semisynthetic_predicted_phi5,0,1000,5,raw_x,econml_dml,predicted,none,0.1022775173187255,-0.0034734899007823,-0.0060667038513644,True,284,0.08481841,0.13307382,-0.0034734899007823,0.1686698144531867,0.2294284037470306,1.7240686691569436,0.0293202064683232,0.0754414733764299,0.1888982518922206
semisynthetic_predicted_phi5,0,1000,5,raw_x_s,econml_dml,predicted,none,0.1022775173187255,0.0578295759400372,0.0421646339991538,True,284,0.08481841,0.13307382,0.0578295759400372,0.2774890601534931,0.2806755807240804,2.109172042435397,0.2255618993033999,0.1966634248930423,0.3452927348883355
semisynthetic_predicted_phi5,1,100,5,encoder_pred,econml_dml,predicted,none,0.0156062245368957,0.0727801950870747,0.0732717628646015,True,5,0.08496582,0.13391817,0.0727801950870747,0.1632699243544949,0.1839801764140576,1.3738253473300723,0.2490515004675337,0.4550286600628193,0.4496125918220028
semisynthetic_predicted_phi5,1,100,5,mi_mine_cond,econml_dml,predicted,none,0.0156062245368957,0.0613752051970288,0.0726464805735805,True,5,0.08496582,0.13391817,0.0613752051970288,0.100619220603657,0.1375332765538606,1.0269948921334615,0.3599110592580872,0.5202507024265177,0.4584919573341476
semisynthetic_predicted_phi5,1,100,5,mi_infonce_cond,econml_dml,predicted,none,0.0156062245368957,0.0610118209235786,0.0663011268293804,True,5,0.08496582,0.13391817,0.0610118209235786,0.0982941702351539,0.1512198101497986,1.1291956136333003,0.2013990140734605,0.2341604783189933,0.3935409144795799
semisynthetic_predicted_phi5,1,100,5,autoencoder,econml_dml,predicted,none,0.0156062245368957,0.0484625541196925,0.0340147994494067,True,5,0.08496582,0.13391817,0.0484625541196925,0.1020216238020566,0.1621819271077705,1.211052444248383,0.1234029385662846,0.2802915030607648,0.1870735840180802
semisynthetic_predicted_phi5,1,100,5,pls,econml_dml,predicted,none,0.0156062245368957,0.0679851722092332,0.0528652226179805,True,5,0.08496582,0.13391817,0.0679851722092332,0.1340222553147676,0.1745304549766549,1.303261947028211,0.159446668527328,0.2820314590900325,0.2851063298454083
semisynthetic_predicted_phi5,1,100,5,pca,econml_dml,predicted,none,0.0156062245368957,0.1249670697108193,0.1222359598955473,True,5,0.08496582,0.13391817,0.1249670697108193,0.0764205117185606,0.1506134233882365,1.1246675741479784,0.1314168918154901,0.2359647083942471,0.1576621350651497
semisynthetic_predicted_phi5,1,100,5,ica,econml_dml,predicted,none,0.0156062245368957,0.0872382729866139,0.0800573097851213,True,5,0.08496582,0.13391817,0.0872382729866139,0.1068711551552663,0.1533468072584042,1.1450784255669282,0.2042147712822464,0.3596807229047737,0.2193037061373511
semisynthetic_predicted_phi5,1,100,5,raw_x,econml_dml,predicted,none,0.0156062245368957,0.0234219989466948,-0.0096490786294063,True,198,0.08496582,0.13391817,0.0234219989466948,0.538351382638184,0.5370808353348839,4.010515043140777,0.1601227180814481,0.1513106454947196,0.2344871483137064
semisynthetic_predicted_phi5,1,100,5,raw_x_s,econml_dml,predicted,none,0.0156062245368957,0.1022641965740976,0.072001182090086,True,198,0.08496582,0.13391817,0.1022641965740976,0.6103487140678694,0.6037346815149626,4.508235749599644,0.1606577579955659,0.1547620346924691,0.2577161466963965
semisynthetic_predicted_phi5,1,250,5,encoder_pred,econml_dml,predicted,none,0.1282249689102172,0.0228799283055959,0.0195341192034003,True,5,0.08496582,0.13391817,0.0228799283055959,0.0676804349587535,0.1348568806819626,1.0070095841509976,0.4514188962932103,0.5800069261024545,0.5863032105490057
semisynthetic_predicted_phi5,1,250,5,mi_mine_cond,econml_dml,predicted,none,0.1282249689102172,0.0420787345039035,0.0399037738104567,True,5,0.08496582,0.13391817,0.0420787345039035,0.126452186468693,0.1415653099510303,1.0571030798212844,0.4642307999619451,0.6670761624161743,0.5134671500043158
semisynthetic_predicted_phi5,1,250,5,mi_infonce_cond,econml_dml,predicted,none,0.1282249689102172,0.0369272504610792,0.0412323016884922,True,5,0.08496582,0.13391817,0.0369272504610792,0.1248527392083554,0.1587208424000825,1.1852076712225277,0.3181115007523902,0.4248076755752225,0.3970374169365954
semisynthetic_predicted_phi5,1,250,5,autoencoder,econml_dml,predicted,none,0.1282249689102172,0.0570258161893944,0.0531091238521367,True,5,0.08496582,0.13391817,0.0570258161893944,0.1600095158017085,0.1925903075979834,1.4381193201638245,0.1686269576758642,0.2385660661693232,0.257870078689308
semisynthetic_predicted_phi5,1,250,5,pls,econml_dml,predicted,none,0.1282249689102172,0.0119458698044841,0.0096620947614196,True,5,0.08496582,0.13391817,0.0119458698044841,0.1525253229358334,0.1819814081663946,1.3589000519227126,0.3283263481199044,0.5616578526423007,0.4183061277254344
semisynthetic_predicted_phi5,1,250,5,pca,econml_dml,predicted,none,0.1282249689102172,0.0361132062478957,0.0324670539623664,True,5,0.08496582,0.13391817,0.0361132062478957,0.1635600884873413,0.1929616523029025,1.4408922426501385,0.2245824101197709,0.4522865049806725,0.3230286985059909
semisynthetic_predicted_phi5,1,250,5,ica,econml_dml,predicted,none,0.1282249689102172,0.0643303801592878,0.0595694331100247,True,5,0.08496582,0.13391817,0.0643303801592878,0.1445041952117318,0.1684449204450682,1.2578197599703478,0.2807930946957067,0.5593084282319238,0.3321292504182507
semisynthetic_predicted_phi5,1,250,5,raw_x,econml_dml,predicted,none,0.1282249689102172,-0.003139408345643,-0.0086104342063716,True,236,0.08496582,0.13391817,-0.003139408345643,0.4192033510740692,0.4578952543814506,3.419216782767048,-0.0733894074082651,-0.0604275895033437,0.0396108969184499
semisynthetic_predicted_phi5,1,250,5,raw_x_s,econml_dml,predicted,none,0.1282249689102172,0.1099944196025189,0.1001785936098114,True,236,0.08496582,0.13391817,0.1099944196025189,0.6100845202743532,0.6042927710593127,4.51240314185381,0.1566305786286136,0.2111776937327288,0.2347975227783839
semisynthetic_predicted_phi5,1,500,5,encoder_pred,econml_dml,predicted,none,0.0834414362907409,0.0400870585401266,0.0353182248870531,True,5,0.08496582,0.13391817,0.0400870585401266,0.0867745599835922,0.1437315155077752,1.0732786709060853,0.2934100359522236,0.5316761090106231,0.3809983639275371
semisynthetic_predicted_phi5,1,500,5,mi_mine_cond,econml_dml,predicted,none,0.0834414362907409,0.0447875904522595,0.0386510243438864,True,5,0.08496582,0.13391817,0.0447875904522595,0.0683081250980311,0.1308091627128907,0.9767842758969209,0.3882576554328053,0.5886745688824243,0.3784142884036126
semisynthetic_predicted_phi5,1,500,5,mi_infonce_cond,econml_dml,predicted,none,0.0834414362907409,0.0403673537222201,0.033786551482707,True,5,0.08496582,0.13391817,0.0403673537222201,0.0875717340013151,0.1387223856554375,1.035874263032698,0.3559175065753132,0.5700076707061673,0.3888606551775042
semisynthetic_predicted_phi5,1,500,5,autoencoder,econml_dml,predicted,none,0.0834414362907409,0.0293437986926619,0.0251997255734711,True,5,0.08496582,0.13391817,0.0293437986926619,0.0480607912683668,0.1473733873781774,1.1004734262585685,0.1257578596952406,0.2336066977921108,0.1912785700338871
semisynthetic_predicted_phi5,1,500,5,pls,econml_dml,predicted,none,0.0834414362907409,0.0073416354601747,0.0069815137578112,True,5,0.08496582,0.13391817,0.0073416354601747,0.0683465932361319,0.1551852251054803,1.1588063449902304,0.2484686000222478,0.4158563598526761,0.3704661123507334
semisynthetic_predicted_phi5,1,500,5,pca,econml_dml,predicted,none,0.0834414362907409,0.0436869815183628,0.0444651192618127,True,5,0.08496582,0.13391817,0.0436869815183628,0.0436998681298636,0.1386047716530761,1.0349960102731104,0.1996181681558305,0.4476973625027516,0.3519397693841092
semisynthetic_predicted_phi5,1,500,5,ica,econml_dml,predicted,none,0.0834414362907409,0.0256406481696807,0.0272752627856089,True,5,0.08496582,0.13391817,0.0256406481696807,0.0753105713611663,0.1549333354819247,1.1569254230544272,0.1547225812170814,0.3358618770693709,0.3363753290089895
semisynthetic_predicted_phi5,1,500,5,raw_x,econml_dml,predicted,none,0.0834414362907409,-0.0092291430000486,-0.0072155851973412,True,254,0.08496582,0.13391817,-0.0092291430000486,0.2271274311269746,0.2767310421716517,2.0664189345751343,0.0298122247963158,0.0195746077957816,0.1863833344635993
semisynthetic_predicted_phi5,1,500,5,raw_x_s,econml_dml,predicted,none,0.0834414362907409,0.0208619320187594,0.0390966341007098,True,254,0.08496582,0.13391817,0.0208619320187594,0.4472986796523135,0.4575726185700333,3.416807581600266,0.1063980723119347,0.1029749235966224,0.2872536481139086
semisynthetic_predicted_phi5,1,750,5,encoder_pred,econml_dml,predicted,none,0.0584897398948669,0.0158489683271644,0.0142651190002713,True,5,0.08496582,0.13391817,0.0158489683271644,0.0436244517006491,0.1433764122322031,1.070627027177889,0.3472644037212101,0.6144432426429591,0.3681961109445349
semisynthetic_predicted_phi5,1,750,5,mi_mine_cond,econml_dml,predicted,none,0.0584897398948669,0.0180162697431323,0.0161737744453307,True,5,0.08496582,0.13391817,0.0180162697431323,0.0447664423196638,0.1383895140383352,1.0333886285806864,0.4394210958629241,0.6603563200912563,0.5083972379579514
semisynthetic_predicted_phi5,1,750,5,mi_infonce_cond,econml_dml,predicted,none,0.0584897398948669,0.0351151005662909,0.0343588886197809,True,5,0.08496582,0.13391817,0.0351151005662909,0.0480685873799025,0.1383459628332615,1.033063420992547,0.2788573427610248,0.4707221199679429,0.3210387476225187
semisynthetic_predicted_phi5,1,750,5,autoencoder,econml_dml,predicted,none,0.0584897398948669,0.0548059325430815,0.0504507342124134,True,5,0.08496582,0.13391817,0.0548059325430815,0.0571899082355304,0.1393204038888656,1.0403398126547398,0.176543051529852,0.3927553992157149,0.2715558880985762
semisynthetic_predicted_phi5,1,750,5,pls,econml_dml,predicted,none,0.0584897398948669,0.0306656413648287,0.0306608042366885,True,5,0.08496582,0.13391817,0.0306656413648287,0.0514094980183746,0.1443968081711246,1.0782465752864203,0.1942783208075858,0.208172483899128,0.2779988999478052
semisynthetic_predicted_phi5,1,750,5,pca,econml_dml,predicted,none,0.0584897398948669,0.0481729171218224,0.0457414384935208,True,5,0.08496582,0.13391817,0.0481729171218224,0.0638723947303863,0.1501370763179584,1.1211105731056397,0.0483028549466361,0.1241566439466518,0.0995337479212987
semisynthetic_predicted_phi5,1,750,5,ica,econml_dml,predicted,none,0.0584897398948669,0.0319866237720775,0.0293383337100459,True,5,0.08496582,0.13391817,0.0319866237720775,0.0432489087476442,0.1458201397891723,1.088874943476097,0.1163560301829573,0.3142055695741925,0.1725742142969194
semisynthetic_predicted_phi5,1,750,5,raw_x,econml_dml,predicted,none,0.0584897398948669,0.011010842108232,0.0047820405791624,True,279,0.08496582,0.13391817,0.011010842108232,0.1746749719488306,0.2288319839146693,1.7087448545232458,0.0331453617019136,0.1060004366311642,0.1456005724420309
semisynthetic_predicted_phi5,1,750,5,raw_x_s,econml_dml,predicted,none,0.0584897398948669,0.0704969990094132,0.0507423949633511,True,279,0.08496582,0.13391817,0.0704969990094132,0.3148629995078425,0.3208528001064905,2.3958869816283372,0.1699906719004621,0.2390615025489944,0.2723484066337553
semisynthetic_predicted_phi5,1,1000,5,encoder_pred,econml_dml,predicted,none,0.0511506795883178,0.0215904427955674,0.0177690857050537,True,5,0.08496582,0.13391817,0.0215904427955674,0.0639355379981331,0.1328857817181559,0.9922909021095192,0.4893429184404988,0.6754874099771271,0.6173693293278864
semisynthetic_predicted_phi5,1,1000,5,mi_mine_cond,econml_dml,predicted,none,0.0511506795883178,0.0230117000143598,0.0202872829508896,True,5,0.08496582,0.13391817,0.0230117000143598,0.0816578963654768,0.1378379880472919,1.029270247997654,0.4316725303312103,0.6381020147373234,0.5551422220955238
semisynthetic_predicted_phi5,1,1000,5,mi_infonce_cond,econml_dml,predicted,none,0.0511506795883178,0.0295558905856172,0.0288805201375245,True,5,0.08496582,0.13391817,0.0295558905856172,0.0536745392290003,0.1409961543792144,1.0528530548111164,0.2786156127392754,0.4286087688323492,0.3406716832420483
semisynthetic_predicted_phi5,1,1000,5,autoencoder,econml_dml,predicted,none,0.0511506795883178,0.0436284048728338,0.0428488634041085,True,5,0.08496582,0.13391817,0.0436284048728338,0.0330002353508146,0.137096659258202,1.0237345631156851,0.219080477462643,0.47314932837273,0.2732836921374676
semisynthetic_predicted_phi5,1,1000,5,pls,econml_dml,predicted,none,0.0511506795883178,-0.0073962063947737,-0.0081733330723575,True,5,0.08496582,0.13391817,-0.0073962063947737,0.0419160013817027,0.1558486667839775,1.1637604276102154,0.350324512529799,0.6689210872924565,0.5079858497520027
semisynthetic_predicted_phi5,1,1000,5,pca,econml_dml,predicted,none,0.0511506795883178,0.0188059033181264,0.017116150227735,True,5,0.08496582,0.13391817,0.0188059033181264,0.0409985891161165,0.1458135530796627,1.088825758891887,0.2486589043536349,0.4546171525196761,0.3649518455471487
semisynthetic_predicted_phi5,1,1000,5,ica,econml_dml,predicted,none,0.0511506795883178,0.0209787350838517,0.0195968781659261,True,5,0.08496582,0.13391817,0.0209787350838517,0.0314258602845549,0.1435987364845755,1.0722871771961606,0.2845922680773831,0.525025961404776,0.3602145058837531
semisynthetic_predicted_phi5,1,1000,5,raw_x,econml_dml,predicted,none,0.0511506795883178,-0.0013172186978586,0.001154165177479,True,272,0.08496582,0.13391817,-0.0013172186978586,0.1413121940747064,0.2095737246076747,1.5649386831351917,0.0376983562300153,0.0907813114354329,0.1738658556674836
semisynthetic_predicted_phi5,1,1000,5,raw_x_s,econml_dml,predicted,none,0.0511506795883178,0.0264040780805934,0.0290178336740198,True,272,0.08496582,0.13391817,0.0264040780805934,0.245856829367852,0.2667263797890259,1.991711653385242,0.161978282551145,0.2061253830310334,0.3360786300475448
semisynthetic_predicted_phi5,2,100,5,encoder_pred,econml_dml,predicted,none,0.0260103940963745,0.0166042097424839,0.0099189932884846,True,5,0.084778905,0.1312038,0.0166042097424839,0.1077889231590855,0.1658560277089684,1.264109939719493,0.2111555179077059,0.3579325568589958,0.2961936735423165
semisynthetic_predicted_phi5,2,100,5,mi_mine_cond,econml_dml,predicted,none,0.0260103940963745,0.0524381632667638,0.056580401405678,True,5,0.084778905,0.1312038,0.0524381632667638,0.0550335311752127,0.1281990793425886,0.9770988290170608,0.3361244684969816,0.5055702056485681,0.3270285047946843
semisynthetic_predicted_phi5,2,100,5,mi_infonce_cond,econml_dml,predicted,none,0.0260103940963745,0.0433471266072268,0.0354629778203045,True,5,0.084778905,0.1312038,0.0433471266072268,0.1484379146719066,0.1726339034296268,1.3157690816091212,0.2865731663910879,0.3492814871362336,0.4101443375973647
semisynthetic_predicted_phi5,2,100,5,autoencoder,econml_dml,predicted,none,0.0260103940963745,0.0287367883181204,0.0271044666439039,True,5,0.084778905,0.1312038,0.0287367883181204,0.0493644146100427,0.1503853898696868,1.1461969079377796,0.0136051734429606,0.0106696029238721,0.1202760134127566
semisynthetic_predicted_phi5,2,100,5,pls,econml_dml,predicted,none,0.0260103940963745,0.0168763075780297,0.0151124911938644,True,5,0.084778905,0.1312038,0.0168763075780297,0.1294013258988455,0.1749845011207698,1.3336847036501214,0.2341369074722208,0.3266954402541207,0.3576263558518255
semisynthetic_predicted_phi5,2,100,5,pca,econml_dml,predicted,none,0.0260103940963745,0.0170132659174707,0.0210771931975295,True,5,0.084778905,0.1312038,0.0170132659174707,0.0411730061586815,0.1467496067611594,1.1184859490438492,0.182003736764088,0.2304519116805135,0.3142255288393075
semisynthetic_predicted_phi5,2,100,5,ica,econml_dml,predicted,none,0.0260103940963745,0.0403757312915053,0.0407422793996751,True,5,0.084778905,0.1312038,0.0403757312915053,0.0291350565479714,0.1351412446501546,1.0300101418568255,0.2317480951175068,0.2567700203272673,0.3360473879784944
semisynthetic_predicted_phi5,2,100,5,raw_x,econml_dml,predicted,none,0.0260103940963745,0.0092899017146694,-0.0156534869951755,True,201,0.084778905,0.1312038,0.0092899017146694,0.4710572947321427,0.4996401526470094,3.808122574552028,-0.0390932688983165,-0.0354296046674888,0.0780717751751154
semisynthetic_predicted_phi5,2,100,5,raw_x_s,econml_dml,predicted,none,0.0260103940963745,0.044083311254741,0.0418409904083711,True,201,0.084778905,0.1312038,0.044083311254741,0.5245685898008388,0.53489930507665,4.076858330906955,0.0575769135578375,0.0693057985070415,0.1164362020833837
semisynthetic_predicted_phi5,2,250,5,encoder_pred,econml_dml,predicted,none,0.0579254627227783,0.0037414950318193,-0.0010659471219616,True,5,0.084778905,0.1312038,0.0037414950318193,0.0786774089384886,0.1601970511765124,1.2209787458634005,0.2086909013425013,0.3902080076347816,0.2166821832270684
semisynthetic_predicted_phi5,2,250,5,mi_mine_cond,econml_dml,predicted,none,0.0579254627227783,-0.0202354111286885,-0.0236569271544282,True,5,0.084778905,0.1312038,-0.0202354111286885,0.0914078199446658,0.1671219251692953,1.273758268962449,0.3613798416622336,0.5540704800112061,0.4038058562588834
semisynthetic_predicted_phi5,2,250,5,mi_infonce_cond,econml_dml,predicted,none,0.0579254627227783,0.0263973083716572,0.0283600766472714,True,5,0.084778905,0.1312038,0.0263973083716572,0.0888108717873008,0.1387156765605149,1.0572534984544264,0.3976966361079234,0.5506390118056401,0.5308091718321364
semisynthetic_predicted_phi5,2,250,5,autoencoder,econml_dml,predicted,none,0.0579254627227783,-0.0388747414166846,-0.0378947901776346,True,5,0.084778905,0.1312038,-0.0388747414166846,0.0397614174642594,0.1810064468579012,1.3795823509524967,0.1267333916910508,0.2521681409249078,0.1769737938057353
semisynthetic_predicted_phi5,2,250,5,pls,econml_dml,predicted,none,0.0579254627227783,-0.0018970741111809,0.0005084801135244,True,5,0.084778905,0.1312038,-0.0018970741111809,0.0822530993318748,0.1583920906424136,1.2072218231668108,0.2967350092961255,0.4324621986945303,0.3613303133136119
semisynthetic_predicted_phi5,2,250,5,pca,econml_dml,predicted,none,0.0579254627227783,-0.0340131910566384,-0.0357704912689265,True,5,0.084778905,0.1312038,-0.0340131910566384,0.0867858443393078,0.1764512936637326,1.3448642010653094,0.3391135589335697,0.5585325097889422,0.3438879529693726
semisynthetic_predicted_phi5,2,250,5,ica,econml_dml,predicted,none,0.0579254627227783,-0.0284677328113788,-0.0357033386048108,True,5,0.084778905,0.1312038,-0.0284677328113788,0.0839036793486877,0.1804280812416903,1.375174204113679,0.2055130410501225,0.4185208302210717,0.2128825738950999
semisynthetic_predicted_phi5,2,250,5,raw_x,econml_dml,predicted,none,0.0579254627227783,0.0484806834875792,0.0211212384860133,True,257,0.084778905,0.1312038,0.0484806834875792,0.4427117820082385,0.4537784038284327,3.458576686257812,0.074122499827941,0.0839570713624358,0.1733659248273027
semisynthetic_predicted_phi5,2,250,5,raw_x_s,econml_dml,predicted,none,0.0579254627227783,0.0466509709027228,0.0196861619705724,True,257,0.084778905,0.1312038,0.0466509709027228,0.5632463083321321,0.565604987961627,4.310888769697424,0.1082920556967315,0.1179134235524918,0.2125378510034042
semisynthetic_predicted_phi5,2,500,5,encoder_pred,econml_dml,predicted,none,0.034928560256958,0.0038791773972363,-0.0045366954296866,True,5,0.084778905,0.1312038,0.0038791773972363,0.0865835481534743,0.1430106058187106,1.089988291640262,0.4755191200009877,0.656304150795394,0.5445171461351002
semisynthetic_predicted_phi5,2,500,5,mi_mine_cond,econml_dml,predicted,none,0.034928560256958,0.0229256804162995,0.0151671899096986,True,5,0.084778905,0.1312038,0.0229256804162995,0.106813261146691,0.1409032169138752,1.07392634141599,0.4493841856915006,0.5425552899652704,0.5472405375850052
semisynthetic_predicted_phi5,2,500,5,mi_infonce_cond,econml_dml,predicted,none,0.034928560256958,0.0366044099551942,0.0341090314397886,True,5,0.084778905,0.1312038,0.0366044099551942,0.0797857079981533,0.1290038470136591,0.9832325512954586,0.4422439543074377,0.6307113328428575,0.5438596066988551
semisynthetic_predicted_phi5,2,500,5,autoencoder,econml_dml,predicted,none,0.034928560256958,0.0107356565057939,0.0056052630711564,True,5,0.084778905,0.1312038,0.0107356565057939,0.0719624773333464,0.1539076638103568,1.1730427305486335,0.2217739694914138,0.3308017654015442,0.3017948159910582
semisynthetic_predicted_phi5,2,500,5,pls,econml_dml,predicted,none,0.034928560256958,0.0038973288044315,-0.0020909584762373,True,5,0.084778905,0.1312038,0.0038973288044315,0.1086346777295525,0.1654089680098781,1.2607025711898443,0.2875700039196766,0.417584895627928,0.3872500221665149
semisynthetic_predicted_phi5,2,500,5,pca,econml_dml,predicted,none,0.034928560256958,-0.0089703844403343,-0.0123773021618795,True,5,0.084778905,0.1312038,-0.0089703844403343,0.0853497738917853,0.1600127585048829,1.2195741167929812,0.3430844858229311,0.5656014040064931,0.3763420145466074
semisynthetic_predicted_phi5,2,500,5,ica,econml_dml,predicted,none,0.034928560256958,-0.0063030625457989,-0.007034227631633,True,5,0.084778905,0.1312038,-0.0063030625457989,0.0638186812417788,0.1562158103656371,1.190634801474021,0.3093066893350323,0.4872403005085835,0.3423236687328545
semisynthetic_predicted_phi5,2,500,5,raw_x,econml_dml,predicted,none,0.034928560256958,-0.0241834768290801,-0.0177028826477714,True,254,0.084778905,0.1312038,-0.0241834768290801,0.2536265790465098,0.3133928704795702,2.388595989442152,-0.0721435961953751,-0.1171311296284956,0.093101579061913
semisynthetic_predicted_phi5,2,500,5,raw_x_s,econml_dml,predicted,none,0.034928560256958,0.0157155336189078,0.0228044826624337,True,254,0.084778905,0.1312038,0.0157155336189078,0.3525782352256661,0.3723846274509942,2.8382152609222766,0.0824184267080642,0.1189803524502707,0.2142723472055413
semisynthetic_predicted_phi5,2,750,5,encoder_pred,econml_dml,predicted,none,0.0816521048545837,0.0052943240124757,0.0018113563769618,True,5,0.084778905,0.1312038,0.0052943240124757,0.0631767410654068,0.139414658052455,1.0625809469882357,0.4878188990443088,0.634042569640668,0.5733340856514134
semisynthetic_predicted_phi5,2,750,5,mi_mine_cond,econml_dml,predicted,none,0.0816521048545837,0.0385155939769374,0.0318083854103825,True,5,0.084778905,0.1312038,0.0385155939769374,0.1100828474556928,0.1384438064879495,1.0551813780389705,0.426020617436581,0.4852763015741583,0.5737168274746562
semisynthetic_predicted_phi5,2,750,5,mi_infonce_cond,econml_dml,predicted,none,0.0816521048545837,0.0381928584934155,0.0357725331016802,True,5,0.084778905,0.1312038,0.0381928584934155,0.0640445054922116,0.1258838314175678,0.9594526333655564,0.4545854697444884,0.6322297053407547,0.567643269574376
semisynthetic_predicted_phi5,2,750,5,autoencoder,econml_dml,predicted,none,0.0816521048545837,0.0113206167363477,0.00996790899952,True,5,0.084778905,0.1312038,0.0113206167363477,0.06124671729087,0.1508001093087138,1.1493577877219552,0.2253069872105607,0.4103574625298123,0.243831864969652
semisynthetic_predicted_phi5,2,750,5,pls,econml_dml,predicted,none,0.0816521048545837,-0.0160379097628079,-0.0199668468465506,True,5,0.084778905,0.1312038,-0.0160379097628079,0.0665027785595173,0.1591260129917935,1.2128155814983526,0.3713288810243673,0.639546716604509,0.4887626517062843
semisynthetic_predicted_phi5,2,750,5,pca,econml_dml,predicted,none,0.0816521048545837,-0.0187301393180633,-0.0187874348530318,True,5,0.084778905,0.1312038,-0.0187301393180633,0.0569002856148144,0.1649266603394337,1.2570265521229849,0.2655803859027215,0.4606989309219674,0.3365827428979829
semisynthetic_predicted_phi5,2,750,5,ica,econml_dml,predicted,none,0.0816521048545837,0.0116054250568182,0.0109434402007923,True,5,0.084778905,0.1312038,0.0116054250568182,0.0646126941424361,0.1517064987536466,1.1562660437704293,0.2199212130787723,0.420962352180226,0.2947701130895285
semisynthetic_predicted_phi5,2,750,5,raw_x,econml_dml,predicted,none,0.0816521048545837,-0.0024251432916732,-0.007107676548017,True,276,0.084778905,0.1312038,-0.0024251432916732,0.1862600918607063,0.247871063381462,1.8892064359527847,-0.0394520114461987,-0.0164223693429688,0.0674988849571313
semisynthetic_predicted_phi5,2,750,5,raw_x_s,econml_dml,predicted,none,0.0816521048545837,0.0126602415100055,-0.0009959968298402,True,276,0.084778905,0.1312038,0.0126602415100055,0.2769491806401636,0.2992376403487461,2.280708640670058,0.1317290738939343,0.1378265094860212,0.2496459403035603
semisynthetic_predicted_phi5,2,1000,5,encoder_pred,econml_dml,predicted,none,0.0646856427192688,-0.00061232742981,-0.0011854276664925,True,5,0.084778905,0.1312038,-0.00061232742981,0.0559245239645313,0.1443657718961442,1.1003170022220714,0.4628392990003716,0.5921254262180434,0.5766041839632654
semisynthetic_predicted_phi5,2,1000,5,mi_mine_cond,econml_dml,predicted,none,0.0646856427192688,0.0168366350641223,0.0170979757193557,True,5,0.084778905,0.1312038,0.0168366350641223,0.0574833134224226,0.1353773586499776,1.031809739123239,0.4513302156319108,0.5528181753250581,0.5490640357028665
semisynthetic_predicted_phi5,2,1000,5,mi_infonce_cond,econml_dml,predicted,none,0.0646856427192688,0.026007057374581,0.0241499348992617,True,5,0.084778905,0.1312038,0.026007057374581,0.0404029833950791,0.1361889197745627,1.037995239273274,0.3540396876193983,0.4809862749227163,0.49093114140087
semisynthetic_predicted_phi5,2,1000,5,autoencoder,econml_dml,predicted,none,0.0646856427192688,0.0135165431595489,0.0139360765688922,True,5,0.084778905,0.1312038,0.0135165431595489,0.0413552399336176,0.1446401383418383,1.1024081493206626,0.2840276192024858,0.4327863746454175,0.2843535975581904
semisynthetic_predicted_phi5,2,1000,5,pls,econml_dml,predicted,none,0.0646856427192688,0.0204911682874515,0.0211462451459329,True,5,0.084778905,0.1312038,0.0204911682874515,0.0588670979334585,0.1373565500367318,1.046894602418008,0.3849159514798221,0.5958123218445794,0.4299368858867815
semisynthetic_predicted_phi5,2,1000,5,pca,econml_dml,predicted,none,0.0646856427192688,0.006250184438277,0.0067052090812073,True,5,0.084778905,0.1312038,0.006250184438277,0.0391748559676716,0.1463031107162655,1.1150828765345635,0.3415701770985673,0.58312428335988,0.3495062912599447
semisynthetic_predicted_phi5,2,1000,5,ica,econml_dml,predicted,none,0.0646856427192688,0.0097560868711747,0.0101083221445442,True,5,0.084778905,0.1312038,0.0097560868711747,0.0359995051013224,0.1442783351115389,1.0996505826168064,0.351725126510731,0.5845873353586003,0.3364122622473353
semisynthetic_predicted_phi5,2,1000,5,raw_x,econml_dml,predicted,none,0.0646856427192688,0.0001012808222189,0.0108902156619476,True,290,0.084778905,0.1312038,0.0001012808222189,0.1658187123939441,0.2348319024744246,1.7898254659882151,-0.0750467239615512,-0.0672857731157148,0.0670186440541346
semisynthetic_predicted_phi5,2,1000,5,raw_x_s,econml_dml,predicted,none,0.0646856427192688,0.0569300289006697,0.0408383982908892,True,290,0.084778905,0.1312038,0.0569300289006697,0.2822877235466961,0.281120080529067,2.1426214829834733,0.2517448018841646,0.2742750684375378,0.3767134044273919
semisynthetic_predicted_phi5,3,100,5,encoder_pred,econml_dml,predicted,none,0.0942472219467163,0.0525696085331485,0.0524337021572075,True,5,0.08406847,0.1318516,0.0525696085331485,0.1415301666499255,0.1622118250452603,1.2302605735938,0.3240756076783847,0.386460791051613,0.6024494946648937
semisynthetic_predicted_phi5,3,100,5,mi_mine_cond,econml_dml,predicted,none,0.0942472219467163,0.0477732410433716,0.0475729008006382,True,5,0.08406847,0.1318516,0.0477732410433716,0.1446176775089261,0.1606076898348439,1.2180943563433737,0.3624286719290497,0.5026795577245232,0.5357748039660836
semisynthetic_predicted_phi5,3,100,5,mi_infonce_cond,econml_dml,predicted,none,0.0942472219467163,0.0234124473388069,0.038606356150704,True,5,0.08406847,0.1318516,0.0234124473388069,0.1448395535511811,0.1792348284081687,1.3593678681803538,0.259653402717552,0.2779851294807764,0.5043093834924746
semisynthetic_predicted_phi5,3,100,5,autoencoder,econml_dml,predicted,none,0.0942472219467163,0.0626032643514266,0.0691092645788785,True,5,0.08406847,0.1318516,0.0626032643514266,0.068282746635951,0.1418517438193607,1.07584393226446,0.1325207048635628,0.2985039750510278,0.2318765255958655
semisynthetic_predicted_phi5,3,100,5,pls,econml_dml,predicted,none,0.0942472219467163,0.1021880802292679,0.0958759135309138,True,5,0.08406847,0.1318516,0.1021880802292679,0.2251291548684795,0.2384265162509033,1.808294448083325,0.1945364402215218,0.2966153128684444,0.2754676208732432
semisynthetic_predicted_phi5,3,100,5,pca,econml_dml,predicted,none,0.0942472219467163,0.0598544189413723,0.0648772367817512,True,5,0.08406847,0.1318516,0.0598544189413723,0.1179370822452942,0.1548680336623855,1.1745631730095467,0.2538944080912992,0.5364824655457258,0.3760806901488105
semisynthetic_predicted_phi5,3,100,5,ica,econml_dml,predicted,none,0.0942472219467163,0.0514957255470939,0.0461380231929911,True,5,0.08406847,0.1318516,0.0514957255470939,0.1418766049555174,0.1785569569206565,1.354226698202043,0.1788725291972955,0.4174576814835942,0.3265761128219496
semisynthetic_predicted_phi5,3,100,5,raw_x,econml_dml,predicted,none,0.0942472219467163,0.0814459251447252,0.0658356522802309,True,194,0.08406847,0.1318516,0.0814459251447252,0.6017818413338739,0.6177732039410385,4.6853675187941475,-0.013300134294496,0.0316683279202536,0.0710546551297627
semisynthetic_predicted_phi5,3,100,5,raw_x_s,econml_dml,predicted,none,0.0942472219467163,0.1350050097878902,0.1359598172380207,True,194,0.08406847,0.1318516,0.1350050097878902,0.5784664033372828,0.5795438001120493,4.395424857279314,0.1227961029698719,0.1259919309741802,0.1733153821532259
semisynthetic_predicted_phi5,3,250,5,encoder_pred,econml_dml,predicted,none,0.0564935207366943,-0.015897884972909,-0.0229201554109873,True,5,0.08406847,0.1318516,-0.015897884972909,0.0875050201950309,0.1624852428559649,1.2323342519617884,0.3741564645633942,0.6011537204729531,0.4050009830498396
semisynthetic_predicted_phi5,3,250,5,mi_mine_cond,econml_dml,predicted,none,0.0564935207366943,-0.0316662882202811,-0.0337175477119586,True,5,0.08406847,0.1318516,-0.0316662882202811,0.0466373991465445,0.1761043308456876,1.3356252851363777,0.1578813264726586,0.3176303160743977,0.1730560001305605
semisynthetic_predicted_phi5,3,250,5,mi_infonce_cond,econml_dml,predicted,none,0.0564935207366943,-0.0028893457606719,-0.0074758285984614,True,5,0.08406847,0.1318516,-0.0028893457606719,0.0628790591264122,0.1594375396736152,1.2092196050227315,0.2098709075202474,0.2988387987258049,0.2484658051656418
semisynthetic_predicted_phi5,3,250,5,autoencoder,econml_dml,predicted,none,0.0564935207366943,0.0043648148793722,0.0005765560477952,True,5,0.08406847,0.1318516,0.0043648148793722,0.0566580057467126,0.1556227642160943,1.180287263985377,0.1826666848938928,0.2690300282650906,0.2688626094961845
semisynthetic_predicted_phi5,3,250,5,pls,econml_dml,predicted,none,0.0564935207366943,-0.0236958608157594,-0.0333323332411864,True,5,0.08406847,0.1318516,-0.0236958608157594,0.1159277486733138,0.188614063415604,1.4305026515840844,0.2244638222639635,0.4030214318091164,0.275509089891823
semisynthetic_predicted_phi5,3,250,5,pca,econml_dml,predicted,none,0.0564935207366943,0.0067527802244347,0.0039844509008524,True,5,0.08406847,0.1318516,0.0067527802244347,0.0751020390764732,0.1534600478295134,1.1638846083742136,0.2753339705336242,0.3900929606840303,0.3536000676346316
semisynthetic_predicted_phi5,3,250,5,ica,econml_dml,predicted,none,0.0564935207366943,-0.0003567587321074,-0.0049776099058308,True,5,0.08406847,0.1318516,-0.0003567587321074,0.0725873726097253,0.1602235658711248,1.2151810510537966,0.2147060900289783,0.3207771418781229,0.2564237767166242
semisynthetic_predicted_phi5,3,250,5,raw_x,econml_dml,predicted,none,0.0564935207366943,-0.0390611368953212,-0.0200005470651434,True,236,0.08406847,0.1318516,-0.0390611368953212,0.3283505018912692,0.3907161911747262,2.963302615779605,-0.1420459307956532,-0.1296218205325718,0.0071478876501282
semisynthetic_predicted_phi5,3,250,5,raw_x_s,econml_dml,predicted,none,0.0564935207366943,-0.0341448133892552,-0.0418121150872822,True,236,0.08406847,0.1318516,-0.0341448133892552,0.4208434454988959,0.4633309596456738,3.5140336533320324,-0.0559314287909652,-0.1152496301370136,0.047586200461704
semisynthetic_predicted_phi5,3,500,5,encoder_pred,econml_dml,predicted,none,0.1505624055862426,0.0399820606180952,0.0431023047490237,True,5,0.08406847,0.1318516,0.0399820606180952,0.0328361464503576,0.1312747651299731,0.9956251204382284,0.3665097329290514,0.3714437524840592,0.5551152184910622
semisynthetic_predicted_phi5,3,500,5,mi_mine_cond,econml_dml,predicted,none,0.1505624055862426,0.0493112929098263,0.0519678072341721,True,5,0.08406847,0.1318516,0.0493112929098263,0.0688083646558034,0.1349095854620644,1.02319263067012,0.2825520299295209,0.4571206809647236,0.346105813351091
semisynthetic_predicted_phi5,3,500,5,mi_infonce_cond,econml_dml,predicted,none,0.1505624055862426,0.0522141075722168,0.0538122695972139,True,5,0.08406847,0.1318516,0.0522141075722168,0.0730495049600382,0.1378604316148912,1.045572686375374,0.2455579675472838,0.3995257381941562,0.2505469479287245
semisynthetic_predicted_phi5,3,500,5,autoencoder,econml_dml,predicted,none,0.1505624055862426,0.0465053033887791,0.0523142707796804,True,5,0.08406847,0.1318516,0.0465053033887791,0.0983773845970438,0.1676593761852993,1.2715763493601846,0.0140419243617738,0.1270309881812171,0.1078467710399503
semisynthetic_predicted_phi5,3,500,5,pls,econml_dml,predicted,none,0.1505624055862426,0.0647238750607818,0.0687736004342945,True,5,0.08406847,0.1318516,0.0647238750607818,0.0510302723894795,0.136060041114683,1.0319180132412729,0.1375369781957525,0.2008156076089037,0.278429645853578
semisynthetic_predicted_phi5,3,500,5,pca,econml_dml,predicted,none,0.1505624055862426,0.0745629327277989,0.0744012146109804,True,5,0.08406847,0.1318516,0.0745629327277989,0.0719546182371131,0.1487569889135653,1.1282152731826185,0.0276172150399241,0.2003977097621085,0.1132401178910689
semisynthetic_predicted_phi5,3,500,5,ica,econml_dml,predicted,none,0.1505624055862426,0.0541825730173448,0.0532520997695561,True,5,0.08406847,0.1318516,0.0541825730173448,0.0390708554665531,0.1436666233162287,1.0896084940662736,-0.0810971861318187,-0.1041657667862331,-0.0009492392123949
semisynthetic_predicted_phi5,3,500,5,raw_x,econml_dml,predicted,none,0.1505624055862426,0.0109118695420055,0.0043052116698116,True,265,0.08406847,0.1318516,0.0109118695420055,0.2230405406299671,0.2745675603913745,2.082398396313541,-0.0493658588929081,-0.0778983907395559,0.0227594682213713
semisynthetic_predicted_phi5,3,500,5,raw_x_s,econml_dml,predicted,none,0.1505624055862426,0.0676499009528773,0.0668559494064953,True,265,0.08406847,0.1318516,0.0676499009528773,0.3964132075313853,0.4019967620813255,3.048857670906727,0.1262390130104081,0.1255587955004942,0.2319202687219158
semisynthetic_predicted_phi5,3,750,5,encoder_pred,econml_dml,predicted,none,0.074842095375061,0.002366965608109,0.002473647885212,True,5,0.08406847,0.1318516,0.002366965608109,0.057734628217686,0.158390236535366,1.2012765604313185,0.1514503870397475,0.1852288519638924,0.4208681666122162
semisynthetic_predicted_phi5,3,750,5,mi_mine_cond,econml_dml,predicted,none,0.074842095375061,0.0034561807508498,0.0029067911891988,True,5,0.08406847,0.1318516,0.0034561807508498,0.058158556092488,0.1501490771416348,1.138773265865828,0.3078166485469699,0.5505369432809211,0.4363872779605777
semisynthetic_predicted_phi5,3,750,5,mi_infonce_cond,econml_dml,predicted,none,0.074842095375061,0.0212274966643695,0.0219645476769312,True,5,0.08406847,0.1318516,0.0212274966643695,0.0629879276310785,0.1486724282584789,1.1275739411465535,0.1925225734965598,0.2459901326848837,0.3147526267697029
semisynthetic_predicted_phi5,3,750,5,autoencoder,econml_dml,predicted,none,0.074842095375061,0.0233720471045739,0.0267575591774595,True,5,0.08406847,0.1318516,0.0233720471045739,0.0735199674731225,0.1656688082028966,1.2564793161622352,-0.0501389129130011,-0.0069169585927963,0.0151402717979805
semisynthetic_predicted_phi5,3,750,5,pls,econml_dml,predicted,none,0.074842095375061,0.0162470037845629,0.0175884547280764,True,5,0.08406847,0.1318516,0.0162470037845629,0.0326399977640025,0.1426777448763959,1.0821085589890147,0.312878293664073,0.466874147587863,0.3640714630246345
semisynthetic_predicted_phi5,3,750,5,pca,econml_dml,predicted,none,0.074842095375061,0.0485075900455186,0.0518247371883363,True,5,0.08406847,0.1318516,0.0485075900455186,0.0654823794120927,0.1349558219218246,1.02354330111902,0.2735878312513792,0.5369274066396871,0.3170482713756655
semisynthetic_predicted_phi5,3,750,5,ica,econml_dml,predicted,none,0.074842095375061,0.0475214567271775,0.049523209327987,True,5,0.08406847,0.1318516,0.0475214567271775,0.0635653713099984,0.133490034534149,1.0124263530677595,0.2947967011633548,0.5737337840799893,0.3403663005231016
semisynthetic_predicted_phi5,3,750,5,raw_x,econml_dml,predicted,none,0.074842095375061,-0.0165106998052976,-0.011076902858062,True,276,0.08406847,0.1318516,-0.0165106998052976,0.2087837203562345,0.2745264668241162,2.082086731022727,-0.0776127933043717,-0.1257897427513411,0.0344861709350939
semisynthetic_predicted_phi5,3,750,5,raw_x_s,econml_dml,predicted,none,0.074842095375061,0.0080406345841607,0.0205805551548378,True,276,0.08406847,0.1318516,0.0080406345841607,0.2698945642614102,0.3015637216646953,2.2871449543630513,0.0712003538515324,0.0404789760686136,0.1836951778320271
semisynthetic_predicted_phi5,3,1000,5,encoder_pred,econml_dml,predicted,none,0.0762860774993896,0.0199669835927427,0.0226606581683741,True,5,0.08406847,0.1318516,0.0199669835927427,0.0626958972310356,0.1427092883895983,1.0823477939562232,0.3059728025506947,0.3329309732625725,0.5394975847808167
semisynthetic_predicted_phi5,3,1000,5,mi_mine_cond,econml_dml,predicted,none,0.0762860774993896,0.0395187990533692,0.0414439101891765,True,5,0.08406847,0.1318516,0.0395187990533692,0.0931547332022734,0.1351230252221868,1.024811418459744,0.3984942619132174,0.505659501911194,0.5102640670184823
semisynthetic_predicted_phi5,3,1000,5,mi_infonce_cond,econml_dml,predicted,none,0.0762860774993896,0.0380912772186921,0.0383321910185443,True,5,0.08406847,0.1318516,0.0380912772186921,0.0403550177672245,0.1336254245914513,1.0134531897333925,0.3074234106552963,0.482261353869268,0.3491747213825396
semisynthetic_predicted_phi5,3,1000,5,autoencoder,econml_dml,predicted,none,0.0762860774993896,0.0315079334473488,0.03205917859191,True,5,0.08406847,0.1318516,0.0315079334473488,0.023561259258723,0.1420658647736952,1.07746788642455,0.0836737200618607,0.2244279468685875,0.1638229565865192
semisynthetic_predicted_phi5,3,1000,5,pls,econml_dml,predicted,none,0.0762860774993896,0.036776152782716,0.0385446448465465,True,5,0.08406847,0.1318516,0.036776152782716,0.0501283285406863,0.1330671774521407,1.009219284803072,0.3349258807315479,0.52925830897742,0.4523388041559046
semisynthetic_predicted_phi5,3,1000,5,pca,econml_dml,predicted,none,0.0762860774993896,0.0542305702792876,0.0537368817352411,True,5,0.08406847,0.1318516,0.0542305702792876,0.0431500544874998,0.1303743063290367,0.9887957850267782,0.2759176981594272,0.5015689511024516,0.2529571005343785
semisynthetic_predicted_phi5,3,1000,5,ica,econml_dml,predicted,none,0.0762860774993896,0.0523287664523083,0.0521846008661924,True,5,0.08406847,0.1318516,0.0523287664523083,0.0237739512951787,0.1314709455328862,0.9971130083585352,0.2668329111312901,0.5998865468775432,0.3716152794739293
semisynthetic_predicted_phi5,3,1000,5,raw_x,econml_dml,predicted,none,0.0762860774993896,0.0006202645885916,0.0036452285974353,True,282,0.08406847,0.1318516,0.0006202645885916,0.15742961112811,0.2172537947234584,1.6477145117955216,0.0465695578067305,0.0728584351262716,0.1627431568511116
semisynthetic_predicted_phi5,3,1000,5,raw_x_s,econml_dml,predicted,none,0.0762860774993896,0.0623029818078144,0.059085215872728,True,282,0.08406847,0.1318516,0.0623029818078144,0.2447610976895264,0.247559395358404,1.8775607983399825,0.2553428700188631,0.2906255844236698,0.3927881564215394
semisynthetic_predicted_phi5,4,100,5,encoder_pred,econml_dml,predicted,none,-0.0116419196128845,-0.0409069519124909,-0.0375362237367858,True,5,0.08253687,0.12999763,-0.0409069519124909,0.0938416827598925,0.2194529894989257,1.6881306951436406,-0.2957405416551158,-0.4823744701169724,-0.2724272164646427
semisynthetic_predicted_phi5,4,100,5,mi_mine_cond,econml_dml,predicted,none,-0.0116419196128845,-0.0922890355790543,-0.0773426402598552,True,5,0.08253687,0.12999763,-0.0922890355790543,0.1090091821772541,0.2685022843458146,2.0654398418326134,-0.4497584465976771,-0.6537680652658571,-0.3097240719433896
semisynthetic_predicted_phi5,4,100,5,mi_infonce_cond,econml_dml,predicted,none,-0.0116419196128845,-0.0446713240329129,-0.0415924185059478,True,5,0.08253687,0.12999763,-0.0446713240329129,0.0626296974972325,0.2095247733748981,1.6117584095563755,-0.4235500267424722,-0.6443961754694523,-0.3163372540135803
semisynthetic_predicted_phi5,4,100,5,autoencoder,econml_dml,predicted,none,-0.0116419196128845,-0.0185804249026456,-0.0122771754145182,True,5,0.08253687,0.12999763,-0.0185804249026456,0.0440689778745129,0.1748262958504761,1.3448421778956747,-0.1307475303679398,-0.4002085063006739,-0.1739774195389034
semisynthetic_predicted_phi5,4,100,5,pls,econml_dml,predicted,none,-0.0116419196128845,-0.045592047016216,-0.0372576304381322,True,5,0.08253687,0.12999763,-0.045592047016216,0.0678387375805822,0.2009207384586982,1.5455723189622623,-0.1389432989663958,-0.2979072309691423,-0.1345366082978979
semisynthetic_predicted_phi5,4,100,5,pca,econml_dml,predicted,none,-0.0116419196128845,-0.0212284040706198,-0.0194706822873709,True,5,0.08253687,0.12999763,-0.0212284040706198,0.0350597618717015,0.1705746005831492,1.312136233430942,-0.0219292217437103,-0.0901825181763268,0.1061166188753033
semisynthetic_predicted_phi5,4,100,5,ica,econml_dml,predicted,none,-0.0116419196128845,-0.0191277853057379,-0.013294664649712,True,5,0.08253687,0.12999763,-0.0191277853057379,0.0538430829874399,0.1800402061230308,1.3849499111870796,-0.1628918185541878,-0.3732347087223504,-0.1646621489847138
semisynthetic_predicted_phi5,4,100,5,raw_x,econml_dml,predicted,none,-0.0116419196128845,-0.177828189363113,-0.1096213896346525,True,204,0.08253687,0.12999763,-0.177828189363113,0.5635775472675794,0.6534635248498322,5.026734140074955,-0.1686071393308889,-0.165694490930621,-0.0162425342850159
semisynthetic_predicted_phi5,4,100,5,raw_x_s,econml_dml,predicted,none,-0.0116419196128845,-0.0946078890335516,-0.0454765162670503,True,204,0.08253687,0.12999763,-0.0946078890335516,0.3987083176187597,0.473644707811139,3.643487252891756,-0.1648752142583407,-0.1720731156415722,-0.0155797176122316
semisynthetic_predicted_phi5,4,250,5,encoder_pred,econml_dml,predicted,none,0.1163431406021118,0.0348531083257014,0.0421898342832694,True,5,0.08253687,0.12999763,0.0348531083257014,0.1408639418247493,0.1498389921525239,1.1526286452493324,0.4522736582305345,0.5779828113089139,0.5501986457173857
semisynthetic_predicted_phi5,4,250,5,mi_mine_cond,econml_dml,predicted,none,0.1163431406021118,-0.0165712206547783,-0.0016500371225673,True,5,0.08253687,0.12999763,-0.0165712206547783,0.0721247738791739,0.1533293039311846,1.1794776868715575,0.4486913276990933,0.6486746423602459,0.5124040262271962
semisynthetic_predicted_phi5,4,250,5,mi_infonce_cond,econml_dml,predicted,none,0.1163431406021118,0.0456068449257418,0.0509860992725854,True,5,0.08253687,0.12999763,0.0456068449257418,0.058885874458078,0.1338376771874434,1.0295393630441063,0.2493938707120183,0.3649522613261979,0.3410931859196168
semisynthetic_predicted_phi5,4,250,5,autoencoder,econml_dml,predicted,none,0.1163431406021118,0.0178089870277791,0.0277830321715039,True,5,0.08253687,0.12999763,0.0178089870277791,0.058411363716943,0.1454487584730996,1.1188570012630206,0.2203001866813208,0.4573166487315911,0.2695200225515052
semisynthetic_predicted_phi5,4,250,5,pls,econml_dml,predicted,none,0.1163431406021118,0.0441111358424384,0.0463619906292507,True,5,0.08253687,0.12999763,0.0441111358424384,0.0729846434381602,0.1365314302570952,1.0502609182728575,0.2667547021397008,0.5081460545275861,0.2616904260854828
semisynthetic_predicted_phi5,4,250,5,pca,econml_dml,predicted,none,0.1163431406021118,0.039974508076336,0.0484222900927255,True,5,0.08253687,0.12999763,0.039974508076336,0.0837011838779798,0.1444304205421078,1.1110234897521425,0.2231733932735674,0.4031734434405968,0.2661308242796591
semisynthetic_predicted_phi5,4,250,5,ica,econml_dml,predicted,none,0.1163431406021118,0.0301717057348356,0.0366782348507975,True,5,0.08253687,0.12999763,0.0301717057348356,0.0738947086441964,0.1425367136934765,1.0964562484214253,0.2490702939944901,0.4535743091414738,0.2741152153677266
semisynthetic_predicted_phi5,4,250,5,raw_x,econml_dml,predicted,none,0.1163431406021118,0.0229014303752649,0.0120972819553585,True,259,0.08253687,0.12999763,0.0229014303752649,0.4084258064586112,0.4397413740004832,3.382687622847303,-0.0574925945699841,-0.0213621860565101,0.0629626443854161
semisynthetic_predicted_phi5,4,250,5,raw_x_s,econml_dml,predicted,none,0.1163431406021118,0.0158742336372952,0.0860407325438673,True,259,0.08253687,0.12999763,0.0158742336372952,0.5498581573936434,0.5614284235240891,4.318758915251679,0.0593549100666538,0.0305230230540116,0.1664355250932336
semisynthetic_predicted_phi5,4,500,5,encoder_pred,econml_dml,predicted,none,0.137603223323822,-0.0109801122408603,-0.0063046615364407,True,5,0.08253687,0.12999763,-0.0109801122408603,0.0797639151604463,0.1540290333863314,1.1848603192714469,0.3993660194456084,0.518464506272048,0.5962545424505685
semisynthetic_predicted_phi5,4,500,5,mi_mine_cond,econml_dml,predicted,none,0.137603223323822,0.0071696667874634,0.0089026205476142,True,5,0.08253687,0.12999763,0.0071696667874634,0.0844960377757856,0.1462731913372544,1.12519890814359,0.3788745827692125,0.5339903039019965,0.4021919586169659
semisynthetic_predicted_phi5,4,500,5,mi_infonce_cond,econml_dml,predicted,none,0.137603223323822,0.0195732524160551,0.0229632815496234,True,5,0.08253687,0.12999763,0.0195732524160551,0.0388563760008866,0.1389699923337304,1.0690194300752287,0.3029910897359244,0.5001709788999307,0.3343182640791483
semisynthetic_predicted_phi5,4,500,5,autoencoder,econml_dml,predicted,none,0.137603223323822,0.037401711313052,0.0343079653132554,True,5,0.08253687,0.12999763,0.037401711313052,0.0858600654450253,0.1527286291006055,1.1748570270135354,0.1336045496180994,0.3682343359963576,0.1557211073742911
semisynthetic_predicted_phi5,4,500,5,pls,econml_dml,predicted,none,0.137603223323822,0.0181591355467732,0.0181709893425732,True,5,0.08253687,0.12999763,0.0181591355467732,0.0676250218168237,0.1368395668646952,1.0526312430826257,0.3919849802764879,0.6065801495457956,0.4615718433215438
semisynthetic_predicted_phi5,4,500,5,pca,econml_dml,predicted,none,0.137603223323822,0.0344896761749378,0.0333934011376315,True,5,0.08253687,0.12999763,0.0344896761749378,0.0785703663657257,0.1393816744575461,1.072186273377031,0.2914622029672621,0.5071407256712009,0.2926406296707293
semisynthetic_predicted_phi5,4,500,5,ica,econml_dml,predicted,none,0.137603223323822,0.0433363574426309,0.0415949378825797,True,5,0.08253687,0.12999763,0.0433363574426309,0.1019822958223061,0.1467496219141669,1.1288638255494885,0.2753544948025748,0.5006954094706768,0.2830054820256498
semisynthetic_predicted_phi5,4,500,5,raw_x,econml_dml,predicted,none,0.137603223323822,-0.0153859347213521,-0.0225802226558569,True,263,0.08253687,0.12999763,-0.0153859347213521,0.2355606891696014,0.2868307454588122,2.2064305746098007,-0.0048131454280026,-0.0560929069959727,0.1129899565747261
semisynthetic_predicted_phi5,4,500,5,raw_x_s,econml_dml,predicted,none,0.137603223323822,-0.0002829167031633,0.0052965923842503,True,263,0.08253687,0.12999763,-0.0002829167031633,0.3595705148682145,0.3730835373001059,2.869925684799838,0.1482364907266673,0.1430876992739556,0.2664863341114511
semisynthetic_predicted_phi5,4,750,5,encoder_pred,econml_dml,predicted,none,0.043715476989746,-0.0270202354807818,-0.0253863955165874,True,5,0.08253687,0.12999763,-0.0270202354807818,0.0001472938514575,0.1700423099452003,1.3080416154140684,-0.3191871167984034,-0.336297074431913,-0.0597512010294659
semisynthetic_predicted_phi5,4,750,5,mi_mine_cond,econml_dml,predicted,none,0.043715476989746,-0.0598238841211974,-0.0589032322078735,True,5,0.08253687,0.12999763,-0.0598238841211974,9.123488653227108e-05,0.1927601457062853,1.4827973841237363,0.4005578900260248,0.6519446477313195,0.4885289997198094
semisynthetic_predicted_phi5,4,750,5,mi_infonce_cond,econml_dml,predicted,none,0.043715476989746,-0.0072812977879829,-0.0067837324277823,True,5,0.08253687,0.12999763,-0.0072812977879829,0.0001391427022502,0.1579788665614722,1.2152442053095291,0.2593668794101185,0.4520064869590081,0.3743096454525247
semisynthetic_predicted_phi5,4,750,5,autoencoder,econml_dml,predicted,none,0.043715476989746,-0.0218923581672455,-0.0198003675272571,True,5,0.08253687,0.12999763,-0.0218923581672455,0.0009797995687402,0.1668642382276674,1.283594464204212,-0.1486503795598505,-0.2904069073187186,-0.0299215892338705
semisynthetic_predicted_phi5,4,750,5,pls,econml_dml,predicted,none,0.043715476989746,-0.023484737698852,-0.0240895049778375,True,5,0.08253687,0.12999763,-0.023484737698852,0.0289627893265353,0.1730680430997885,1.331316910160505,-0.1293115767050969,-0.23442700243249,0.0963740279560313
semisynthetic_predicted_phi5,4,750,5,pca,econml_dml,predicted,none,0.043715476989746,-0.0287307048269771,-0.0275279839862364,True,5,0.08253687,0.12999763,-0.0287307048269771,0.031823762103019,0.1787535127325622,1.3750520892770297,-0.2006532777774932,-0.4093201954178971,-0.1683541574227921
semisynthetic_predicted_phi5,4,750,5,ica,econml_dml,predicted,none,0.043715476989746,-0.0364900170530204,-0.0349052391536346,True,5,0.08253687,0.12999763,-0.0364900170530204,0.0345163352660499,0.1855376236490483,1.4272385092639637,-0.2413672634096388,-0.4687053643466124,-0.2128302905550242
semisynthetic_predicted_phi5,4,750,5,raw_x,econml_dml,predicted,none,0.043715476989746,0.000497044417903,0.0011844152149958,True,271,0.08253687,0.12999763,0.000497044417903,0.1843738950483645,0.2485227134437364,1.911748032973651,-0.0863622575851831,-0.0876315644438355,0.0354447322051335
semisynthetic_predicted_phi5,4,750,5,raw_x_s,econml_dml,predicted,none,0.043715476989746,0.0295528749262068,0.0353066733363652,True,271,0.08253687,0.12999763,0.0295528749262068,0.2779315329955796,0.3008333490096294,2.314144873330609,0.0892864794132367,0.1730863967539875,0.2309784099996508
semisynthetic_predicted_phi5,4,1000,5,encoder_pred,econml_dml,predicted,none,0.0762907266616821,-0.0017751624517026,0.0018709585562782,True,5,0.08253687,0.12999763,-0.0017751624517026,0.0616995681743847,0.1486054001516509,1.1431393030138393,0.3572695491769082,0.5144000527337009,0.4354655804244758
semisynthetic_predicted_phi5,4,1000,5,mi_mine_cond,econml_dml,predicted,none,0.0762907266616821,-0.0157655288661717,-0.0118795023122093,True,5,0.08253687,0.12999763,-0.0157655288661717,0.067009235642692,0.1570095889515143,1.2077880877637104,0.3674056069426301,0.4988321188019648,0.4381432821126877
semisynthetic_predicted_phi5,4,1000,5,mi_infonce_cond,econml_dml,predicted,none,0.0762907266616821,0.0152007844997978,0.0180174095396625,True,5,0.08253687,0.12999763,0.0152007844997978,0.0617586426020385,0.1369360180590318,1.0533731888729958,0.4045716347243954,0.6319697239530089,0.4733784079557077
semisynthetic_predicted_phi5,4,1000,5,autoencoder,econml_dml,predicted,none,0.0762907266616821,0.0088650123179361,0.0090246112172063,True,5,0.08253687,0.12999763,0.0088650123179361,0.0463356181733775,0.1497724704702637,1.152116930672226,0.1695123344313276,0.3527617527632405,0.2453146948435574
semisynthetic_predicted_phi5,4,1000,5,pls,econml_dml,predicted,none,0.0762907266616821,-0.0119501368029028,-0.0101276307909546,True,5,0.08253687,0.12999763,-0.0119501368029028,0.0563192142186971,0.1536872590132639,1.182231237702287,0.3673671615124336,0.5929122479495991,0.3885302431185121
semisynthetic_predicted_phi5,4,1000,5,pca,econml_dml,predicted,none,0.0762907266616821,0.0113090620413182,0.0124733716789546,True,5,0.08253687,0.12999763,0.0113090620413182,0.0605929664234264,0.1497557002393722,1.1519879265442934,0.2042367021169098,0.4029271711901546,0.250880692487913
semisynthetic_predicted_phi5,4,1000,5,ica,econml_dml,predicted,none,0.0762907266616821,0.0192562668307822,0.0208200323577921,True,5,0.08253687,0.12999763,0.0192562668307822,0.0814777120322188,0.1495012243763301,1.150030384218006,0.2450841915446674,0.4247126419531746,0.2995238123626193
semisynthetic_predicted_phi5,4,1000,5,raw_x,econml_dml,predicted,none,0.0762907266616821,-0.0052377677905059,0.0005304646933547,True,279,0.08253687,0.12999763,-0.0052377677905059,0.1350677876624637,0.2065024544617312,1.5885093786842976,0.0058038402204176,-0.0356324811310856,0.1128424179505893
semisynthetic_predicted_phi5,4,1000,5,raw_x_s,econml_dml,predicted,none,0.0762907266616821,0.0343046837833345,0.0352374197383742,True,279,0.08253687,0.12999763,0.0343046837833345,0.2510370039715162,0.2693642245691315,2.0720702721205884,0.1484365193234192,0.1939322760704962,0.246755810972738
semisynthetic_predicted_phi5,5,100,5,encoder_pred,econml_dml,predicted,none,0.146058440208435,0.0506844118322622,0.047326321960916,True,5,0.08298485,0.12931249,0.0506844118322622,0.1226158235873803,0.1596227664073324,1.234395582416922,0.2308388743048085,0.2638049221543891,0.409452027640509
semisynthetic_predicted_phi5,5,100,5,mi_mine_cond,econml_dml,predicted,none,0.146058440208435,0.0156909385427288,0.0077849928757069,True,5,0.08298485,0.12931249,0.0156909385427288,0.0642639505246499,0.1404762646839173,1.0863317587026384,0.3397337555926129,0.3511387835944352,0.5019902660473073
semisynthetic_predicted_phi5,5,100,5,mi_infonce_cond,econml_dml,predicted,none,0.146058440208435,0.0766648580214614,0.0711417631520535,True,5,0.08298485,0.12931249,0.0766648580214614,0.1463643048669348,0.1575763548656323,1.218570262359285,0.3527778463261976,0.4476172347685349,0.4962506385273308
semisynthetic_predicted_phi5,5,100,5,autoencoder,econml_dml,predicted,none,0.146058440208435,0.0146153102507047,0.0356441041064262,True,5,0.08298485,0.12931249,0.0146153102507047,0.1615215428222619,0.2201540383008094,1.7024963195806488,-0.0235191773793224,-0.1318924279471407,0.0345382770547299
semisynthetic_predicted_phi5,5,100,5,pls,econml_dml,predicted,none,0.146058440208435,0.0157983929114785,0.0573371457612048,True,5,0.08298485,0.12931249,0.0157983929114785,0.1685168077103109,0.2363371645228394,1.827643752918527,-0.1427540714193583,-0.3278035600143482,-0.0720846742037416
semisynthetic_predicted_phi5,5,100,5,pca,econml_dml,predicted,none,0.146058440208435,0.0230113220204146,0.0423616051639408,True,5,0.08298485,0.12931249,0.0230113220204146,0.1516894375550706,0.2216918311582999,1.7143883870637706,-0.1483287973560659,-0.4517425970957917,-0.1323245938706702
semisynthetic_predicted_phi5,5,100,5,ica,econml_dml,predicted,none,0.146058440208435,0.0615600929779796,0.0784767146839634,True,5,0.08298485,0.12931249,0.0615600929779796,0.1680740517619107,0.2212947425540533,1.7113176194662507,-0.0814788957719471,-0.3846837823791227,-0.0917665088633841
semisynthetic_predicted_phi5,5,100,5,raw_x,econml_dml,predicted,none,0.146058440208435,-0.125845346660714,-0.0111837180855436,True,213,0.08298485,0.12931249,-0.125845346660714,0.4596726691813111,0.5213038601396963,4.0313496410106735,-0.0010681214550428,-0.0460689080587453,0.0993499021886405
semisynthetic_predicted_phi5,5,100,5,raw_x_s,econml_dml,predicted,none,0.146058440208435,-0.0332197420811525,0.0478058113369547,True,213,0.08298485,0.12931249,-0.0332197420811525,0.549027637305596,0.5906422253468757,4.567557436616337,-0.1211450915192612,-0.2075226370289089,-0.020218125920833
semisynthetic_predicted_phi5,5,250,5,encoder_pred,econml_dml,predicted,none,0.1473509073257446,0.0362973432332769,0.0433430141296516,True,5,0.08298485,0.12931249,0.0362973432332769,0.0926112342023981,0.1416925593505623,1.0957376147544784,0.3090193851062309,0.4870381281128547,0.3898767137814085
semisynthetic_predicted_phi5,5,250,5,mi_mine_cond,econml_dml,predicted,none,0.1473509073257446,0.0116577054373739,0.0180532968556888,True,5,0.08298485,0.12931249,0.0116577054373739,0.0802646022791838,0.138914143178492,1.0742515527965784,0.4313692202055313,0.6592185092272383,0.4560699683244011
semisynthetic_predicted_phi5,5,250,5,mi_infonce_cond,econml_dml,predicted,none,0.1473509073257446,0.0236719583715005,0.0304457570575576,True,5,0.08298485,0.12931249,0.0236719583715005,0.0713520695894907,0.1401652231084387,1.0839264104220614,0.3080493636449987,0.4099485404082169,0.4299044993225345
semisynthetic_predicted_phi5,5,250,5,autoencoder,econml_dml,predicted,none,0.1473509073257446,0.0651220082914188,0.0521885135427875,True,5,0.08298485,0.12931249,0.0651220082914188,0.1148887434875056,0.1658557926018012,1.2825968520272188,0.0919486692751632,0.1793473604085776,0.0623509605001069
semisynthetic_predicted_phi5,5,250,5,pls,econml_dml,predicted,none,0.1473509073257446,0.0064308749458413,0.0086091065269088,True,5,0.08298485,0.12931249,0.0064308749458413,0.1183908993515046,0.1805966572537047,1.3965909809153374,0.1300990637970864,0.1851213448419076,0.1130165891807505
semisynthetic_predicted_phi5,5,250,5,pca,econml_dml,predicted,none,0.1473509073257446,0.0355302739803859,0.0319112861868237,True,5,0.08298485,0.12931249,0.0355302739803859,0.0521919201007033,0.1398445888558551,1.0814468800025054,0.1586251542255298,0.4185443391320005,0.2471026512958972
semisynthetic_predicted_phi5,5,250,5,ica,econml_dml,predicted,none,0.1473509073257446,-0.0022121081424011,-0.0066522439085229,True,5,0.08298485,0.12931249,-0.0022121081424011,0.1230224230843805,0.186538187745501,1.4425380544872424,0.1357232525792566,0.3969424228725446,0.1998825266761201
semisynthetic_predicted_phi5,5,250,5,raw_x,econml_dml,predicted,none,0.1473509073257446,-0.0479467744481346,-0.0020508673907755,True,239,0.08298485,0.12931249,-0.0479467744481346,0.4508686419272781,0.4739710746360001,3.6653155053777104,0.1071880864141528,0.0782131706533189,0.2635688551478942
semisynthetic_predicted_phi5,5,250,5,raw_x_s,econml_dml,predicted,none,0.1473509073257446,0.0512182497126916,0.0424969861766783,True,239,0.08298485,0.12931249,0.0512182497126916,0.6839699184490172,0.6712993700647992,5.191295675033396,0.1973119186341571,0.1546427137727619,0.3117018493718038
semisynthetic_predicted_phi5,5,500,5,encoder_pred,econml_dml,predicted,none,0.0972175598144531,-0.017831740733819,-0.0183182190273985,True,5,0.08298485,0.12931249,-0.017831740733819,0.0548372572583878,0.1555692552967995,1.2030489498485375,0.4012778073303557,0.5463686931599225,0.4713866352038818
semisynthetic_predicted_phi5,5,500,5,mi_mine_cond,econml_dml,predicted,none,0.0972175598144531,0.0038994570756619,0.0004007802575383,True,5,0.08298485,0.12931249,0.0038994570756619,0.0580620401801268,0.138682259164902,1.072458346172918,0.4737953589333356,0.6655989994783317,0.5180111310139612
semisynthetic_predicted_phi5,5,500,5,mi_infonce_cond,econml_dml,predicted,none,0.0972175598144531,-0.0011574234404188,-0.0020299375073667,True,5,0.08298485,0.12931249,-0.0011574234404188,0.0719345198739287,0.1461591508683901,1.130278682812388,0.4092503431565197,0.5768636225207702,0.5431485377254682
semisynthetic_predicted_phi5,5,500,5,autoencoder,econml_dml,predicted,none,0.0972175598144531,0.0247978132776981,0.0251670838599027,True,5,0.08298485,0.12931249,0.0247978132776981,0.041450611966428,0.1481295799457241,1.145516414893288,-0.0108924270389513,0.0995651412441674,0.1089026329552004
semisynthetic_predicted_phi5,5,500,5,pls,econml_dml,predicted,none,0.0972175598144531,-0.0076212568910092,-0.0048095610278666,True,5,0.08298485,0.12931249,-0.0076212568910092,0.0580035845715497,0.1642088054137598,1.2698603623962377,0.0887310484064845,0.3219921786750693,0.2485839049665118
semisynthetic_predicted_phi5,5,500,5,pca,econml_dml,predicted,none,0.0972175598144531,0.0410008832913182,0.042341907523109,True,5,0.08298485,0.12931249,0.0410008832913182,0.0569170225337043,0.1382582878470153,1.0691796890386642,0.1772104050090645,0.4012958331759422,0.274305195886631
semisynthetic_predicted_phi5,5,500,5,ica,econml_dml,predicted,none,0.0972175598144531,0.0191519731380844,0.0210450576021699,True,5,0.08298485,0.12931249,0.0191519731380844,0.0472647871581054,0.1492614552955897,1.1542694390587465,0.0614645426991864,0.2806587903793458,0.1781714024835871
semisynthetic_predicted_phi5,5,500,5,raw_x,econml_dml,predicted,none,0.0972175598144531,-0.0055774582419505,-0.0005462979762124,True,268,0.08298485,0.12931249,-0.0055774582419505,0.227652340405661,0.27682231283564,2.1407237060831483,-0.0040763739980353,-0.0221009657459819,0.1266178273348352
semisynthetic_predicted_phi5,5,500,5,raw_x_s,econml_dml,predicted,none,0.0972175598144531,-0.0052111152052956,0.0220133545928337,True,268,0.08298485,0.12931249,-0.0052111152052956,0.3732167533181115,0.4002651433250283,3.095332425545501,0.0370771863656689,0.069339868743918,0.1835056364184238
semisynthetic_predicted_phi5,5,750,5,encoder_pred,econml_dml,predicted,none,0.0533025860786438,-0.008272563130403,-0.003232762582689,True,5,0.08298485,0.12931249,-0.008272563130403,0.1005224957465503,0.1542945743875734,1.1931915810110336,0.4364856435874267,0.6202051493039463,0.5060820304394112
semisynthetic_predicted_phi5,5,750,5,mi_mine_cond,econml_dml,predicted,none,0.0533025860786438,0.0021124817762374,0.0032679602501399,True,5,0.08298485,0.12931249,0.0021124817762374,0.0819859327686982,0.1456654163183349,1.1264605322991996,0.4133889995097368,0.6257478322894587,0.4435745321603026
semisynthetic_predicted_phi5,5,750,5,mi_infonce_cond,econml_dml,predicted,none,0.0533025860786438,0.0103025330878668,0.0128116740983649,True,5,0.08298485,0.12931249,0.0103025330878668,0.1052152952342911,0.1503956270188673,1.1630402215506583,0.3842466612052122,0.5610151353631555,0.4692665298602727
semisynthetic_predicted_phi5,5,750,5,autoencoder,econml_dml,predicted,none,0.0533025860786438,0.0084611362735208,0.0092889372063798,True,5,0.08298485,0.12931249,0.0084611362735208,0.0399854460644656,0.153344806422798,1.1858468305946166,0.0347840064611165,0.0699616927361864,0.1340436586426232
semisynthetic_predicted_phi5,5,750,5,pls,econml_dml,predicted,none,0.0533025860786438,-0.011048641136096,-0.0080624545237991,True,5,0.08298485,0.12931249,-0.011048641136096,0.0579375239506381,0.152287735194529,1.1776722820396468,0.3823534848253749,0.6161209648645146,0.3870442164428921
semisynthetic_predicted_phi5,5,750,5,pca,econml_dml,predicted,none,0.0533025860786438,0.0252878711294117,0.0279542023282036,True,5,0.08298485,0.12931249,0.0252878711294117,0.0556160194717901,0.1438356578502047,1.1123106348830245,0.1706867767173279,0.3730528885333869,0.2160991577550522
semisynthetic_predicted_phi5,5,750,5,ica,econml_dml,predicted,none,0.0533025860786438,0.0083902410366047,0.0104558307621558,True,5,0.08298485,0.12931249,0.0083902410366047,0.048624471360053,0.1449208972041027,1.1207030133292055,0.2901154717942526,0.5406861688751634,0.3168220174670896
semisynthetic_predicted_phi5,5,750,5,raw_x,econml_dml,predicted,none,0.0533025860786438,-0.0084035524592283,-0.0092445958632097,True,279,0.08298485,0.12931249,-0.0084035524592283,0.1808047059762669,0.2349770537132028,1.8171257371442064,0.0545263488269022,-0.0008072563720644,0.1628773712742216
semisynthetic_predicted_phi5,5,750,5,raw_x_s,econml_dml,predicted,none,0.0533025860786438,0.0328188866296172,0.0199215249206689,True,279,0.08298485,0.12931249,0.0328188866296172,0.3140448763405501,0.3292880666728355,2.5464521383265883,0.1161279786698517,0.0717839996622727,0.2292887544693499
semisynthetic_predicted_phi5,5,1000,5,encoder_pred,econml_dml,predicted,none,0.09968101978302,-0.0153705349347137,-0.0122306717710618,True,5,0.08298485,0.12931249,-0.0153705349347137,0.071711841269439,0.1539036324380184,1.1901683467545818,0.4233560293710635,0.6357806408560024,0.5043168578658134
semisynthetic_predicted_phi5,5,1000,5,mi_mine_cond,econml_dml,predicted,none,0.09968101978302,-0.0158756287481135,-0.0138767588994491,True,5,0.08298485,0.12931249,-0.0158756287481135,0.0839907569743192,0.1561469964940892,1.207516740989902,0.4220435987223355,0.6419793906439996,0.4060063528732313
semisynthetic_predicted_phi5,5,1000,5,mi_infonce_cond,econml_dml,predicted,none,0.09968101978302,0.0009179574389141,0.0039815790330235,True,5,0.08298485,0.12931249,0.0009179574389141,0.0584649466529248,0.1515189274100575,1.171726933802431,0.2590430252443277,0.5322389404463415,0.282650964043972
semisynthetic_predicted_phi5,5,1000,5,autoencoder,econml_dml,predicted,none,0.09968101978302,0.0066730495126183,0.0068444964619245,True,5,0.08298485,0.12931249,0.0066730495126183,0.02590041443514,0.1464533894874755,1.1325540903858209,0.2638572848167627,0.5074140010154261,0.3038735264878651
semisynthetic_predicted_phi5,5,1000,5,pls,econml_dml,predicted,none,0.09968101978302,-0.0089632153004566,-0.0083017558512423,True,5,0.08298485,0.12931249,-0.0089632153004566,0.0585343278533425,0.1559500693371145,1.2059938629061628,0.2828567386273259,0.4371675694474427,0.2890831133326009
semisynthetic_predicted_phi5,5,1000,5,pca,econml_dml,predicted,none,0.09968101978302,0.0194787454204203,0.0216109852076684,True,5,0.08298485,0.12931249,0.0194787454204203,0.0383480223234334,0.1383065996055397,1.069553293773399,0.3122278794902871,0.6238875183829972,0.3866184063709817
semisynthetic_predicted_phi5,5,1000,5,ica,econml_dml,predicted,none,0.09968101978302,0.0073932516082804,0.0091920719239063,True,5,0.08298485,0.12931249,0.0073932516082804,0.0389948909228176,0.1461108100716227,1.1299048535189655,0.2586046804105071,0.5370662407867682,0.3442945513176589
semisynthetic_predicted_phi5,5,1000,5,raw_x,econml_dml,predicted,none,0.09968101978302,0.0044375707891175,0.0067738726539908,True,279,0.08298485,0.12931249,0.0044375707891175,0.1776525661951364,0.22759954371445,1.7600739396051377,0.057683184376637,0.0046569702748911,0.1436436409437824
semisynthetic_predicted_phi5,5,1000,5,raw_x_s,econml_dml,predicted,none,0.09968101978302,0.0623654310468671,0.0642123967002852,True,279,0.08298485,0.12931249,0.0623654310468671,0.2830610776796194,0.2844140054458695,2.1994318216737567,0.2237381968770858,0.2892293094592731,0.3467872746154719
semisynthetic_predicted_phi5,6,100,5,encoder_pred,econml_dml,predicted,none,0.1097511053085327,-0.0077399126405223,-0.0179360826910193,True,5,0.084039055,0.13112344,-0.0077399126405223,0.1066602158242861,0.2029379650869725,1.5476864021182828,-0.1498207434115559,-0.1938447125368334,0.0354430055656923
semisynthetic_predicted_phi5,6,100,5,mi_mine_cond,econml_dml,predicted,none,0.1097511053085327,-0.013919513002808,-0.0188123955050388,True,5,0.084039055,0.13112344,-0.013919513002808,0.0733829480722176,0.1812575037300061,1.382342499022342,-0.0353343207873056,-0.1110661918694487,0.0668068067927177
semisynthetic_predicted_phi5,6,100,5,mi_infonce_cond,econml_dml,predicted,none,0.1097511053085327,-0.0110219986086583,-0.0150284399046516,True,5,0.084039055,0.13112344,-0.0110219986086583,0.0572202545813032,0.1670925346648415,1.2743147576424283,0.105572371974974,0.2893999018370374,0.135226609077111
semisynthetic_predicted_phi5,6,100,5,autoencoder,econml_dml,predicted,none,0.1097511053085327,-0.003767370790038,-0.0072616743035364,True,5,0.084039055,0.13112344,-0.003767370790038,0.1495771377868942,0.2224650792154198,1.6966080146724327,-0.0564436903515267,0.0163024648275603,0.0482068896944929
semisynthetic_predicted_phi5,6,100,5,pls,econml_dml,predicted,none,0.1097511053085327,-0.0069003112268428,-0.0116982504147325,True,5,0.084039055,0.13112344,-0.0069003112268428,0.1231011151695731,0.2128929342608206,1.6236069939960436,-0.1457798450791847,-0.1919243201912283,0.0135413270443533
semisynthetic_predicted_phi5,6,100,5,pca,econml_dml,predicted,none,0.1097511053085327,-0.0241356866431771,-0.0282356702109473,True,5,0.084039055,0.13112344,-0.0241356866431771,0.197311680354757,0.2656528316267496,2.025975154608128,-0.0530376147782472,0.0768951445617085,0.0793244118583519
semisynthetic_predicted_phi5,6,100,5,ica,econml_dml,predicted,none,0.1097511053085327,-0.029221661453127,-0.0421164373639206,True,5,0.084039055,0.13112344,-0.029221661453127,0.2168375626622854,0.2927574976509081,2.232686220334885,-0.1524150746428243,-0.1284046981134945,0.0097774698256204
semisynthetic_predicted_phi5,6,100,5,raw_x,econml_dml,predicted,none,0.1097511053085327,-0.0589191741983043,-0.1317779855420995,True,206,0.084039055,0.13112344,-0.0589191741983043,0.5351752579809137,0.5787061112831765,4.413445157350787,-0.0773633643353796,-0.1179619112890555,0.0339021612269623
semisynthetic_predicted_phi5,6,100,5,raw_x_s,econml_dml,predicted,none,0.1097511053085327,-0.0243397187036138,-0.0912938407420541,True,206,0.084039055,0.13112344,-0.0243397187036138,0.5106461015890216,0.5438692296970266,4.147765111234318,-0.0455137128112543,-0.082403986556288,0.0621509964449555
semisynthetic_predicted_phi5,6,250,5,encoder_pred,econml_dml,predicted,none,0.0346902012825012,0.0053221292048704,0.0030347472444234,True,5,0.084039055,0.13112344,0.0053221292048704,0.0622879220787153,0.148838815649249,1.1351045674918925,0.3132268399901626,0.449255032467924,0.4453699653416424
semisynthetic_predicted_phi5,6,250,5,mi_mine_cond,econml_dml,predicted,none,0.0346902012825012,0.023324234256771,0.0236721417846501,True,5,0.084039055,0.13112344,0.023324234256771,0.0980149528987245,0.1479176867869244,1.1280796689510617,0.334846528140399,0.4919883704327388,0.4174321542065513
semisynthetic_predicted_phi5,6,250,5,mi_infonce_cond,econml_dml,predicted,none,0.0346902012825012,-0.0063980967072941,-0.0080193267072227,True,5,0.084039055,0.13112344,-0.0063980967072941,0.0683209132461935,0.150054919423878,1.1443790631475044,0.419909846367856,0.560595297026504,0.5324322448562813
semisynthetic_predicted_phi5,6,250,5,autoencoder,econml_dml,predicted,none,0.0346902012825012,-0.0190447943776417,-0.0149118801223403,True,5,0.084039055,0.13112344,-0.0190447943776417,0.0724309171370632,0.1726711516777875,1.316859530819109,0.1711283861600711,0.3133092408331951,0.2188870605905141
semisynthetic_predicted_phi5,6,250,5,pls,econml_dml,predicted,none,0.0346902012825012,0.0001062944055244,0.0047372331141307,True,5,0.084039055,0.13112344,0.0001062944055244,0.1022314594527782,0.1692605352308692,1.2908488004194314,0.2252977597549205,0.3681840370783722,0.2346400734876081
semisynthetic_predicted_phi5,6,250,5,pca,econml_dml,predicted,none,0.0346902012825012,-0.0080931702087786,-0.0086874920678566,True,5,0.084039055,0.13112344,-0.0080931702087786,0.1052085076054171,0.1776595015274396,1.3549026896139975,0.1880217648774666,0.3592847825671396,0.1601679188226138
semisynthetic_predicted_phi5,6,250,5,ica,econml_dml,predicted,none,0.0346902012825012,0.0084273727713457,0.006155824031089,True,5,0.084039055,0.13112344,0.0084273727713457,0.0771982195200214,0.1481898064991245,1.1301549631333994,0.3413104914706032,0.5736344872442319,0.3471509661166724
semisynthetic_predicted_phi5,6,250,5,raw_x,econml_dml,predicted,none,0.0346902012825012,-0.0037876459397215,-0.0083442815074659,True,238,0.084039055,0.13112344,-0.0037876459397215,0.3104093599734691,0.3474560672900916,2.6498394740871016,0.0065738457820341,0.026237019389732,0.1276314351547963
semisynthetic_predicted_phi5,6,250,5,raw_x_s,econml_dml,predicted,none,0.0346902012825012,0.0591032349776498,0.0175648228655812,True,238,0.084039055,0.13112344,0.0591032349776498,0.5193073977650292,0.528447001936433,4.030149010248915,0.0604984726642909,0.0247433568935182,0.1705275241233006
semisynthetic_predicted_phi5,6,500,5,encoder_pred,econml_dml,predicted,none,0.1397404074668884,0.0054210765515317,0.0046276118794756,True,5,0.084039055,0.13112344,0.0054210765515317,0.062840957168651,0.1431378865515743,1.0916269932483034,0.41472921509751,0.5777754679445531,0.4984566590236042
semisynthetic_predicted_phi5,6,500,5,mi_mine_cond,econml_dml,predicted,none,0.1397404074668884,0.0160551433837266,0.0154725157668158,True,5,0.084039055,0.13112344,0.0160551433837266,0.0754035274572048,0.1530346452727676,1.1671036488424007,0.206391553673097,0.3732724529858193,0.2003702530414325
semisynthetic_predicted_phi5,6,500,5,mi_infonce_cond,econml_dml,predicted,none,0.1397404074668884,0.0268265131930179,0.0317210096757722,True,5,0.084039055,0.13112344,0.0268265131930179,0.0726591073986181,0.1344003439405283,1.0249909851398675,0.4031842153308077,0.5862018625095646,0.4056244990597059
semisynthetic_predicted_phi5,6,500,5,autoencoder,econml_dml,predicted,none,0.1397404074668884,-0.0046832770757188,-0.0017744104044507,True,5,0.084039055,0.13112344,-0.0046832770757188,0.1076523429224559,0.1844827274971201,1.406939350409966,0.0928097462957601,0.2813017535348669,0.1403185769982995
semisynthetic_predicted_phi5,6,500,5,pls,econml_dml,predicted,none,0.1397404074668884,0.0177708007555169,0.0172565395546702,True,5,0.084039055,0.13112344,0.0177708007555169,0.0804464119315771,0.1522361429244854,1.1610139493326703,0.2313438039604619,0.3980525496268891,0.2157672353538102
semisynthetic_predicted_phi5,6,500,5,pca,econml_dml,predicted,none,0.1397404074668884,-0.0071555007468446,-0.0079300308290113,True,5,0.084039055,0.13112344,-0.0071555007468446,0.1138473828271771,0.1789418739793334,1.3646825768095578,0.21606405611985,0.4434264277398153,0.1996981380746526
semisynthetic_predicted_phi5,6,500,5,ica,econml_dml,predicted,none,0.1397404074668884,-0.0099184775002384,-0.0095139591218317,True,5,0.084039055,0.13112344,-0.0099184775002384,0.0984031202312235,0.1782789634043268,1.3596269546034392,0.1519480682659538,0.3842880407459779,0.1626186116529708
semisynthetic_predicted_phi5,6,500,5,raw_x,econml_dml,predicted,none,0.1397404074668884,0.0099019559278028,0.0171402812168595,True,260,0.084039055,0.13112344,0.0099019559278028,0.2402122302165325,0.2750531874874255,2.0976660426802827,0.0752017016917015,0.1470154234259382,0.2053564238470384
semisynthetic_predicted_phi5,6,500,5,raw_x_s,econml_dml,predicted,none,0.1397404074668884,0.0245457647610603,0.0219457332943358,True,260,0.084039055,0.13112344,0.0245457647610603,0.4280004281622499,0.444878869284322,3.392824877720734,0.0534557201246058,0.0774140189957758,0.1692032672910673
semisynthetic_predicted_phi5,6,750,5,encoder_pred,econml_dml,predicted,none,0.08920818567276,-0.0030313267350424,-0.0016887267358139,True,5,0.084039055,0.13112344,-0.0030313267350424,0.047271847955036,0.1505092517745598,1.1478439840699708,0.3513944005377288,0.4918956790586591,0.4750825674939183
semisynthetic_predicted_phi5,6,750,5,mi_mine_cond,econml_dml,predicted,none,0.08920818567276,-0.0073987939886097,-0.0083319390178202,True,5,0.084039055,0.13112344,-0.0073987939886097,0.0666341663740197,0.156055051073902,1.190138476186272,0.3228210068597439,0.4916167872694436,0.3842896745802038
semisynthetic_predicted_phi5,6,750,5,mi_infonce_cond,econml_dml,predicted,none,0.08920818567276,-0.0132611718386179,-0.01219171756828,True,5,0.084039055,0.13112344,-0.0132611718386179,0.0439383983239421,0.1599174954837139,1.2195950280416217,0.2618886853594397,0.4243412004302992,0.3198595327976588
semisynthetic_predicted_phi5,6,750,5,autoencoder,econml_dml,predicted,none,0.08920818567276,-0.0507893119548479,-0.0492745636694886,True,5,0.084039055,0.13112344,-0.0507893119548479,0.0314273708246041,0.1893141313547597,1.4437855760553542,0.0630793448293932,0.188809767320537,0.1597911443625268
semisynthetic_predicted_phi5,6,750,5,pls,econml_dml,predicted,none,0.08920818567276,-0.0267507371134005,-0.0283381752605466,True,5,0.084039055,0.13112344,-0.0267507371134005,0.0660719427535946,0.1756506003355076,1.339582002542853,0.1719901759155847,0.3132922565868568,0.2767252076255826
semisynthetic_predicted_phi5,6,750,5,pca,econml_dml,predicted,none,0.08920818567276,-0.0465555007215497,-0.0476257505313174,True,5,0.084039055,0.13112344,-0.0465555007215497,0.0465381547478512,0.184054327128637,1.403672197195536,0.2079643244825094,0.4046867783403627,0.2524801414256431
semisynthetic_predicted_phi5,6,750,5,ica,econml_dml,predicted,none,0.08920818567276,-0.046251991906192,-0.0473280311383104,True,5,0.084039055,0.13112344,-0.046251991906192,0.0322040568807694,0.1806653611988798,1.3778265823324936,0.3038620467135668,0.5109236244214027,0.3285588908065524
semisynthetic_predicted_phi5,6,750,5,raw_x,econml_dml,predicted,none,0.08920818567276,0.0185224115258314,0.0153575416427639,True,271,0.084039055,0.13112344,0.0185224115258314,0.1775886704572867,0.2300616172153517,1.75454226349882,0.0020435806673616,0.0455348164761103,0.1161066205703573
semisynthetic_predicted_phi5,6,750,5,raw_x_s,econml_dml,predicted,none,0.08920818567276,0.004275627122657,0.0020920319736086,True,271,0.084039055,0.13112344,0.004275627122657,0.336196630731609,0.3522658028682043,2.6865204487329217,0.1416925496707924,0.1176902961443411,0.2957765972423782
semisynthetic_predicted_phi5,6,1000,5,encoder_pred,econml_dml,predicted,none,0.103342056274414,0.0322032234396331,0.0360002760598691,True,5,0.084039055,0.13112344,0.0322032234396331,0.0773397299080214,0.1269714960404339,0.968335608343054,0.4802254466774622,0.6600522883639198,0.5853830142110962
semisynthetic_predicted_phi5,6,1000,5,mi_mine_cond,econml_dml,predicted,none,0.103342056274414,0.0168552414275659,0.0175397069783589,True,5,0.084039055,0.13112344,0.0168552414275659,0.0805696288001342,0.1415376584127547,1.07942301096398,0.3864605439905536,0.572417291245122,0.4119229964558134
semisynthetic_predicted_phi5,6,1000,5,mi_infonce_cond,econml_dml,predicted,none,0.103342056274414,0.0262226260959047,0.0264670456379686,True,5,0.084039055,0.13112344,0.0262226260959047,0.0702163802402536,0.1347840092225323,1.0279169706235003,0.396420938152605,0.6374462795326815,0.4189946807542714
semisynthetic_predicted_phi5,6,1000,5,autoencoder,econml_dml,predicted,none,0.103342056274414,-0.0057083267762867,-0.0053675731108322,True,5,0.084039055,0.13112344,-0.0057083267762867,0.0542814353703112,0.1566482085559561,1.1946621332994023,0.2568124704608758,0.4527034591855915,0.3111738476500758
semisynthetic_predicted_phi5,6,1000,5,pls,econml_dml,predicted,none,0.103342056274414,0.0215891536916008,0.022170633618244,True,5,0.084039055,0.13112344,0.0215891536916008,0.0789292101615599,0.1441659974820822,1.0994677799948065,0.3159258959483212,0.4722545325096003,0.3458777144190342
semisynthetic_predicted_phi5,6,1000,5,pca,econml_dml,predicted,none,0.103342056274414,-0.0197050077233184,-0.0175863209973044,True,5,0.084039055,0.13112344,-0.0197050077233184,0.0765006953590597,0.1652489798483099,1.2602550684172864,0.3240601468823525,0.5289558104060459,0.3398046181630624
semisynthetic_predicted_phi5,6,1000,5,ica,econml_dml,predicted,none,0.103342056274414,-0.0141179475775098,-0.0132138784916363,True,5,0.084039055,0.13112344,-0.0141179475775098,0.0524353607909845,0.1590436045787112,1.212930385129548,0.3114499486089674,0.4908586079049802,0.3173322652415792
semisynthetic_predicted_phi5,6,1000,5,raw_x,econml_dml,predicted,none,0.103342056274414,-0.0145192644627902,-0.0091887613359594,True,288,0.084039055,0.13112344,-0.0145192644627902,0.1693238489624785,0.2376791589632555,1.812636695340326,-0.0205771109106525,-0.036274450199719,0.1439415501264689
semisynthetic_predicted_phi5,6,1000,5,raw_x_s,econml_dml,predicted,none,0.103342056274414,0.0094182868649392,0.0013581633584531,True,288,0.084039055,0.13112344,0.0094182868649392,0.263123297651929,0.2798219812094192,2.134034778293028,0.1984709488327738,0.1557768733732587,0.3158771108694455
semisynthetic_predicted_phi5,7,100,5,encoder_pred,econml_dml,predicted,none,0.0606060624122619,0.0266085165551552,0.0072198214151316,True,5,0.084905155,0.1316549,0.0266085165551552,0.128725497217354,0.1450742535773878,1.1019282501250456,0.4795803453073317,0.6421922994275253,0.5840930104552753
semisynthetic_predicted_phi5,7,100,5,mi_mine_cond,econml_dml,predicted,none,0.0606060624122619,0.036081113529935,0.0190043507940542,True,5,0.084905155,0.1316549,0.036081113529935,0.1361091314851816,0.1643229869866529,1.2481342280967362,0.3136385470242451,0.5762540956445693,0.2860553902779693
semisynthetic_predicted_phi5,7,100,5,mi_infonce_cond,econml_dml,predicted,none,0.0606060624122619,0.0306362556304278,0.0052876991963854,True,5,0.084905155,0.1316549,0.0306362556304278,0.1488506241746473,0.1804413280632378,1.370562949523625,0.2519672399274647,0.3644862865490899,0.3922746023980449
semisynthetic_predicted_phi5,7,100,5,autoencoder,econml_dml,predicted,none,0.0606060624122619,-0.0046970869390452,0.0325209166783415,True,5,0.084905155,0.1316549,-0.0046970869390452,0.1482544603444519,0.2063436148590759,1.5673067607743882,0.122019862986332,0.2164986288140558,0.2447299497187575
semisynthetic_predicted_phi5,7,100,5,pls,econml_dml,predicted,none,0.0606060624122619,0.0300231124910886,0.022376999029484,True,5,0.084905155,0.1316549,0.0300231124910886,0.1682409999052422,0.1779549884325979,1.3516776696697042,0.3833475624768908,0.6108079767788827,0.4870012160674397
semisynthetic_predicted_phi5,7,100,5,pca,econml_dml,predicted,none,0.0606060624122619,0.0039686281880023,0.0047105164515644,True,5,0.084905155,0.1316549,0.0039686281880023,0.1702730784839521,0.2022088575437358,1.5359007339927029,0.2673881455061825,0.4486073672449701,0.3036294251745446
semisynthetic_predicted_phi5,7,100,5,ica,econml_dml,predicted,none,0.0606060624122619,0.0214562809239095,0.0203340856892341,True,5,0.084905155,0.1316549,0.0214562809239095,0.1771212665510939,0.1997138238190926,1.5169494171435522,0.2754227874823824,0.4095701871225821,0.3300047011147934
semisynthetic_predicted_phi5,7,100,5,raw_x,econml_dml,predicted,none,0.0606060624122619,0.0682443083537664,0.0359405311708373,True,207,0.084905155,0.1316549,0.0682443083537664,0.5256569329996258,0.5284158269664595,4.0136434494003606,0.1062239340004167,0.0914749258224333,0.1850978425137536
semisynthetic_predicted_phi5,7,100,5,raw_x_s,econml_dml,predicted,none,0.0606060624122619,0.1121182855490859,0.0655803347767328,True,207,0.084905155,0.1316549,0.1121182855490859,0.575517078347275,0.564120651634888,4.284843569323193,0.2049723568874387,0.1574318052467541,0.2707725201069841
semisynthetic_predicted_phi5,7,250,5,encoder_pred,econml_dml,predicted,none,0.0160000324249267,-0.0009308239478199,-0.0012695088112295,True,5,0.084905155,0.1316549,-0.0009308239478199,0.0896087428388748,0.155011430303345,1.1774072237595794,0.3688095909820279,0.3985354445587243,0.4187001772353254
semisynthetic_predicted_phi5,7,250,5,mi_mine_cond,econml_dml,predicted,none,0.0160000324249267,-0.0439775651565801,-0.0385804271783499,True,5,0.084905155,0.1316549,-0.0439775651565801,0.0510978490623219,0.1817423317821926,1.3804448735458588,0.2619544181788565,0.4476338530594653,0.2770387633613107
semisynthetic_predicted_phi5,7,250,5,mi_infonce_cond,econml_dml,predicted,none,0.0160000324249267,-0.0446486118100339,-0.0432506335864371,True,5,0.084905155,0.1316549,-0.0446486118100339,0.0233876741091401,0.1885106272477135,1.4318542435390822,-0.1416132007451059,-0.3625373627629816,-0.1143682829945191
semisynthetic_predicted_phi5,7,250,5,autoencoder,econml_dml,predicted,none,0.0160000324249267,-0.046816188062148,-0.0473660422251231,True,5,0.084905155,0.1316549,-0.046816188062148,0.1114689773532747,0.2139185287009305,1.624842893815046,0.0459175461350523,-0.0299115203186606,0.0926978026610381
semisynthetic_predicted_phi5,7,250,5,pls,econml_dml,predicted,none,0.0160000324249267,-0.0292504467339641,-0.0254689782437326,True,5,0.084905155,0.1316549,-0.0292504467339641,0.0592773421734227,0.1860207699628527,1.412942244936214,-0.0464759171470881,-0.1270507397752262,0.0164136959699491
semisynthetic_predicted_phi5,7,250,5,pca,econml_dml,predicted,none,0.0160000324249267,-0.0865986253140715,-0.0895352177700329,True,5,0.084905155,0.1316549,-0.0865986253140715,0.0632240479507754,0.2208616138186876,1.6775798988012425,0.1179747716813069,0.0695161616126899,0.2065404288710472
semisynthetic_predicted_phi5,7,250,5,ica,econml_dml,predicted,none,0.0160000324249267,-0.045650548117308,-0.0478031022251009,True,5,0.084905155,0.1316549,-0.045650548117308,0.0621157130476878,0.1914544189298715,1.454214153289179,0.0966863616842304,0.0122659790541361,0.1805094505465075
semisynthetic_predicted_phi5,7,250,5,raw_x,econml_dml,predicted,none,0.0160000324249267,-0.0086080808749073,-0.0058290065670634,True,253,0.084905155,0.1316549,-0.0086080808749073,0.3260671272349575,0.3610409596732458,2.742328311921894,0.0238412942996644,0.0408033809604152,0.1357780085161029
semisynthetic_predicted_phi5,7,250,5,raw_x_s,econml_dml,predicted,none,0.0160000324249267,-0.0397553809524367,-0.0240979195500338,True,253,0.084905155,0.1316549,-0.0397553809524367,0.4908690815469005,0.5124288255081948,3.892212333215056,0.0869815083054072,0.0647419244889606,0.2067522838280818
semisynthetic_predicted_phi5,7,500,5,encoder_pred,econml_dml,predicted,none,0.1441967487335205,0.0355096953256308,0.0365262749037441,True,5,0.084905155,0.1316549,0.0355096953256308,0.0840692565176406,0.1321065149587358,1.0034302935837238,0.4241200568813939,0.5273441837907312,0.5624149186661839
semisynthetic_predicted_phi5,7,500,5,mi_mine_cond,econml_dml,predicted,none,0.1441967487335205,0.0047242540842215,0.0022865378257278,True,5,0.084905155,0.1316549,0.0047242540842215,0.0653089995509417,0.146429901751594,1.1122252324189534,0.3829580228146738,0.6251814643882408,0.464521273252289
semisynthetic_predicted_phi5,7,500,5,mi_infonce_cond,econml_dml,predicted,none,0.1441967487335205,0.0376888953379476,0.0411259763106264,True,5,0.084905155,0.1316549,0.0376888953379476,0.0733041951498976,0.128674934076329,0.9773653246201168,0.4340885692923926,0.5805814355177608,0.5285633612374515
semisynthetic_predicted_phi5,7,500,5,autoencoder,econml_dml,predicted,none,0.1441967487335205,0.0367173355252896,0.0372359001458942,True,5,0.084905155,0.1316549,0.0367173355252896,0.0713760619206922,0.1465173268480698,1.1128892798374377,0.1746456006949667,0.3452727603557843,0.2037378809221247
semisynthetic_predicted_phi5,7,500,5,pls,econml_dml,predicted,none,0.1441967487335205,-0.0051427613103374,-0.0045638347226405,True,5,0.084905155,0.1316549,-0.0051427613103374,0.0629480856691723,0.1627771381068902,1.2363925543742789,0.1754286535215493,0.2710026811892974,0.3450230190737082
semisynthetic_predicted_phi5,7,500,5,pca,econml_dml,predicted,none,0.1441967487335205,0.0062473784347322,0.0063722767718333,True,5,0.084905155,0.1316549,0.0062473784347322,0.0455295983902294,0.1507970706470302,1.145396568202401,0.2380006793663374,0.4030753348874221,0.3154615245249261
semisynthetic_predicted_phi5,7,500,5,ica,econml_dml,predicted,none,0.1441967487335205,0.0259905836362189,0.0241332913006851,True,5,0.084905155,0.1316549,0.0259905836362189,0.0682288774428176,0.142798350165197,1.0846413628751912,0.2820848998220819,0.4603958716299064,0.3063285106240098
semisynthetic_predicted_phi5,7,500,5,raw_x,econml_dml,predicted,none,0.1441967487335205,-0.0084940571760116,-0.0022806379136154,True,261,0.084905155,0.1316549,-0.0084940571760116,0.232843019236287,0.2852485001684179,2.1666379312005706,-0.0178504975541451,-0.0501503483433059,0.11934036227664
semisynthetic_predicted_phi5,7,500,5,raw_x_s,econml_dml,predicted,none,0.1441967487335205,0.0707389219634533,0.0509812670989735,True,261,0.084905155,0.1316549,0.0707389219634533,0.3304264006440334,0.3431828758454546,2.6066851734759178,0.1027626439868414,0.0756172452786388,0.2441594736190446
semisynthetic_predicted_phi5,7,750,5,encoder_pred,econml_dml,predicted,none,0.1171496510505676,0.013739945589429,0.0159747649085312,True,5,0.084905155,0.1316549,0.013739945589429,0.066441574142831,0.1381834874301018,1.0495886399222654,0.4411220195331668,0.6531269579879602,0.5379974356889462
semisynthetic_predicted_phi5,7,750,5,mi_mine_cond,econml_dml,predicted,none,0.1171496510505676,0.003638812813416,0.0069845901432908,True,5,0.084905155,0.1316549,0.003638812813416,0.0591344653668803,0.1448450596963441,1.1001873815281022,0.4144983905841407,0.620800435875613,0.3992505597584374
semisynthetic_predicted_phi5,7,750,5,mi_infonce_cond,econml_dml,predicted,none,0.1171496510505676,-0.0036496826070347,-0.000711644604106,True,5,0.084905155,0.1316549,-0.0036496826070347,0.0540147794664132,0.1540439030224974,1.1700582585418202,0.3067678671930565,0.4993186507070538,0.4160837685159483
semisynthetic_predicted_phi5,7,750,5,autoencoder,econml_dml,predicted,none,0.1171496510505676,-0.0027361135866542,-0.0016599316579963,True,5,0.084905155,0.1316549,-0.0027361135866542,0.0364501558500152,0.1542783174218329,1.1718387801884544,0.2647324243710052,0.5002775315682073,0.2854184929857521
semisynthetic_predicted_phi5,7,750,5,pls,econml_dml,predicted,none,0.1171496510505676,-0.0086887225752499,-0.0048439229935068,True,5,0.084905155,0.1316549,-0.0086887225752499,0.0706726793360094,0.162758862013258,1.2362537361940804,0.2470338534234164,0.3833309181183167,0.3904885585165543
semisynthetic_predicted_phi5,7,750,5,pca,econml_dml,predicted,none,0.1171496510505676,0.0118008022483922,0.011039174428879,True,5,0.084905155,0.1316549,0.0118008022483922,0.05206673862759,0.1473559972913683,1.1192594980617383,0.2680159153916567,0.4518250638740906,0.3389609027339582
semisynthetic_predicted_phi5,7,750,5,ica,econml_dml,predicted,none,0.1171496510505676,0.0149682884459628,0.0158051169793717,True,5,0.084905155,0.1316549,0.0149682884459628,0.04677853659177,0.1470958708754033,1.117283677822879,0.2253111349889899,0.3014984893640474,0.3175374366196423
semisynthetic_predicted_phi5,7,750,5,raw_x,econml_dml,predicted,none,0.1171496510505676,0.0056898042236686,0.010344250644356,True,274,0.084905155,0.1316549,0.0056898042236686,0.1707098889124947,0.2357408815446359,1.790597095471843,-0.0628218027781893,-0.0233563718847491,0.0504894332510152
semisynthetic_predicted_phi5,7,750,5,raw_x_s,econml_dml,predicted,none,0.1171496510505676,0.0189210817471555,0.0354161203511425,True,274,0.084905155,0.1316549,0.0189210817471555,0.2960405557906028,0.3156028832594684,2.397198154109482,0.124717037173517,0.1304262713169958,0.2453457281363269
semisynthetic_predicted_phi5,7,1000,5,encoder_pred,econml_dml,predicted,none,0.1252967119216919,0.0197337102134264,0.0183660371711814,True,5,0.084905155,0.1316549,0.0197337102134264,0.0693076500160007,0.1333047034198508,1.0125312724391635,0.4720014319100531,0.6221779713861084,0.5806287821814259
semisynthetic_predicted_phi5,7,1000,5,mi_mine_cond,econml_dml,predicted,none,0.1252967119216919,0.0048294158047463,0.0048364842837306,True,5,0.084905155,0.1316549,0.0048294158047463,0.0686038149215117,0.1450964001885923,1.1020964672685354,0.4095787368333022,0.5888657709793164,0.3813442190361739
semisynthetic_predicted_phi5,7,1000,5,mi_infonce_cond,econml_dml,predicted,none,0.1252967119216919,0.0162689695118829,0.0153547745065969,True,5,0.084905155,0.1316549,0.0162689695118829,0.0585101670138334,0.1386581840043809,1.0531942525829343,0.4051125118452063,0.6546429011285004,0.4653377809105959
semisynthetic_predicted_phi5,7,1000,5,autoencoder,econml_dml,predicted,none,0.1252967119216919,0.0121822456063984,0.0125047065424066,True,5,0.084905155,0.1316549,0.0121822456063984,0.0607227306757885,0.1504833394675074,1.1430135867902176,0.229137072381954,0.4694940846496275,0.2706126961944287
semisynthetic_predicted_phi5,7,1000,5,pls,econml_dml,predicted,none,0.1252967119216919,0.0086144467771388,0.0085605962339513,True,5,0.084905155,0.1316549,0.0086144467771388,0.0619210240246037,0.1459311194691749,1.108436673980041,0.3490837331387881,0.5237894963798568,0.4214302414756777
semisynthetic_predicted_phi5,7,1000,5,pca,econml_dml,predicted,none,0.1252967119216919,-0.0023583476296389,-0.0020044000154403,True,5,0.084905155,0.1316549,-0.0023583476296389,0.0588671114650698,0.1553580686133772,1.180040155082547,0.2759392451115772,0.5251084454569173,0.335320528388914
semisynthetic_predicted_phi5,7,1000,5,ica,econml_dml,predicted,none,0.1252967119216919,-0.0067043651774362,-0.0065683981942088,True,5,0.084905155,0.1316549,-0.0067043651774362,0.0640495235139529,0.1569937241875393,1.1924639659256078,0.3071846072603461,0.4983166237541733,0.3474204443830938
semisynthetic_predicted_phi5,7,1000,5,raw_x,econml_dml,predicted,none,0.1252967119216919,0.0054387508755123,0.0075241784087741,True,291,0.084905155,0.1316549,0.0054387508755123,0.1665102925105761,0.2291631430584566,1.740635123025855,-0.0260503940677391,-0.0185899145633235,0.1383724322871085
semisynthetic_predicted_phi5,7,1000,5,raw_x_s,econml_dml,predicted,none,0.1252967119216919,-0.0031378440710521,-0.0007639648416998,True,291,0.084905155,0.1316549,-0.0031378440710521,0.2680436100088536,0.2955502234115428,2.2448858600138912,0.1357640399833113,0.1642681902190322,0.2757470477129008
semisynthetic_predicted_phi5,8,100,5,encoder_pred,econml_dml,predicted,none,0.0974234938621521,-0.1044512184445659,-0.0740520393695562,True,5,0.08472609,0.13180314,-0.1044512184445659,0.1781235994519691,0.2874517338106525,2.1809171906727904,0.0481239949389851,0.2289699758299745,0.3336074413485609
semisynthetic_predicted_phi5,8,100,5,mi_mine_cond,econml_dml,predicted,none,0.0974234938621521,-0.0931881766917104,-0.0886131841334987,True,5,0.08472609,0.13180314,-0.0931881766917104,0.0620754240836593,0.2252133747064413,1.7087102379081505,0.1318697720639043,0.3405648173125245,0.1988075305144682
semisynthetic_predicted_phi5,8,100,5,mi_infonce_cond,econml_dml,predicted,none,0.0974234938621521,-0.0844428745958807,-0.0869834515281197,True,5,0.08472609,0.13180314,-0.0844428745958807,0.0568074220600293,0.2152029052657631,1.6327600789007233,0.1939925472146643,0.1890925805889849,0.3219922304257971
semisynthetic_predicted_phi5,8,100,5,autoencoder,econml_dml,predicted,none,0.0974234938621521,-0.031314984595586,-0.0462979967040005,True,5,0.08472609,0.13180314,-0.031314984595586,0.1717627405914575,0.2572189342927877,1.951538744014655,-0.1285740786718452,-0.1333051146888641,-0.0354938222922671
semisynthetic_predicted_phi5,8,100,5,pls,econml_dml,predicted,none,0.0974234938621521,-0.0464868004928642,-0.0379242375542804,True,5,0.08472609,0.13180314,-0.0464868004928642,0.1156482307598718,0.226997473686621,1.7222463265034582,-0.1169224323754891,-0.2438965680374641,0.0112901531742906
semisynthetic_predicted_phi5,8,100,5,pca,econml_dml,predicted,none,0.0974234938621521,-0.021798055619701,-0.0199494690481228,True,5,0.08472609,0.13180314,-0.021798055619701,0.1299974648424178,0.2265928975286096,1.7191767777961102,-0.167080522587624,-0.1739437068026506,-0.0451786437889413
semisynthetic_predicted_phi5,8,100,5,ica,econml_dml,predicted,none,0.0974234938621521,-0.0802839478150656,-0.0683922370517063,True,5,0.08472609,0.13180314,-0.0802839478150656,0.1550001049278611,0.2763172851229119,2.096439319449536,-0.1890851522623354,-0.1626336281668456,-0.0673596096039505
semisynthetic_predicted_phi5,8,100,5,raw_x,econml_dml,predicted,none,0.0974234938621521,0.0357231938397709,-0.0427726370150317,True,215,0.08472609,0.13180314,0.0357231938397709,0.599745117267427,0.6141692679420434,4.65974686143322,0.0143182562983908,0.0238427715607367,0.0891950625092791
semisynthetic_predicted_phi5,8,100,5,raw_x_s,econml_dml,predicted,none,0.0974234938621521,0.0321323227333019,-0.0232695278476973,True,215,0.08472609,0.13180314,0.0321323227333019,0.5878345133530477,0.59846788825279,4.5406193528681476,0.048553985918706,0.0251394533283738,0.1586152639534334
semisynthetic_predicted_phi5,8,250,5,encoder_pred,econml_dml,predicted,none,0.0808373689651489,-0.0221608125287988,-0.0221262815481639,True,5,0.08472609,0.13180314,-0.0221608125287988,0.0436766953646595,0.1691850051045867,1.283618926715909,0.1807420224448472,0.2006611233169723,0.2384067966390709
semisynthetic_predicted_phi5,8,250,5,mi_mine_cond,econml_dml,predicted,none,0.0808373689651489,-0.008297894108762,-0.0079070098709372,True,5,0.08472609,0.13180314,-0.008297894108762,0.0685268640070776,0.1585995830943827,1.2033065607874194,0.3082150894476287,0.5104029960037534,0.3075903358528269
semisynthetic_predicted_phi5,8,250,5,mi_infonce_cond,econml_dml,predicted,none,0.0808373689651489,-0.0272484754941326,-0.0295816784893058,True,5,0.08472609,0.13180314,-0.0272484754941326,0.0489541203407444,0.1724216833583809,1.308175839804582,0.1997455484329839,0.4312514330588863,0.1670526526807601
semisynthetic_predicted_phi5,8,250,5,autoencoder,econml_dml,predicted,none,0.0808373689651489,-0.0051146105359989,-0.0094159690384307,True,5,0.08472609,0.13180314,-0.0051146105359989,0.0398982297632405,0.1680484130565241,1.274995520262447,-0.1145700917233244,-0.1913115963179996,-0.0079956103755351
semisynthetic_predicted_phi5,8,250,5,pls,econml_dml,predicted,none,0.0808373689651489,0.0209689860838406,0.0176780686159487,True,5,0.08472609,0.13180314,0.0209689860838406,0.0631946153403678,0.1607347721108324,1.2195063949981195,-0.0243162714978506,0.1040759935637844,0.0867846741298562
semisynthetic_predicted_phi5,8,250,5,pca,econml_dml,predicted,none,0.0808373689651489,0.0387305698451237,0.0311926816608822,True,5,0.08472609,0.13180314,0.0387305698451237,0.064773607843525,0.1554544304808433,1.179444059381615,-0.0282760004062913,-0.1159644045176025,0.0377751372762139
semisynthetic_predicted_phi5,8,250,5,ica,econml_dml,predicted,none,0.0808373689651489,-0.0018204974539568,-0.0040763944137855,True,5,0.08472609,0.13180314,-0.0018204974539568,0.0418568428134653,0.1672111076188575,1.2686428230682327,-0.1219153592129572,-0.2654001567859023,-0.0570028891919012
semisynthetic_predicted_phi5,8,250,5,raw_x,econml_dml,predicted,none,0.0808373689651489,-0.0009123596820408,-0.0043360722983154,True,239,0.08472609,0.13180314,-0.0009123596820408,0.3598461059770683,0.405747939999969,3.07843910243693,-0.1100191240802661,-0.0857191786225664,0.0508779962867905
semisynthetic_predicted_phi5,8,250,5,raw_x_s,econml_dml,predicted,none,0.0808373689651489,0.0718777226368329,0.0273459918748976,True,239,0.08472609,0.13180314,0.0718777226368329,0.4899986040969217,0.4975754554972434,3.775141134704707,0.0778408464507642,0.1213410688744145,0.166223753761832
semisynthetic_predicted_phi5,8,500,5,encoder_pred,econml_dml,predicted,none,0.1033257842063903,0.032350081896818,0.030258531642622,True,5,0.08472609,0.13180314,0.032350081896818,0.1293163025521584,0.1543487532259356,1.1710552057100885,0.3817841152727087,0.5453308353768951,0.6003086736956489
semisynthetic_predicted_phi5,8,500,5,mi_mine_cond,econml_dml,predicted,none,0.1033257842063903,0.0275069513723858,0.0265563806381574,True,5,0.08472609,0.13180314,0.0275069513723858,0.102382642038754,0.1405283590973854,1.0661988712665371,0.4216609020561068,0.6329941863241871,0.5631509435823078
semisynthetic_predicted_phi5,8,500,5,mi_infonce_cond,econml_dml,predicted,none,0.1033257842063903,-0.0201597589079715,-0.0210306101831048,True,5,0.08472609,0.13180314,-0.0201597589079715,0.0656103240165649,0.1637000786390824,1.2420043910872114,0.3399830849076836,0.6202567770197686,0.3666803820293572
semisynthetic_predicted_phi5,8,500,5,autoencoder,econml_dml,predicted,none,0.1033257842063903,0.0476128753598492,0.0452953822351421,True,5,0.08472609,0.13180314,0.0476128753598492,0.0686200968787785,0.1361424954310955,1.0329230049534144,0.2721809474149353,0.5045054695321998,0.298192783186681
semisynthetic_predicted_phi5,8,500,5,pls,econml_dml,predicted,none,0.1033257842063903,0.0626951547929103,0.0593250687356567,True,5,0.08472609,0.13180314,0.0626951547929103,0.0970787885302917,0.1331449056891969,1.0101800737766715,0.3733465665562858,0.6576453436448477,0.5050058195929829
semisynthetic_predicted_phi5,8,500,5,pca,econml_dml,predicted,none,0.1033257842063903,0.0637176210785384,0.0592434394650104,True,5,0.08472609,0.13180314,0.0637176210785384,0.1000847404335904,0.1449268161018228,1.0995702841512185,0.2587501375853375,0.4703864197893704,0.2613884359070564
semisynthetic_predicted_phi5,8,500,5,ica,econml_dml,predicted,none,0.1033257842063903,0.052372986999034,0.048626449758555,True,5,0.08472609,0.13180314,0.052372986999034,0.0909271481843791,0.1444512988907145,1.095962500519445,0.2428289378758548,0.4480995721625426,0.2064792785730293
semisynthetic_predicted_phi5,8,500,5,raw_x,econml_dml,predicted,none,0.1033257842063903,0.0202931532875772,0.0154590175663324,True,252,0.08472609,0.13180314,0.0202931532875772,0.2502825014377157,0.2820044003971539,2.139587876261172,0.0703061159548768,0.0610238233243915,0.1654193279822056
semisynthetic_predicted_phi5,8,500,5,raw_x_s,econml_dml,predicted,none,0.1033257842063903,0.0755388598346476,0.0542577262011303,True,252,0.08472609,0.13180314,0.0755388598346476,0.4268320240341106,0.4316700250866643,3.275111845489146,0.1182328366747024,0.1297370932221788,0.2259515958495813
semisynthetic_predicted_phi5,8,750,5,encoder_pred,econml_dml,predicted,none,0.1051246523857116,-0.0231904497287459,-0.0236126835058162,True,5,0.08472609,0.13180314,-0.0231904497287459,0.0338784071212848,0.1630035028509655,1.2367194199695513,0.4026232078952421,0.5622789907321281,0.4589138329322716
semisynthetic_predicted_phi5,8,750,5,mi_mine_cond,econml_dml,predicted,none,0.1051246523857116,-0.028779554932171,-0.0291477150711487,True,5,0.08472609,0.13180314,-0.028779554932171,0.0009936249132628,0.1737397896470728,1.3181764079905294,0.2713406487693476,0.5164236370724328,0.3489037843343284
semisynthetic_predicted_phi5,8,750,5,mi_infonce_cond,econml_dml,predicted,none,0.1051246523857116,-0.0338051630106002,-0.0359352330199404,True,5,0.08472609,0.13180314,-0.0338051630106002,0.0007213396448598,0.1772974150681983,1.3451683705577753,-0.0637824697931596,-0.1709476295651133,0.0597918308793836
semisynthetic_predicted_phi5,8,750,5,autoencoder,econml_dml,predicted,none,0.1051246523857116,0.0136232524481605,0.0116286811200923,True,5,0.08472609,0.13180314,0.0136232524481605,0.0033600340283698,0.1493747160610016,1.133316824326049,0.1424418328050112,0.5096103334384989,0.3076119200326724
semisynthetic_predicted_phi5,8,750,5,pls,econml_dml,predicted,none,0.1051246523857116,-0.008387697622342,-0.0089935162416217,True,5,0.08472609,0.13180314,-0.008387697622342,0.0265404550096043,0.1658746015088937,1.2585026541013646,-0.1097367139885774,-0.3023290907727129,-0.046454634088546
semisynthetic_predicted_phi5,8,750,5,pca,econml_dml,predicted,none,0.1051246523857116,0.0249427256366796,0.0260383941119778,True,5,0.08472609,0.13180314,0.0249427256366796,0.0174779462055279,0.1461137011562722,1.1085752672984286,-0.0211875953724622,0.0011801706338072,0.0286405131270166
semisynthetic_predicted_phi5,8,750,5,ica,econml_dml,predicted,none,0.1051246523857116,-0.0154853476061987,-0.0152218944062033,True,5,0.08472609,0.13180314,-0.0154853476061987,0.0176409528788575,0.167294871381018,1.269278344818022,-0.0563347707476913,-0.1577252484527705,0.0175856939259029
semisynthetic_predicted_phi5,8,750,5,raw_x,econml_dml,predicted,none,0.1051246523857116,-0.0032227923529534,0.0041532185301523,True,276,0.08472609,0.13180314,-0.0032227923529534,0.1713604656938267,0.2327270646905373,1.765717149762421,0.0068537456748147,0.0586633875706946,0.1434295980006275
semisynthetic_predicted_phi5,8,750,5,raw_x_s,econml_dml,predicted,none,0.1051246523857116,0.0017166614210252,0.0064965113081174,True,276,0.08472609,0.13180314,0.0017166614210252,0.2668896550432005,0.2944742304280726,2.234197382763966,0.1247643946787681,0.151543378595507,0.2630077142854961
semisynthetic_predicted_phi5,8,1000,5,encoder_pred,econml_dml,predicted,none,0.0826443433761596,-0.015340031066244,-0.0206294936620928,True,5,0.08472609,0.13180314,-0.015340031066244,0.0579195211322233,0.1543194637163842,1.1708329840729457,0.4535952636095076,0.6195873748088085,0.6237544724496041
semisynthetic_predicted_phi5,8,1000,5,mi_mine_cond,econml_dml,predicted,none,0.0826443433761596,-0.0303632673315946,-0.0329931172952881,True,5,0.08472609,0.13180314,-0.0303632673315946,0.0455780530154618,0.1675425428234018,1.271157446047202,0.3849032688070049,0.4748959904576222,0.5068206838472532
semisynthetic_predicted_phi5,8,1000,5,mi_infonce_cond,econml_dml,predicted,none,0.0826443433761596,-0.0282776487564349,-0.0296399767196856,True,5,0.08472609,0.13180314,-0.0282776487564349,0.0428440042590595,0.1710186170753075,1.2975306739680674,0.2417359231071774,0.4965645230679404,0.2108314461842142
semisynthetic_predicted_phi5,8,1000,5,autoencoder,econml_dml,predicted,none,0.0826443433761596,-0.0005691506079991,-0.0025514067928709,True,5,0.08472609,0.13180314,-0.0005691506079991,0.0360180696050826,0.1567580360179848,1.189334609311924,0.1444574660280277,0.304393069337368,0.1719834091375263
semisynthetic_predicted_phi5,8,1000,5,pls,econml_dml,predicted,none,0.0826443433761596,0.0087424072594735,0.008009193148099,True,5,0.08472609,0.13180314,0.0087424072594735,0.017434003073686,0.147868373765758,1.1218880958811608,0.3447724894838975,0.5718171121435213,0.3508635614514385
semisynthetic_predicted_phi5,8,1000,5,pca,econml_dml,predicted,none,0.0826443433761596,0.015950838814492,0.0126553748701732,True,5,0.08472609,0.13180314,0.015950838814492,0.0377497190471138,0.1485337473973482,1.1269363339701026,0.147207300819303,0.1230390994813325,0.2348147906356139
semisynthetic_predicted_phi5,8,1000,5,ica,econml_dml,predicted,none,0.0826443433761596,-0.0218414703877544,-0.0242756695359675,True,5,0.08472609,0.13180314,-0.0218414703877544,0.0280023367814047,0.1697063384571568,1.287574320741955,0.0965376094885053,0.0763355164156831,0.1493023212722818
semisynthetic_predicted_phi5,8,1000,5,raw_x,econml_dml,predicted,none,0.0826443433761596,0.0007128945848482,-0.005189154173635,True,274,0.08472609,0.13180314,0.0007128945848482,0.157307066835827,0.2224209861161417,1.6875241827785117,-0.0071212555825599,-0.0057068710334504,0.1106900498823678
semisynthetic_predicted_phi5,8,1000,5,raw_x_s,econml_dml,predicted,none,0.0826443433761596,0.0092688534523244,0.0065200033372488,True,274,0.08472609,0.13180314,0.0092688534523244,0.2582135314395146,0.2843493775333518,2.157379388179612,0.1305413622414924,0.1109516567637793,0.2859712228424113
semisynthetic_predicted_phi5,9,100,5,encoder_pred,econml_dml,predicted,none,0.1484593749046325,0.029198209461987,0.0174849411435266,True,5,0.08396351,0.13230343,0.029198209461987,0.1158011260537149,0.1721814956943488,1.3014136949763797,0.1392501235402906,0.0357243427876357,0.4117180853571512
semisynthetic_predicted_phi5,9,100,5,mi_mine_cond,econml_dml,predicted,none,0.1484593749046325,0.0442440331072843,0.0444180984489632,True,5,0.08396351,0.13230343,0.0442440331072843,0.0716778973840977,0.136494258952283,1.0316758904306793,0.2946713916830314,0.4861797485712379,0.5135816836350935
semisynthetic_predicted_phi5,9,100,5,mi_infonce_cond,econml_dml,predicted,none,0.1484593749046325,0.0186889726603876,0.012480602849481,True,5,0.08396351,0.13230343,0.0186889726603876,0.1194475153135882,0.1590719547033951,1.2023267628314336,0.3394473078130177,0.4708985206726956,0.4515941785188502
semisynthetic_predicted_phi5,9,100,5,autoencoder,econml_dml,predicted,none,0.1484593749046325,0.062449890968427,0.0614646178756017,True,5,0.08396351,0.13230343,0.062449890968427,0.0568187940147602,0.1519611296824656,1.1485804236705404,-0.1261602517045073,-0.3025327253430714,-0.0577885695091192
semisynthetic_predicted_phi5,9,100,5,pls,econml_dml,predicted,none,0.1484593749046325,0.0264460767267821,0.0115323971637056,True,5,0.08396351,0.13230343,0.0264460767267821,0.1916818447792471,0.2398281959483408,1.812713366148866,0.0007259516722114,-0.069440466290338,0.1513496904003206
semisynthetic_predicted_phi5,9,100,5,pca,econml_dml,predicted,none,0.1484593749046325,0.0278222839453883,0.0019107458202198,True,5,0.08396351,0.13230343,0.0278222839453883,0.2368193164156318,0.2796394989244324,2.1136224429285955,-0.0232800924579692,-0.1832211970031528,0.1214132724455749
semisynthetic_predicted_phi5,9,100,5,ica,econml_dml,predicted,none,0.1484593749046325,0.0999379671120605,0.0809779965316655,True,5,0.08396351,0.13230343,0.0999379671120605,0.2114096622402584,0.2448777962570658,1.8508801794259289,0.0444811007786544,-0.0531804179670723,0.2244242083484231
semisynthetic_predicted_phi5,9,100,5,raw_x,econml_dml,predicted,none,0.1484593749046325,0.0116785140949775,-0.0102533490309756,True,215,0.08396351,0.13230343,0.0116785140949775,0.4545448671789237,0.4970619753416114,3.756984798818983,-0.1474134142587851,-0.2155821788080857,-0.0235122848767065
semisynthetic_predicted_phi5,9,100,5,raw_x_s,econml_dml,predicted,none,0.1484593749046325,0.1294776863914717,0.0550480600275492,True,215,0.08396351,0.13230343,0.1294776863914717,0.6167615856577312,0.6365061543564563,4.810957314987649,-0.0316759311259496,-0.0404755285650214,0.053656433019537
semisynthetic_predicted_phi5,9,250,5,encoder_pred,econml_dml,predicted,none,0.0998389720916748,0.0293509721262758,0.0301861886774548,True,5,0.08396351,0.13230343,0.0293509721262758,0.095045044926182,0.1434961839308861,1.084599121359787,0.3550412087863009,0.4248300164796988,0.4776175075163237
semisynthetic_predicted_phi5,9,250,5,mi_mine_cond,econml_dml,predicted,none,0.0998389720916748,-0.0135885489648929,-0.0100910006060093,True,5,0.08396351,0.13230343,-0.0135885489648929,0.0993502285117367,0.166156628417361,1.255875440397585,0.3531185477081454,0.5433278939540046,0.406177341310744
semisynthetic_predicted_phi5,9,250,5,mi_infonce_cond,econml_dml,predicted,none,0.0998389720916748,0.0447573925689134,0.0399813332502612,True,5,0.08396351,0.13230343,0.0447573925689134,0.0846937934982437,0.1275590241843918,0.9641399636002774,0.4436771382524024,0.6136133549687975,0.5078829655352716
semisynthetic_predicted_phi5,9,250,5,autoencoder,econml_dml,predicted,none,0.0998389720916748,0.0265505407196787,0.0356831872092295,True,5,0.08396351,0.13230343,0.0265505407196787,0.1763871511381273,0.2220615517796731,1.6784262643808487,0.0557394804139169,0.2469462193418538,0.1642821669727483
semisynthetic_predicted_phi5,9,250,5,pls,econml_dml,predicted,none,0.0998389720916748,0.0462022694202439,0.0366460121137692,True,5,0.08396351,0.13230343,0.0462022694202439,0.1639931436886439,0.1809199002499532,1.3674619036706248,0.3016992706111281,0.5339794359093201,0.4136487305288106
semisynthetic_predicted_phi5,9,250,5,pca,econml_dml,predicted,none,0.0998389720916748,0.0554422991139315,0.0351702147833831,True,5,0.08396351,0.13230343,0.0554422991139315,0.1825088146418534,0.2062460574035582,1.5588867000920406,0.1882192813692424,0.4327016808921261,0.2306322069383758
semisynthetic_predicted_phi5,9,250,5,ica,econml_dml,predicted,none,0.0998389720916748,0.0300279589240354,0.0181313724033659,True,5,0.08396351,0.13230343,0.0300279589240354,0.1363129197848098,0.1742123175856294,1.316763424694503,0.2396640655766607,0.4386232559374248,0.2639488611403383
semisynthetic_predicted_phi5,9,250,5,raw_x,econml_dml,predicted,none,0.0998389720916748,-0.0079042275753942,0.0147451702558457,True,240,0.08396351,0.13230343,-0.0079042275753942,0.3613345766166952,0.3990111493217624,3.015879099444077,-0.0282741833216999,0.0478900969346237,0.1401787015349801
semisynthetic_predicted_phi5,9,250,5,raw_x_s,econml_dml,predicted,none,0.0998389720916748,0.0126540693643252,0.0385964725786683,True,240,0.08396351,0.13230343,0.0126540693643252,0.4260418738554576,0.4471847151691562,3.379993361994895,0.0366061613690837,0.0586716557611705,0.1267140754011027
semisynthetic_predicted_phi5,9,500,5,encoder_pred,econml_dml,predicted,none,0.0939381718635559,0.0223082781658041,0.0233621570981981,True,5,0.08396351,0.13230343,0.0223082781658041,0.0599137432489681,0.1392997953165316,1.0528812088736597,0.3463437205216478,0.3321446311067973,0.5480715245440383
semisynthetic_predicted_phi5,9,500,5,mi_mine_cond,econml_dml,predicted,none,0.0939381718635559,0.027375814391947,0.0255138508705972,True,5,0.08396351,0.13230343,0.027375814391947,0.0558135033644149,0.146200383102938,1.105038494489055,0.1656863786602385,0.2350823002143676,0.2381609864759745
semisynthetic_predicted_phi5,9,500,5,mi_infonce_cond,econml_dml,predicted,none,0.0939381718635559,0.0224857584418956,0.021106216886005,True,5,0.08396351,0.13230343,0.0224857584418956,0.0497531465337206,0.1408869004799588,1.0648771576062606,0.2969968090022526,0.4151599879414518,0.4389690448536487
semisynthetic_predicted_phi5,9,500,5,autoencoder,econml_dml,predicted,none,0.0939381718635559,0.042004455845616,0.0398570633275383,True,5,0.08396351,0.13230343,0.042004455845616,0.0458966581191447,0.1469222435917204,1.1104945925568253,-0.0176935610223156,-0.1499814237697935,0.0522974811475813
semisynthetic_predicted_phi5,9,500,5,pls,econml_dml,predicted,none,0.0939381718635559,0.0257618181357309,0.024847920027768,True,5,0.08396351,0.13230343,0.0257618181357309,0.0303754779508001,0.1403087073900177,1.0605069527677229,0.2647286803008583,0.5738045957185146,0.4405077349025288
semisynthetic_predicted_phi5,9,500,5,pca,econml_dml,predicted,none,0.0939381718635559,0.029377979025565,0.0280507239853305,True,5,0.08396351,0.13230343,0.029377979025565,0.0298779178918245,0.1417482532495762,1.071387591762181,0.1623979518446568,0.1852291736480484,0.2585476753505296
semisynthetic_predicted_phi5,9,500,5,ica,econml_dml,predicted,none,0.0939381718635559,0.0464472497424124,0.0452652107571055,True,5,0.08396351,0.13230343,0.0464472497424124,0.0502496999191477,0.143649703433986,1.0857594805666495,0.0602767186123083,-0.1085070553449714,0.183431213851465
semisynthetic_predicted_phi5,9,500,5,raw_x,econml_dml,predicted,none,0.0939381718635559,0.0139077296170907,0.0102542119811122,True,262,0.08396351,0.13230343,0.0139077296170907,0.2083725147286354,0.2595973848698387,1.9621364681916316,-0.0282875589719674,-0.0373970636531366,0.0922143569284111
semisynthetic_predicted_phi5,9,500,5,raw_x_s,econml_dml,predicted,none,0.0939381718635559,0.0740680008577551,0.0482442605199737,True,262,0.08396351,0.13230343,0.0740680008577551,0.3570067344697459,0.3666349124545137,2.771167100161452,0.1125772326293641,0.0916799319686633,0.2009760104446363
semisynthetic_predicted_phi5,9,750,5,encoder_pred,econml_dml,predicted,none,0.0522137284278869,0.0031271215944366,0.0030635236416221,True,5,0.08396351,0.13230343,0.0031271215944366,0.0008863933222399,0.1548743290751531,1.170599500520532,0.2278837984775699,0.404447707344868,0.3964775737114032
semisynthetic_predicted_phi5,9,750,5,mi_mine_cond,econml_dml,predicted,none,0.0522137284278869,0.0114860808776864,0.0111105188406108,True,5,0.08396351,0.13230343,0.0114860808776864,0.0021575780571209,0.1508583668893306,1.1402453200898166,0.0062805296842221,0.1029124068741384,0.3277438599724419
semisynthetic_predicted_phi5,9,750,5,mi_infonce_cond,econml_dml,predicted,none,0.0522137284278869,0.0168907309565696,0.0152168489105903,True,5,0.08396351,0.13230343,0.0168907309565696,0.0095768046208355,0.1485829609052593,1.1230469301155634,0.0070148317031213,0.4738046495476738,0.2986677275951407
semisynthetic_predicted_phi5,9,750,5,autoencoder,econml_dml,predicted,none,0.0522137284278869,0.0010296998838797,-0.0006754168758784,True,5,0.08396351,0.13230343,0.0010296998838797,0.0099676855149327,0.1564472056987043,1.182487904498805,0.0022153565926861,-0.2425976975980992,0.0057623363070045
semisynthetic_predicted_phi5,9,750,5,pls,econml_dml,predicted,none,0.0522137284278869,0.0132465525698698,0.0131481316196868,True,5,0.08396351,0.13230343,0.0132465525698698,0.0485227522149274,0.1453830150575299,1.0988605137261365,0.2899908470326398,0.490623718851034,0.3169524709043803
semisynthetic_predicted_phi5,9,750,5,pca,econml_dml,predicted,none,0.0522137284278869,0.0077558229573847,0.0086377326836021,True,5,0.08396351,0.13230343,0.0077558229573847,0.0453870161265065,0.1522387361688672,1.150678679826118,0.1827819678222778,0.2541655208190227,0.2313816963855215
semisynthetic_predicted_phi5,9,750,5,ica,econml_dml,predicted,none,0.0522137284278869,0.0009440589725408,0.0018184225150777,True,5,0.08396351,0.13230343,0.0009440589725408,0.0440413103469599,0.1518641906189018,1.1478477210976457,0.2808852263114723,0.5315037675507172,0.3529991497928859
semisynthetic_predicted_phi5,9,750,5,raw_x,econml_dml,predicted,none,0.0522137284278869,0.0183298027830595,0.0146979773165927,True,280,0.08396351,0.13230343,0.0183298027830595,0.183642912827386,0.2416529377546141,1.82650546364984,-0.0588444703590677,-0.031612623613013,0.0371049845066227
semisynthetic_predicted_phi5,9,750,5,raw_x_s,econml_dml,predicted,none,0.0522137284278869,0.0254149360798924,0.0406525577152304,True,280,0.08396351,0.13230343,0.0254149360798924,0.329317805113118,0.3445988066221255,2.6046097718110977,0.122034017264288,0.1549916740617874,0.2487205374037557
semisynthetic_predicted_phi5,9,1000,5,encoder_pred,econml_dml,predicted,none,0.054879605770111,-0.0023397368567315,-0.0034725922256944,True,5,0.08396351,0.13230343,-0.0023397368567315,0.0638045820463301,0.1524927118281351,1.1525983251389256,0.3417285293147873,0.4255669546005399,0.5263931181975395
semisynthetic_predicted_phi5,9,1000,5,mi_mine_cond,econml_dml,predicted,none,0.054879605770111,0.0041522590067429,0.0049674100169395,True,5,0.08396351,0.13230343,0.0041522590067429,0.0444774664734993,0.1497355321481582,1.1317585050376866,0.2915743195805783,0.4728924415776719,0.4310752307398891
semisynthetic_predicted_phi5,9,1000,5,mi_infonce_cond,econml_dml,predicted,none,0.054879605770111,0.0043728023029339,0.0042190836299719,True,5,0.08396351,0.13230343,0.0043728023029339,0.0496947082501764,0.1457684551603147,1.101773817657749,0.3848038492384141,0.6108130199138962,0.4706882793565212
semisynthetic_predicted_phi5,9,1000,5,autoencoder,econml_dml,predicted,none,0.054879605770111,0.0162216150781573,0.0150151869279369,True,5,0.08396351,0.13230343,0.0162216150781573,0.0341074356235902,0.1474490145734689,1.1144761294054808,0.1678957105612372,0.2987114267034732,0.1954662719034139
semisynthetic_predicted_phi5,9,1000,5,pls,econml_dml,predicted,none,0.054879605770111,0.0124708657987714,0.0121985298915267,True,5,0.08396351,0.13230343,0.0124708657987714,0.0479944510085113,0.1446347435320107,1.093204790926514,0.3149419380181523,0.5868525067719554,0.4419111525529786
semisynthetic_predicted_phi5,9,1000,5,pca,econml_dml,predicted,none,0.054879605770111,0.0108349495720211,0.0100676017642676,True,5,0.08396351,0.13230343,0.0108349495720211,0.0478072568833113,0.1496558011815975,1.131155867853143,0.2166508314434828,0.5829978739354316,0.3797100241936693
semisynthetic_predicted_phi5,9,1000,5,ica,econml_dml,predicted,none,0.054879605770111,0.0024398260036889,0.0018027553470045,True,5,0.08396351,0.13230343,0.0024398260036889,0.0564199496000177,0.153112108004898,1.1572799586896425,0.2605784703013178,0.5791994072572685,0.3917200032786815
semisynthetic_predicted_phi5,9,1000,5,raw_x,econml_dml,predicted,none,0.054879605770111,0.0078771142722605,0.0053237828183052,True,275,0.08396351,0.13230343,0.0078771142722605,0.1716417920037923,0.2213297229974793,1.6728948221333293,0.0829501743810618,0.0733557033884104,0.1809488983737311
semisynthetic_predicted_phi5,9,1000,5,raw_x_s,econml_dml,predicted,none,0.054879605770111,0.0328449922320551,0.0366857823451596,True,275,0.08396351,0.13230343,0.0328449922320551,0.2426778682844409,0.2686510746074112,2.0305677230545816,0.1064631638582484,0.1703468896337341,0.187713087510795
