slice_name,method,phi_dim,arch,z_dim,z_s_fraction,x_dim,s_dim,alpha,delta,n,learner,y_type,finetune,trial_seed,dgp_seed,encoder_key,epochs_run,lambda_loss_s,num_observational,cate_regressor,error,diag_r2_phi_s,diag_r2_phi_s_x,diag_r2_gap,diag_r2_xs_resid_mean,diag_r2_xs_resid_max,mse,pehe,pehe_norm,spearman_rho,pearson_r,abs_regret,norm_regret,auuc,topk_10_value,topk_10_norm,policy_value_10,policy_norm_10,topk_20_value,topk_20_norm,policy_value_20,policy_norm_20,topk_50_value,topk_50_norm,policy_value_50,policy_norm_50,source_file,array_task_id,run_seed,run_timestamp
raw_x_comparison,raw_x,10,medium,10,0.5,1000,10,0.0,0.0,50,x_learner,h_y,frozen,1000,42,dd34b7e5891261e9fb24703963931ff3,0,2.0,10000,histgbr,,,,,,,72.8039374752274,8.532522339568025,1.0000236000627802,,,2.9188265341520307,0.6980074416581149,0.2765636180403606,2.379333972930908,0.14969510627435292,2.379333972930908,0.07630724678677565,-1.3718575239181519,-0.09895341488735865,-1.3718575239181519,-0.20908812686654143,1.4209517240524292,0.16999109699997364,1.4209517240524292,0.022282918311359815,raw_x_comparison_20260902_rawx/task0_seed1000/results.parquet,0,1000,
raw_x_comparison,raw_x,10,medium,10,0.5,1000,10,0.0,0.0,50,dml_learner,h_y,frozen,1000,42,dd34b7e5891261e9fb24703963931ff3,0,2.0,10000,histgbr,,,,,,,1210.458679781228,34.79164669545303,4.077629849166115,-0.01042016806722689,-0.015044376770723497,3.4992889010906216,0.8368190657765477,0.20742376558383918,-1.9635528326034546,-0.12353635651652851,-1.9635528326034546,-0.22050619506460994,0.9622728228569031,0.0694096728084643,0.9622728228569031,-0.02385205809607854,1.0791362524032593,0.12909907652267427,1.0791362524032593,-0.025886235996393423,raw_x_comparison_20260902_rawx/task0_seed1000/results.parquet,0,1000,
raw_x_comparison,surrogate_index,10,medium,10,0.5,1000,10,0.0,0.0,50,x_learner,h_y,frozen,1000,42,7eb6270ab1cc2b95a38ab756d0587a6d,0,2.0,10000,histgbr,,,,,,,85.52988075889859,9.248236629698582,1.0839063199138215,,,4.18165532335639,1.0,0.04255981242021823,-0.951104462146759,-0.05983846116553757,-0.951104462146759,-0.15131068088516472,-1.7169837951660156,-0.123847707852839,-1.7169837951660156,-0.2364772715232189,0.04830298572778702,0.005778576001740098,0.04830298572778702,-0.1711528222292719,raw_x_comparison_20260902_rawx/task0_seed1000/results.parquet,0,1000,
raw_x_comparison,surrogate_index,10,medium,10,0.5,1000,10,0.0,0.0,50,dml_learner,h_y,frozen,1000,42,7eb6270ab1cc2b95a38ab756d0587a6d,0,2.0,10000,histgbr,,,,,,,1696.3176489625268,41.18637698271756,4.8271012186866695,0.19942376950780313,0.19705686134269346,2.827899416685104,0.6762631537061504,0.3652036506781749,3.3716959953308105,0.2121292748676742,3.3716959953308105,0.14412996485894858,3.2492282390594482,0.2343699869685258,3.2492282390594482,0.15764021860388377,2.8908615112304688,0.34583913812890166,2.8908615112304688,0.22942483326167934,raw_x_comparison_20260902_rawx/task0_seed1000/results.parquet,0,1000,
raw_x_comparison,raw_x,10,medium,10,0.5,1000,10,0.0,0.0,100,x_learner,h_y,frozen,1000,42,dd34b7e5891261e9fb24703963931ff3,0,2.0,10000,histgbr,,,,,,,117.20556623199374,10.826151958659814,1.2043165456576792,-0.10269426942694268,-0.14849653670472399,3.937940156981349,1.0274301941893766,-0.07125442848886421,-4.586194038391113,-0.29620234312212945,-4.586194038391113,-0.31461196623436216,-1.6744171380996704,-0.12983370265211458,-1.6744171380996704,-0.14915397562899155,-0.2292708456516266,-0.0299090120702657,-0.2292708456516266,-0.059888532453869096,raw_x_comparison_20260902_rawx/task0_seed1000/results.parquet,0,1000,
raw_x_comparison,raw_x,10,medium,10,0.5,1000,10,0.0,0.0,100,dml_learner,h_y,frozen,1000,42,dd34b7e5891261e9fb24703963931ff3,0,2.0,10000,histgbr,,,,,,,1765.679254727296,42.019986372288315,4.6743630635978555,-0.031731173117311724,-0.08059930831665676,3.634036025926471,0.948139938894076,0.01361379374732641,-0.5676655769348145,-0.03666305276016062,-0.5676655769348145,-0.05138650716290663,-0.16554734110832214,-0.01283648128727327,-0.16554734110832214,-0.030156089698206746,0.4218376576900482,0.05502988205798836,0.4218376576900482,0.027522839609848446,raw_x_comparison_20260902_rawx/task0_seed1000/results.parquet,0,1000,
raw_x_comparison,surrogate_index,10,medium,10,0.5,1000,10,0.0,0.0,100,x_learner,h_y,frozen,1000,42,7eb6270ab1cc2b95a38ab756d0587a6d,0,2.0,10000,histgbr,,,,,,,96.08559348412234,9.802325922153495,1.090424680815213,0.32444044404440436,0.2983452118591193,2.4407215213775633,0.6367976370147307,0.327644607084672,7.595314979553223,0.4905483882412245,7.595314979553223,0.4833127801464204,4.079253196716309,0.3163038256919865,4.079253196716309,0.3046125505159401,2.5284786224365234,0.3298469869682982,2.5284786224365234,0.3103395686635184,raw_x_comparison_20260902_rawx/task0_seed1000/results.parquet,0,1000,
raw_x_comparison,surrogate_index,10,medium,10,0.5,1000,10,0.0,0.0,100,dml_learner,h_y,frozen,1000,42,7eb6270ab1cc2b95a38ab756d0587a6d,0,2.0,10000,histgbr,,,,,,,4814.299128879576,69.3851506367146,7.718502867300421,0.13384938493849383,0.08805585959648585,3.2619079338759183,0.8510496778343694,0.16698346811260478,0.7258819341659546,0.04688155972689855,0.7258819341659546,0.03334466762062215,1.4984794855117798,0.11619156034978972,1.4984794855117798,0.10107834477370292,0.9774037003517151,0.12750499954870478,0.9774037003517151,0.10210762818476035,raw_x_comparison_20260902_rawx/task0_seed1000/results.parquet,0,1000,
raw_x_comparison,raw_x,10,medium,10,0.5,1000,10,0.0,0.0,250,x_learner,h_y,frozen,1000,42,dd34b7e5891261e9fb24703963931ff3,0,2.0,10000,histgbr,,,,,,,96.8029110007763,9.838847036150948,1.0326088871505565,0.1981590745451927,0.18792283608918653,3.0487536627650265,0.7070422297096018,0.3082818455464275,2.13130259513855,0.12056297737206124,2.13130259513855,0.07570948601695686,3.5316500663757324,0.24337890330409945,3.5316500663757324,0.19583796630522374,2.595421075820923,0.3010429440591419,2.595421075820923,0.22380901537739076,raw_x_comparison_20260902_rawx/task0_seed1000/results.parquet,0,1000,
raw_x_comparison,raw_x,10,medium,10,0.5,1000,10,0.0,0.0,250,dml_learner,h_y,frozen,1000,42,dd34b7e5891261e9fb24703963931ff3,0,2.0,10000,histgbr,,,,,,,555.7249455282941,23.57381906964364,2.474124761361909,-0.0054847597561560974,-0.022012636202792514,3.734078715324402,0.865977259179307,0.12937830041284487,0.048070941120386124,0.0027192646411496753,0.048070941120386124,-0.04814455129005065,0.7583814859390259,0.05226283772882061,0.7583814859390259,-0.007286536349941469,0.9676480889320374,0.11223752177213268,0.9676480889320374,0.014140817050423193,raw_x_comparison_20260902_rawx/task0_seed1000/results.parquet,0,1000,
raw_x_comparison,surrogate_index,10,medium,10,0.5,1000,10,0.0,0.0,250,x_learner,h_y,frozen,1000,42,7eb6270ab1cc2b95a38ab756d0587a6d,0,2.0,10000,histgbr,,,,,,,89.19419910257749,9.444268055417396,0.9911969452135397,0.5078799980799693,0.5193478312553098,2.0688912594616413,0.4798004860090284,0.5769076595990625,8.198650360107422,0.463779146190556,8.198650360107422,0.43643053928417613,9.095247268676758,0.626786704210986,9.095247268676758,0.6033365124839379,4.514988899230957,0.5236936554462245,4.514988899230957,0.4710623672529701,raw_x_comparison_20260902_rawx/task0_seed1000/results.parquet,0,1000,
raw_x_comparison,surrogate_index,10,medium,10,0.5,1000,10,0.0,0.0,250,dml_learner,h_y,frozen,1000,42,7eb6270ab1cc2b95a38ab756d0587a6d,0,2.0,10000,histgbr,,,,,,,1246.6919972024677,35.308525842952825,3.705708346074831,0.2975268084289348,0.2818224055394697,2.747978638350964,0.6372889247771827,0.396973944411679,5.53659725189209,0.3131928102188088,5.53659725189209,0.27816392292291076,4.82243537902832,0.3323316330168749,4.82243537902832,0.29037988212134774,3.1614632606506348,0.3666981887399718,3.1614632606506348,0.2967190870066894,raw_x_comparison_20260902_rawx/task0_seed1000/results.parquet,0,1000,
raw_x_comparison,raw_x,10,medium,10,0.5,1000,10,0.0,0.0,500,x_learner,h_y,frozen,1000,42,dd34b7e5891261e9fb24703963931ff3,0,2.0,10000,histgbr,,,,,,,102.08708488298906,10.103815362673105,1.11233617361787,-0.09857050628202511,-0.10341642747154019,4.089805660715327,1.0494917956126966,-0.0028947851640332626,-0.6759867072105408,-0.0404941816389638,-0.6759867072105408,-0.07553113781211737,-0.4881143569946289,-0.03615431019137255,-0.4881143569946289,-0.07964208793184438,-0.23652301728725433,-0.030353209844964632,-0.23652301728725433,-0.10765405966230548,raw_x_comparison_20260902_rawx/task0_seed1000/results.parquet,0,1000,
raw_x_comparison,raw_x,10,medium,10,0.5,1000,10,0.0,0.0,500,dml_learner,h_y,frozen,1000,42,dd34b7e5891261e9fb24703963931ff3,0,2.0,10000,histgbr,,,,,,,343.717428182535,18.53961780033599,2.0410396255407792,-0.013376501506006023,-0.0005104689667939505,3.646204308375716,0.9356585188203487,0.09221576537815057,0.48478537797927856,0.029040492871248755,0.48478537797927856,-0.0036549957701102163,0.6030128002166748,0.04466476250081234,0.6030128002166748,0.004568990985532618,0.6061663627624512,0.07778987018224175,0.6061663627624512,0.008602308029842123,raw_x_comparison_20260902_rawx/task0_seed1000/results.parquet,0,1000,
raw_x_comparison,surrogate_index,10,medium,10,0.5,1000,10,0.0,0.0,500,x_learner,h_y,frozen,1000,42,7eb6270ab1cc2b95a38ab756d0587a6d,0,2.0,10000,histgbr,,,,,,,61.27455659468261,7.827806627317936,0.8617687634929068,0.6258532874131496,0.6192951057374192,1.2176783512439577,0.31247045589501443,0.66937628436574,10.256644248962402,0.6144121042521599,10.256644248962402,0.6014280564385188,8.886184692382812,0.6581938703142263,8.886184692382812,0.6438481412544683,5.352521896362305,0.6868939107213393,5.352521896362305,0.6634035517328265,raw_x_comparison_20260902_rawx/task0_seed1000/results.parquet,0,1000,
raw_x_comparison,surrogate_index,10,medium,10,0.5,1000,10,0.0,0.0,500,dml_learner,h_y,frozen,1000,42,7eb6270ab1cc2b95a38ab756d0587a6d,0,2.0,10000,histgbr,,,,,,,860.8354583739526,29.339997586468076,3.2300610687975944,0.32832524930099716,0.3488600578793319,2.4198071990460157,0.6209507279911071,0.4089162227127521,8.037554740905762,0.4814801802160014,8.037554740905762,0.4640198651837092,5.220767021179199,0.386698788133941,5.220767021179199,0.36095831055520355,3.162173271179199,0.40580451732387374,3.162173271179199,0.3612258084601425,raw_x_comparison_20260902_rawx/task0_seed1000/results.parquet,0,1000,
raw_x_comparison,raw_x,10,medium,10,0.5,1000,10,0.0,0.0,750,x_learner,h_y,frozen,1000,42,dd34b7e5891261e9fb24703963931ff3,0,2.0,10000,histgbr,,,,,,,104.47774061159684,10.221435349871212,1.1017161370507484,-0.18604595563725443,-0.19058351416817282,4.468153719425201,1.1703834338001669,-0.14719579011242356,-4.949930191040039,-0.3008107040474697,-4.949930191040039,-0.31797953189195166,-2.9517102241516113,-0.22135829112215286,-2.9517102241516113,-0.24131280150715734,-1.2977099418640137,-0.16997072925664727,-1.2977099418640137,-0.20376763468485862,raw_x_comparison_20260902_rawx/task0_seed1000/results.parquet,0,1000,
raw_x_comparison,raw_x,10,medium,10,0.5,1000,10,0.0,0.0,750,dml_learner,h_y,frozen,1000,42,dd34b7e5891261e9fb24703963931ff3,0,2.0,10000,histgbr,,,,,,,306.4426376406481,17.50550306733994,1.8868284694206656,-0.020563051667647405,-0.02438250610213579,3.7948772165489695,0.994026102603732,0.018562545223587315,-1.1195142269134521,-0.06803365901979248,-1.1195142269134521,-0.08213016511923325,-0.9163828492164612,-0.0687225120733214,-0.9163828492164612,-0.08618326427099267,-0.05154620483517647,-0.0067513900784814665,-0.05154620483517647,-0.03583338390051572,raw_x_comparison_20260902_rawx/task0_seed1000/results.parquet,0,1000,
raw_x_comparison,surrogate_index,10,medium,10,0.5,1000,10,0.0,0.0,750,x_learner,h_y,frozen,1000,42,7eb6270ab1cc2b95a38ab756d0587a6d,0,2.0,10000,histgbr,,,,,,,53.7592752244456,7.332071687077644,0.7902864342597563,0.6907550342311719,0.6922337959880807,0.9936797045208512,0.26028340511620973,0.7116920651321821,11.473470687866211,0.6972508019875474,11.473470687866211,0.6932549485981514,9.551529884338379,0.7163001013783522,9.551529884338379,0.7116650220454326,5.598005294799805,0.7332124164610911,5.598005294799805,0.7255057324348896,raw_x_comparison_20260902_rawx/task0_seed1000/results.parquet,0,1000,
raw_x_comparison,surrogate_index,10,medium,10,0.5,1000,10,0.0,0.0,750,dml_learner,h_y,frozen,1000,42,7eb6270ab1cc2b95a38ab756d0587a6d,0,2.0,10000,histgbr,,,,,,,644.8993494484894,25.39486856529266,2.7371827477261523,0.35610119840213045,0.34255815581792537,2.3098152002009256,0.6050305372669116,0.3913841544984454,6.72346830368042,0.4085898499602889,6.72346830368042,0.40078408773837804,4.8816046714782715,0.36608731411733786,4.8816046714782715,0.35573047013013265,3.038778305053711,0.3980114106372331,3.038778305053711,0.3806217863374163,raw_x_comparison_20260902_rawx/task0_seed1000/results.parquet,0,1000,
raw_x_comparison,raw_x,10,medium,10,0.5,1000,10,0.0,0.0,50,x_learner,h_y,frozen,1001,42,dd34b7e5891261e9fb24703963931ff3,0,2.0,10000,histgbr,,,,,,,114.2639020507599,10.689429453939995,1.0833126112828546,,,3.562592467069626,1.0,-0.23202150851927372,0.21294589340686798,0.013917965275513937,0.21294589340686798,0.044612328618089565,-2.873222827911377,-0.23850409082873966,-2.873222827911377,-0.18994979281280366,-2.4741735458374023,-0.347243410716585,-2.4741735458374023,-0.2602974464678525,raw_x_comparison_20260902_rawx/task1_seed1001/results.parquet,1,1001,
raw_x_comparison,raw_x,10,medium,10,0.5,1000,10,0.0,0.0,50,dml_learner,h_y,frozen,1001,42,dd34b7e5891261e9fb24703963931ff3,0,2.0,10000,histgbr,,,,,,,1579.5997425251003,39.7441787250045,4.0278454732686795,0.0013925570228091237,0.00011695521408736781,3.9370325589179993,1.1051032626688186,-0.07863898266485626,-0.2075546234846115,-0.013565596387960325,-0.2075546234846115,0.017984264162697446,1.8664261102676392,0.15493064380669563,1.8664261102676392,0.18806073168334417,-1.0243878364562988,-0.1437699981984389,-1.0243878364562988,-0.06995543389543751,raw_x_comparison_20260902_rawx/task1_seed1001/results.parquet,1,1001,
raw_x_comparison,surrogate_index,10,medium,10,0.5,1000,10,0.0,0.0,50,x_learner,h_y,frozen,1001,42,7eb6270ab1cc2b95a38ab756d0587a6d,0,2.0,10000,histgbr,,,,,,,138.23759084780824,11.757448313635415,1.1915502216044724,,,3.562592467069626,1.0,0.10446689305293261,-3.143803834915161,-0.20547638607791793,-3.143803834915161,-0.16795280396995585,1.8441660404205322,0.15308285195808086,1.8441660404205322,0.18628538064195277,1.2286813259124756,0.17244202413021137,1.2286813259124756,0.22584946751526164,raw_x_comparison_20260902_rawx/task1_seed1001/results.parquet,1,1001,
raw_x_comparison,surrogate_index,10,medium,10,0.5,1000,10,0.0,0.0,50,dml_learner,h_y,frozen,1001,42,7eb6270ab1cc2b95a38ab756d0587a6d,0,2.0,10000,histgbr,,,,,,,2458.92604966999,49.58755942441602,5.025415876373807,0.2099879951980792,0.27524911426422,3.0838389778137207,0.8656165436599322,0.1643894672161486,9.351115226745605,0.6111810607425285,9.351115226745605,0.6232840596571961,5.617762565612793,0.46632629400943015,5.617762565612793,0.48724843092913633,0.07206632941961288,0.010114309914756446,0.07206632941961288,0.07399776641257336,raw_x_comparison_20260902_rawx/task1_seed1001/results.parquet,1,1001,
raw_x_comparison,raw_x,10,medium,10,0.5,1000,10,0.0,0.0,100,x_learner,h_y,frozen,1001,42,dd34b7e5891261e9fb24703963931ff3,0,2.0,10000,histgbr,,,,,,,118.95840736500953,10.906805552727597,1.1113698256816316,0.223018301830183,0.21173620786204445,2.8230645641684533,0.8237103544475018,0.13731731992537538,4.9194841384887695,0.29937841776788937,4.9194841384887695,0.324503461661099,3.74469256401062,0.2944813840358568,3.74469256401062,0.32683664597792494,1.1111700534820557,0.16210793586395886,1.1111700534820557,0.23070411619456765,raw_x_comparison_20260902_rawx/task1_seed1001/results.parquet,1,1001,
raw_x_comparison,raw_x,10,medium,10,0.5,1000,10,0.0,0.0,100,dml_learner,h_y,frozen,1001,42,dd34b7e5891261e9fb24703963931ff3,0,2.0,10000,histgbr,,,,,,,2509.263161908898,50.09254597152053,5.10427584091251,0.007764776477647763,-0.011610631145367539,3.5484136548638348,1.0353518323571138,-0.04738285060745643,1.6645233631134033,0.10129565555214043,1.6645233631134033,0.1335241604596442,0.8739636540412903,0.06872821254075692,0.8739636540412903,0.11143657195282552,-0.2423194944858551,-0.035351846414149506,-0.2423194944858551,0.04940988484235122,raw_x_comparison_20260902_rawx/task1_seed1001/results.parquet,1,1001,
raw_x_comparison,surrogate_index,10,medium,10,0.5,1000,10,0.0,0.0,100,x_learner,h_y,frozen,1001,42,7eb6270ab1cc2b95a38ab756d0587a6d,0,2.0,10000,histgbr,,,,,,,175.71377719857034,13.255707344331737,1.3507156691605708,0.3717251725172517,0.38577097735420696,2.425702239573002,0.7077684573364759,0.31909798000623546,4.927851676940918,0.29988762978116074,4.927851676940918,0.3249944127836001,5.047538757324219,0.3969367775386885,5.047538757324219,0.4245934092544916,2.3552989959716797,0.3436131646843285,2.3552989959716797,0.3973499544800139,raw_x_comparison_20260902_rawx/task1_seed1001/results.parquet,1,1001,
raw_x_comparison,surrogate_index,10,medium,10,0.5,1000,10,0.0,0.0,100,dml_learner,h_y,frozen,1001,42,7eb6270ab1cc2b95a38ab756d0587a6d,0,2.0,10000,histgbr,,,,,,,6406.992927994131,80.04369386775032,8.156205377519425,0.21800180018001797,0.11924712466227409,2.4957623589038853,0.7282105139791565,0.180614021909666,4.438545227050781,0.2701105664452614,4.438545227050781,0.29628518698268197,5.588376045227051,0.43946804288487445,5.588376045227051,0.4651741800285069,1.7620363235473633,0.2570624275127611,1.7620363235473633,0.3178849151314588,raw_x_comparison_20260902_rawx/task1_seed1001/results.parquet,1,1001,
raw_x_comparison,raw_x,10,medium,10,0.5,1000,10,0.0,0.0,250,x_learner,h_y,frozen,1001,42,dd34b7e5891261e9fb24703963931ff3,0,2.0,10000,histgbr,,,,,,,90.5631955749208,9.51646970125586,1.1000189643221583,0.027921470743531893,0.02710562488349915,3.2950252840816976,1.0652117472796705,-0.09589357686530091,1.6522912979125977,0.11364042880715439,1.6522912979125977,0.1456062769958182,0.6448091268539429,0.05610183716070999,0.6448091268539429,0.09875682584346009,-0.15504589676856995,-0.02508016335379183,-0.15504589676856995,0.05782535369342812,raw_x_comparison_20260902_rawx/task1_seed1001/results.parquet,1,1001,
raw_x_comparison,raw_x,10,medium,10,0.5,1000,10,0.0,0.0,250,dml_learner,h_y,frozen,1001,42,dd34b7e5891261e9fb24703963931ff3,0,2.0,10000,histgbr,,,,,,,636.8677876854283,25.236239571010344,2.91708406454814,0.03173849181586905,0.06074303518354571,3.159134232491255,1.0212810541819182,-0.05362079398005772,0.8465805649757385,0.05822567639567331,0.8465805649757385,0.09219001325707062,0.1782212257385254,0.015506198297391157,0.1782212257385254,0.05999571382260816,-0.0379893034696579,-0.0061451348057147215,-0.0379893034696579,0.07522897193019244,raw_x_comparison_20260902_rawx/task1_seed1001/results.parquet,1,1001,
raw_x_comparison,surrogate_index,10,medium,10,0.5,1000,10,0.0,0.0,250,x_learner,h_y,frozen,1001,42,7eb6270ab1cc2b95a38ab756d0587a6d,0,2.0,10000,histgbr,,,,,,,80.12103601178603,8.951035471485186,1.0346598137810126,0.5257147794364709,0.52422136687994,1.4434476229846478,0.4666359836491138,0.475548974498486,6.50522518157959,0.4474129834465232,6.50522518157959,0.4673415917182242,7.399726390838623,0.6438157087479789,7.399726390838623,0.659911763926884,3.0803163051605225,0.4982707554659716,3.0803163051605225,0.5388491647678482,raw_x_comparison_20260902_rawx/task1_seed1001/results.parquet,1,1001,
raw_x_comparison,surrogate_index,10,medium,10,0.5,1000,10,0.0,0.0,250,dml_learner,h_y,frozen,1001,42,7eb6270ab1cc2b95a38ab756d0587a6d,0,2.0,10000,histgbr,,,,,,,1902.5435780271985,43.618156517982264,5.041869607615182,0.16185590169442712,0.2329244432592995,2.8443080886006356,0.9195044431060764,0.09583279405261894,3.1051852703094482,0.21356681239526296,3.1051852703094482,0.2419288955751946,1.2978178262710571,0.11291708091814556,1.2978178262710571,0.15300457484892874,0.6651678681373596,0.10759729304852028,0.6651678681373596,0.17977224138825929,raw_x_comparison_20260902_rawx/task1_seed1001/results.parquet,1,1001,
raw_x_comparison,raw_x,10,medium,10,0.5,1000,10,0.0,0.0,500,x_learner,h_y,frozen,1001,42,dd34b7e5891261e9fb24703963931ff3,0,2.0,10000,histgbr,,,,,,,86.87480770839613,9.320665625822876,1.0049889700009376,0.18160527042108168,0.19089561498972552,2.833885449383408,0.7998716294231527,0.16348943308492128,1.6634892225265503,0.1024703200598739,1.6634892225265503,0.11098611472335033,2.6756558418273926,0.20748881623271406,2.6756558418273926,0.21693165653098714,1.3677332401275635,0.1930539287375998,1.3677332401275635,0.21038522492014172,raw_x_comparison_20260902_rawx/task1_seed1001/results.parquet,1,1001,
raw_x_comparison,raw_x,10,medium,10,0.5,1000,10,0.0,0.0,500,dml_learner,h_y,frozen,1001,42,dd34b7e5891261e9fb24703963931ff3,0,2.0,10000,histgbr,,,,,,,330.1606558792365,18.17032349407232,1.9591921248949864,0.06729262117048468,0.09799953811658411,3.389183781937696,0.9566060458311268,0.05835811965522234,2.2037858963012695,0.13575239507379672,2.2037858963012695,0.14395240818360697,1.2757081985473633,0.09892721621259844,1.2757081985473633,0.10966357750150524,0.4284292459487915,0.060472281209446636,0.4284292459487915,0.08065111811808076,raw_x_comparison_20260902_rawx/task1_seed1001/results.parquet,1,1001,
raw_x_comparison,surrogate_index,10,medium,10,0.5,1000,10,0.0,0.0,500,x_learner,h_y,frozen,1001,42,7eb6270ab1cc2b95a38ab756d0587a6d,0,2.0,10000,histgbr,,,,,,,69.28988599678777,8.324054660848148,0.8975306545339918,0.6196076944307777,0.6181842126025424,1.2049584442377093,0.34010269342019744,0.6198419066888202,9.610020637512207,0.5919737123467611,9.610020637512207,0.5958450807935264,7.3759613037109375,0.5719829342625962,7.3759613037109375,0.5770827951598028,4.675933361053467,0.6600024620169276,4.675933361053467,0.6673048063023409,raw_x_comparison_20260902_rawx/task1_seed1001/results.parquet,1,1001,
raw_x_comparison,surrogate_index,10,medium,10,0.5,1000,10,0.0,0.0,500,dml_learner,h_y,frozen,1001,42,7eb6270ab1cc2b95a38ab756d0587a6d,0,2.0,10000,histgbr,,,,,,,867.7692230464868,29.45792292485142,3.176263242036404,0.3992547490189961,0.3768800365413354,1.906743592501618,0.5381833992472296,0.39494024890277546,6.378376483917236,0.39290562927523903,6.378376483917236,0.39866576302679296,6.323556423187256,0.49037219814181954,6.323556423187256,0.4964444581213328,3.2447919845581055,0.4579985498464537,3.2447919845581055,0.46963946117685135,raw_x_comparison_20260902_rawx/task1_seed1001/results.parquet,1,1001,
raw_x_comparison,raw_x,10,medium,10,0.5,1000,10,0.0,0.0,750,x_learner,h_y,frozen,1001,42,dd34b7e5891261e9fb24703963931ff3,0,2.0,10000,histgbr,,,,,,,84.72992486140542,9.204885923323841,0.9819277155508137,0.19292116074873017,0.22006936270228963,2.8920549217388034,0.7862413186399694,0.21221774765004944,2.5250203609466553,0.14939526160406738,2.5250203609466553,0.15156595820801927,2.973876953125,0.2232806823375441,2.973876953125,0.22579426771212807,1.6897956132888794,0.22982091164060717,1.6897956132888794,0.23432399003317295,raw_x_comparison_20260902_rawx/task1_seed1001/results.parquet,1,1001,
raw_x_comparison,raw_x,10,medium,10,0.5,1000,10,0.0,0.0,750,dml_learner,h_y,frozen,1001,42,dd34b7e5891261e9fb24703963931ff3,0,2.0,10000,histgbr,,,,,,,274.90916063298477,16.58038481558811,1.7687062632325306,0.06579554452541247,0.0697664991147892,3.4804444505429517,0.946202374539552,0.06085461453478683,0.991399347782135,0.05865709726811304,0.991399347782135,0.06105935268696681,1.2064626216888428,0.09058202529272717,1.2064626216888428,0.09352504430696697,0.3756730854511261,0.05109347562405919,0.3756730854511261,0.05664153649855552,raw_x_comparison_20260902_rawx/task1_seed1001/results.parquet,1,1001,
raw_x_comparison,surrogate_index,10,medium,10,0.5,1000,10,0.0,0.0,750,x_learner,h_y,frozen,1001,42,7eb6270ab1cc2b95a38ab756d0587a6d,0,2.0,10000,histgbr,,,,,,,67.29847530715992,8.203564792647153,0.8751121636180332,0.6317447391017583,0.6504660411693163,1.1883242541427417,0.3230608179416275,0.6498899618537336,10.712892532348633,0.6338386046940458,10.712892532348633,0.6347730284768098,8.752450942993164,0.6571399050736894,8.752450942993164,0.6582494540452907,4.92036247253418,0.6691946529788515,4.92036247253418,0.6711288036625442,raw_x_comparison_20260902_rawx/task1_seed1001/results.parquet,1,1001,
raw_x_comparison,surrogate_index,10,medium,10,0.5,1000,10,0.0,0.0,750,dml_learner,h_y,frozen,1001,42,7eb6270ab1cc2b95a38ab756d0587a6d,0,2.0,10000,histgbr,,,,,,,668.5223685604803,25.85579951501172,2.758157609230601,0.41125814623670437,0.411285226503746,1.937397092819835,0.5267056422538728,0.41973768292590924,8.534144401550293,0.5049308730954144,8.534144401550293,0.5061942623336636,5.855869770050049,0.43966264191348825,5.855869770050049,0.44147598137356253,3.5794224739074707,0.48681990273320713,3.5794224739074707,0.4898203609934015,raw_x_comparison_20260902_rawx/task1_seed1001/results.parquet,1,1001,
raw_x_comparison,raw_x,10,medium,10,0.5,1000,10,0.0,0.0,50,x_learner,h_y,frozen,1002,42,dd34b7e5891261e9fb24703963931ff3,0,2.0,10000,histgbr,,,,,,,69.29844483258938,8.324568747544186,1.0153788617451733,,,2.559876290559769,0.6107654057820446,0.22918159202562993,3.4658150672912598,0.2444517307164279,3.4658150672912598,0.14621031429507722,-0.43133410811424255,-0.03511054200235697,-0.43133410811424255,-0.1936160517040319,1.7184333801269531,0.2119745626948542,1.7184333801269531,0.013443200503449451,raw_x_comparison_20260902_rawx/task2_seed1002/results.parquet,2,1002,
raw_x_comparison,raw_x,10,medium,10,0.5,1000,10,0.0,0.0,50,dml_learner,h_y,frozen,1002,42,dd34b7e5891261e9fb24703963931ff3,0,2.0,10000,histgbr,,,,,,,1424.452899909727,37.74192496296031,4.603524094898944,-0.07255702280912364,-0.07711958766737076,3.456200698614121,0.824621029515314,0.19756769278489075,-0.35331791639328003,-0.024920307194279154,-0.35331791639328003,-0.15818726946691863,-1.471006155014038,-0.11973971550069637,-1.471006155014038,-0.29120441143096176,1.0507926940917969,0.12961882863134377,1.0507926940917969,-0.08966084356870167,raw_x_comparison_20260902_rawx/task2_seed1002/results.parquet,2,1002,
raw_x_comparison,surrogate_index,10,medium,10,0.5,1000,10,0.0,0.0,50,x_learner,h_y,frozen,1002,42,7eb6270ab1cc2b95a38ab756d0587a6d,0,2.0,10000,histgbr,,,,,,,67.80672383286837,8.234483823098348,1.0043908657518434,,,2.559876290559769,0.6107654057820446,0.21317014820820063,3.4611258506774902,0.24412098972341928,3.4611258506774902,0.14583656815608026,1.4621975421905518,0.1190226955277718,1.4621975421905518,-0.01588053559076532,1.2789088487625122,0.15775772693788404,1.2789088487625122,-0.054432765716806664,raw_x_comparison_20260902_rawx/task2_seed1002/results.parquet,2,1002,
raw_x_comparison,surrogate_index,10,medium,10,0.5,1000,10,0.0,0.0,50,dml_learner,h_y,frozen,1002,42,7eb6270ab1cc2b95a38ab756d0587a6d,0,2.0,10000,histgbr,,,,,,,1922.5295545143763,43.84665955935955,5.348141462324359,0.2010564225690276,0.2009673946675002,2.974760295152665,0.709753313264968,0.41242658786011654,4.725399971008301,0.33329308656481255,4.725399971008301,0.24660341473764183,4.463128566741943,0.36329810246076844,4.463128566741943,0.265800536063411,1.52134370803833,0.18766288582928284,1.52134370803833,-0.016993444030405643,raw_x_comparison_20260902_rawx/task2_seed1002/results.parquet,2,1002,
raw_x_comparison,raw_x,10,medium,10,0.5,1000,10,0.0,0.0,100,x_learner,h_y,frozen,1002,42,dd34b7e5891261e9fb24703963931ff3,0,2.0,10000,histgbr,,,,,,,95.5928661837594,9.77716043561521,1.117152697387024,-0.01116111611161116,-0.01077520435950588,3.3891408870369197,1.0192696335057325,-0.1127770262017198,-2.016125440597534,-0.13573614614548996,-2.016125440597534,-0.09669572893982352,0.5193115472793579,0.04336258466467311,0.5193115472793579,0.08381287998694041,-0.3970886468887329,-0.05980755482976985,-0.3970886468887329,0.018367440679480308,raw_x_comparison_20260902_rawx/task2_seed1002/results.parquet,2,1002,
raw_x_comparison,raw_x,10,medium,10,0.5,1000,10,0.0,0.0,100,dml_learner,h_y,frozen,1002,42,dd34b7e5891261e9fb24703963931ff3,0,2.0,10000,histgbr,,,,,,,2151.112677314127,46.38008923357228,5.2994570492670725,0.007104710471047103,-0.02799486413717561,3.6463065306842326,1.0966111014728053,-0.1182451556086415,1.2841511964797974,0.08645579831909032,1.2841511964797974,0.11785846775994778,-1.139664888381958,-0.09516217282423257,-1.139664888381958,-0.0488545199911182,-1.0948894023895264,-0.16490690045916687,-1.0948894023895264,-0.07897942117570646,raw_x_comparison_20260902_rawx/task2_seed1002/results.parquet,2,1002,
raw_x_comparison,surrogate_index,10,medium,10,0.5,1000,10,0.0,0.0,100,x_learner,h_y,frozen,1002,42,7eb6270ab1cc2b95a38ab756d0587a6d,0,2.0,10000,histgbr,,,,,,,105.06364935381687,10.250056065886511,1.17118644598091,0.264050405040504,0.1804467303759886,3.173888406530023,0.9545333701781601,0.17766620400278701,2.645812511444092,0.17812998462065052,2.645812511444092,0.206381395300968,1.3999717235565186,0.11689782888307611,1.3999717235565186,0.1542387723259934,1.507861614227295,0.22710676035488297,1.507861614227295,0.2841179840086829,raw_x_comparison_20260902_rawx/task2_seed1002/results.parquet,2,1002,
raw_x_comparison,surrogate_index,10,medium,10,0.5,1000,10,0.0,0.0,100,dml_learner,h_y,frozen,1002,42,7eb6270ab1cc2b95a38ab756d0587a6d,0,2.0,10000,histgbr,,,,,,,4365.951111887071,66.07534420558906,7.549865781189377,0.2405280528052805,0.19942110366219273,3.139246553629637,0.9441149810091555,0.15085170616266633,4.491482734680176,0.30239019091183367,4.491482734680176,0.3263702131080089,3.975602626800537,0.3319633587985643,3.975602626800537,0.360210507602818,0.9259884357452393,0.13946786083280893,0.9259884357452393,0.20294362660593185,raw_x_comparison_20260902_rawx/task2_seed1002/results.parquet,2,1002,
raw_x_comparison,raw_x,10,medium,10,0.5,1000,10,0.0,0.0,250,x_learner,h_y,frozen,1002,42,dd34b7e5891261e9fb24703963931ff3,0,2.0,10000,histgbr,,,,,,,92.51833779293354,9.618645320050716,1.0634159838308985,0.08076762828205251,0.07184940910460476,3.5022243758141993,0.9486545685694601,0.07460419985882348,1.8648773431777954,0.12481094527299674,1.8648773431777954,0.12493559371690803,0.9775031805038452,0.07696766894421407,0.9775031805038452,0.0771223292039568,0.19013087451457977,0.025750565486665655,0.19013087451457977,0.0260313179398112,raw_x_comparison_20260902_rawx/task2_seed1002/results.parquet,2,1002,
raw_x_comparison,raw_x,10,medium,10,0.5,1000,10,0.0,0.0,250,dml_learner,h_y,frozen,1002,42,dd34b7e5891261e9fb24703963931ff3,0,2.0,10000,histgbr,,,,,,,567.365565947219,23.819436726069302,2.6334238239920116,0.020918734699755196,0.02731903212287956,3.57423154348135,0.9681592950652629,0.03013176276835176,0.10290300101041794,0.006887005665291052,0.10290300101041794,0.007028449378170338,0.808645486831665,0.06367197505343317,0.808645486831665,0.06382886309588884,0.19573156535625458,0.026509100662277317,0.19573156535625458,0.026789634526010533,raw_x_comparison_20260902_rawx/task2_seed1002/results.parquet,2,1002,
raw_x_comparison,surrogate_index,10,medium,10,0.5,1000,10,0.0,0.0,250,x_learner,h_y,frozen,1002,42,7eb6270ab1cc2b95a38ab756d0587a6d,0,2.0,10000,histgbr,,,,,,,80.19435347208933,8.95513000866483,0.9900592101724052,0.5412201795228724,0.5283893114410235,1.6920535656511784,0.45832995635696905,0.5508440189514746,7.431768894195557,0.4973871896338268,7.431768894195557,0.4974587740582019,5.857782363891602,0.4612362012969337,5.857782363891602,0.4613264747860022,4.306974411010742,0.583319394618472,4.306974411010742,0.5834394707488704,raw_x_comparison_20260902_rawx/task2_seed1002/results.parquet,2,1002,
raw_x_comparison,surrogate_index,10,medium,10,0.5,1000,10,0.0,0.0,250,dml_learner,h_y,frozen,1002,42,7eb6270ab1cc2b95a38ab756d0587a6d,0,2.0,10000,histgbr,,,,,,,1187.0700122768803,34.453882397733935,3.809144430183348,0.31455517688283013,0.28606087579697914,2.346696930676699,0.6356545227964815,0.3249532340917533,5.425947189331055,0.3631432384436469,5.425947189331055,0.3632339425079786,4.500214576721191,0.3543426073974197,4.500214576721191,0.35445079162530096,2.827502965927124,0.38294569713486754,2.827502965927124,0.3831235155693632,raw_x_comparison_20260902_rawx/task2_seed1002/results.parquet,2,1002,
raw_x_comparison,raw_x,10,medium,10,0.5,1000,10,0.0,0.0,500,x_learner,h_y,frozen,1002,42,dd34b7e5891261e9fb24703963931ff3,0,2.0,10000,histgbr,,,,,,,88.49875411996415,9.407377643103532,1.0483694596821918,0.10225317701270804,0.08718099944261581,2.8894633074998852,0.7514465052371857,0.19366833241774525,0.2819603681564331,0.018614123677005087,0.2819603681564331,-0.01013519280231003,1.0734758377075195,0.084366660740524,1.0734758377075195,0.0522549374827738,1.750829815864563,0.22798202212615545,1.750829815864563,0.18206553313710103,raw_x_comparison_20260902_rawx/task2_seed1002/results.parquet,2,1002,
raw_x_comparison,raw_x,10,medium,10,0.5,1000,10,0.0,0.0,500,dml_learner,h_y,frozen,1002,42,dd34b7e5891261e9fb24703963931ff3,0,2.0,10000,histgbr,,,,,,,300.21570914636754,17.326733943428795,1.9309120343059696,-0.02559485437941752,-0.032250659665251945,3.8050951980650423,0.9895697520224996,0.05258343462302983,-0.3480229675769806,-0.02297536566317058,-0.3480229675769806,-0.0529430300116579,0.32434624433517456,0.02549103444817768,0.32434624433517456,-0.008685486733658125,0.200254887342453,0.02607592910704094,0.200254887342453,-0.03184911300206804,raw_x_comparison_20260902_rawx/task2_seed1002/results.parquet,2,1002,
raw_x_comparison,surrogate_index,10,medium,10,0.5,1000,10,0.0,0.0,500,x_learner,h_y,frozen,1002,42,7eb6270ab1cc2b95a38ab756d0587a6d,0,2.0,10000,histgbr,,,,,,,55.27139281290719,7.434473270710386,0.8285066276200908,0.6424262177048707,0.6450415374921208,1.147242629662156,0.29835695178447263,0.6800875072207612,8.931922912597656,0.5896570459729518,8.931922912597656,0.5776362091798023,7.361019134521484,0.578517542931306,7.361019134521484,0.5637359404720371,5.32429313659668,0.6932958901401413,5.32429313659668,0.675054377264933,raw_x_comparison_20260902_rawx/task2_seed1002/results.parquet,2,1002,
raw_x_comparison,surrogate_index,10,medium,10,0.5,1000,10,0.0,0.0,500,dml_learner,h_y,frozen,1002,42,7eb6270ab1cc2b95a38ab756d0587a6d,0,2.0,10000,histgbr,,,,,,,765.6438415268643,27.67026999374716,3.0836081109033695,0.33069137076548305,0.29867558431359936,2.377954008221626,0.6184211526254066,0.3838800765378563,5.733874320983887,0.3785320839841672,5.733874320983887,0.36032642377411617,4.293982028961182,0.337472826437272,4.293982028961182,0.3142376641337762,2.8467442989349365,0.3706850979270141,2.8467442989349365,0.33325600741378253,raw_x_comparison_20260902_rawx/task2_seed1002/results.parquet,2,1002,
raw_x_comparison,raw_x,10,medium,10,0.5,1000,10,0.0,0.0,750,x_learner,h_y,frozen,1002,42,dd34b7e5891261e9fb24703963931ff3,0,2.0,10000,histgbr,,,,,,,95.88614034845867,9.792146871266723,1.0557734020063536,-0.001603458850593512,0.010111224934711747,3.832752493493259,1.0242684247223104,0.02389790028041564,-0.5394903421401978,-0.03416541286040438,-0.5394903421401978,-0.03796550576666413,0.056404341012239456,0.0043279805023046635,0.056404341012239456,-0.00010839330805047558,-0.09821905195713043,-0.01312464767938794,-0.09821905195713043,-0.021011996640891508,raw_x_comparison_20260902_rawx/task2_seed1002/results.parquet,2,1002,
raw_x_comparison,raw_x,10,medium,10,0.5,1000,10,0.0,0.0,750,dml_learner,h_y,frozen,1002,42,dd34b7e5891261e9fb24703963931ff3,0,2.0,10000,histgbr,,,,,,,292.5422540283278,17.1038666396908,1.8441111747043637,-0.02320574436576776,-0.009658640564852482,3.8266442983075972,1.0226360648265604,-0.006551263439536794,0.8170190453529358,0.051741043015822,0.8170190453529358,0.04825661770926878,0.2675614058971405,0.02053034442226296,0.2675614058971405,0.016166162801256084,-0.14392207562923431,-0.019231773248477125,-0.14392207562923431,-0.027166667228873936,raw_x_comparison_20260902_rawx/task2_seed1002/results.parquet,2,1002,
raw_x_comparison,surrogate_index,10,medium,10,0.5,1000,10,0.0,0.0,750,x_learner,h_y,frozen,1002,42,7eb6270ab1cc2b95a38ab756d0587a6d,0,2.0,10000,histgbr,,,,,,,50.59219940996018,7.112819371385736,0.7668926543187329,0.688515968917278,0.6947400082120644,1.014455208202203,0.2711039754903603,0.7058305470913315,11.173553466796875,0.7076105677749324,11.173553466796875,0.706536168076928,9.285463333129883,0.7124860168463021,9.285463333129883,0.71120495292164,5.422903060913086,0.724642425840394,5.422903060913086,0.7224987199483651,raw_x_comparison_20260902_rawx/task2_seed1002/results.parquet,2,1002,
raw_x_comparison,surrogate_index,10,medium,10,0.5,1000,10,0.0,0.0,750,dml_learner,h_y,frozen,1002,42,7eb6270ab1cc2b95a38ab756d0587a6d,0,2.0,10000,histgbr,,,,,,,552.3778396088012,23.502719834283035,2.534025153222941,0.29510522152039376,0.32368028775758073,2.7175329328204194,0.7262360877610545,0.3203045021255077,5.465015411376953,0.3460942545837913,5.465015411376953,0.3436914449813645,4.90277099609375,0.3761961738681448,4.90277099609375,0.3734167174780307,2.036597490310669,0.272142970151248,2.036597490310669,0.26647647846964656,raw_x_comparison_20260902_rawx/task2_seed1002/results.parquet,2,1002,
raw_x_comparison,raw_x,10,medium,10,0.5,1000,10,0.0,0.0,50,x_learner,h_y,frozen,1003,42,dd34b7e5891261e9fb24703963931ff3,0,2.0,10000,histgbr,,,,,,,134.93732414975509,11.61625258634449,1.287648479887305,,,4.20601824760437,1.25975991703878,-0.05519788337584948,-0.9154039621353149,-0.06648054856338334,-0.9154039621353149,-0.003288405481312974,2.563983201980591,0.21595254689714297,2.563983201980591,0.26932565546123477,-0.8702144622802734,-0.13189564632171005,-0.8702144622802734,-0.0003941240708898904,raw_x_comparison_20260902_rawx/task3_seed1003/results.parquet,3,1003,
raw_x_comparison,raw_x,10,medium,10,0.5,1000,10,0.0,0.0,50,dml_learner,h_y,frozen,1003,42,dd34b7e5891261e9fb24703963931ff3,0,2.0,10000,histgbr,,,,,,,2053.18654467737,45.312101525722355,5.022795278977013,-0.20220888355342137,-0.1886218718914831,4.629903125464916,1.3867192279908291,-0.4227091379633752,-7.581883907318115,-0.5506288176059787,-7.581883907318115,-0.458749450240738,-3.2241382598876953,-0.27155438001053683,-3.2241382598876953,-0.1849948105599037,-2.5022058486938477,-0.37925140519802575,-2.5022058486938477,-0.219012552844871,raw_x_comparison_20260902_rawx/task3_seed1003/results.parquet,3,1003,
raw_x_comparison,surrogate_index,10,medium,10,0.5,1000,10,0.0,0.0,50,x_learner,h_y,frozen,1003,42,7eb6270ab1cc2b95a38ab756d0587a6d,0,2.0,10000,histgbr,,,,,,,148.04877973550524,12.167529730208397,1.3487569286763268,,,4.20601824760437,1.25975991703878,-0.23530228106499293,0.6664134860038757,0.04839779589355251,0.6664134860038757,0.10478305554044637,-2.5345869064331055,-0.21347663173205264,-2.5345869064331055,-0.13087063671337273,-1.4181231260299683,-0.21494042489406992,-1.4181231260299683,-0.07379091536391379,raw_x_comparison_20260902_rawx/task3_seed1003/results.parquet,3,1003,
raw_x_comparison,surrogate_index,10,medium,10,0.5,1000,10,0.0,0.0,50,dml_learner,h_y,frozen,1003,42,7eb6270ab1cc2b95a38ab756d0587a6d,0,2.0,10000,histgbr,,,,,,,3116.3507868327956,55.824284920030955,6.188058935854645,-0.03683073229291716,-0.015264161683325526,3.901576032340526,1.1685753150551044,-0.20497049141116938,-5.59853982925415,-0.40658989298513515,-5.59853982925415,-0.3232452601223558,-1.3659751415252686,-0.11504982192656349,-1.3659751415252686,-0.03914411626482946,-0.5630366802215576,-0.08533768405326093,-0.5630366802215576,0.040754821093294154,raw_x_comparison_20260902_rawx/task3_seed1003/results.parquet,3,1003,
raw_x_comparison,raw_x,10,medium,10,0.5,1000,10,0.0,0.0,100,x_learner,h_y,frozen,1003,42,dd34b7e5891261e9fb24703963931ff3,0,2.0,10000,histgbr,,,,,,,117.43420077665513,10.836706177462556,1.1091251248267566,0.10922292229222921,0.15475390208591971,3.3206559264659883,0.8175479161162342,0.18213260375991158,2.539416551589966,0.1460794166459479,2.539416551589966,0.13649092600282509,2.3718597888946533,0.17305460880160978,2.3718597888946533,0.16124163377429698,1.9148080348968506,0.23598935626425774,1.9148080348968506,0.21737055918514042,raw_x_comparison_20260902_rawx/task3_seed1003/results.parquet,3,1003,
raw_x_comparison,raw_x,10,medium,10,0.5,1000,10,0.0,0.0,100,dml_learner,h_y,frozen,1003,42,dd34b7e5891261e9fb24703963931ff3,0,2.0,10000,histgbr,,,,,,,1137.7850208984626,33.73106907434839,3.452338338325855,-0.035283528352835276,0.014733470784901379,4.198471448272467,1.0336667391679009,0.016906857100584795,4.17732048034668,0.24029950443937442,4.17732048034668,0.23176899090537922,1.3888453245162964,0.10133233230962603,1.3888453245162964,0.08849479934883953,-0.13981790840625763,-0.017231773419409707,-0.13981790840625763,-0.042021522262591426,raw_x_comparison_20260902_rawx/task3_seed1003/results.parquet,3,1003,
raw_x_comparison,surrogate_index,10,medium,10,0.5,1000,10,0.0,0.0,100,x_learner,h_y,frozen,1003,42,7eb6270ab1cc2b95a38ab756d0587a6d,0,2.0,10000,histgbr,,,,,,,160.02987025459998,12.650291311056833,1.2947435964122527,0.10922292229222921,0.1627224853045902,3.9243994337320327,0.9661900088726988,0.1680947032639007,4.100507736206055,0.2358808670763898,4.100507736206055,0.2273007376134239,2.8136281967163086,0.20528672444117474,2.8136281967163086,0.19393418752885747,1.0607972145080566,0.13073731006782593,1.0607972145080566,0.10955354022771255,raw_x_comparison_20260902_rawx/task3_seed1003/results.parquet,3,1003,
raw_x_comparison,surrogate_index,10,medium,10,0.5,1000,10,0.0,0.0,100,dml_learner,h_y,frozen,1003,42,7eb6270ab1cc2b95a38ab756d0587a6d,0,2.0,10000,histgbr,,,,,,,1997.583206926923,44.69433081417511,4.574416287710742,0.12633663366336634,0.16568552267807496,3.2528027449548245,0.800842413235258,0.1719980897559271,3.4523491859436035,0.19859567932050942,3.4523491859436035,0.18959688250030507,1.0732622146606445,0.07830689384308144,1.0732622146606445,0.06514044081998703,1.465000033378601,0.18055304161221367,1.465000033378601,0.16058327187089153,raw_x_comparison_20260902_rawx/task3_seed1003/results.parquet,3,1003,
raw_x_comparison,raw_x,10,medium,10,0.5,1000,10,0.0,0.0,250,x_learner,h_y,frozen,1003,42,dd34b7e5891261e9fb24703963931ff3,0,2.0,10000,histgbr,,,,,,,126.07328578950305,11.228236094307201,1.1598849155546282,-0.14869524312388996,-0.18399182302205025,4.961347123861312,1.320715937197678,-0.24545443859945668,2.439438819885254,0.14720190936742825,2.439438819885254,0.1637473061295061,0.4882282018661499,0.0371691657418138,0.4882282018661499,0.06061784576592792,-1.890894889831543,-0.2516791221205688,-1.890894889831543,-0.19933863386785428,raw_x_comparison_20260902_rawx/task3_seed1003/results.parquet,3,1003,
raw_x_comparison,raw_x,10,medium,10,0.5,1000,10,0.0,0.0,250,dml_learner,h_y,frozen,1003,42,dd34b7e5891261e9fb24703963931ff3,0,2.0,10000,histgbr,,,,,,,697.3384851122534,26.40716730571936,2.7278794962247463,-0.06021331541304661,-0.01867078727866021,3.9492559216618535,1.0512961713010984,-0.09730948144324246,-0.8863101005554199,-0.05348219353971419,-0.8863101005554199,-0.03304326307615088,-2.1836934089660645,-0.16624615689328429,-2.1836934089660645,-0.13784352167500852,-0.5502889156341553,-0.07324374926615956,-0.5502889156341553,-0.028364753636995674,raw_x_comparison_20260902_rawx/task3_seed1003/results.parquet,3,1003,
raw_x_comparison,surrogate_index,10,medium,10,0.5,1000,10,0.0,0.0,250,x_learner,h_y,frozen,1003,42,7eb6270ab1cc2b95a38ab756d0587a6d,0,2.0,10000,histgbr,,,,,,,93.25424462910343,9.6568237339771,0.997556881342106,0.4377842845485528,0.43379892464899855,2.1868121026754377,0.5821317322808937,0.4093696321540823,4.758462905883789,0.2871376890825746,4.758462905883789,0.3009681489539279,4.381818771362305,0.33359102882796515,4.381818771362305,0.3498206822356186,3.09824538230896,0.4123781190201921,3.09824538230896,0.43695024426771945,raw_x_comparison_20260902_rawx/task3_seed1003/results.parquet,3,1003,
raw_x_comparison,surrogate_index,10,medium,10,0.5,1000,10,0.0,0.0,250,dml_learner,h_y,frozen,1003,42,7eb6270ab1cc2b95a38ab756d0587a6d,0,2.0,10000,histgbr,,,,,,,1283.2062294492687,35.82186803405524,3.700424895835151,0.18952200835213362,0.19318707468462315,2.9924310698509213,0.7965883672823386,0.15529815909533903,5.305999279022217,0.32017741892416346,5.305999279022217,0.33336686488478506,3.257948637008667,0.2480299835290759,3.257948637008667,0.26634338155972753,1.4480711221694946,0.19273904158058916,1.4480711221694946,0.2264956425850407,raw_x_comparison_20260902_rawx/task3_seed1003/results.parquet,3,1003,
raw_x_comparison,raw_x,10,medium,10,0.5,1000,10,0.0,0.0,500,x_learner,h_y,frozen,1003,42,dd34b7e5891261e9fb24703963931ff3,0,2.0,10000,histgbr,,,,,,,110.62225284079369,10.5177113879776,1.1293833968833515,-0.1480687842751371,-0.14813123112285528,4.5114833860695365,1.179359165418023,-0.14361110531792518,-0.0803852453827858,-0.00491325644018677,-0.0803852453827858,-0.008302117681863423,-0.9227607250213623,-0.07002563039258683,-0.9227607250213623,-0.0745094505223572,-0.8734396696090698,-0.11418625754660619,-0.8734396696090698,-0.12225381438726692,raw_x_comparison_20260902_rawx/task3_seed1003/results.parquet,3,1003,
raw_x_comparison,raw_x,10,medium,10,0.5,1000,10,0.0,0.0,500,dml_learner,h_y,frozen,1003,42,dd34b7e5891261e9fb24703963931ff3,0,2.0,10000,histgbr,,,,,,,383.8292067371484,19.591559578990857,2.103725923954815,-0.07449562598250392,-0.060163120194465784,4.161681905329227,1.0879166071539903,-0.05805516664983594,-0.5481920838356018,-0.03350625196874077,-0.5481920838356018,-0.036991537149209316,-1.0760035514831543,-0.08165478325437595,-1.0760035514831543,-0.08618733402032253,-0.5185812711715698,-0.06779501395367857,-0.5185812711715698,-0.0755266628686582,raw_x_comparison_20260902_rawx/task3_seed1003/results.parquet,3,1003,
raw_x_comparison,surrogate_index,10,medium,10,0.5,1000,10,0.0,0.0,500,x_learner,h_y,frozen,1003,42,7eb6270ab1cc2b95a38ab756d0587a6d,0,2.0,10000,histgbr,,,,,,,65.48612924675723,8.0923500447495,0.8689500448505553,0.5697314629258518,0.5781061495500183,1.550540093332529,0.4053309109075482,0.5850313161337911,9.76419448852539,0.5968009580058705,9.76419448852539,0.5954412529792542,7.916100978851318,0.6007299034997445,7.916100978851318,0.5990568077859098,4.432186603546143,0.5794273132037306,4.432186603546143,0.5763820467293177,raw_x_comparison_20260902_rawx/task3_seed1003/results.parquet,3,1003,
raw_x_comparison,surrogate_index,10,medium,10,0.5,1000,10,0.0,0.0,500,dml_learner,h_y,frozen,1003,42,7eb6270ab1cc2b95a38ab756d0587a6d,0,2.0,10000,histgbr,,,,,,,865.2853877863381,29.415733677512417,3.158637844017985,0.27486023544094174,0.24041137331335397,2.5403880892694,0.6640897727895273,0.2942221019678782,3.6899726390838623,0.2255361882240915,3.6899726390838623,0.22292446987129977,3.9636776447296143,0.30079198021650677,3.9636776447296143,0.297862028909778,2.572333812713623,0.3362855861193314,2.572333812713623,0.3314797884138933,raw_x_comparison_20260902_rawx/task3_seed1003/results.parquet,3,1003,
raw_x_comparison,raw_x,10,medium,10,0.5,1000,10,0.0,0.0,750,x_learner,h_y,frozen,1003,42,dd34b7e5891261e9fb24703963931ff3,0,2.0,10000,histgbr,,,,,,,99.55141960952503,9.97754577085593,1.0563833833785123,-0.01985034640061582,-0.01723575769255426,3.7311514290521544,1.0298134894195086,-0.09652309410060797,0.0909704715013504,0.005729209835690437,0.0909704715013504,0.02871891173213186,-0.8946281671524048,-0.07041323126998862,-0.8946281671524048,-0.03965955900467714,-0.1426498293876648,-0.019690381937300314,-0.1426498293876648,0.030599459386891535,raw_x_comparison_20260902_rawx/task3_seed1003/results.parquet,3,1003,
raw_x_comparison,raw_x,10,medium,10,0.5,1000,10,0.0,0.0,750,dml_learner,h_y,frozen,1003,42,dd34b7e5891261e9fb24703963931ff3,0,2.0,10000,histgbr,,,,,,,274.2954410309221,16.56186707563257,1.753505479025334,-0.03701759469794613,-0.0456151369399061,3.8245247811029355,1.055584927358343,-0.11077672474253018,-1.771356463432312,-0.1115578792252339,-1.771356463432312,-0.08585624488494946,-0.2965452969074249,-0.0233401018879532,-0.2965452969074249,0.006061128580838137,-0.4355631470680237,-0.060122081886790614,-0.4355631470680237,-0.007838200203932102,raw_x_comparison_20260902_rawx/task3_seed1003/results.parquet,3,1003,
raw_x_comparison,surrogate_index,10,medium,10,0.5,1000,10,0.0,0.0,750,x_learner,h_y,frozen,1003,42,7eb6270ab1cc2b95a38ab756d0587a6d,0,2.0,10000,histgbr,,,,,,,56.89917102890195,7.543153917884876,0.7986395292112528,0.6452343986389307,0.6462366412325498,1.301273193935553,0.35915687530143103,0.6329620358828397,11.050796508789062,0.6959657458676358,11.050796508789062,0.7029956786967546,8.183317184448242,0.6440818952731063,8.183317184448242,0.6543076552191742,4.594662666320801,0.6342150086071843,4.594662666320801,0.6522550622369602,raw_x_comparison_20260902_rawx/task3_seed1003/results.parquet,3,1003,
raw_x_comparison,surrogate_index,10,medium,10,0.5,1000,10,0.0,0.0,750,dml_learner,h_y,frozen,1003,42,7eb6270ab1cc2b95a38ab756d0587a6d,0,2.0,10000,histgbr,,,,,,,562.5462207201256,23.71805684958457,2.5111747635489583,0.3369626328224583,0.33867050512548535,2.393872401808699,0.6607188526674019,0.29765631142716253,5.559238910675049,0.35011411637588014,5.559238910675049,0.3651408906500745,4.3494038581848145,0.3423272271068298,4.3494038581848145,0.36122259603960943,2.4437708854675293,0.3373209930124961,2.4437708854675293,0.3700034843849838,raw_x_comparison_20260902_rawx/task3_seed1003/results.parquet,3,1003,
raw_x_comparison,raw_x,10,medium,10,0.5,1000,10,0.0,0.0,50,x_learner,h_y,frozen,1004,42,dd34b7e5891261e9fb24703963931ff3,0,2.0,10000,histgbr,,,,,,,108.7546162593859,10.42854813765492,1.0143163328371707,,,4.140398113131523,1.0,-0.011898126418791101,2.0215325355529785,0.1053777576938029,2.0215325355529785,0.10131925389838026,2.046225070953369,0.14045832164277952,2.046225070953369,0.1353161839065475,-0.23442351818084717,-0.02835024065498384,-0.23442351818084717,-0.03923861763081712,raw_x_comparison_20260902_rawx/task4_seed1004/results.parquet,4,1004,
raw_x_comparison,raw_x,10,medium,10,0.5,1000,10,0.0,0.0,50,dml_learner,h_y,frozen,1004,42,dd34b7e5891261e9fb24703963931ff3,0,2.0,10000,histgbr,,,,,,,1143.6206063683194,33.81746008156614,3.289202067538715,-0.0683313325330132,-0.04203141384427718,4.622328640222549,1.1163971468257012,-0.03765396102853888,0.12405143678188324,0.006466510935078054,0.12405143678188324,0.0019592907413849598,-1.9175522327423096,-0.13162587639875867,-1.9175522327423096,-0.13839573557934906,-0.9638611078262329,-0.11656549896061405,-0.9638611078262329,-0.1283879166450297,raw_x_comparison_20260902_rawx/task4_seed1004/results.parquet,4,1004,
raw_x_comparison,surrogate_index,10,medium,10,0.5,1000,10,0.0,0.0,50,x_learner,h_y,frozen,1004,42,7eb6270ab1cc2b95a38ab756d0587a6d,0,2.0,10000,histgbr,,,,,,,106.40994892844213,10.315519808930723,1.003322810212072,,,4.140398113131523,1.0,-0.13086640495607907,-4.932305335998535,-0.2571095282552693,-4.932305335998535,-0.2628124758798822,-3.5715110301971436,-0.24515799955302042,-3.5715110301971436,-0.2526070553676377,-0.6901471018791199,-0.08346362420223784,-0.6901471018791199,-0.09493555264988676,raw_x_comparison_20260902_rawx/task4_seed1004/results.parquet,4,1004,
raw_x_comparison,surrogate_index,10,medium,10,0.5,1000,10,0.0,0.0,50,dml_learner,h_y,frozen,1004,42,7eb6270ab1cc2b95a38ab756d0587a6d,0,2.0,10000,histgbr,,,,,,,1487.9609201354333,38.57409649149845,3.751848826826461,0.2270828331332533,0.21641850861503592,3.4459572279453274,0.8322767844512985,0.2348621696622559,6.998480319976807,0.3648143922559374,6.998480319976807,0.3619328372510209,1.6623700857162476,0.11410949631268041,1.6623700857162476,0.10880972888559472,1.3888816833496094,0.16796578376528054,1.3888816833496094,0.15915603992024058,raw_x_comparison_20260902_rawx/task4_seed1004/results.parquet,4,1004,
raw_x_comparison,raw_x,10,medium,10,0.5,1000,10,0.0,0.0,100,x_learner,h_y,frozen,1004,42,dd34b7e5891261e9fb24703963931ff3,0,2.0,10000,histgbr,,,,,,,134.34890147027653,11.590897353970336,1.2895110329772146,-0.1315091509150915,-0.1844063172478833,4.303449182361365,1.1390396741381155,-0.10710906555133073,-0.03330998495221138,-0.002041989504608384,-0.03330998495221138,-0.025317803067711524,-0.7970207929611206,-0.06285825821186562,-0.7970207929611206,-0.09483306270557851,-0.8531471490859985,-0.11294356682597122,-0.8531471490859985,-0.17031665725459108,raw_x_comparison_20260902_rawx/task4_seed1004/results.parquet,4,1004,
raw_x_comparison,raw_x,10,medium,10,0.5,1000,10,0.0,0.0,100,dml_learner,h_y,frozen,1004,42,dd34b7e5891261e9fb24703963931ff3,0,2.0,10000,histgbr,,,,,,,856.9023385668719,29.27289426358234,3.2566693472731663,0.002304230423042304,0.061295440257498765,3.2860913829505445,0.869764762963978,0.097637042780527,-0.8697231411933899,-0.05331631127362713,-0.8697231411933899,-0.07778314434147204,0.4158955514431,0.032800235819006894,0.4158955514431,0.003703201358285983,0.9533528685569763,0.12620926358829382,0.9533528685569763,0.0811646841233961,raw_x_comparison_20260902_rawx/task4_seed1004/results.parquet,4,1004,
raw_x_comparison,surrogate_index,10,medium,10,0.5,1000,10,0.0,0.0,100,x_learner,h_y,frozen,1004,42,7eb6270ab1cc2b95a38ab756d0587a6d,0,2.0,10000,histgbr,,,,,,,93.17412132743027,9.652674309611315,1.0738797557995667,0.2877047704770477,0.3170307838958604,2.5936741158366203,0.6864953191109702,0.35851515440288256,10.120800971984863,0.6204316631386353,10.120800971984863,0.6116149050229299,6.438738822937012,0.5078009395304213,6.438738822937012,0.49299372642471406,2.716104745864868,0.3595705127768103,2.716104745864868,0.32655588384247886,raw_x_comparison_20260902_rawx/task4_seed1004/results.parquet,4,1004,
raw_x_comparison,surrogate_index,10,medium,10,0.5,1000,10,0.0,0.0,100,dml_learner,h_y,frozen,1004,42,7eb6270ab1cc2b95a38ab756d0587a6d,0,2.0,10000,histgbr,,,,,,,1922.4355644639386,43.84558774225679,4.877911296629997,0.16999699969996995,0.1993360344270224,2.8593186579644683,0.7568062859377802,0.2499352308552546,2.573176860809326,0.15774249525516412,2.573176860809326,0.13817821665416735,3.657036542892456,0.28841775438420203,3.657036542892456,0.2670106636371808,1.4852018356323242,0.19661789053916848,1.4852018356323242,0.15520292953958792,raw_x_comparison_20260902_rawx/task4_seed1004/results.parquet,4,1004,
raw_x_comparison,raw_x,10,medium,10,0.5,1000,10,0.0,0.0,250,x_learner,h_y,frozen,1004,42,dd34b7e5891261e9fb24703963931ff3,0,2.0,10000,histgbr,,,,,,,103.91955078989557,10.194093917062741,1.1289627349874027,-0.08042586281380501,-0.1024677983371411,3.7294367508888246,0.9940694059510718,-0.023783384955176293,0.694841742515564,0.041821122171656885,0.694841742515564,0.01892844547406139,-1.2890396118164062,-0.09993667341336956,-1.2890396118164062,-0.13402189934803857,0.023722415789961815,0.003167141448774215,0.023722415789961815,-0.05124536746381095,raw_x_comparison_20260902_rawx/task4_seed1004/results.parquet,4,1004,
raw_x_comparison,raw_x,10,medium,10,0.5,1000,10,0.0,0.0,250,dml_learner,h_y,frozen,1004,42,dd34b7e5891261e9fb24703963931ff3,0,2.0,10000,histgbr,,,,,,,475.46148462187756,21.805079330786153,2.4148415933953484,-0.0952976527624442,-0.03467840353868444,4.076580950975418,1.0865995792211232,0.012197538432503225,-0.41242438554763794,-0.024822991422643183,-0.41242438554763794,-0.049307920028118304,0.17167669534683228,0.013309752220404618,0.17167669534683228,-0.017266153498544816,-0.6495953798294067,-0.08672643084101576,-0.6495953798294067,-0.1460458153260126,raw_x_comparison_20260902_rawx/task4_seed1004/results.parquet,4,1004,
raw_x_comparison,surrogate_index,10,medium,10,0.5,1000,10,0.0,0.0,250,x_learner,h_y,frozen,1004,42,7eb6270ab1cc2b95a38ab756d0587a6d,0,2.0,10000,histgbr,,,,,,,82.83641569220708,9.101451295931165,1.0079561195929925,0.480652426438823,0.47118516805489524,1.686893643856049,0.44963609104001395,0.5144161158890551,8.98505973815918,0.5407926122411588,8.98505973815918,0.5298212930977683,5.553086757659912,0.4305197549006017,5.553086757659912,0.4128725000279124,4.2152838706970215,0.562775746932283,4.2152838706970215,0.5389096911910808,raw_x_comparison_20260902_rawx/task4_seed1004/results.parquet,4,1004,
raw_x_comparison,surrogate_index,10,medium,10,0.5,1000,10,0.0,0.0,250,dml_learner,h_y,frozen,1004,42,7eb6270ab1cc2b95a38ab756d0587a6d,0,2.0,10000,histgbr,,,,,,,1378.3778052848568,37.12651081484573,4.111640282213975,0.20105371285940574,0.28182964743360817,2.789126435697079,0.7434327069349129,0.29925361143451124,3.0746405124664307,0.18505640729105177,3.0746405124664307,0.16558588813606248,3.5707013607025146,0.27682936386909546,3.5707013607025146,0.2544194969034391,1.9251199960708618,0.25701966390792674,1.9251199960708618,0.21646379357050455,raw_x_comparison_20260902_rawx/task4_seed1004/results.parquet,4,1004,
raw_x_comparison,raw_x,10,medium,10,0.5,1000,10,0.0,0.0,500,x_learner,h_y,frozen,1004,42,dd34b7e5891261e9fb24703963931ff3,0,2.0,10000,histgbr,,,,,,,107.42645369787303,10.364673352203292,1.1226957932391781,-0.13955892623570493,-0.17471612871085726,3.9497581139374525,1.0208982886919056,-0.06633631349133146,-3.2557268142700195,-0.1948274362524945,-3.2557268142700195,-0.22504235331099226,-2.529505729675293,-0.19102194090602617,-2.529505729675293,-0.2292839654686896,-0.5960061550140381,-0.07715078684000061,-0.5960061550140381,-0.13785881643564352,raw_x_comparison_20260902_rawx/task4_seed1004/results.parquet,4,1004,
raw_x_comparison,raw_x,10,medium,10,0.5,1000,10,0.0,0.0,500,dml_learner,h_y,frozen,1004,42,dd34b7e5891261e9fb24703963931ff3,0,2.0,10000,histgbr,,,,,,,358.97468935860815,18.94662738744308,2.0522883974371227,-0.04567717470869884,-0.08026401491248798,3.6617539062369615,0.9464575269298156,0.04857539883850848,-1.9584704637527466,-0.11719772609813812,-1.9584704637527466,-0.14544953519441345,-0.5950555801391602,-0.044937107883023124,-0.5950555801391602,-0.07850610263877408,0.4588468670845032,0.059396025589374644,0.4588468670845032,0.006383750414959793,raw_x_comparison_20260902_rawx/task4_seed1004/results.parquet,4,1004,
raw_x_comparison,surrogate_index,10,medium,10,0.5,1000,10,0.0,0.0,500,x_learner,h_y,frozen,1004,42,7eb6270ab1cc2b95a38ab756d0587a6d,0,2.0,10000,histgbr,,,,,,,64.55536232399065,8.034635170559435,0.8703073217720926,0.6474295657182628,0.6444834664091043,1.1840293793678285,0.30603736540021875,0.6872312506308671,9.951106071472168,0.5954886863614968,9.951106071472168,0.5852593633480031,9.413135528564453,0.710856432378461,9.413135528564453,0.7015675873064251,5.349135875701904,0.6924258050904815,5.349135875701904,0.6750909773620433,raw_x_comparison_20260902_rawx/task4_seed1004/results.parquet,4,1004,
raw_x_comparison,surrogate_index,10,medium,10,0.5,1000,10,0.0,0.0,500,dml_learner,h_y,frozen,1004,42,7eb6270ab1cc2b95a38ab756d0587a6d,0,2.0,10000,histgbr,,,,,,,696.131440051776,26.384302910097436,2.857933374081464,0.31025980103920414,0.3018084126809665,2.3740499125588688,0.6136232708651631,0.3764858877213256,6.251556873321533,0.3741022719957486,6.251556873321533,0.3582745069436961,4.274828910827637,0.32282437869484976,4.274828910827637,0.30106985901244626,3.058969497680664,0.3959722591456559,3.058969497680664,0.36192936151574245,raw_x_comparison_20260902_rawx/task4_seed1004/results.parquet,4,1004,
raw_x_comparison,raw_x,10,medium,10,0.5,1000,10,0.0,0.0,750,x_learner,h_y,frozen,1004,42,dd34b7e5891261e9fb24703963931ff3,0,2.0,10000,histgbr,,,,,,,88.75142836417479,9.420797650102394,1.0228684171714193,0.09450633690015448,0.09513178035065756,3.1794408556669946,0.8122808052799465,0.18567233353180454,1.3272995948791504,0.07945377752603189,1.3272995948791504,0.04847466835319167,1.4498775005340576,0.1088806597925268,1.4498775005340576,0.07093441638643978,1.094486117362976,0.1401751762400869,1.094486117362976,0.07579818857423894,raw_x_comparison_20260902_rawx/task4_seed1004/results.parquet,4,1004,
raw_x_comparison,raw_x,10,medium,10,0.5,1000,10,0.0,0.0,750,dml_learner,h_y,frozen,1004,42,dd34b7e5891261e9fb24703963931ff3,0,2.0,10000,histgbr,,,,,,,268.6365615955712,16.390136106682313,1.7795682700481366,0.003492628431339433,0.01078468127890217,3.6512074675075707,0.9328073320392135,0.1113811873776869,-0.8190782070159912,-0.04903102350648652,-0.8190782070159912,-0.08433402710316118,0.3323172628879547,0.02495584822190787,0.3323172628879547,-0.016564137986043632,0.5510079860687256,0.07056977729692282,0.5510079860687256,0.0009812793496600035,raw_x_comparison_20260902_rawx/task4_seed1004/results.parquet,4,1004,
raw_x_comparison,surrogate_index,10,medium,10,0.5,1000,10,0.0,0.0,750,x_learner,h_y,frozen,1004,42,7eb6270ab1cc2b95a38ab756d0587a6d,0,2.0,10000,histgbr,,,,,,,55.48831597544437,7.449047991216352,0.8087845861041922,0.7028765135582462,0.7001110836176174,0.8631481145868696,0.22051633523637498,0.7442901201187184,11.716300010681152,0.7013520519921981,11.716300010681152,0.6913016632559171,9.29662799835205,0.6981438017580106,9.29662799835205,0.6852899579962314,6.0991339683532715,0.7811402678964133,6.0991339683532715,0.7647537553361321,raw_x_comparison_20260902_rawx/task4_seed1004/results.parquet,4,1004,
raw_x_comparison,surrogate_index,10,medium,10,0.5,1000,10,0.0,0.0,750,dml_learner,h_y,frozen,1004,42,7eb6270ab1cc2b95a38ab756d0587a6d,0,2.0,10000,histgbr,,,,,,,577.7304119549768,24.036023214229445,2.609724774203928,0.3634994408878949,0.377587181608257,2.1804039354485765,0.5570477152814299,0.4453845483907325,6.102835178375244,0.3653231797940969,6.102835178375244,0.3439644234137938,5.0513410568237305,0.3793378039878949,5.0513410568237305,0.3529083486947931,3.5592875480651855,0.4558520673987871,3.5592875480651855,0.4151105072839253,raw_x_comparison_20260902_rawx/task4_seed1004/results.parquet,4,1004,
raw_x_comparison,raw_x,10,medium,10,0.5,1000,10,0.0,0.0,50,x_learner,h_y,frozen,1005,42,dd34b7e5891261e9fb24703963931ff3,0,2.0,10000,histgbr,,,,,,,114.81469846147775,10.715162082837466,1.067720956866175,,,3.0923350644111633,0.5671121370385492,0.27706613029921534,10.931319236755371,0.6067105442426401,10.931319236755371,0.5474181375227823,7.274496555328369,0.47734351542677145,7.274496555328369,0.3815527311391877,1.6809930801391602,0.16048845186304286,1.6809930801391602,-0.08373976560974539,raw_x_comparison_20260902_rawx/task5_seed1005/results.parquet,5,1005,
raw_x_comparison,raw_x,10,medium,10,0.5,1000,10,0.0,0.0,50,dml_learner,h_y,frozen,1005,42,dd34b7e5891261e9fb24703963931ff3,0,2.0,10000,histgbr,,,,,,,907.2477171864665,30.12055306906675,3.0013867728378796,0.1714765906362545,0.12197774818838658,2.9602637428045275,0.5428912011186874,0.4119204780177776,-1.650373101234436,-0.09159907791244451,-1.650373101234436,-0.256168800174558,3.2589645385742188,0.21384924409026435,3.2589645385742188,0.06976608488415409,3.473330020904541,0.33160716986309874,3.473330020904541,0.13716030389896716,raw_x_comparison_20260902_rawx/task5_seed1005/results.parquet,5,1005,
raw_x_comparison,surrogate_index,10,medium,10,0.5,1000,10,0.0,0.0,50,x_learner,h_y,frozen,1005,42,7eb6270ab1cc2b95a38ab756d0587a6d,0,2.0,10000,histgbr,,,,,,,202.18563525176094,14.219199529219672,1.4168835907323143,,,3.0923350644111633,0.5671121370385492,0.29334874993455323,2.8224222660064697,0.15665020040157596,2.8224222660064697,0.029506595118268943,3.473827838897705,0.2279483095489573,3.473827838897705,0.08644918130366631,2.3865115642547607,0.22784599819339424,2.3865115642547607,0.003213238948797893,raw_x_comparison_20260902_rawx/task5_seed1005/results.parquet,5,1005,
raw_x_comparison,surrogate_index,10,medium,10,0.5,1000,10,0.0,0.0,50,dml_learner,h_y,frozen,1005,42,7eb6270ab1cc2b95a38ab756d0587a6d,0,2.0,10000,histgbr,,,,,,,1749.430928160508,41.826199064228966,4.167805296987879,0.41061224489795917,0.44156550901872993,2.905786609053612,0.5329004843633219,0.6110741399915085,9.78662395477295,0.5431776181170943,9.78662395477295,0.4743069731790661,9.135843276977539,0.5994827976138402,9.135843276977539,0.526077304580368,6.277751922607422,0.5993520729758745,6.277751922607422,0.4827967626071042,raw_x_comparison_20260902_rawx/task5_seed1005/results.parquet,5,1005,
raw_x_comparison,raw_x,10,medium,10,0.5,1000,10,0.0,0.0,100,x_learner,h_y,frozen,1005,42,dd34b7e5891261e9fb24703963931ff3,0,2.0,10000,histgbr,,,,,,,105.55075063119985,10.273789497123243,1.0747758453625513,-0.11657965796579656,-0.13060133116488376,3.7536243951320643,0.8305455736086851,0.12430773108671134,-1.7482627630233765,-0.09679492855644804,-1.7482627630233765,-0.18552318435990134,-1.122793197631836,-0.0772179566539913,-1.122793197631836,-0.18762698444262063,1.678163766860962,0.18850154170685546,1.678163766860962,0.04322464934101775,raw_x_comparison_20260902_rawx/task5_seed1005/results.parquet,5,1005,
raw_x_comparison,raw_x,10,medium,10,0.5,1000,10,0.0,0.0,100,dml_learner,h_y,frozen,1005,42,dd34b7e5891261e9fb24703963931ff3,0,2.0,10000,histgbr,,,,,,,1800.835539129581,42.43625265182567,4.439399827167553,0.0983138313831383,0.0767220660925233,3.2725236696004862,0.7240948380027533,0.3153525003769176,2.5842161178588867,0.14307861483590253,2.5842161178588867,0.07375559201124292,5.324204444885254,0.3661619868282681,5.324204444885254,0.30119701072710775,2.6612296104431152,0.2989254650294351,2.6612296104431152,0.1734169952147502,raw_x_comparison_20260902_rawx/task5_seed1005/results.parquet,5,1005,
raw_x_comparison,surrogate_index,10,medium,10,0.5,1000,10,0.0,0.0,100,x_learner,h_y,frozen,1005,42,7eb6270ab1cc2b95a38ab756d0587a6d,0,2.0,10000,histgbr,,,,,,,98.22628216920701,9.910917322286924,1.036814560621662,0.4220222022202219,0.33781152740656994,2.7083668160438537,0.5992666910655904,0.542660952862109,7.1912994384765625,0.39815600383296407,7.1912994384765625,0.34946817108015876,7.748650550842285,0.532898634961324,7.748650550842285,0.4850232655673219,5.482870101928711,0.6158692540032745,5.482870101928711,0.5471010136323037,raw_x_comparison_20260902_rawx/task5_seed1005/results.parquet,5,1005,
raw_x_comparison,surrogate_index,10,medium,10,0.5,1000,10,0.0,0.0,100,dml_learner,h_y,frozen,1005,42,7eb6270ab1cc2b95a38ab756d0587a6d,0,2.0,10000,histgbr,,,,,,,3633.12811124444,60.27543538826111,6.305617030809703,0.34111011101110106,0.26532921472017545,2.075020140707492,0.45912926057505654,0.5055651969539262,6.67542028427124,0.36959365786804155,6.67542028427124,0.3185951952307073,6.8179168701171875,0.468889204581602,6.8179168701171875,0.4144532139745254,4.649696350097656,0.5222821203568293,4.649696350097656,0.4367596301131243,raw_x_comparison_20260902_rawx/task5_seed1005/results.parquet,5,1005,
raw_x_comparison,raw_x,10,medium,10,0.5,1000,10,0.0,0.0,250,x_learner,h_y,frozen,1005,42,dd34b7e5891261e9fb24703963931ff3,0,2.0,10000,histgbr,,,,,,,114.03222238951072,10.678587097060674,1.0931920287828008,-0.031942015072241155,-0.010566203980341419,4.0453854020237925,1.0347670606323272,-0.006123133934908154,1.3378427028656006,0.08050255240703724,1.3378427028656006,0.07591700024356154,0.2895655930042267,0.022009851158253244,0.2895655930042267,0.01584089726594891,0.1568484902381897,0.020066970097611814,0.1568484902381897,0.009617835270906018,raw_x_comparison_20260902_rawx/task5_seed1005/results.parquet,5,1005,
raw_x_comparison,raw_x,10,medium,10,0.5,1000,10,0.0,0.0,250,dml_learner,h_y,frozen,1005,42,dd34b7e5891261e9fb24703963931ff3,0,2.0,10000,histgbr,,,,,,,689.138564431628,26.251448806335013,2.687422438777918,0.10589161426582826,0.09915638273800959,3.2378290650844574,0.8282026386982189,0.14114031207223385,2.5841143131256104,0.15549496026145904,2.5841143131256104,0.15128339673599564,2.4688239097595215,0.18765505330238164,2.4688239097595215,0.182530954121261,1.1089222431182861,0.14187391577335787,1.1089222431182861,0.1327236219483906,raw_x_comparison_20260902_rawx/task5_seed1005/results.parquet,5,1005,
raw_x_comparison,surrogate_index,10,medium,10,0.5,1000,10,0.0,0.0,250,x_learner,h_y,frozen,1005,42,7eb6270ab1cc2b95a38ab756d0587a6d,0,2.0,10000,histgbr,,,,,,,90.28151217296373,9.501658390668638,0.9727070743052958,0.5075735611769788,0.5107464219354886,1.8550752725601196,0.47450875411733107,0.5304353652998515,8.213299751281738,0.49422222227323187,8.213299751281738,0.4916998983788434,6.594857215881348,0.5012744236134509,6.594857215881348,0.49812856873006045,4.643430233001709,0.5940737809748102,4.643430233001709,0.5897453445787928,raw_x_comparison_20260902_rawx/task5_seed1005/results.parquet,5,1005,
raw_x_comparison,surrogate_index,10,medium,10,0.5,1000,10,0.0,0.0,250,dml_learner,h_y,frozen,1005,42,7eb6270ab1cc2b95a38ab756d0587a6d,0,2.0,10000,histgbr,,,,,,,1376.1042776044874,37.0958795232636,3.797592268239424,0.31393308692939087,0.34331573168713614,2.5301938697099686,0.647196994402542,0.35802369094192193,6.6003851890563965,0.3971676591355031,6.6003851890563965,0.3941613221934043,6.643662929534912,0.5049841409249672,6.643662929534912,0.501861686149518,2.849234104156494,0.3645269105388111,2.849234104156494,0.35775079034702134,raw_x_comparison_20260902_rawx/task5_seed1005/results.parquet,5,1005,
raw_x_comparison,raw_x,10,medium,10,0.5,1000,10,0.0,0.0,500,x_learner,h_y,frozen,1005,42,dd34b7e5891261e9fb24703963931ff3,0,2.0,10000,histgbr,,,,,,,103.73787604789936,10.185179234942277,1.0323631896717842,0.058770667082668336,0.06686333469323547,3.458242584198713,0.9658291629984305,-0.04617531916629921,1.4710122346878052,0.08836261886664823,1.4710122346878052,0.11967081327124507,0.8095529675483704,0.06240897381276304,0.8095529675483704,0.10333437272461045,0.1990683376789093,0.027852088003128682,0.1990683376789093,0.1022200844502341,raw_x_comparison_20260902_rawx/task5_seed1005/results.parquet,5,1005,
raw_x_comparison,raw_x,10,medium,10,0.5,1000,10,0.0,0.0,500,dml_learner,h_y,frozen,1005,42,dd34b7e5891261e9fb24703963931ff3,0,2.0,10000,histgbr,,,,,,,364.6879154675127,19.096803802404022,1.9356397007084973,0.03552244608978436,0.0390277587394076,3.912789656460285,1.0927765380471655,-0.07352048209205385,-0.24295330047607422,-0.014594025383424355,-0.24295330047607422,0.020249990061572198,0.6441448330879211,0.04965755130458309,0.6441448330879211,0.09113954369723942,-0.5483092665672302,-0.07671515281347234,-0.5483092665672302,0.005652095699668096,raw_x_comparison_20260902_rawx/task5_seed1005/results.parquet,5,1005,
raw_x_comparison,surrogate_index,10,medium,10,0.5,1000,10,0.0,0.0,500,x_learner,h_y,frozen,1005,42,7eb6270ab1cc2b95a38ab756d0587a6d,0,2.0,10000,histgbr,,,,,,,61.98425083584281,7.873007737570363,0.7980029798969797,0.6525360181440725,0.6561981392242191,1.1939561872184274,0.3334519418119888,0.6240583492784251,10.641460418701172,0.639224670596827,10.641460418701172,0.651614711179953,7.815922260284424,0.602534617520919,7.815922260284424,0.6198837909635816,4.763703346252441,0.6665001896716926,4.763703346252441,0.6920124727343194,raw_x_comparison_20260902_rawx/task5_seed1005/results.parquet,5,1005,
raw_x_comparison,surrogate_index,10,medium,10,0.5,1000,10,0.0,0.0,500,dml_learner,h_y,frozen,1005,42,7eb6270ab1cc2b95a38ab756d0587a6d,0,2.0,10000,histgbr,,,,,,,792.638255634412,28.153831988459615,2.853654228624323,0.3487830271321085,0.3519118812392569,2.289974328011274,0.6395514295662073,0.28890613878310845,7.677420616149902,0.46117698805392904,7.677420616149902,0.47968168735301403,4.619228363037109,0.3560993702697169,4.619228363037109,0.3842053241400978,2.3988571166992188,0.33562936376655556,2.3988571166992188,0.3864528161499301,raw_x_comparison_20260902_rawx/task5_seed1005/results.parquet,5,1005,
raw_x_comparison,raw_x,10,medium,10,0.5,1000,10,0.0,0.0,750,x_learner,h_y,frozen,1005,42,dd34b7e5891261e9fb24703963931ff3,0,2.0,10000,histgbr,,,,,,,94.57828612535614,9.725136817821955,1.0116915272545342,0.13438392601586846,0.13697215640670923,3.099560223231713,0.8664612710257716,0.08146984878850977,1.3267087936401367,0.07953763992433846,1.3267087936401367,0.10078516959011609,1.1697942018508911,0.09015376958606905,1.1697942018508911,0.11697599613413881,1.0173566341400146,0.14243282069659485,1.0173566341400146,0.18727907604489571,raw_x_comparison_20260902_rawx/task5_seed1005/results.parquet,5,1005,
raw_x_comparison,raw_x,10,medium,10,0.5,1000,10,0.0,0.0,750,dml_learner,h_y,frozen,1005,42,dd34b7e5891261e9fb24703963931ff3,0,2.0,10000,histgbr,,,,,,,276.04301055259776,16.614542140925757,1.7283861222789973,0.06943365232649301,0.06741842751787616,3.4259905546605585,0.9577126807423098,0.00950920668749686,0.9081323146820068,0.05444352324721661,0.9081323146820068,0.07627031395794322,0.6793064475059509,0.05235282996776973,0.6793064475059509,0.08028942654044316,0.34399938583374023,0.04816089186228537,0.34399938583374023,0.09793707351223699,raw_x_comparison_20260902_rawx/task5_seed1005/results.parquet,5,1005,
raw_x_comparison,surrogate_index,10,medium,10,0.5,1000,10,0.0,0.0,750,x_learner,h_y,frozen,1005,42,7eb6270ab1cc2b95a38ab756d0587a6d,0,2.0,10000,histgbr,,,,,,,63.36154728684146,7.9599966888712625,0.8280666234275941,0.6475516578696139,0.654692408840475,1.2227989770372707,0.3418252524701862,0.6395531918160551,11.294426918029785,0.6771132185633775,11.294426918029785,0.6845665884835752,8.818349838256836,0.6796131133063116,8.818349838256836,0.6890581045264426,4.655789852142334,0.6518238137521694,4.655789852142334,0.6700315979718864,raw_x_comparison_20260902_rawx/task5_seed1005/results.parquet,5,1005,
raw_x_comparison,surrogate_index,10,medium,10,0.5,1000,10,0.0,0.0,750,dml_learner,h_y,frozen,1005,42,7eb6270ab1cc2b95a38ab756d0587a6d,0,2.0,10000,histgbr,,,,,,,648.8339699287171,25.472219572089063,2.649837138972106,0.3896524758266236,0.413236141827298,2.2611028604805465,0.6320761389721583,0.3522843467233173,7.844497203826904,0.4702861675270564,7.844497203826904,0.48251383794360275,5.604167461395264,0.43190231344707464,5.604167461395264,0.44864980806847304,2.6323211193084717,0.36853243928492774,2.6323211193084717,0.40155487316002086,raw_x_comparison_20260902_rawx/task5_seed1005/results.parquet,5,1005,
raw_x_comparison,raw_x,10,medium,10,0.5,1000,10,0.0,0.0,50,x_learner,h_y,frozen,1006,42,dd34b7e5891261e9fb24703963931ff3,0,2.0,10000,histgbr,,,,,,,106.05163193128804,10.298137303963665,1.00352817448407,,,4.100047864317894,1.0,-0.015679909808603943,0.22637566924095154,0.012782123910174291,0.22637566924095154,-0.020212681134652057,-0.7270921468734741,-0.05313319674830245,-0.7270921468734741,-0.099138786086877,-1.0060508251190186,-0.12338410239567939,-1.0060508251190186,-0.20825934323739007,raw_x_comparison_20260902_rawx/task6_seed1006/results.parquet,6,1006,
raw_x_comparison,raw_x,10,medium,10,0.5,1000,10,0.0,0.0,50,dml_learner,h_y,frozen,1006,42,dd34b7e5891261e9fb24703963931ff3,0,2.0,10000,histgbr,,,,,,,1073.0222410280892,32.75701819500806,3.1920909287280064,-0.13786314525810325,-0.16875702850273339,4.8513054198026655,1.1832314110337234,-0.08357260538408466,-1.988771677017212,-0.11229442673727277,-1.988771677017212,-0.14946954142219357,-2.0087108612060547,-0.14678913788005193,-2.0087108612060547,-0.19688603948580094,-1.7790910005569458,-0.21819130873232082,-1.7790910005569458,-0.31022953546122006,raw_x_comparison_20260902_rawx/task6_seed1006/results.parquet,6,1006,
raw_x_comparison,surrogate_index,10,medium,10,0.5,1000,10,0.0,0.0,50,x_learner,h_y,frozen,1006,42,7eb6270ab1cc2b95a38ab756d0587a6d,0,2.0,10000,histgbr,,,,,,,116.43528695618954,10.790518382181162,1.0515095006200035,,,3.527276229858398,0.8603012322260328,0.09797462942669208,3.075453758239746,0.173653074774523,3.075453758239746,0.14603490014705556,0.5487827062606812,0.04010300431547462,0.5487827062606812,-0.0018296088878181026,1.179893970489502,0.14470457638529236,1.179893970489502,0.0800842876387258,raw_x_comparison_20260902_rawx/task6_seed1006/results.parquet,6,1006,
raw_x_comparison,surrogate_index,10,medium,10,0.5,1000,10,0.0,0.0,50,dml_learner,h_y,frozen,1006,42,7eb6270ab1cc2b95a38ab756d0587a6d,0,2.0,10000,histgbr,,,,,,,1471.8656307609847,38.36490102634157,3.73856533029601,0.29075630252100837,0.25511292273488345,2.408558728098869,0.5874464903349537,0.37109488232805726,1.7278114557266235,0.09755951332830388,1.7278114557266235,0.0673981389818151,3.203503370285034,0.23410014203718865,3.203503370285034,0.20064219536082822,3.0623159408569336,0.37556860367359024,3.0623159408569336,0.3283908262426057,raw_x_comparison_20260902_rawx/task6_seed1006/results.parquet,6,1006,
raw_x_comparison,raw_x,10,medium,10,0.5,1000,10,0.0,0.0,100,x_learner,h_y,frozen,1006,42,dd34b7e5891261e9fb24703963931ff3,0,2.0,10000,histgbr,,,,,,,121.24370223488286,11.011071802276238,1.1942948337602868,-0.1675247524752475,-0.14671410662252515,4.097974445521832,1.078688351260156,-0.030903044367678458,-0.7851039171218872,-0.045555597519358226,-0.7851039171218872,-0.0900625387947914,-1.294122338294983,-0.09760080194616766,-1.294122338294983,-0.15911364516682452,-1.2266411781311035,-0.16160103346141666,-1.2266411781311035,-0.28028588233953133,raw_x_comparison_20260902_rawx/task6_seed1006/results.parquet,6,1006,
raw_x_comparison,raw_x,10,medium,10,0.5,1000,10,0.0,0.0,100,dml_learner,h_y,frozen,1006,42,dd34b7e5891261e9fb24703963931ff3,0,2.0,10000,histgbr,,,,,,,946.672661224226,30.768046106703395,3.3371972474594087,-0.07455145514551455,-0.02430551723943297,3.982439607977867,1.0482767210559711,0.05953557759559844,1.8700602054595947,0.10851010700492997,1.8700602054595947,0.07056139494283499,0.7144296169281006,0.05388123014563244,0.7144296169281006,0.0008578946533659124,-0.5698241591453552,-0.07507017916149739,-0.5698241591453552,-0.1849138673742525,raw_x_comparison_20260902_rawx/task6_seed1006/results.parquet,6,1006,
raw_x_comparison,surrogate_index,10,medium,10,0.5,1000,10,0.0,0.0,100,x_learner,h_y,frozen,1006,42,7eb6270ab1cc2b95a38ab756d0587a6d,0,2.0,10000,histgbr,,,,,,,108.00949573648276,10.39276169920598,1.127231011544002,0.2766996699669967,0.20653007219952343,2.8646203392744063,0.754039009231727,0.32912456703954907,5.680620193481445,0.3296175723377564,5.680620193481445,0.30108090588899455,6.756700038909912,0.5095803718032972,6.756700038909912,0.4820957839202462,1.9766381978988647,0.26040767361686307,1.9766381978988647,0.18484093343703736,raw_x_comparison_20260902_rawx/task6_seed1006/results.parquet,6,1006,
raw_x_comparison,surrogate_index,10,medium,10,0.5,1000,10,0.0,0.0,100,dml_learner,h_y,frozen,1006,42,7eb6270ab1cc2b95a38ab756d0587a6d,0,2.0,10000,histgbr,,,,,,,2020.5286132880221,44.950290469451055,4.875447245071272,0.3051785178517851,0.32455135879700736,2.4296426010131835,0.6395420972676696,0.4254413121626637,9.869672775268555,0.5726870428135927,9.869672775268555,0.5544972949543212,6.456219673156738,0.486918584892775,6.456219673156738,0.4581639624553987,2.738784074783325,0.36081483713679074,2.738784074783325,0.2955070487703362,raw_x_comparison_20260902_rawx/task6_seed1006/results.parquet,6,1006,
raw_x_comparison,raw_x,10,medium,10,0.5,1000,10,0.0,0.0,250,x_learner,h_y,frozen,1006,42,dd34b7e5891261e9fb24703963931ff3,0,2.0,10000,histgbr,,,,,,,89.41111919130267,9.455745300678455,1.0873662484918405,0.03860452167234675,0.01902724612757381,3.4546632028222084,1.0217604137383078,0.03214138099117932,0.8754100203514099,0.05594123343573916,0.8754100203514099,0.05127318173891927,1.5268309116363525,0.12483581654994128,1.5268309116363525,0.11929141793711864,-0.127420574426651,-0.018868701999061863,-0.127420574426651,-0.030619703000487747,raw_x_comparison_20260902_rawx/task6_seed1006/results.parquet,6,1006,
raw_x_comparison,raw_x,10,medium,10,0.5,1000,10,0.0,0.0,250,dml_learner,h_y,frozen,1006,42,dd34b7e5891261e9fb24703963931ff3,0,2.0,10000,histgbr,,,,,,,525.7546428557848,22.929340218501377,2.636766310953405,0.026915374645994333,0.04855054951042814,3.295395440340042,0.9746549550192026,0.05514198283181943,1.5741504430770874,0.1005927683621879,1.5741504430770874,0.09614550342225348,0.8510267734527588,0.06958113132251022,0.8510267734527588,0.06368667953575716,0.2540511190891266,0.03762041475790337,0.2540511190891266,0.026520924266397312,raw_x_comparison_20260902_rawx/task6_seed1006/results.parquet,6,1006,
raw_x_comparison,surrogate_index,10,medium,10,0.5,1000,10,0.0,0.0,250,x_learner,h_y,frozen,1006,42,7eb6270ab1cc2b95a38ab756d0587a6d,0,2.0,10000,histgbr,,,,,,,73.41587259735064,8.568306285220588,0.9853149344685583,0.4767877886046176,0.4607909513202991,1.6172028846144675,0.4783082435163513,0.484000462386108,4.961150646209717,0.3170318821551503,4.961150646209717,0.3136548355196086,4.560260772705078,0.3728532563119155,4.560260772705078,0.36888011435581664,3.662606954574585,0.5423664072817486,3.662606954574585,0.537088344666058,raw_x_comparison_20260902_rawx/task6_seed1006/results.parquet,6,1006,
raw_x_comparison,surrogate_index,10,medium,10,0.5,1000,10,0.0,0.0,250,dml_learner,h_y,frozen,1006,42,7eb6270ab1cc2b95a38ab756d0587a6d,0,2.0,10000,histgbr,,,,,,,1324.2849685141339,36.39072640816797,4.184762427082653,0.23674938799020784,0.21109778246312144,2.1876811706423758,0.6470344247210533,0.2715436788165471,0.41510826349258423,0.02652661921761103,0.41510826349258423,0.021713122189763758,1.7177741527557373,0.14044760121985234,1.7177741527557373,0.13500210742843854,2.4280059337615967,0.3595441365905449,2.4280059337615967,0.3521575150587153,raw_x_comparison_20260902_rawx/task6_seed1006/results.parquet,6,1006,
raw_x_comparison,raw_x,10,medium,10,0.5,1000,10,0.0,0.0,500,x_learner,h_y,frozen,1006,42,dd34b7e5891261e9fb24703963931ff3,0,2.0,10000,histgbr,,,,,,,85.02232242188757,9.220754981122075,1.0508009607719946,0.047701822807291225,0.03516357277093064,3.2504478849954905,1.0482979755403141,-0.08851961978846518,-1.0379780530929565,-0.06979627629683559,-1.0379780530929565,-0.027758113522023245,-1.277522087097168,-0.10966918128167591,-1.277522087097168,-0.05459951044875136,-0.3106319010257721,-0.05029463472786495,-0.3106319010257721,0.043872655639176215,raw_x_comparison_20260902_rawx/task6_seed1006/results.parquet,6,1006,
raw_x_comparison,raw_x,10,medium,10,0.5,1000,10,0.0,0.0,500,dml_learner,h_y,frozen,1006,42,dd34b7e5891261e9fb24703963931ff3,0,2.0,10000,histgbr,,,,,,,327.1751035542346,18.087982296382165,2.0613137659962266,-0.023173148692594767,-0.017922747385130465,3.543240266803652,1.142726088822785,-0.17449129509333053,0.2551087439060211,0.017154158820936776,0.2551087439060211,0.05577556213807509,-0.3047752380371094,-0.02616350133437295,-0.3047752380371094,0.024762024211876094,-0.7214693427085876,-0.11681362068434399,-0.7214693427085876,-0.016682372720672915,raw_x_comparison_20260902_rawx/task6_seed1006/results.parquet,6,1006,
raw_x_comparison,surrogate_index,10,medium,10,0.5,1000,10,0.0,0.0,500,x_learner,h_y,frozen,1006,42,7eb6270ab1cc2b95a38ab756d0587a6d,0,2.0,10000,histgbr,,,,,,,57.80239898530616,7.602788895221685,0.8664168923262521,0.6278705434821739,0.6135871006108663,1.170720047224313,0.3775674918816337,0.5919033127042373,8.137574195861816,0.5471911234230171,8.137574195861816,0.564984467521498,6.7713446617126465,0.5812876604845659,6.7713446617126465,0.6020671424236481,3.968366861343384,0.642521135460811,3.968366861343384,0.6745719666505411,raw_x_comparison_20260902_rawx/task6_seed1006/results.parquet,6,1006,
raw_x_comparison,surrogate_index,10,medium,10,0.5,1000,10,0.0,0.0,500,dml_learner,h_y,frozen,1006,42,7eb6270ab1cc2b95a38ab756d0587a6d,0,2.0,10000,histgbr,,,,,,,735.0517345428373,27.111837535343067,3.0896759526480633,0.30032664130656517,0.294546227286538,2.1792629821635785,0.7028314414507821,0.2330627221167581,2.8498194217681885,0.1916290842230433,2.8498194217681885,0.22339441084905107,2.6182477474212646,0.22476408803603126,2.6182477474212646,0.263236803337008,1.6968868970870972,0.2747441791447395,1.6968868970870972,0.33976914758186727,raw_x_comparison_20260902_rawx/task6_seed1006/results.parquet,6,1006,
raw_x_comparison,raw_x,10,medium,10,0.5,1000,10,0.0,0.0,750,x_learner,h_y,frozen,1006,42,dd34b7e5891261e9fb24703963931ff3,0,2.0,10000,histgbr,,,,,,,84.14679795547714,9.17315637910295,1.0169645381551027,0.11403752184448326,0.10408648013127395,3.079579780049622,0.9184359760368251,0.04189156964654233,0.7316192388534546,0.046284254740833926,0.7316192388534546,0.06662205582100589,-0.2220097929239273,-0.017884852502720823,-0.2220097929239273,0.009595613274548076,0.42332494258880615,0.06327730648009232,0.42332494258880615,0.10914224283974588,raw_x_comparison_20260902_rawx/task6_seed1006/results.parquet,6,1006,
raw_x_comparison,raw_x,10,medium,10,0.5,1000,10,0.0,0.0,750,dml_learner,h_y,frozen,1006,42,dd34b7e5891261e9fb24703963931ff3,0,2.0,10000,histgbr,,,,,,,241.29148548200902,15.533559974519976,1.7220985877204793,0.0001852732182634991,0.011534507987330009,3.6006171362201376,1.0738271290331614,-0.07605442089369299,-0.047325365245342255,-0.0029939333800886787,-0.047325365245342255,0.01839471538984463,-0.48463958501815796,-0.03904200522361469,-0.48463958501815796,-0.0109903467324927,-0.3916800916194916,-0.05854713178011679,-0.3916800916194916,-0.006717281634869879,raw_x_comparison_20260902_rawx/task6_seed1006/results.parquet,6,1006,
raw_x_comparison,surrogate_index,10,medium,10,0.5,1000,10,0.0,0.0,750,x_learner,h_y,frozen,1006,42,7eb6270ab1cc2b95a38ab756d0587a6d,0,2.0,10000,histgbr,,,,,,,52.56445131905383,7.250134572478902,0.8037723824113389,0.6684583617037541,0.667810536739139,1.0672832561507821,0.318300355594233,0.6622179660012218,8.554338455200195,0.5411710889673634,8.554338455200195,0.5509555254399708,7.4064860343933105,0.596657960642193,7.4064860343933105,0.6075472346910731,4.734235763549805,0.7076589570346671,4.734235763549805,0.7219729086701676,raw_x_comparison_20260902_rawx/task6_seed1006/results.parquet,6,1006,
raw_x_comparison,surrogate_index,10,medium,10,0.5,1000,10,0.0,0.0,750,dml_learner,h_y,frozen,1006,42,7eb6270ab1cc2b95a38ab756d0587a6d,0,2.0,10000,histgbr,,,,,,,658.0021703740068,25.651552981720364,2.843810641933855,0.34129185651885596,0.35628569024779755,2.1517281025076906,0.6417188841136868,0.31053358682559445,4.122583866119385,0.2608060473490932,4.122583866119385,0.2765692133064665,3.8893871307373047,0.31332453511657793,3.8893871307373047,0.33186313657667643,2.417170763015747,0.3613112287943661,2.417170763015747,0.39258347195407467,raw_x_comparison_20260902_rawx/task6_seed1006/results.parquet,6,1006,
raw_x_comparison,raw_x,10,medium,10,0.5,1000,10,0.0,0.0,50,x_learner,h_y,frozen,1007,42,dd34b7e5891261e9fb24703963931ff3,0,2.0,10000,histgbr,,,,,,,123.11909261645661,11.095904317199956,1.015576642643998,,,4.589832161664963,1.0,-0.17316241228693924,-7.54229736328125,-0.40639279448898447,-7.54229736328125,-0.41260199750787824,-1.5217117071151733,-0.09988650458601538,-1.5217117071151733,-0.10580795147250074,-3.285546064376831,-0.3591582549499467,-3.285546064376831,-0.3713878559291322,raw_x_comparison_20260902_rawx/task7_seed1007/results.parquet,7,1007,
raw_x_comparison,raw_x,10,medium,10,0.5,1000,10,0.0,0.0,50,dml_learner,h_y,frozen,1007,42,dd34b7e5891261e9fb24703963931ff3,0,2.0,10000,histgbr,,,,,,,996.3808358629409,31.56550072251256,2.889100728586276,0.24100840336134452,0.2539745135753301,2.9812017929553987,0.6495230518132862,0.25219930018847053,4.917588233947754,0.2649686598501798,4.917588233947754,0.2617235075469798,3.9186389446258545,0.2572229319674174,3.9186389446258545,0.2532240512297092,3.166346549987793,0.34612800404492156,3.166346549987793,0.34024451433879555,raw_x_comparison_20260902_rawx/task7_seed1007/results.parquet,7,1007,
raw_x_comparison,surrogate_index,10,medium,10,0.5,1000,10,0.0,0.0,50,x_learner,h_y,frozen,1007,42,7eb6270ab1cc2b95a38ab756d0587a6d,0,2.0,10000,histgbr,,,,,,,191.8754016868486,13.851909676533722,1.2678259942901162,,,4.589832161664963,1.0,-0.17126246621193641,-4.160465717315674,-0.2241735121008229,-4.160465717315674,-0.22957821973070527,-4.833680629730225,-0.31728707884110324,-4.833680629730225,-0.3243789428098742,-2.7763607501983643,-0.30349685033008333,-2.7763607501983643,-0.31522561429050167,raw_x_comparison_20260902_rawx/task7_seed1007/results.parquet,7,1007,
raw_x_comparison,surrogate_index,10,medium,10,0.5,1000,10,0.0,0.0,50,dml_learner,h_y,frozen,1007,42,7eb6270ab1cc2b95a38ab756d0587a6d,0,2.0,10000,histgbr,,,,,,,1507.6726759835915,38.82876093804168,3.5538863299637597,0.43798319327731094,0.4354150568917836,2.408089472055435,0.5246574138741273,0.4622636170325331,0.598362147808075,0.032240848331968185,0.598362147808075,0.027968206243893057,3.3003311157226562,0.21663665830038173,3.3003311157226562,0.2124192736871939,4.2410054206848145,0.46360394171351427,4.2410054206848145,0.4587774914191788,raw_x_comparison_20260902_rawx/task7_seed1007/results.parquet,7,1007,
raw_x_comparison,raw_x,10,medium,10,0.5,1000,10,0.0,0.0,100,x_learner,h_y,frozen,1007,42,dd34b7e5891261e9fb24703963931ff3,0,2.0,10000,histgbr,,,,,,,100.09503635959109,10.004750689527006,0.9913882384702769,0.24561656165616558,0.23124993514975867,2.3813133776187896,0.4930690081266481,0.3869715579415076,3.3366901874542236,0.1880846915479938,3.3366901874542236,0.12866977437714974,3.2106220722198486,0.21248121386991375,3.2106220722198486,0.14394704782575854,5.251461982727051,0.5531497971202354,5.251461982727051,0.48789771110335445,raw_x_comparison_20260902_rawx/task7_seed1007/results.parquet,7,1007,
raw_x_comparison,raw_x,10,medium,10,0.5,1000,10,0.0,0.0,100,dml_learner,h_y,frozen,1007,42,dd34b7e5891261e9fb24703963931ff3,0,2.0,10000,histgbr,,,,,,,598.5743617536303,24.46577940212881,2.4243568577545007,0.17249324932493248,0.1853260927171328,3.608489342033863,0.7471651053719671,0.3103082365429049,1.8187873363494873,0.10252257055057608,1.8187873363494873,0.03684632750115512,4.1847076416015625,0.2769468780121554,4.1847076416015625,0.21402286452344835,2.8071277141571045,0.2956818750062155,2.8071277141571045,0.1928325832767702,raw_x_comparison_20260902_rawx/task7_seed1007/results.parquet,7,1007,
raw_x_comparison,surrogate_index,10,medium,10,0.5,1000,10,0.0,0.0,100,x_learner,h_y,frozen,1007,42,7eb6270ab1cc2b95a38ab756d0587a6d,0,2.0,10000,histgbr,,,,,,,89.83828259210317,9.478305892515982,0.9392219030805367,0.451113111311131,0.44232376721142597,2.013858338594437,0.41698465344837,0.5578480523812493,3.9387500286102295,0.2220219866385093,3.9387500286102295,0.16509055703812367,6.181220054626465,0.40907746563144876,6.181220054626465,0.35765217419343903,5.370860576629639,0.5657263535555466,5.370860576629639,0.502310781289861,raw_x_comparison_20260902_rawx/task7_seed1007/results.parquet,7,1007,
raw_x_comparison,surrogate_index,10,medium,10,0.5,1000,10,0.0,0.0,100,dml_learner,h_y,frozen,1007,42,7eb6270ab1cc2b95a38ab756d0587a6d,0,2.0,10000,histgbr,,,,,,,1676.602740823912,40.946339773219194,4.057444400095927,0.29206120612061204,0.29240287455364916,2.8062487798929214,0.5810551082705602,0.42530750547816154,2.3233845233917236,0.13096602827334267,2.3233845233917236,0.06737124084750475,5.296683311462402,0.3505382054281786,5.296683311462402,0.29401850932385254,4.386109352111816,0.462000011853446,4.386109352111816,0.3834376182875962,raw_x_comparison_20260902_rawx/task7_seed1007/results.parquet,7,1007,
raw_x_comparison,raw_x,10,medium,10,0.5,1000,10,0.0,0.0,250,x_learner,h_y,frozen,1007,42,dd34b7e5891261e9fb24703963931ff3,0,2.0,10000,histgbr,,,,,,,81.33018454779807,9.018324930262718,0.9485963986030421,0.3513875102001632,0.35457200827218716,2.580475640922785,0.686643961272743,0.3226595229243292,5.031467437744141,0.31119388837644635,5.031467437744141,0.3204671432120837,4.6122589111328125,0.34960580014214676,4.6122589111328125,0.3603043203055201,2.4852828979492188,0.330666145587822,2.4852828979492188,0.34975484622844355,raw_x_comparison_20260902_rawx/task7_seed1007/results.parquet,7,1007,
raw_x_comparison,raw_x,10,medium,10,0.5,1000,10,0.0,0.0,250,dml_learner,h_y,frozen,1007,42,dd34b7e5891261e9fb24703963931ff3,0,2.0,10000,histgbr,,,,,,,602.0383128895035,24.53646903874931,2.58087908171153,0.11751164018624297,0.11904293413192064,3.4561568440496924,0.9196557365407015,0.09016219978107128,2.384406089782715,0.14747439225814457,2.384406089782715,0.15895176895543126,0.7478290796279907,0.05668488885605416,0.7478290796279907,0.07220174884526372,0.6858663558959961,0.09125431333376052,0.6858663558959961,0.11717078873221798,raw_x_comparison_20260902_rawx/task7_seed1007/results.parquet,7,1007,
raw_x_comparison,surrogate_index,10,medium,10,0.5,1000,10,0.0,0.0,250,x_learner,h_y,frozen,1007,42,7eb6270ab1cc2b95a38ab756d0587a6d,0,2.0,10000,histgbr,,,,,,,96.34425906750548,9.8155111465224,1.032448774693675,0.5220175682810925,0.5090164028712524,1.845228245288134,0.49100050072315704,0.5067964261151311,7.984267711639404,0.4938231928889463,7.984267711639404,0.5006377470066011,7.810703277587891,0.5920455077755654,7.810703277587891,0.5987560678662854,3.5764544010162354,0.47584618742216334,3.5764544010162354,0.490794505293707,raw_x_comparison_20260902_rawx/task7_seed1007/results.parquet,7,1007,
raw_x_comparison,surrogate_index,10,medium,10,0.5,1000,10,0.0,0.0,250,dml_learner,h_y,frozen,1007,42,7eb6270ab1cc2b95a38ab756d0587a6d,0,2.0,10000,histgbr,,,,,,,1582.181223851078,39.7766416864355,4.183923216789346,0.3440299524792396,0.3396235429856961,2.748266558945179,0.7312917846388596,0.33469662713698045,3.701357841491699,0.22892723707715773,3.701357841491699,0.23930803089814853,4.922250270843506,0.3731029149912763,4.922250270843506,0.3834149243938688,2.1072075366973877,0.2803633319523898,2.1072075366973877,0.30088661616373336,raw_x_comparison_20260902_rawx/task7_seed1007/results.parquet,7,1007,
raw_x_comparison,raw_x,10,medium,10,0.5,1000,10,0.0,0.0,500,x_learner,h_y,frozen,1007,42,dd34b7e5891261e9fb24703963931ff3,0,2.0,10000,histgbr,,,,,,,92.21395340033646,9.602809661777977,1.0179498333918338,0.13622435289741158,0.1242615476184008,3.2053840849995616,0.7707459895971395,0.21585603050560365,2.6266956329345703,0.15881942587229333,2.6266956329345703,0.12864784572122162,1.2375619411468506,0.08959533930544573,1.2375619411468506,0.05021738353185423,1.7346575260162354,0.20895936774095714,1.7346575260162354,0.15034541889570993,raw_x_comparison_20260902_rawx/task7_seed1007/results.parquet,7,1007,
raw_x_comparison,raw_x,10,medium,10,0.5,1000,10,0.0,0.0,500,dml_learner,h_y,frozen,1007,42,dd34b7e5891261e9fb24703963931ff3,0,2.0,10000,histgbr,,,,,,,343.4922885669519,18.53354495413524,1.964656143640456,0.05511113244452977,0.0741699508167581,3.6177167712226512,0.8698928487125598,0.1488695731293804,1.2895599603652954,0.07797141395643963,1.2895599603652954,0.04489996623043785,1.6384462118148804,0.11861801773351181,1.6384462118148804,0.08049538697846718,1.0796247720718384,0.1300531697964079,1.0796247720718384,0.06559248734319577,raw_x_comparison_20260902_rawx/task7_seed1007/results.parquet,7,1007,
raw_x_comparison,surrogate_index,10,medium,10,0.5,1000,10,0.0,0.0,500,x_learner,h_y,frozen,1007,42,7eb6270ab1cc2b95a38ab756d0587a6d,0,2.0,10000,histgbr,,,,,,,71.95058415786832,8.482369018020162,0.8991770567972458,0.6175521342085368,0.600117466344004,1.4285311143100263,0.3434953809503725,0.6564928651880638,11.547298431396484,0.69819102154654,11.547298431396484,0.6873656957320863,8.389056205749512,0.607339570017849,8.389056205749512,0.5903557322658757,5.432235240936279,0.6543749554836146,5.432235240936279,0.6287650843180008,raw_x_comparison_20260902_rawx/task7_seed1007/results.parquet,7,1007,
raw_x_comparison,surrogate_index,10,medium,10,0.5,1000,10,0.0,0.0,500,dml_learner,h_y,frozen,1007,42,7eb6270ab1cc2b95a38ab756d0587a6d,0,2.0,10000,histgbr,,,,,,,837.1157955533424,28.93295345368914,3.0670497682512017,0.31986012744050973,0.33766195390682363,2.808962571851909,0.6754250285683382,0.3962966006076365,6.224431037902832,0.3763513942865855,6.224431037902832,0.3539822806002657,5.3663835525512695,0.3885081944168657,5.3663835525512695,0.36205918957785704,2.796032667160034,0.3368141604611783,2.796032667160034,0.2876739023146266,raw_x_comparison_20260902_rawx/task7_seed1007/results.parquet,7,1007,
raw_x_comparison,raw_x,10,medium,10,0.5,1000,10,0.0,0.0,750,x_learner,h_y,frozen,1007,42,dd34b7e5891261e9fb24703963931ff3,0,2.0,10000,histgbr,,,,,,,95.2042399225354,9.75726600654791,1.0317503735818656,0.049632927347426394,0.03986466972913233,3.7132057356784745,0.9011619835247846,0.11932658350059706,-0.47306615114212036,-0.027758790581730225,-0.47306615114212036,-0.05948311812933509,0.08912859857082367,0.006397358135747758,0.08912859857082367,-0.03137913559303382,0.8286983966827393,0.10064332380355405,0.8286983966827393,0.041224344242135766,raw_x_comparison_20260902_rawx/task7_seed1007/results.parquet,7,1007,
raw_x_comparison,raw_x,10,medium,10,0.5,1000,10,0.0,0.0,750,dml_learner,h_y,frozen,1007,42,dd34b7e5891261e9fb24703963931ff3,0,2.0,10000,histgbr,,,,,,,279.28633599240135,16.711862134196817,1.7671415321295039,0.025086835709930148,0.025500649925117955,3.7616595840025697,0.9129213012608304,0.1105474605554003,0.2295285314321518,0.013468379466961809,0.2295285314321518,-0.016983369087915385,0.38478946685791016,0.02761892440614805,0.38478946685791016,-0.009350731325882083,0.6960376501083374,0.08453201174243004,0.6960376501083374,0.024048584951780916,raw_x_comparison_20260902_rawx/task7_seed1007/results.parquet,7,1007,
raw_x_comparison,surrogate_index,10,medium,10,0.5,1000,10,0.0,0.0,750,x_learner,h_y,frozen,1007,42,7eb6270ab1cc2b95a38ab756d0587a6d,0,2.0,10000,histgbr,,,,,,,59.036079073115516,7.683493936557477,0.8124660877480661,0.65053912629178,0.6535473508877881,1.3142687132159874,0.31896131935438754,0.686100576963227,12.018500328063965,0.7052270235520539,12.018500328063965,0.6961281235545905,9.592216491699219,0.6884978020187749,9.592216491699219,0.6766545758308286,5.62764835357666,0.6834636554973206,5.62764835357666,0.6625506327975897,raw_x_comparison_20260902_rawx/task7_seed1007/results.parquet,7,1007,
raw_x_comparison,surrogate_index,10,medium,10,0.5,1000,10,0.0,0.0,750,dml_learner,h_y,frozen,1007,42,7eb6270ab1cc2b95a38ab756d0587a6d,0,2.0,10000,histgbr,,,,,,,680.3701429884443,26.083905823101805,2.7581578240666307,0.3629672159417171,0.36322187279318463,2.5097167007792747,0.6090859061291093,0.42250460366503656,7.376232147216797,0.4328259017528057,7.376232147216797,0.41531866461292494,5.798255443572998,0.4161797361327304,5.798255443572998,0.3939830534675784,3.374666690826416,0.4098447322372929,3.374666690826416,0.37085416851394526,raw_x_comparison_20260902_rawx/task7_seed1007/results.parquet,7,1007,
raw_x_comparison,raw_x,10,medium,10,0.5,1000,10,0.0,0.0,50,x_learner,h_y,frozen,1008,42,dd34b7e5891261e9fb24703963931ff3,0,2.0,10000,histgbr,,,,,,,82.61585623318581,9.089326500527187,1.002400985927229,,,3.554057593345642,1.0,0.05946643632176026,5.490437030792236,0.391368519158031,5.490437030792236,0.4116982385807666,-0.20075778663158417,-0.01765222252731334,-0.20075778663158417,0.023953196501024662,1.2421683073043823,0.17475354197460782,1.2421683073043823,0.22744352304831866,raw_x_comparison_20260902_rawx/task8_seed1008/results.parquet,8,1008,
raw_x_comparison,raw_x,10,medium,10,0.5,1000,10,0.0,0.0,50,dml_learner,h_y,frozen,1008,42,dd34b7e5891261e9fb24703963931ff3,0,2.0,10000,histgbr,,,,,,,2255.0114292596136,47.48696062351868,5.237019062407069,-0.2615606242496999,-0.2255130690475181,4.713371144533157,1.3261943625669232,-0.35629800552964713,-1.9380903244018555,-0.1381506674244134,-1.9380903244018555,-0.10013376481936154,-2.2829504013061523,-0.20073517037040017,-2.2829504013061523,-0.15164463747571819,-2.5915768146514893,-0.3645940932452429,-2.5915768146514893,-0.277468076226728,raw_x_comparison_20260902_rawx/task8_seed1008/results.parquet,8,1008,
raw_x_comparison,surrogate_index,10,medium,10,0.5,1000,10,0.0,0.0,50,x_learner,h_y,frozen,1008,42,7eb6270ab1cc2b95a38ab756d0587a6d,0,2.0,10000,histgbr,,,,,,,86.9618240563248,9.325332383155294,1.028428495162079,,,3.554057593345642,1.0,-0.3219550665477416,-7.027318477630615,-0.5009202748010235,-7.027318477630615,-0.45078601618464603,-6.612921714782715,-0.5814607125514207,-6.612921714782715,-0.5168046992631582,-2.4490621089935303,-0.3445445158645069,-2.4490621089935303,-0.2586986156431663,raw_x_comparison_20260902_rawx/task8_seed1008/results.parquet,8,1008,
raw_x_comparison,surrogate_index,10,medium,10,0.5,1000,10,0.0,0.0,50,dml_learner,h_y,frozen,1008,42,7eb6270ab1cc2b95a38ab756d0587a6d,0,2.0,10000,histgbr,,,,,,,2901.5388299154756,53.86593385355419,5.940513326214197,0.15006002400960383,0.170640679357461,3.173258620500565,0.892855148560885,0.0969007013182091,2.6784756183624268,0.1909267022789505,2.6784756183624268,0.21795164865921698,2.2514004707336426,0.19796104935356879,2.2514004707336426,0.23075139352028404,-0.03001691773533821,-0.004222908169983923,-0.03001691773533821,0.05989428434953274,raw_x_comparison_20260902_rawx/task8_seed1008/results.parquet,8,1008,
raw_x_comparison,raw_x,10,medium,10,0.5,1000,10,0.0,0.0,100,x_learner,h_y,frozen,1008,42,dd34b7e5891261e9fb24703963931ff3,0,2.0,10000,histgbr,,,,,,,198.83464597637027,14.10087394370896,1.4324994333687247,-0.44798079807980795,-0.4282255128093614,5.620559495091438,1.5673719174548846,-0.7015412417367564,-7.154659271240234,-0.45806406824443935,-7.154659271240234,-0.3770465048317807,-7.754255771636963,-0.623432892834513,-7.754255771636963,-0.5117413276862465,-3.709658622741699,-0.5228344109287374,-3.709658622741699,-0.3482185048802184,raw_x_comparison_20260902_rawx/task8_seed1008/results.parquet,8,1008,
raw_x_comparison,raw_x,10,medium,10,0.5,1000,10,0.0,0.0,100,dml_learner,h_y,frozen,1008,42,dd34b7e5891261e9fb24703963931ff3,0,2.0,10000,histgbr,,,,,,,1722.8263872155285,41.50694384335624,4.2166658445310405,-0.18373837383738373,-0.15672121792189814,4.48136827647686,1.2496924540087548,-0.4036437219840507,-0.19043216109275818,-0.012192073322816422,-0.19043216109275818,0.04405054130039353,-1.2679812908172607,-0.10194417974780912,-1.2679812908172607,-0.02613083958124295,-1.5700709819793701,-0.22128374075908766,-1.5700709819793701,-0.08124516177470965,raw_x_comparison_20260902_rawx/task8_seed1008/results.parquet,8,1008,
raw_x_comparison,surrogate_index,10,medium,10,0.5,1000,10,0.0,0.0,100,x_learner,h_y,frozen,1008,42,7eb6270ab1cc2b95a38ab756d0587a6d,0,2.0,10000,histgbr,,,,,,,99.39943726885245,9.96992664310287,1.0128389434574319,0.27559555955595555,0.3220706443107173,2.983259618282318,0.8319238239994495,0.15108530851632315,4.283074855804443,0.27421609033593525,4.283074855804443,0.3145443894866677,2.070951461791992,0.16650202144058082,2.070951461791992,0.22384636513604117,0.7264543175697327,0.1023855167871212,0.7264543175697327,0.20531053945777367,raw_x_comparison_20260902_rawx/task8_seed1008/results.parquet,8,1008,
raw_x_comparison,surrogate_index,10,medium,10,0.5,1000,10,0.0,0.0,100,dml_learner,h_y,frozen,1008,42,7eb6270ab1cc2b95a38ab756d0587a6d,0,2.0,10000,histgbr,,,,,,,3523.6593218849493,59.360418814938875,6.030389794021778,0.1723252325232523,0.1465278424353174,3.105039250254631,0.8658837839354823,0.038476068973815614,1.9152755737304688,0.12262204080615863,1.9152755737304688,0.17137368759177796,2.537554979324341,0.20401638636596447,2.537554979324341,0.2587797560325301,1.3059179782867432,0.18405436357757776,1.3059179782867432,0.27761482265818366,raw_x_comparison_20260902_rawx/task8_seed1008/results.parquet,8,1008,
raw_x_comparison,raw_x,10,medium,10,0.5,1000,10,0.0,0.0,250,x_learner,h_y,frozen,1008,42,dd34b7e5891261e9fb24703963931ff3,0,2.0,10000,histgbr,,,,,,,129.83453551427988,11.394495842918188,1.2332330726853085,-0.3373620697931166,-0.3267577382076231,4.7171137092113495,1.339082148436356,-0.4859460058721177,-6.2091755867004395,-0.4149583584843333,-6.2091755867004395,-0.36395538225349,-5.896512508392334,-0.48575749935989865,-5.896512508392334,-0.4202899500388265,-2.758838415145874,-0.394387165850347,-2.758838415145874,-0.2911143547406413,raw_x_comparison_20260902_rawx/task8_seed1008/results.parquet,8,1008,
raw_x_comparison,raw_x,10,medium,10,0.5,1000,10,0.0,0.0,250,dml_learner,h_y,frozen,1008,42,dd34b7e5891261e9fb24703963931ff3,0,2.0,10000,histgbr,,,,,,,572.6119062435101,23.929310609449452,2.5898835417517456,-0.059731771708347335,-0.0504683407792369,4.01926843982935,1.1409796221446102,-0.1941954152511629,-0.5128903388977051,-0.034276391469316166,-0.5128903388977051,0.003004687435887549,-2.188164710998535,-0.18026204755597558,-2.188164710998535,-0.12825567111604524,-1.1019129753112793,-0.15752293898798722,-1.1019129753112793,-0.0717930565271445,raw_x_comparison_20260902_rawx/task8_seed1008/results.parquet,8,1008,
raw_x_comparison,surrogate_index,10,medium,10,0.5,1000,10,0.0,0.0,250,x_learner,h_y,frozen,1008,42,7eb6270ab1cc2b95a38ab756d0587a6d,0,2.0,10000,histgbr,,,,,,,53.92571255150052,7.343412868108433,0.7947819491252607,0.6449041424662795,0.6486946739485469,1.2323172453641895,0.3498270608264269,0.611413258744287,7.771419525146484,0.5193629080413157,7.771419525146484,0.5366877445143049,7.638240337371826,0.6292418646633648,7.638240337371826,0.6455787342546656,4.495278835296631,0.6426183823694313,4.495278835296631,0.6690872177083848,raw_x_comparison_20260902_rawx/task8_seed1008/results.parquet,8,1008,
raw_x_comparison,surrogate_index,10,medium,10,0.5,1000,10,0.0,0.0,250,dml_learner,h_y,frozen,1008,42,7eb6270ab1cc2b95a38ab756d0587a6d,0,2.0,10000,histgbr,,,,,,,1510.989920198665,38.87145379579551,4.2070805997202285,0.24370757932126913,0.24276206485410406,2.7896129347085954,0.7919081693156752,0.1610134998331844,3.424659490585327,0.22886952715992517,3.424659490585327,0.25666536223967307,2.905747175216675,0.23937683157568324,2.905747175216675,0.272892485923733,1.2867696285247803,0.18394894898886585,1.2867696285247803,0.2443883220058681,raw_x_comparison_20260902_rawx/task8_seed1008/results.parquet,8,1008,
raw_x_comparison,raw_x,10,medium,10,0.5,1000,10,0.0,0.0,500,x_learner,h_y,frozen,1008,42,dd34b7e5891261e9fb24703963931ff3,0,2.0,10000,histgbr,,,,,,,109.7008755474952,10.473818575261612,1.1247752682435048,-0.14276620306481227,-0.14891780916444136,4.391703531727194,1.1668659153087277,-0.151391254545174,-1.7255228757858276,-0.10464719707815917,-1.7255228757858276,-0.10257028149672058,-0.20309223234653473,-0.015440438055141593,-0.20309223234653473,-0.013048212631338301,-1.1086162328720093,-0.1476324945611027,-1.1086162328720093,-0.14290515716059468,raw_x_comparison_20260902_rawx/task8_seed1008/results.parquet,8,1008,
raw_x_comparison,raw_x,10,medium,10,0.5,1000,10,0.0,0.0,500,dml_learner,h_y,frozen,1008,42,dd34b7e5891261e9fb24703963931ff3,0,2.0,10000,histgbr,,,,,,,334.898628997422,18.300235763438184,1.9652481510762116,-0.026894027576110303,-0.010089919163384605,3.690956763185561,0.9806790487393476,-0.021860473754972295,0.008079233579337597,0.0004899785221522399,0.008079233579337597,0.0023692191909397064,0.0003842258593067527,2.9211435175357604e-05,0.0003842258593067527,0.0023849926841938243,-0.12880893051624298,-0.01715326112860207,-0.12880893051624298,-0.012963394881201285,raw_x_comparison_20260902_rawx/task8_seed1008/results.parquet,8,1008,
raw_x_comparison,surrogate_index,10,medium,10,0.5,1000,10,0.0,0.0,500,x_learner,h_y,frozen,1008,42,7eb6270ab1cc2b95a38ab756d0587a6d,0,2.0,10000,histgbr,,,,,,,61.936239935865366,7.869958064428639,0.8451487038252193,0.6439293917175668,0.648877178517447,1.1831271506249905,0.31435426721477383,0.6520903199203876,12.049858093261719,0.7307836322222854,12.049858093261719,0.7312898025819212,8.966482162475586,0.681692307000724,8.966482162475586,0.6824421922005329,5.21189546585083,0.6940590496513969,5.21189546585083,0.6953192841809908,raw_x_comparison_20260902_rawx/task8_seed1008/results.parquet,8,1008,
raw_x_comparison,surrogate_index,10,medium,10,0.5,1000,10,0.0,0.0,500,dml_learner,h_y,frozen,1008,42,7eb6270ab1cc2b95a38ab756d0587a6d,0,2.0,10000,histgbr,,,,,,,698.7424192952514,26.433736385445993,2.8386984861321674,0.35360541442165766,0.3566843713428566,2.512814904309809,0.6676493625164442,0.3695555745179871,4.985595226287842,0.30235969254227985,4.985595226287842,0.30367136927366617,5.063600540161133,0.3849689846479917,5.063600540161133,0.38641790550658045,2.6973869800567627,0.3592063302471905,2.6973869800567627,0.36184589290804886,raw_x_comparison_20260902_rawx/task8_seed1008/results.parquet,8,1008,
raw_x_comparison,raw_x,10,medium,10,0.5,1000,10,0.0,0.0,750,x_learner,h_y,frozen,1008,42,dd34b7e5891261e9fb24703963931ff3,0,2.0,10000,histgbr,,,,,,,97.2700005431898,9.862555477318736,1.0769142707144768,-0.05992132963791935,-0.05262139040969225,4.044446971476078,1.059396331048678,-0.00990068738464799,1.4445836544036865,0.08755301423986066,1.4445836544036865,0.07290010125400233,0.8656976222991943,0.06588261793608771,0.8656976222991943,0.04696873028868536,-0.4022662341594696,-0.05268948409972119,-0.4022662341594696,-0.08991777802096568,raw_x_comparison_20260902_rawx/task8_seed1008/results.parquet,8,1008,
raw_x_comparison,raw_x,10,medium,10,0.5,1000,10,0.0,0.0,750,dml_learner,h_y,frozen,1008,42,dd34b7e5891261e9fb24703963931ff3,0,2.0,10000,histgbr,,,,,,,313.98703064119445,17.719679191260614,1.9348510066620948,-0.05676962270155146,-0.051188945104709345,3.9466338422596454,1.033775307716912,-0.007160881408207399,-0.24502934515476227,-0.014850685649197863,-0.24502934515476227,-0.031148091441018263,-0.1992935687303543,-0.015166937863257186,-0.1992935687303543,-0.03572190640873,-0.23158130049705505,-0.030332894521530145,-0.23158130049705505,-0.06677054913226102,raw_x_comparison_20260902_rawx/task8_seed1008/results.parquet,8,1008,
raw_x_comparison,surrogate_index,10,medium,10,0.5,1000,10,0.0,0.0,750,x_learner,h_y,frozen,1008,42,7eb6270ab1cc2b95a38ab756d0587a6d,0,2.0,10000,histgbr,,,,,,,54.0864026881138,7.354345836858218,0.803037306273827,0.653734694639457,0.6682421401070495,1.1917334615389503,0.3121608629427847,0.6848500882867843,11.57331657409668,0.70143307223878,11.57331657409668,0.6966384098844564,9.283175468444824,0.7064821328686022,9.283175468444824,0.7005390211483574,5.243878364562988,0.6868516973288431,5.243878364562988,0.6757772283340752,raw_x_comparison_20260902_rawx/task8_seed1008/results.parquet,8,1008,
raw_x_comparison,surrogate_index,10,medium,10,0.5,1000,10,0.0,0.0,750,dml_learner,h_y,frozen,1008,42,7eb6270ab1cc2b95a38ab756d0587a6d,0,2.0,10000,histgbr,,,,,,,669.7948916991766,25.88039589533314,2.8259377334323204,0.36967508208903477,0.3415189504651529,2.223317938690384,0.5823725428012412,0.4030323995693724,6.623749256134033,0.4014507648454322,6.623749256134033,0.3918387106687553,5.13600492477417,0.3908679444886081,5.13600492477417,0.3785343176001777,3.0741875171661377,0.40266206942209876,3.0741875171661377,0.3815372530486548,raw_x_comparison_20260902_rawx/task8_seed1008/results.parquet,8,1008,
raw_x_comparison,raw_x,10,medium,10,0.5,1000,10,0.0,0.0,50,x_learner,h_y,frozen,1009,42,dd34b7e5891261e9fb24703963931ff3,0,2.0,10000,histgbr,,,,,,,98.56940705924023,9.928212682010807,1.0389760047908596,,,3.0760723239183427,0.6417124176402436,0.05242032282488838,-5.578457355499268,-0.3006114821008446,-5.578457355499268,-0.43326063008635934,-4.876537322998047,-0.3329871107519368,-4.876537322998047,-0.5100811774596835,0.16364185512065887,0.017644885892424463,0.16364185512065887,-0.20562146707719198,raw_x_comparison_20260902_rawx/task9_seed1009/results.parquet,9,1009,
raw_x_comparison,raw_x,10,medium,10,0.5,1000,10,0.0,0.0,50,dml_learner,h_y,frozen,1009,42,dd34b7e5891261e9fb24703963931ff3,0,2.0,10000,histgbr,,,,,,,2398.5852721277934,48.975353721313674,5.125214272936367,-0.06852340936374549,-0.15505146649806878,4.489820640683174,0.9366404150191725,0.15643172721378995,6.855335235595703,0.3694197793658902,6.855335235595703,0.30510700790817447,4.096402168273926,0.27971674000290436,4.096402168273926,0.18402347285462445,0.5327200889587402,0.05744120399605828,0.5327200889587402,-0.15678037618516705,raw_x_comparison_20260902_rawx/task9_seed1009/results.parquet,9,1009,
raw_x_comparison,surrogate_index,10,medium,10,0.5,1000,10,0.0,0.0,50,x_learner,h_y,frozen,1009,42,7eb6270ab1cc2b95a38ab756d0587a6d,0,2.0,10000,histgbr,,,,,,,109.47604361985806,10.4630800254924,1.0949492553065865,,,3.0760723239183427,0.6417124176402436,0.046547822717988435,2.8624207973480225,0.15424991237744407,2.8624207973480225,0.0679920020977408,0.3270482122898102,0.02233200159739936,0.3270482122898102,-0.10755612735042791,0.8699199557304382,0.09380019765168696,0.8699199557304382,-0.1121578332340148,raw_x_comparison_20260902_rawx/task9_seed1009/results.parquet,9,1009,
raw_x_comparison,surrogate_index,10,medium,10,0.5,1000,10,0.0,0.0,50,dml_learner,h_y,frozen,1009,42,7eb6270ab1cc2b95a38ab756d0587a6d,0,2.0,10000,histgbr,,,,,,,3536.424421081108,59.4678435886245,6.223241234264441,0.1474669867947179,0.14528075666136478,3.142410336136818,0.6555514700809676,0.3439794164688118,8.902216911315918,0.4797219821095811,8.902216911315918,0.42665891390009614,5.916184425354004,0.4039778695394241,5.916184425354004,0.3247933207319441,1.892655372619629,0.20407791184555835,1.892655372619629,0.023183427439439692,raw_x_comparison_20260902_rawx/task9_seed1009/results.parquet,9,1009,
raw_x_comparison,raw_x,10,medium,10,0.5,1000,10,0.0,0.0,100,x_learner,h_y,frozen,1009,42,dd34b7e5891261e9fb24703963931ff3,0,2.0,10000,histgbr,,,,,,,143.39479293689695,11.974756487582408,1.2421724925389879,-0.2184098409840984,-0.19485725326648587,4.388894868195057,1.1385741774309501,-0.22866552316783023,0.4392012655735016,0.02434719996517115,0.4392012655735016,0.02790889731838419,-1.413635492324829,-0.10505924777425715,-1.413635492324829,-0.09965769071717222,-2.233668327331543,-0.2904163705005876,-2.233668327331543,-0.27942173747689697,raw_x_comparison_20260902_rawx/task9_seed1009/results.parquet,9,1009,
raw_x_comparison,raw_x,10,medium,10,0.5,1000,10,0.0,0.0,100,dml_learner,h_y,frozen,1009,42,dd34b7e5891261e9fb24703963931ff3,0,2.0,10000,histgbr,,,,,,,640.5716963724254,25.309517900829828,2.6254218170060777,0.11668766876687667,0.07037136468802792,3.423294440805912,0.8880765589282532,0.0740833446941673,4.014483451843262,0.22254360135157925,4.014483451843262,0.22538176713884064,3.930204391479492,0.29208683512102934,3.930204391479492,0.2955471322582707,0.7950364947319031,0.10336879938275527,0.7950364947319031,0.111008295621131,raw_x_comparison_20260902_rawx/task9_seed1009/results.parquet,9,1009,
raw_x_comparison,surrogate_index,10,medium,10,0.5,1000,10,0.0,0.0,100,x_learner,h_y,frozen,1009,42,7eb6270ab1cc2b95a38ab756d0587a6d,0,2.0,10000,histgbr,,,,,,,92.54086025530185,9.619816019826047,0.9978884209883665,0.37166516651665166,0.4316822184989012,2.5017319190502167,0.6490033248522006,0.39475819677040486,10.003769874572754,0.5545607552467694,10.003769874572754,0.5561868662762238,5.590362548828125,0.4154672738156647,5.590362548828125,0.41832448430331726,2.7260143756866455,0.3544300607356161,2.7260143756866455,0.3599304594717114,raw_x_comparison_20260902_rawx/task9_seed1009/results.parquet,9,1009,
raw_x_comparison,surrogate_index,10,medium,10,0.5,1000,10,0.0,0.0,100,dml_learner,h_y,frozen,1009,42,7eb6270ab1cc2b95a38ab756d0587a6d,0,2.0,10000,histgbr,,,,,,,2069.4621712898224,45.491341717845856,4.718934651339026,0.3029222922292229,0.3699157141489935,2.8389595678448676,0.7364874647927061,0.3019051405539562,11.674741744995117,0.647191376909996,11.674741744995117,0.6484793325628733,6.455167293548584,0.47973825204536436,6.455167293548584,0.4822813043946894,2.03433895111084,0.264500027743774,2.03433895111084,0.2707666502609347,raw_x_comparison_20260902_rawx/task9_seed1009/results.parquet,9,1009,
raw_x_comparison,raw_x,10,medium,10,0.5,1000,10,0.0,0.0,250,x_learner,h_y,frozen,1009,42,dd34b7e5891261e9fb24703963931ff3,0,2.0,10000,histgbr,,,,,,,97.68896391083351,9.883772756940212,1.0614361418834573,0.06426227619641914,0.07243877359095507,3.677951129466295,1.001050892228995,0.047548981712885484,-2.071129560470581,-0.1276714461472764,-2.071129560470581,-0.11892796317200756,0.6517626047134399,0.05112598944852564,0.6517626047134399,0.06046841195338641,0.09451232105493546,0.012862004388312974,0.09451232105493546,0.02960240197441093,raw_x_comparison_20260902_rawx/task9_seed1009/results.parquet,9,1009,
raw_x_comparison,raw_x,10,medium,10,0.5,1000,10,0.0,0.0,250,dml_learner,h_y,frozen,1009,42,dd34b7e5891261e9fb24703963931ff3,0,2.0,10000,histgbr,,,,,,,592.5452820494221,24.342253019172695,2.61415835479208,0.04197686362981807,0.07448375181497544,3.470695187449455,0.9446407501763938,0.019411402602262887,1.9171496629714966,0.11817960335456824,1.9171496629714966,0.12501686224913033,1.2338200807571411,0.0967841235044516,1.2338200807571411,0.10567700521212466,0.4744352400302887,0.06456500137895232,0.4744352400302887,0.08042859275369602,raw_x_comparison_20260902_rawx/task9_seed1009/results.parquet,9,1009,
raw_x_comparison,surrogate_index,10,medium,10,0.5,1000,10,0.0,0.0,250,x_learner,h_y,frozen,1009,42,7eb6270ab1cc2b95a38ab756d0587a6d,0,2.0,10000,histgbr,,,,,,,79.42726061219899,8.912197294281528,0.9570969046312721,0.5337935006960112,0.5411673190982804,1.7771359811127188,0.4836941810489166,0.53939254867028,9.055917739868164,0.5582374642835224,9.055917739868164,0.5616627023910803,7.506097793579102,0.5887982431315659,7.506097793579102,0.5928468528570797,3.781998634338379,0.5146850959588586,3.781998634338379,0.5229153175532298,raw_x_comparison_20260902_rawx/task9_seed1009/results.parquet,9,1009,
raw_x_comparison,surrogate_index,10,medium,10,0.5,1000,10,0.0,0.0,250,dml_learner,h_y,frozen,1009,42,7eb6270ab1cc2b95a38ab756d0587a6d,0,2.0,10000,histgbr,,,,,,,1398.3946795560694,37.39511571791254,4.015928768195841,0.2820321605145682,0.33593322489085636,2.832380942583084,0.7709067820367246,0.2782603120308603,5.050870895385742,0.3113528017873347,5.050870895385742,0.31669227816949425,3.7695629596710205,0.29569452851077255,3.7695629596710205,0.30262897841030495,2.0526678562164307,0.2793437160331598,2.0526678562164307,0.29156497868352427,raw_x_comparison_20260902_rawx/task9_seed1009/results.parquet,9,1009,
raw_x_comparison,raw_x,10,medium,10,0.5,1000,10,0.0,0.0,500,x_learner,h_y,frozen,1009,42,dd34b7e5891261e9fb24703963931ff3,0,2.0,10000,histgbr,,,,,,,90.62796209221193,9.519871957763504,1.0409779569145068,0.07858361033444133,0.08879585033967716,3.346467776916921,0.9114660129689223,0.09442816741308933,0.6974475383758545,0.04290331601815003,0.6974475383758545,0.03927426664882333,0.4665665030479431,0.03630495522902423,0.4665665030479431,0.03167809645243599,0.8172887563705444,0.11135187661747264,0.8172887563705444,0.10385440676565874,raw_x_comparison_20260902_rawx/task9_seed1009/results.parquet,9,1009,
raw_x_comparison,raw_x,10,medium,10,0.5,1000,10,0.0,0.0,500,dml_learner,h_y,frozen,1009,42,dd34b7e5891261e9fb24703963931ff3,0,2.0,10000,histgbr,,,,,,,334.2633783865755,18.282871174587854,1.999193473010196,0.10622912891651565,0.10156826891363731,3.5096467476189135,0.9559105125849153,0.11758006854103978,2.534482479095459,0.15590807445720462,2.534482479095459,0.1527075082852473,2.607755422592163,0.2029173617200829,2.607755422592163,0.19909043657337533,0.30900248885154724,0.04210018398624521,0.30900248885154724,0.034018441840338795,raw_x_comparison_20260902_rawx/task9_seed1009/results.parquet,9,1009,
raw_x_comparison,surrogate_index,10,medium,10,0.5,1000,10,0.0,0.0,500,x_learner,h_y,frozen,1009,42,7eb6270ab1cc2b95a38ab756d0587a6d,0,2.0,10000,histgbr,,,,,,,63.674730295897724,7.979644747474522,0.872557354025702,0.5895130140520563,0.6029370319513027,1.4225524753555652,0.387455765118995,0.6081994796089751,10.124063491821289,0.622779308088044,10.124063491821289,0.6213489901933202,7.593946933746338,0.590908051993001,7.593946933746338,0.5889439341111687,4.508153438568115,0.6142154061843936,4.508153438568115,0.6109605651676623,raw_x_comparison_20260902_rawx/task9_seed1009/results.parquet,9,1009,
raw_x_comparison,surrogate_index,10,medium,10,0.5,1000,10,0.0,0.0,500,dml_learner,h_y,frozen,1009,42,7eb6270ab1cc2b95a38ab756d0587a6d,0,2.0,10000,histgbr,,,,,,,764.0125168238924,27.64077634264082,3.022460702449699,0.35024444097776386,0.35456008802361627,2.315598491579294,0.6306916622102071,0.3595884394387321,8.046863555908203,0.4950008582695947,8.046863555908203,0.49308603937252915,5.291889190673828,0.4117779542450965,5.291889190673828,0.4089538032340984,2.5530054569244385,0.3478353842840535,2.5530054569244385,0.3423331113189809,raw_x_comparison_20260902_rawx/task9_seed1009/results.parquet,9,1009,
raw_x_comparison,raw_x,10,medium,10,0.5,1000,10,0.0,0.0,750,x_learner,h_y,frozen,1009,42,dd34b7e5891261e9fb24703963931ff3,0,2.0,10000,histgbr,,,,,,,83.85432422609361,9.157200676303518,1.0213144801864822,0.11223084129927341,0.12036758168875679,3.1723799187193316,0.8976581842930093,0.10355026614277815,1.6502677202224731,0.10615441121800794,1.6502677202224731,0.11134843861359586,0.9645709991455078,0.07770010527732556,0.9645709991455078,0.08440175071780896,0.7275657653808594,0.10299481730491891,0.7275657653808594,0.11438620350743352,raw_x_comparison_20260902_rawx/task9_seed1009/results.parquet,9,1009,
raw_x_comparison,raw_x,10,medium,10,0.5,1000,10,0.0,0.0,750,dml_learner,h_y,frozen,1009,42,dd34b7e5891261e9fb24703963931ff3,0,2.0,10000,histgbr,,,,,,,274.045414932074,16.554317108599616,1.8463244795282254,0.09264481536856065,0.1114496916642502,3.4272412123034397,0.9697738614523939,0.0865232298315465,3.4933242797851562,0.22471007435337398,3.4933242797851562,0.22921518929030527,2.0820748805999756,0.16771957436125304,2.0820748805999756,0.17376711741270554,0.24604590237140656,0.03483046340161624,0.24604590237140656,0.047087492852951815,raw_x_comparison_20260902_rawx/task9_seed1009/results.parquet,9,1009,
raw_x_comparison,surrogate_index,10,medium,10,0.5,1000,10,0.0,0.0,750,x_learner,h_y,frozen,1009,42,7eb6270ab1cc2b95a38ab756d0587a6d,0,2.0,10000,histgbr,,,,,,,61.47253221412995,7.840442093028297,0.8744546858512025,0.6229195785236951,0.6168328762411981,1.2131936792780955,0.34328588102277674,0.6234664319855527,7.951564788818359,0.5114889348408658,7.951564788818359,0.5143276128936846,7.241901874542236,0.5833645616118186,7.241901874542236,0.586391931561652,4.697264194488525,0.6649486418468725,4.697264194488525,0.6692035775953282,raw_x_comparison_20260902_rawx/task9_seed1009/results.parquet,9,1009,
raw_x_comparison,surrogate_index,10,medium,10,0.5,1000,10,0.0,0.0,750,dml_learner,h_y,frozen,1009,42,7eb6270ab1cc2b95a38ab756d0587a6d,0,2.0,10000,histgbr,,,,,,,708.3163443355377,26.61421320151204,2.96831775149508,0.38393999633777115,0.39483070548211574,2.1134207296967507,0.5980145705980418,0.3867921207342727,5.236554145812988,0.3368443285584338,5.236554145812988,0.340697845058639,5.365610122680664,0.43222165271265806,5.365610122680664,0.436347262174478,2.909137487411499,0.41181993200847306,2.909137487411499,0.4192894388077335,raw_x_comparison_20260902_rawx/task9_seed1009/results.parquet,9,1009,
