slice_name,method,phi_dim,arch,z_dim,z_s_fraction,x_dim,s_dim,alpha,delta,n,learner,y_type,finetune,trial_seed,dgp_seed,encoder_key,epochs_run,lambda_loss_s,num_observational,cate_regressor,error,diag_r2_phi_s,diag_r2_phi_s_x,diag_r2_gap,diag_r2_xs_resid_mean,diag_r2_xs_resid_max,mse,pehe,pehe_norm,spearman_rho,pearson_r,abs_regret,norm_regret,auuc,topk_10_value,topk_10_norm,policy_value_10,policy_norm_10,topk_20_value,topk_20_norm,policy_value_20,policy_norm_20,topk_50_value,topk_50_norm,policy_value_50,policy_norm_50,source_file,array_task_id,run_seed,run_timestamp
paper_main,encoder_pred,10,medium,10,0.5,1000,10,0.0,0.0,50,x_learner,h_y,frozen,1000,42,046578539f5ee11f7116ae6569884826,46,2.0,10000,histgbr,,,,,,,94.76403228748806,9.73468193047354,1.140918392259503,,,4.18165532335639,1.0,0.34797928024695096,0.055035971105098724,0.0034625721471717103,0.055035971105098724,-0.08254628099365453,3.3721976280212402,0.24323988836297059,3.3721976280212402,0.16739904215110338,3.0157582759857178,0.3607807703413899,3.0157582759857178,0.2470254746399303,paper_main_20260902_002859/task0_seed1000/results.parquet,0,1000,20260902_002859
paper_main,encoder_pred,10,medium,10,0.5,1000,10,0.0,0.0,50,x_learner,true_y,frozen,1000,42,046578539f5ee11f7116ae6569884826,46,2.0,10000,histgbr,,,,,,,80.2276457883661,8.956988656259764,1.0497716484394048,,,4.18165532335639,1.0,0.15285374697406984,-2.9640867710113525,-0.18648465883348803,-2.9640867710113525,-0.28888742055948674,0.6451618075370789,0.046536147447993795,0.6451618075370789,-0.049017918230159226,1.5000501871109009,0.17945379321879704,1.5000501871109009,0.03342959360427994,paper_main_20260902_002859/task0_seed1000/results.parquet,0,1000,20260902_002859
paper_main,encoder_pred,10,medium,10,0.5,1000,10,0.0,0.0,50,dml_learner,h_y,frozen,1000,42,046578539f5ee11f7116ae6569884826,46,2.0,10000,histgbr,,,,,,,329.70298848390047,18.157725311390205,2.1281109046316065,-0.06525810324129651,-0.08490807139512761,3.4055707049369808,0.8144073199709613,0.16470884685167803,-3.773608684539795,-0.2374154950488782,-3.773608684539795,-0.3442139800964057,-0.5198711156845093,-0.03749880822270613,-0.5198711156845093,-0.14147467369109373,1.9276304244995117,0.23060601210059575,1.9276304244995117,0.09368484868195856,paper_main_20260902_002859/task0_seed1000/results.parquet,0,1000,20260902_002859
paper_main,encoder_pred,10,medium,10,0.5,1000,10,0.0,0.0,50,dml_learner,true_y,frozen,1000,42,046578539f5ee11f7116ae6569884826,46,2.0,10000,histgbr,,,,,,,260.32544369828696,16.134603921332776,1.8909982367318499,0.40734693877551015,0.3849544082372689,2.285085864663124,0.5464548576971209,0.5435394299219274,5.517571926116943,0.3471364361847181,5.517571926116943,0.2907892837228462,5.4952311515808105,0.39637635728472065,5.4952311515808105,0.3358825136570665,3.8514766693115234,0.4607593157485154,3.8514766693115234,0.3647961772114507,paper_main_20260902_002859/task0_seed1000/results.parquet,0,1000,20260902_002859
paper_main,mi_mine_cond,10,medium,10,0.5,1000,10,0.0,0.0,50,x_learner,h_y,frozen,1000,42,170fb0fe08485992dcf5ba3960c91803,16,2.0,10000,histgbr,,,,,,,85.66572077428268,9.255577819578996,1.084766717676733,,,4.18165532335639,1.0,0.0612203604761328,-0.13656464219093323,-0.00859192482378108,-0.13656464219093323,-0.09564117387015311,-2.2460646629333496,-0.16201082443335374,-2.2460646629333496,-0.2784650123288231,-0.474185973405838,-0.056727749744638435,-0.474185973405838,-0.24478275821542456,paper_main_20260902_002859/task0_seed1000/results.parquet,0,1000,20260902_002859
paper_main,mi_mine_cond,10,medium,10,0.5,1000,10,0.0,0.0,50,x_learner,true_y,frozen,1000,42,170fb0fe08485992dcf5ba3960c91803,16,2.0,10000,histgbr,,,,,,,80.2276457883661,8.956988656259764,1.0497716484394048,,,4.18165532335639,1.0,0.25829732861561805,7.291219234466553,0.4587249417653614,7.291219234466553,0.4120087365418377,6.381387710571289,0.4602956900930529,6.381387710571289,0.40620770244926563,1.1209995746612549,0.13410726360900593,1.1209995746612549,-0.01998679317728577,paper_main_20260902_002859/task0_seed1000/results.parquet,0,1000,20260902_002859
paper_main,mi_mine_cond,10,medium,10,0.5,1000,10,0.0,0.0,50,dml_learner,h_y,frozen,1000,42,170fb0fe08485992dcf5ba3960c91803,16,2.0,10000,histgbr,,,,,,,273.24532838648645,16.53013394944174,1.9373549114525497,0.0018727490996398558,-0.010189252348834634,3.4024778801202773,0.8136677026238718,0.21795972723998513,-2.504368782043457,-0.1575616349966913,-2.504368782043457,-0.25746811706470707,1.0437977313995361,0.07529014359936141,1.0437977313995361,-0.017382259360899238,2.0072243213653564,0.2401279779870515,2.0072243213653564,0.10490134125787494,paper_main_20260902_002859/task0_seed1000/results.parquet,0,1000,20260902_002859
paper_main,mi_mine_cond,10,medium,10,0.5,1000,10,0.0,0.0,50,dml_learner,true_y,frozen,1000,42,170fb0fe08485992dcf5ba3960c91803,16,2.0,10000,histgbr,,,,,,,234.7003278072376,15.319932369538634,1.7955175868522792,0.0954141656662665,0.08275164346661158,3.5338959270715713,0.84509498124659,0.29381092199434894,-1.919650673866272,-0.12077426494275056,-1.919650673866272,-0.21750571372052258,3.451629161834717,0.24896936200257658,3.451629161834717,0.17370271113014968,2.0072243213653564,0.2401279779870515,2.0072243213653564,0.10490134125787494,paper_main_20260902_002859/task0_seed1000/results.parquet,0,1000,20260902_002859
paper_main,mi_infonce_cond,10,medium,10,0.5,1000,10,0.0,0.0,50,x_learner,h_y,frozen,1000,42,0a7d44039a1dfc1e2ce0c5895278fca7,34,2.0,10000,histgbr,,,,,,,82.06857549885407,9.059170795324155,1.0617475386278696,,,4.18165532335639,1.0,0.29805999827886526,-3.4801101684570312,-0.21895012110128823,-3.4801101684570312,-0.32415490219785553,-1.6288379430770874,-0.11748966197687684,-1.6288379430770874,-0.22948203617060245,3.228041648864746,0.38617662497862243,3.228041648864746,0.27694076927491224,paper_main_20260902_002859/task0_seed1000/results.parquet,0,1000,20260902_002859
paper_main,mi_infonce_cond,10,medium,10,0.5,1000,10,0.0,0.0,50,x_learner,true_y,frozen,1000,42,0a7d44039a1dfc1e2ce0c5895278fca7,34,2.0,10000,histgbr,,,,,,,80.2276457883661,8.956988656259764,1.0497716484394048,,,4.18165532335639,1.0,0.01848133477684213,-0.9532961845397949,-0.05997635274371953,-0.9532961845397949,-0.15146047356827835,-2.776315927505493,-0.20025836287152496,-2.776315927505493,-0.3205456355663463,-0.03235061466693878,-0.0038701641883883246,-0.03235061466693878,-0.1825186498325259,paper_main_20260902_002859/task0_seed1000/results.parquet,0,1000,20260902_002859
paper_main,mi_infonce_cond,10,medium,10,0.5,1000,10,0.0,0.0,50,dml_learner,h_y,frozen,1000,42,0a7d44039a1dfc1e2ce0c5895278fca7,34,2.0,10000,histgbr,,,,,,,188.16404357353636,13.717289950042478,1.607685644763393,0.2680912364945978,0.2672424844472074,2.4035977292060853,0.5747957551118409,0.43886545347916234,2.566377639770508,0.1614629042817122,2.566377639770508,0.08909069637160415,6.766467094421387,0.48807183985374814,6.766467094421387,0.43676751729743724,4.122774600982666,0.49321519179128226,4.122774600982666,0.4030278929117113,paper_main_20260902_002859/task0_seed1000/results.parquet,0,1000,20260902_002859
paper_main,mi_infonce_cond,10,medium,10,0.5,1000,10,0.0,0.0,50,dml_learner,true_y,frozen,1000,42,0a7d44039a1dfc1e2ce0c5895278fca7,34,2.0,10000,histgbr,,,,,,,151.84024447299927,12.322347360507221,1.4441964144101362,0.3669147659063625,0.37373021960017405,1.9269872474670406,0.4608192446431361,0.5184710227843179,5.458705425262451,0.3434328673702243,5.458705425262451,0.2867660684030033,6.766467094421387,0.48807183985374814,6.766467094421387,0.43676751729743724,4.509336471557617,0.539460307177745,4.509336471557617,0.45750277757208146,paper_main_20260902_002859/task0_seed1000/results.parquet,0,1000,20260902_002859
paper_main,autoencoder,10,medium,10,0.5,1000,10,0.0,0.0,50,x_learner,h_y,frozen,1000,42,b9f116f6359230079c37508f5f8441c8,54,2.0,10000,histgbr,,,,,,,83.80413460850278,9.154459820683183,1.0729155462103535,,,4.18165532335639,1.0,0.035480948592255215,-2.6444153785705566,-0.1663726259668498,-2.6444153785705566,-0.2670395643982661,0.4058787226676941,0.02927642625990637,0.4058787226676941,-0.06800737099388933,-0.5438476800918579,-0.06506150925103106,-0.5438476800918579,-0.25459959149833805,paper_main_20260902_002859/task0_seed1000/results.parquet,0,1000,20260902_002859
paper_main,autoencoder,10,medium,10,0.5,1000,10,0.0,0.0,50,x_learner,true_y,frozen,1000,42,b9f116f6359230079c37508f5f8441c8,54,2.0,10000,histgbr,,,,,,,80.2276457883661,8.956988656259764,1.0497716484394048,,,4.18165532335639,1.0,0.023546396882116613,-4.739945411682129,-0.2982122897452496,-4.739945411682129,-0.4102580062969062,-1.9380998611450195,-0.13979702433330637,-1.9380998611450195,-0.2540249936804375,0.14790496230125427,0.017694145668528196,0.14790496230125427,-0.1571167607374479,paper_main_20260902_002859/task0_seed1000/results.parquet,0,1000,20260902_002859
paper_main,autoencoder,10,medium,10,0.5,1000,10,0.0,0.0,50,dml_learner,h_y,frozen,1000,42,b9f116f6359230079c37508f5f8441c8,54,2.0,10000,histgbr,,,,,,,402.0779152380313,20.05188059105757,2.350108563291915,0.00773109243697479,0.012891922544164556,3.7374192947149276,0.8937655080847511,0.212410088638439,1.762184500694275,0.11086732636423674,1.762184500694275,0.0341283305051245,4.790079116821289,0.34551305651356334,4.790079116821289,0.2799218039285731,1.6911582946777344,0.2023164114914473,1.6911582946777344,0.060360837759014394,paper_main_20260902_002859/task0_seed1000/results.parquet,0,1000,20260902_002859
paper_main,autoencoder,10,medium,10,0.5,1000,10,0.0,0.0,50,dml_learner,true_y,frozen,1000,42,b9f116f6359230079c37508f5f8441c8,54,2.0,10000,histgbr,,,,,,,424.8255538985865,20.611296754415683,2.4156729232022824,0.0025450180072028807,0.006001862487299649,3.4195532745122907,0.8177511081347564,0.20937003978530438,1.762184500694275,0.11086732636423674,1.762184500694275,0.0341283305051245,3.6038143634796143,0.2599466283261765,3.6038143634796143,0.1857800951188759,1.691158652305603,0.20231645427513426,1.691158652305603,0.06036088815647565,paper_main_20260902_002859/task0_seed1000/results.parquet,0,1000,20260902_002859
paper_main,pca,10,medium,10,0.5,1000,10,0.0,0.0,50,x_learner,h_y,frozen,1000,42,b4bf743fbcae0dbf7e5acfca52574495,0,2.0,10000,histgbr,,,,,,,83.45155817749549,9.135182438106833,1.0706562099019805,,,4.18165532335639,1.0,0.19371498466915169,0.41172313690185547,0.025903441650191126,0.41172313690185547,-0.05816859166280755,-1.625308632850647,-0.11723508940427782,-1.625308632850647,-0.22920195089056636,1.8372071981430054,0.21978851339009606,1.8372071981430054,0.08094227058168481,paper_main_20260902_002859/task0_seed1000/results.parquet,0,1000,20260902_002859
paper_main,pca,10,medium,10,0.5,1000,10,0.0,0.0,50,x_learner,true_y,frozen,1000,42,b4bf743fbcae0dbf7e5acfca52574495,0,2.0,10000,histgbr,,,,,,,80.2276457883661,8.956988656259764,1.0497716484394048,,,4.18165532335639,1.0,0.07893490071801598,-2.7349233627319336,-0.17206690951924467,-2.7349233627319336,-0.27322530846595283,1.0126721858978271,0.07304502778818792,1.0126721858978271,-0.019852375777079136,-0.09593238681554794,-0.0114765698204671,-0.09593238681554794,-0.19147868952590236,paper_main_20260902_002859/task0_seed1000/results.parquet,0,1000,20260902_002859
paper_main,pca,10,medium,10,0.5,1000,10,0.0,0.0,50,dml_learner,h_y,frozen,1000,42,b4bf743fbcae0dbf7e5acfca52574495,0,2.0,10000,histgbr,,,,,,,411.16596959571086,20.27722785776475,2.3765195793957687,0.19106842737094837,0.11539234169144302,2.7610438764095306,0.6602753366562477,0.3430363715212759,0.891635537147522,0.05609699101083861,0.891635537147522,-0.025369106508704116,1.5946980714797974,0.11502711989836771,1.5946980714797974,0.026337069948096335,3.0426526069641113,0.3639981891661893,3.0426526069641113,0.250815464521464,paper_main_20260902_002859/task0_seed1000/results.parquet,0,1000,20260902_002859
paper_main,pca,10,medium,10,0.5,1000,10,0.0,0.0,50,dml_learner,true_y,frozen,1000,42,b4bf743fbcae0dbf7e5acfca52574495,0,2.0,10000,histgbr,,,,,,,428.3158350203358,20.695792688861566,2.4255759653734583,0.16523409363745495,0.1081531416547944,2.7805360829830166,0.6649366980230283,0.32287165454435346,0.891635537147522,0.05609699101083861,0.891635537147522,-0.025369106508704116,2.919567823410034,0.21059126118035,2.919567823410034,0.1314784408314879,2.4795796871185303,0.2966367287341973,2.4795796871185303,0.17146637528422487,paper_main_20260902_002859/task0_seed1000/results.parquet,0,1000,20260902_002859
paper_main,pls,10,medium,10,0.5,1000,10,0.0,0.0,50,x_learner,h_y,frozen,1000,42,2d76c26dca5bda0cb184a0dbfcc4efc8,0,2.0,10000,histgbr,,,,,,,79.53960723407091,8.918498036893372,1.0452604937988916,,,4.18165532335639,1.0,0.04751341598631379,-0.936172604560852,-0.05889902767968588,-0.936172604560852,-0.15029016705605458,-1.6087291240692139,-0.1160391933418412,-1.6087291240692139,-0.22788620473566065,-0.4158259332180023,-0.04974602961680762,-0.4158259332180023,-0.23655857290382512,paper_main_20260902_002859/task0_seed1000/results.parquet,0,1000,20260902_002859
paper_main,pls,10,medium,10,0.5,1000,10,0.0,0.0,50,x_learner,true_y,frozen,1000,42,2d76c26dca5bda0cb184a0dbfcc4efc8,0,2.0,10000,histgbr,,,,,,,80.2276457883661,8.956988656259764,1.0497716484394048,,,4.18165532335639,1.0,0.013887390352362496,-0.017122412100434303,-0.0010772515872962778,-0.017122412100434303,-0.08747792647204278,1.6005744934082031,0.11545099191641366,1.6005744934082031,0.026803421494383535,-0.6293308734893799,-0.07528802263268448,-0.6293308734893799,-0.26664601266709953,paper_main_20260902_002859/task0_seed1000/results.parquet,0,1000,20260902_002859
paper_main,pls,10,medium,10,0.5,1000,10,0.0,0.0,50,dml_learner,h_y,frozen,1000,42,2d76c26dca5bda0cb184a0dbfcc4efc8,0,2.0,10000,histgbr,,,,,,,380.22519418545954,19.499363943099773,2.2853528362751665,0.2912364945978392,0.27873885069060994,2.4847317099571224,0.5941981148180242,0.4511954715032678,7.40490198135376,0.4658772587878759,7.40490198135376,0.4197783535946496,5.672049522399902,0.4091304380127222,5.672049522399902,0.34991478051062064,3.948435068130493,0.4723586292928153,3.948435068130493,0.3784597017196017,paper_main_20260902_002859/task0_seed1000/results.parquet,0,1000,20260902_002859
paper_main,pls,10,medium,10,0.5,1000,10,0.0,0.0,50,dml_learner,true_y,frozen,1000,42,2d76c26dca5bda0cb184a0dbfcc4efc8,0,2.0,10000,histgbr,,,,,,,326.719139384558,18.075373838030515,2.1184591963111097,0.3485714285714286,0.32626357373836434,2.2910766005516052,0.5478874807674683,0.49654159488631744,7.40490198135376,0.4658772587878759,7.40490198135376,0.4197783535946496,5.624949932098389,0.4057330988438419,5.624949932098389,0.3461769674273856,3.5071215629577637,0.4195634740490698,3.5071215629577637,0.3162691337321497,paper_main_20260902_002859/task0_seed1000/results.parquet,0,1000,20260902_002859
paper_main,ica,10,medium,10,0.5,1000,10,0.0,0.0,50,x_learner,h_y,frozen,1000,42,2c668c4e1d12971d94a618fc9ef854ed,0,2.0,10000,histgbr,,,,,,,84.14544331242563,9.173082541459312,1.0750981552364263,,,4.18165532335639,1.0,0.1487827478752751,-0.5631309747695923,-0.03542922182154794,-0.5631309747695923,-0.12479473624006067,1.590846300125122,0.11474928789157021,1.590846300125122,0.026031394224146933,0.7349311709403992,0.0879211825798974,0.7349311709403992,-0.0743921377406966,paper_main_20260902_002859/task0_seed1000/results.parquet,0,1000,20260902_002859
paper_main,ica,10,medium,10,0.5,1000,10,0.0,0.0,50,x_learner,true_y,frozen,1000,42,2c668c4e1d12971d94a618fc9ef854ed,0,2.0,10000,histgbr,,,,,,,80.2276457883661,8.956988656259764,1.0497716484394048,,,4.18165532335639,1.0,0.07761411905192568,2.3282108306884766,0.14647870861932652,2.3282108306884766,0.07281324924857202,-1.8143419027328491,-0.13087024265892702,-1.8143419027328491,-0.24420358943581066,-0.15263862907886505,-0.018260443027359997,-0.15263862907886505,-0.19946981912754333,paper_main_20260902_002859/task0_seed1000/results.parquet,0,1000,20260902_002859
paper_main,ica,10,medium,10,0.5,1000,10,0.0,0.0,50,dml_learner,h_y,frozen,1000,42,2c668c4e1d12971d94a618fc9ef854ed,0,2.0,10000,histgbr,,,,,,,380.1603598053172,19.497701397993488,2.285157983654067,0.19270108043217285,0.11454283614591501,2.7610438764095306,0.6602753366562477,0.3441178825899253,0.891635537147522,0.05609699101083861,0.891635537147522,-0.025369106508704116,2.919567823410034,0.21059126118035,2.919567823410034,0.1314784408314879,3.0426526069641113,0.3639981891661893,3.0426526069641113,0.250815464521464,paper_main_20260902_002859/task0_seed1000/results.parquet,0,1000,20260902_002859
paper_main,ica,10,medium,10,0.5,1000,10,0.0,0.0,50,dml_learner,true_y,frozen,1000,42,2c668c4e1d12971d94a618fc9ef854ed,0,2.0,10000,histgbr,,,,,,,393.58719801210594,19.839032184360857,2.325162431132916,0.1786794717887155,0.10617748166518541,2.9329825246334074,0.7013927016536743,0.33329418117014853,0.891635537147522,0.05609699101083861,0.891635537147522,-0.025369106508704116,2.919567823410034,0.21059126118035,2.919567823410034,0.1314784408314879,2.6765356063842773,0.3201989315943609,2.6765356063842773,0.19922170192629848,paper_main_20260902_002859/task0_seed1000/results.parquet,0,1000,20260902_002859
paper_main,raw_x,10,medium,10,0.5,1000,10,0.0,0.0,50,x_learner,h_y,frozen,1000,42,dd34b7e5891261e9fb24703963931ff3,0,2.0,10000,histgbr,,,,,,,72.8039374752274,8.532522339568025,1.0000236000627802,,,2.9188265341520307,0.6980074416581149,0.24500724012060693,2.379333972930908,0.14969510627435292,2.379333972930908,0.07630724678677565,-1.3718575239181519,-0.09895341488735865,-1.3718575239181519,-0.20908812686654143,1.4209517240524292,0.16999109699997364,1.4209517240524292,0.022282918311359815,paper_main_20260902_002859/task0_seed1000/results.parquet,0,1000,20260902_002859
paper_main,raw_x,10,medium,10,0.5,1000,10,0.0,0.0,50,x_learner,true_y,frozen,1000,42,dd34b7e5891261e9fb24703963931ff3,0,2.0,10000,histgbr,,,,,,,80.2276457883661,8.956988656259764,1.0497716484394048,,,4.18165532335639,1.0,0.07361975178408364,0.8965843915939331,0.05640834675186527,0.8965843915939331,-0.025030878369856714,-3.396070957183838,-0.2449618947697452,-3.396070957183838,-0.36972925783360855,-0.45850592851638794,-0.05485191681755998,-0.45850592851638794,-0.24257310252550415,paper_main_20260902_002859/task0_seed1000/results.parquet,0,1000,20260902_002859
paper_main,raw_x,10,medium,10,0.5,1000,10,0.0,0.0,50,dml_learner,h_y,frozen,1000,42,dd34b7e5891261e9fb24703963931ff3,0,2.0,10000,histgbr,,,,,,,1210.4586797812276,34.791646695453025,4.077629849166114,-0.01042016806722689,-0.015044376770723372,3.4992889010906216,0.8368190657765477,0.20742376558383918,-1.9635528326034546,-0.12353635651652851,-1.9635528326034546,-0.22050619506460994,0.9622728228569031,0.0694096728084643,0.9622728228569031,-0.02385205809607854,1.0791362524032593,0.12909907652267427,1.0791362524032593,-0.025886235996393423,paper_main_20260902_002859/task0_seed1000/results.parquet,0,1000,20260902_002859
paper_main,raw_x,10,medium,10,0.5,1000,10,0.0,0.0,50,dml_learner,true_y,frozen,1000,42,dd34b7e5891261e9fb24703963931ff3,0,2.0,10000,histgbr,,,,,,,1857.7733153135796,43.10189456756605,5.0516025695124,0.19615846338535411,0.2149408372143472,2.920421158671379,0.6983887797637309,0.3649292701273162,7.452319145202637,0.46886049588798023,7.452319145202637,0.4230190670267568,2.606332302093506,0.18799727896435,2.606332302093506,0.10662013904551144,2.8908615112304688,0.34583913812890166,2.8908615112304688,0.22942483326167934,paper_main_20260902_002859/task0_seed1000/results.parquet,0,1000,20260902_002859
paper_main,encoder_pred,10,medium,10,0.5,1000,10,0.0,0.0,100,x_learner,h_y,frozen,1000,42,046578539f5ee11f7116ae6569884826,46,2.0,10000,histgbr,,,,,,,73.60019167545292,8.579055406946205,0.954346328423261,0.3545634563456345,0.35095160416851073,2.078916853666305,0.5424008140091338,0.38602739235102984,-0.16513624787330627,-0.010665432632159095,-0.16513624787330627,-0.02501964963079836,2.423611640930176,0.18792597493946653,2.423611640930176,0.1740394252598349,4.091701030731201,0.53377364735685,4.091701030731201,0.5202023102012093,paper_main_20260902_002859/task0_seed1000/results.parquet,0,1000,20260902_002859
paper_main,encoder_pred,10,medium,10,0.5,1000,10,0.0,0.0,100,x_learner,true_y,frozen,1000,42,046578539f5ee11f7116ae6569884826,46,2.0,10000,histgbr,,,,,,,52.650852063842336,7.256090687404778,0.8071778509116683,0.6966576657665766,0.6794926807379369,1.0902441537380216,0.284450681812175,0.7164842747403773,12.361236572265625,0.7983585530708391,12.361236572265625,0.7954946922998195,9.514119148254395,0.7377213768208108,9.514119148254395,0.7332363852827405,5.785848617553711,0.7547798571916523,5.785848617553711,0.7476417681142344,paper_main_20260902_002859/task0_seed1000/results.parquet,0,1000,20260902_002859
paper_main,encoder_pred,10,medium,10,0.5,1000,10,0.0,0.0,100,dml_learner,h_y,frozen,1000,42,046578539f5ee11f7116ae6569884826,46,2.0,10000,histgbr,,,,,,,101.22107173101637,10.060868338817299,1.1191853070591,0.231023102310231,0.2258876766169241,2.9203351831436155,0.7619314729798532,0.27266877178691373,3.7429261207580566,0.2417393328369704,3.7429261207580566,0.23096995475539855,1.761863350868225,0.13661425053848616,1.761863350868225,0.12185026507338081,1.818800449371338,0.23726751841928356,1.818800449371338,0.21506521344787563,paper_main_20260902_002859/task0_seed1000/results.parquet,0,1000,20260902_002859
paper_main,encoder_pred,10,medium,10,0.5,1000,10,0.0,0.0,100,dml_learner,true_y,frozen,1000,42,046578539f5ee11f7116ae6569884826,46,2.0,10000,histgbr,,,,,,,77.75181773524713,8.81769911798124,0.9808933943441998,0.7635523552355236,0.736106293524085,0.958585697710514,0.25010026823283116,0.7739035437012497,7.750040531158447,0.5005414392422696,7.750040531158447,0.4934477598391136,9.45764446258545,0.7333423500062412,9.45764446258545,0.7287824766574832,5.941251754760742,0.775052623636387,5.941251754760742,0.7685046525283616,paper_main_20260902_002859/task0_seed1000/results.parquet,0,1000,20260902_002859
paper_main,mi_mine_cond,10,medium,10,0.5,1000,10,0.0,0.0,100,x_learner,h_y,frozen,1000,42,170fb0fe08485992dcf5ba3960c91803,16,2.0,10000,histgbr,,,,,,,82.88189659076001,9.103949505064271,1.0127362946361411,0.5325772577257726,0.49738534635857157,2.222265839874744,0.5798013510578953,0.5550111039309736,8.178125381469727,0.5281895794334268,8.178125381469727,0.5214885793394652,7.050584316253662,0.5466997720048723,7.050584316253662,0.5389482913004211,3.933809518814087,0.5131762655907572,3.933809518814087,0.4990053612701841,paper_main_20260902_002859/task0_seed1000/results.parquet,0,1000,20260902_002859
paper_main,mi_mine_cond,10,medium,10,0.5,1000,10,0.0,0.0,100,x_learner,true_y,frozen,1000,42,170fb0fe08485992dcf5ba3960c91803,16,2.0,10000,histgbr,,,,,,,79.61915674261023,8.92295672647863,0.9926024004577123,0.5696369636963695,0.5454628266517857,1.970328343808651,0.5140694759688658,0.5889399272783538,8.311715126037598,0.5368175605059354,8.311715126037598,0.5302391013721929,7.561348915100098,0.5863042752931725,7.561348915100098,0.5792300356843335,3.8951470851898193,0.5081326448432195,3.8951470851898193,0.4938149262611573,paper_main_20260902_002859/task0_seed1000/results.parquet,0,1000,20260902_002859
paper_main,mi_mine_cond,10,medium,10,0.5,1000,10,0.0,0.0,100,dml_learner,h_y,frozen,1000,42,170fb0fe08485992dcf5ba3960c91803,16,2.0,10000,histgbr,,,,,,,84.93411124859944,9.215970445297632,1.0251976633937865,0.4933933393339333,0.477778936339461,1.9742008590698241,0.5150798364487564,0.5119636323506658,5.724541664123535,0.3697232694516536,5.724541664123535,0.36077161377275935,6.093591690063477,0.4724949079707783,6.093591690063477,0.463474516429285,3.9427683353424072,0.5143449678342513,3.9427683353424072,0.5002080831526176,paper_main_20260902_002859/task0_seed1000/results.parquet,0,1000,20260902_002859
paper_main,mi_mine_cond,10,medium,10,0.5,1000,10,0.0,0.0,100,dml_learner,true_y,frozen,1000,42,170fb0fe08485992dcf5ba3960c91803,16,2.0,10000,histgbr,,,,,,,86.93416478951393,9.323849247468234,1.0371982548205367,0.568964896489649,0.5612771550096253,1.8410648559778928,0.4803439227330955,0.5828076221204868,8.01476001739502,0.5176385204902463,8.01476001739502,0.5107876664636718,6.0594162940979,0.469844960059442,6.0594162940979,0.4607792541350432,4.025664329528809,0.5251589781531432,4.025664329528809,0.5113368774368736,paper_main_20260902_002859/task0_seed1000/results.parquet,0,1000,20260902_002859
paper_main,mi_infonce_cond,10,medium,10,0.5,1000,10,0.0,0.0,100,x_learner,h_y,frozen,1000,42,0a7d44039a1dfc1e2ce0c5895278fca7,34,2.0,10000,histgbr,,,,,,,51.63180506078424,7.185527472690104,0.7993282985203681,0.614161416141614,0.6138756082774285,1.8614615273475648,0.4856655262087113,0.6297931210237461,11.615015029907227,0.7501633464388259,11.615015029907227,0.7466149817440019,7.351205348968506,0.5700098187574798,7.351205348968506,0.5626569422593884,3.940481185913086,0.5140466029039278,3.940481185913086,0.4999010331468111,paper_main_20260902_002859/task0_seed1000/results.parquet,0,1000,20260902_002859
paper_main,mi_infonce_cond,10,medium,10,0.5,1000,10,0.0,0.0,100,x_learner,true_y,frozen,1000,42,0a7d44039a1dfc1e2ce0c5895278fca7,34,2.0,10000,histgbr,,,,,,,52.2697921508532,7.229785069478428,0.8042515765499721,0.6074167416741674,0.6163857544489975,1.8529738843441008,0.48345105357793783,0.6239570154999955,11.61501407623291,0.750163284845146,11.61501407623291,0.7466149192755231,7.5052289962768555,0.5819527569722199,7.5052289962768555,0.5748041059507745,3.9799399375915527,0.5191941055306775,3.9799399375915527,0.5051983739224796,paper_main_20260902_002859/task0_seed1000/results.parquet,0,1000,20260902_002859
paper_main,mi_infonce_cond,10,medium,10,0.5,1000,10,0.0,0.0,100,dml_learner,h_y,frozen,1000,42,0a7d44039a1dfc1e2ce0c5895278fca7,34,2.0,10000,histgbr,,,,,,,83.84671549956661,9.156785216415564,1.0186138143333459,0.5803300330033003,0.5977552118246348,1.995425420999527,0.5206174411140684,0.5995445226674919,8.409472465515137,0.5431312822473711,8.409472465515137,0.5366424952534082,7.001564979553223,0.5428988302678618,7.001564979553223,0.5350823530672396,3.5170626640319824,0.45881049276649327,3.5170626640319824,0.44305706049883553,paper_main_20260902_002859/task0_seed1000/results.parquet,0,1000,20260902_002859
paper_main,mi_infonce_cond,10,medium,10,0.5,1000,10,0.0,0.0,100,dml_learner,true_y,frozen,1000,42,0a7d44039a1dfc1e2ce0c5895278fca7,34,2.0,10000,histgbr,,,,,,,72.16108669821793,8.494768195673025,0.9449700991304105,0.7073147314731472,0.7100991202283714,1.0508536326885225,0.27417347873701936,0.7189816352813755,10.186805725097656,0.6579215138839546,10.186805725097656,0.6530630625490875,8.498823165893555,0.658995691519161,8.498823165893555,0.6531644826335737,5.506258487701416,0.7183065561720112,5.506258487701416,0.7101067693537632,paper_main_20260902_002859/task0_seed1000/results.parquet,0,1000,20260902_002859
paper_main,autoencoder,10,medium,10,0.5,1000,10,0.0,0.0,100,x_learner,h_y,frozen,1000,42,b9f116f6359230079c37508f5f8441c8,54,2.0,10000,histgbr,,,,,,,99.61109977736413,9.980536046594096,1.110249028587817,0.2256945694569457,0.19526090025159676,3.006973521411419,0.7845358908131016,0.24468103503199207,1.660086989402771,0.10721780455241352,1.660086989402771,0.09453785236229995,3.4115142822265625,0.2645275904275175,3.4115142822265625,0.2519509362822684,1.8929060697555542,0.24693480031134704,1.8929060697555542,0.2250138993000371,paper_main_20260902_002859/task0_seed1000/results.parquet,0,1000,20260902_002859
paper_main,autoencoder,10,medium,10,0.5,1000,10,0.0,0.0,100,x_learner,true_y,frozen,1000,42,b9f116f6359230079c37508f5f8441c8,54,2.0,10000,histgbr,,,,,,,107.61558939899558,10.373793394848173,1.153995535473397,0.21332133213321328,0.18321587162539862,3.2710503885149955,0.8534349944137851,0.2304399022490011,1.66008722782135,0.10721781995083346,1.66008722782135,0.09453786797941963,3.5129306316375732,0.2723913776845184,3.5129306316375732,0.2599491951133432,1.5987945795059204,0.2085671479093212,1.5987945795059204,0.18552940666865408,paper_main_20260902_002859/task0_seed1000/results.parquet,0,1000,20260902_002859
paper_main,autoencoder,10,medium,10,0.5,1000,10,0.0,0.0,100,dml_learner,h_y,frozen,1000,42,b9f116f6359230079c37508f5f8441c8,54,2.0,10000,histgbr,,,,,,,188.62469844203991,13.73407071636228,1.5277975652020352,-0.044536453645364536,-0.06810797488945156,3.6769628924131394,0.9593397938974969,-0.007763748758487226,-0.4823974072933197,-0.031155952225355013,-0.4823974072933197,-0.045801190718505656,-0.17263200879096985,-0.013385823871249602,-0.17263200879096985,-0.030714826097091707,-0.32708901166915894,-0.04266966072489273,-0.32708901166915894,-0.07302062957818219,paper_main_20260902_002859/task0_seed1000/results.parquet,0,1000,20260902_002859
paper_main,autoencoder,10,medium,10,0.5,1000,10,0.0,0.0,100,dml_learner,true_y,frozen,1000,42,b9f116f6359230079c37508f5f8441c8,54,2.0,10000,histgbr,,,,,,,206.22095474991332,14.360395354930633,1.597470809034307,-0.05081308130813081,-0.06633816736387779,4.035752999186516,1.052950101413692,-0.01574819312250275,-0.4823971688747406,-0.031155936826935064,-0.4823971688747406,-0.045801175101385976,0.5948091745376587,0.04612128945915935,0.5948091745376587,0.02980986501570303,0.014975853264331818,0.0019536412262640013,0.014975853264331818,-0.02709839230871103,paper_main_20260902_002859/task0_seed1000/results.parquet,0,1000,20260902_002859
paper_main,pca,10,medium,10,0.5,1000,10,0.0,0.0,100,x_learner,h_y,frozen,1000,42,b4bf743fbcae0dbf7e5acfca52574495,0,2.0,10000,histgbr,,,,,,,166.06618566945556,12.886666972862129,1.4335311672199562,-0.03421542154215421,-0.044980678451972934,3.77044958204031,0.9837309841768824,-0.0051201878225373395,-4.292417049407959,-0.27722856404436913,-4.292417049407959,-0.2953687075312257,-1.2464473247528076,-0.09664907725272379,-1.2464473247528076,-0.11540188970877663,0.4614323675632477,0.06019512080498379,0.4614323675632477,0.03283843278474664,paper_main_20260902_002859/task0_seed1000/results.parquet,0,1000,20260902_002859
paper_main,pca,10,medium,10,0.5,1000,10,0.0,0.0,100,x_learner,true_y,frozen,1000,42,b4bf743fbcae0dbf7e5acfca52574495,0,2.0,10000,histgbr,,,,,,,175.12648926819224,13.233536536700695,1.4721174309737823,-0.04894089408940894,-0.05770408668131446,3.77044958204031,0.9837309841768824,-0.01765281308591439,-4.944817066192627,-0.31936424605147556,-4.944817066192627,-0.33810283161756743,-1.3428229093551636,-0.10412200541946903,-1.3428229093551636,-0.12300260571879404,0.27527308464050293,0.03591013060440406,0.27527308464050293,0.007846533187121826,paper_main_20260902_002859/task0_seed1000/results.parquet,0,1000,20260902_002859
paper_main,pca,10,medium,10,0.5,1000,10,0.0,0.0,100,dml_learner,h_y,frozen,1000,42,b4bf743fbcae0dbf7e5acfca52574495,0,2.0,10000,histgbr,,,,,,,326.42427099817104,18.06721536369595,2.009822740300164,0.007404740474047404,-0.03329388459520441,3.5786328500509264,0.9336849463143632,0.043277730958351156,-5.358141899108887,-0.34605910086038977,-5.358141899108887,-0.36517682647253663,0.07860778272151947,0.0060952191994348036,0.07860778272151947,-0.010900655178374066,0.8584496378898621,0.11198711510130878,0.8584496378898621,0.0861380351615107,paper_main_20260902_002859/task0_seed1000/results.parquet,0,1000,20260902_002859
paper_main,pca,10,medium,10,0.5,1000,10,0.0,0.0,100,dml_learner,true_y,frozen,1000,42,b4bf743fbcae0dbf7e5acfca52574495,0,2.0,10000,histgbr,,,,,,,343.35191307594636,18.529757501811684,2.0612765857776494,-0.0017281728172817278,-0.033789469573855695,3.6291051071882245,0.9468534351396228,0.03445966960685713,-4.421443462371826,-0.2855618193590414,-4.421443462371826,-0.30382031789320607,0.07860779762268066,0.0060952203548654835,0.07860779762268066,-0.010900654003185403,0.34368497133255005,0.044834649284512,0.34368497133255005,0.01703083480586658,paper_main_20260902_002859/task0_seed1000/results.parquet,0,1000,20260902_002859
paper_main,pls,10,medium,10,0.5,1000,10,0.0,0.0,100,x_learner,h_y,frozen,1000,42,2d76c26dca5bda0cb184a0dbfcc4efc8,0,2.0,10000,histgbr,,,,,,,49.9689593018435,7.068872562286259,0.786351440328461,0.6882688268826882,0.674801219509977,0.790064841210842,0.20613225210859876,0.6906655873706438,6.491048336029053,0.4192286044498231,6.491048336029053,0.4109800601055109,7.313690185546875,0.5671009064788123,7.313690185546875,0.5596982872803945,5.813676834106445,0.758410124539444,5.813676834106445,0.7513777085580721,paper_main_20260902_002859/task0_seed1000/results.parquet,0,1000,20260902_002859
paper_main,pls,10,medium,10,0.5,1000,10,0.0,0.0,100,x_learner,true_y,frozen,1000,42,2d76c26dca5bda0cb184a0dbfcc4efc8,0,2.0,10000,histgbr,,,,,,,53.12460539674446,7.288662798946351,0.8108012189381207,0.6923492349234922,0.6826723188742803,0.790064841210842,0.20613225210859876,0.6957769224818195,6.87482213973999,0.4440148866996579,6.87482213973999,0.4361183754441564,7.599249362945557,0.5892430623874888,7.599249362945557,0.5822190763414085,6.207895278930664,0.809837004355139,6.207895278930664,0.8043015683726124,paper_main_20260902_002859/task0_seed1000/results.parquet,0,1000,20260902_002859
paper_main,pls,10,medium,10,0.5,1000,10,0.0,0.0,100,dml_learner,h_y,frozen,1000,42,2d76c26dca5bda0cb184a0dbfcc4efc8,0,2.0,10000,histgbr,,,,,,,70.96592473653149,8.424127535628333,0.9371119316104219,0.6865526552655264,0.6785285994988199,1.148812652826309,0.29973152458602426,0.7037055387681918,9.045507431030273,0.5842100167091334,9.045507431030273,0.5783046602446565,7.800078392028809,0.6048152730706046,7.800078392028809,0.5980575734351217,5.248935699462891,0.6847380910777845,5.248935699462891,0.6755611631026534,paper_main_20260902_002859/task0_seed1000/results.parquet,0,1000,20260902_002859
paper_main,pls,10,medium,10,0.5,1000,10,0.0,0.0,100,dml_learner,true_y,frozen,1000,42,2d76c26dca5bda0cb184a0dbfcc4efc8,0,2.0,10000,histgbr,,,,,,,66.0408610751436,8.126552840851009,0.9040092992200921,0.7395739573957395,0.734628043609808,0.7657209718227387,0.19978080301194398,0.7551009251758881,10.032663345336914,0.6479661274181063,10.032663345336914,0.6429662823311407,8.23993968963623,0.6389219598825594,8.23993968963623,0.6327474881132634,5.248936176300049,0.6847381532825025,5.248936176300049,0.6755612271180824,paper_main_20260902_002859/task0_seed1000/results.parquet,0,1000,20260902_002859
paper_main,ica,10,medium,10,0.5,1000,10,0.0,0.0,100,x_learner,h_y,frozen,1000,42,2c668c4e1d12971d94a618fc9ef854ed,0,2.0,10000,histgbr,,,,,,,159.1703909143386,12.616274843008874,1.4034523620229336,0.1418301830183018,0.12021025684074521,3.132770000398159,0.8173568824182055,0.16427627342519865,0.13397333025932312,0.008652755205405068,0.13397333025932312,-0.005427090620254943,0.6425193548202515,0.049820719678393174,0.6425193548202515,0.03357255587367221,1.3981677293777466,0.18239482379611632,1.3981677293777466,0.15859523494071587,paper_main_20260902_002859/task0_seed1000/results.parquet,0,1000,20260902_002859
paper_main,ica,10,medium,10,0.5,1000,10,0.0,0.0,100,x_learner,true_y,frozen,1000,42,2c668c4e1d12971d94a618fc9ef854ed,0,2.0,10000,histgbr,,,,,,,165.3982444328049,12.860724879757162,1.430645331876558,0.14046204620462044,0.11875607088227677,3.220534091889858,0.8402550154445062,0.16383329654776965,0.25606662034988403,0.016538230242348958,0.25606662034988403,0.0025703797577414805,0.2798387408256531,0.021698595314268272,0.2798387408256531,0.004969540279157206,1.3401004076004028,0.17481978204586465,1.3401004076004028,0.15079969204337568,paper_main_20260902_002859/task0_seed1000/results.parquet,0,1000,20260902_002859
paper_main,ica,10,medium,10,0.5,1000,10,0.0,0.0,100,dml_learner,h_y,frozen,1000,42,2c668c4e1d12971d94a618fc9ef854ed,0,2.0,10000,histgbr,,,,,,,338.71369218687346,18.404175944248998,2.0473067146563384,-0.0035403540354035402,-0.04561077851636924,3.8157404550909995,0.9955476214640135,0.02224340789425781,-3.4641788005828857,-0.22373625475441614,-3.4641788005828857,-0.24111666095283435,-1.9293005466461182,-0.1495972704771156,-1.9293005466461182,-0.16925550250449686,0.07941339164972305,0.010359695244467964,0.07941339164972305,-0.018447647288844852,paper_main_20260902_002859/task0_seed1000/results.parquet,0,1000,20260902_002859
paper_main,ica,10,medium,10,0.5,1000,10,0.0,0.0,100,dml_learner,true_y,frozen,1000,42,2c668c4e1d12971d94a618fc9ef854ed,0,2.0,10000,histgbr,,,,,,,350.24765246855816,18.714904554086246,2.0818726072712925,0.000204020402040204,-0.04201318824794652,3.686612752377987,0.9618574953105076,0.026812704643399986,-3.4641788005828857,-0.22373625475441614,-3.4641788005828857,-0.24111666095283435,-1.8287299871444702,-0.14179906546548215,-1.8287299871444702,-0.16132394738195707,-0.32442376017570496,-0.04232197134091787,-0.32442376017570496,-0.0726628193380425,paper_main_20260902_002859/task0_seed1000/results.parquet,0,1000,20260902_002859
paper_main,raw_x,10,medium,10,0.5,1000,10,0.0,0.0,100,x_learner,h_y,frozen,1000,42,dd34b7e5891261e9fb24703963931ff3,0,2.0,10000,histgbr,,,,,,,117.20556623199374,10.826151958659814,1.2043165456576792,-0.10269426942694268,-0.14849653670472399,3.937940156981349,1.0274301941893766,-0.07125442848886421,-4.586194038391113,-0.29620234312212945,-4.586194038391113,-0.31461196623436216,-1.6744171380996704,-0.12983370265211458,-1.6744171380996704,-0.14915397562899155,-0.2292708456516266,-0.0299090120702657,-0.2292708456516266,-0.059888532453869096,paper_main_20260902_002859/task0_seed1000/results.parquet,0,1000,20260902_002859
paper_main,raw_x,10,medium,10,0.5,1000,10,0.0,0.0,100,x_learner,true_y,frozen,1000,42,dd34b7e5891261e9fb24703963931ff3,0,2.0,10000,histgbr,,,,,,,110.07198218183525,10.491519536360558,1.1670915589378004,0.30581458145814583,0.290101915837893,2.5679440701007845,0.6699906980388385,0.31197700030035225,8.775814056396484,0.5667916936241671,8.775814056396484,0.5606389492692557,4.187993049621582,0.32473547477589454,4.187993049621582,0.3131883816697969,2.2423629760742188,0.29252241438158155,2.2423629760742188,0.2719285187554475,paper_main_20260902_002859/task0_seed1000/results.parquet,0,1000,20260902_002859
paper_main,raw_x,10,medium,10,0.5,1000,10,0.0,0.0,100,dml_learner,h_y,frozen,1000,42,dd34b7e5891261e9fb24703963931ff3,0,2.0,10000,histgbr,,,,,,,1765.679254727297,42.01998637228833,4.674363063597857,-0.031731173117311724,-0.08059930831665668,3.634036025926471,0.948139938894076,0.01361379374732641,-0.5676655769348145,-0.03666305276016062,-0.5676655769348145,-0.05138650716290663,-0.16554734110832214,-0.01283648128727327,-0.16554734110832214,-0.030156089698206746,0.4218376576900482,0.05502988205798836,0.4218376576900482,0.027522839609848446,paper_main_20260902_002859/task0_seed1000/results.parquet,0,1000,20260902_002859
paper_main,raw_x,10,medium,10,0.5,1000,10,0.0,0.0,100,dml_learner,true_y,frozen,1000,42,dd34b7e5891261e9fb24703963931ff3,0,2.0,10000,histgbr,,,,,,,5421.414915865794,73.63025815427916,8.190734666837407,0.14343834383438342,0.09755321808427397,3.3911875831335783,0.8847794476750951,0.17883856408879503,1.922804832458496,0.12418560836570286,1.922804832458496,0.11174664545855306,2.213101863861084,0.17160312253939483,2.213101863861084,0.15743745039829793,1.1629974842071533,0.15171621884142344,1.1629974842071533,0.12702360948440514,paper_main_20260902_002859/task0_seed1000/results.parquet,0,1000,20260902_002859
paper_main,encoder_pred,10,medium,10,0.5,1000,10,0.0,0.0,250,x_learner,h_y,frozen,1000,42,046578539f5ee11f7116ae6569884826,46,2.0,10000,histgbr,,,,,,,94.71437200782894,9.732130907865397,1.0214087920515003,0.016465031440503045,-0.004915541803828083,3.858371415257454,0.894802214363646,0.13684552817170567,-0.15073277056217194,-0.008526612620829597,-0.15073277056217194,-0.05996399646601591,0.8201525807380676,0.05651970945323593,0.8201525807380676,-0.002762191683856294,1.0079983472824097,0.11691774906954759,1.0079983472824097,0.019338203933295547,paper_main_20260902_002859/task0_seed1000/results.parquet,0,1000,20260902_002859
paper_main,encoder_pred,10,medium,10,0.5,1000,10,0.0,0.0,250,x_learner,true_y,frozen,1000,42,046578539f5ee11f7116ae6569884826,46,2.0,10000,histgbr,,,,,,,15.96594623795261,3.9957410123721244,0.41936190947649526,0.9205829213267412,0.9099357198369771,0.26321128630638135,0.0610418273629933,0.9290848988769352,16.41888999938965,0.9287795491761669,16.41888999938965,0.925147127759807,13.453171730041504,0.9271071935446028,13.453171730041504,0.9225271040724743,8.027142524719238,0.9310684268291523,8.027142524719238,0.9234515694543716,paper_main_20260902_002859/task0_seed1000/results.parquet,0,1000,20260902_002859
paper_main,encoder_pred,10,medium,10,0.5,1000,10,0.0,0.0,250,dml_learner,h_y,frozen,1000,42,046578539f5ee11f7116ae6569884826,46,2.0,10000,histgbr,,,,,,,95.6552190716619,9.780348617082211,1.0264693479146394,-0.0627308596937551,-0.07694903283198083,4.308987336814404,0.9993054052286368,0.07027852773232389,-2.872739315032959,-0.1625043791642521,-2.872739315032959,-0.22179501485446057,-0.8684014678001404,-0.05984471646075673,-0.8684014678001404,-0.1264381687367817,0.23481963574886322,0.02723673438860931,0.23481963574886322,-0.08025245688842186,paper_main_20260902_002859/task0_seed1000/results.parquet,0,1000,20260902_002859
paper_main,encoder_pred,10,medium,10,0.5,1000,10,0.0,0.0,250,dml_learner,true_y,frozen,1000,42,046578539f5ee11f7116ae6569884826,46,2.0,10000,histgbr,,,,,,,10.7897858000759,3.284780936390721,0.3447450676686938,0.9511083377334038,0.9404393596752537,0.18207074028253611,0.042224369829043734,0.9589465464405414,16.49951934814453,0.933340569451576,16.49951934814453,0.9299407714957139,13.521345138549805,0.9318052720873277,13.521345138549805,0.9275203780003011,8.285243034362793,0.9610055102604735,8.285243034362793,0.9566966652263965,paper_main_20260902_002859/task0_seed1000/results.parquet,0,1000,20260902_002859
paper_main,mi_mine_cond,10,medium,10,0.5,1000,10,0.0,0.0,250,x_learner,h_y,frozen,1000,42,170fb0fe08485992dcf5ba3960c91803,16,2.0,10000,histgbr,,,,,,,69.42247300431691,8.33201494263644,0.8744635063463165,0.5020139202227236,0.5143047384102306,1.9959040609002114,0.46287388670997964,0.5663217514491209,5.5454301834106445,0.31369246921853483,5.5454301834106445,0.2786890657833887,6.879434585571289,0.47408696029356334,6.879434585571289,0.4410421525334384,4.836548805236816,0.560991395569093,4.836548805236816,0.5124814635824264,paper_main_20260902_002859/task0_seed1000/results.parquet,0,1000,20260902_002859
paper_main,mi_mine_cond,10,medium,10,0.5,1000,10,0.0,0.0,250,x_learner,true_y,frozen,1000,42,170fb0fe08485992dcf5ba3960c91803,16,2.0,10000,histgbr,,,,,,,69.69519152924038,8.348364602078684,0.8761794394815624,0.5618697259156146,0.5582315973785743,1.4493640192151074,0.3361247516722377,0.618047459136562,7.952276229858398,0.44984231771860295,7.952276229858398,0.421782897645049,7.010195255279541,0.48309815556794766,7.010195255279541,0.45061955018929856,5.413557529449463,0.6279186493788983,5.413557529449463,0.5868040998462423,paper_main_20260902_002859/task0_seed1000/results.parquet,0,1000,20260902_002859
paper_main,mi_mine_cond,10,medium,10,0.5,1000,10,0.0,0.0,250,dml_learner,h_y,frozen,1000,42,170fb0fe08485992dcf5ba3960c91803,16,2.0,10000,histgbr,,,,,,,63.432685519827665,7.9644639191742,0.8358882086601286,0.5366781548504775,0.5534648672121123,1.7315310851931573,0.40156264976033684,0.6072758469285846,9.299101829528809,0.5260292020528853,9.299101829528809,0.5018555039468335,8.28902816772461,0.5712272017334619,8.28902816772461,0.5442860277717029,4.759785175323486,0.552087580553849,4.759785175323486,0.5025937875301731,paper_main_20260902_002859/task0_seed1000/results.parquet,0,1000,20260902_002859
paper_main,mi_mine_cond,10,medium,10,0.5,1000,10,0.0,0.0,250,dml_learner,true_y,frozen,1000,42,170fb0fe08485992dcf5ba3960c91803,16,2.0,10000,histgbr,,,,,,,63.583863429860024,7.9739490486119875,0.8368836940983354,0.5779073585177362,0.5895056773669954,1.734362152040005,0.4022192078287367,0.6406247766579516,10.112024307250977,0.5720143918191871,10.112024307250977,0.5501860535951678,8.522040367126465,0.5872849233313145,8.522040367126465,0.5613527076634265,5.23565673828125,0.6072839329459241,5.23565673828125,0.5638892716327136,paper_main_20260902_002859/task0_seed1000/results.parquet,0,1000,20260902_002859
paper_main,mi_infonce_cond,10,medium,10,0.5,1000,10,0.0,0.0,250,x_learner,h_y,frozen,1000,42,0a7d44039a1dfc1e2ce0c5895278fca7,34,2.0,10000,histgbr,,,,,,,29.91069716446579,5.469067302974593,0.5739907817171849,0.8395376566025056,0.8221566220491354,0.3831308999657632,0.08885261183639212,0.8576436427297852,15.397895812988281,0.8710242124760245,15.397895812988281,0.8644461241969598,12.446868896484375,0.857759190367641,12.446868896484375,0.8488217428143924,7.881978988647461,0.9142309052893147,7.881978988647461,0.9047535216822967,paper_main_20260902_002859/task0_seed1000/results.parquet,0,1000,20260902_002859
paper_main,mi_infonce_cond,10,medium,10,0.5,1000,10,0.0,0.0,250,x_learner,true_y,frozen,1000,42,0a7d44039a1dfc1e2ce0c5895278fca7,34,2.0,10000,histgbr,,,,,,,20.133375783418874,4.487023042443495,0.47092305159864434,0.8979280948495175,0.8836500595122885,0.35033848348259955,0.08124766049152221,0.9073204298856675,16.020814895629883,0.9062613390278563,16.020814895629883,0.9014804324804049,13.158843994140625,0.906823994408442,13.158843994140625,0.9009694462984579,8.009172439575195,0.9289840762830487,8.009172439575195,0.9211369006361263,paper_main_20260902_002859/task0_seed1000/results.parquet,0,1000,20260902_002859
paper_main,mi_infonce_cond,10,medium,10,0.5,1000,10,0.0,0.0,250,dml_learner,h_y,frozen,1000,42,0a7d44039a1dfc1e2ce0c5895278fca7,34,2.0,10000,histgbr,,,,,,,17.909087933648202,4.231913034745421,0.44414868868984425,0.9125341525464407,0.9109650117246294,0.2839535133242608,0.06585219647184529,0.9258497407523185,14.785131454467773,0.8363615157481058,14.785131454467773,0.8280155430975321,12.32766342163086,0.8495443057691038,12.32766342163086,0.8400906905952884,8.066246032714844,0.9356040435272304,8.066246032714844,0.9284883664375755,paper_main_20260902_002859/task0_seed1000/results.parquet,0,1000,20260902_002859
paper_main,mi_infonce_cond,10,medium,10,0.5,1000,10,0.0,0.0,250,dml_learner,true_y,frozen,1000,42,0a7d44039a1dfc1e2ce0c5895278fca7,34,2.0,10000,histgbr,,,,,,,8.230430208291898,2.8688726371681086,0.30109456630009485,0.9543915902654442,0.9539144518664566,0.1470066191256052,0.03409258315556108,0.9615699415628444,15.984526634216309,0.9042085939837431,15.984526634216309,0.8993229922964223,13.327947616577148,0.918477542579931,13.327947616577148,0.9133552243824531,8.393003463745117,0.9735046446847678,8.393003463745117,0.9705769392335942,paper_main_20260902_002859/task0_seed1000/results.parquet,0,1000,20260902_002859
paper_main,autoencoder,10,medium,10,0.5,1000,10,0.0,0.0,250,x_learner,h_y,frozen,1000,42,b9f116f6359230079c37508f5f8441c8,54,2.0,10000,histgbr,,,,,,,137.9351852415782,11.744581101153766,1.2326199173898598,0.14557327317237073,0.15611262818425417,3.3182716628909112,0.7695466590058185,0.2705561302459357,2.414458990097046,0.13658049553959126,2.414458990097046,0.0925439377387631,4.129354476928711,0.2845688969915801,4.129354476928711,0.23961605977399777,1.945822834968567,0.22569603071870106,1.945822834968567,0.1401363571548236,paper_main_20260902_002859/task0_seed1000/results.parquet,0,1000,20260902_002859
paper_main,autoencoder,10,medium,10,0.5,1000,10,0.0,0.0,250,x_learner,true_y,frozen,1000,42,b9f116f6359230079c37508f5f8441c8,54,2.0,10000,histgbr,,,,,,,144.7902286104166,12.03288114336781,1.2628776482664814,0.13580492487879806,0.139507799570516,3.2831243391633036,0.7613955766667636,0.26083115714020255,3.321352005004883,0.18788138649923755,3.321352005004883,0.14646130265841134,2.478043794631958,0.17077104745430652,2.478043794631958,0.11866792534632882,2.247377634048462,0.2606733780770525,2.247377634048462,0.17897866006143168,paper_main_20260902_002859/task0_seed1000/results.parquet,0,1000,20260902_002859
paper_main,autoencoder,10,medium,10,0.5,1000,10,0.0,0.0,250,dml_learner,h_y,frozen,1000,42,b9f116f6359230079c37508f5f8441c8,54,2.0,10000,histgbr,,,,,,,107.32763262891257,10.359905049222824,1.0872950849379672,0.13476580425286805,0.12776166077629997,3.475339581549168,0.8059725771704437,0.26022813360935043,0.7880380153656006,0.04457753189601439,0.7880380153656006,-0.004151407540169388,1.887223482131958,0.13005546210368896,1.887223482131958,0.07539404881604563,1.673285722732544,0.1940844454552353,1.673285722732544,0.10503172907706197,paper_main_20260902_002859/task0_seed1000/results.parquet,0,1000,20260902_002859
paper_main,autoencoder,10,medium,10,0.5,1000,10,0.0,0.0,250,dml_learner,true_y,frozen,1000,42,b9f116f6359230079c37508f5f8441c8,54,2.0,10000,histgbr,,,,,,,118.98866234190358,10.908192441550689,1.1448390666616477,0.11656314501032014,0.10331471706709966,3.245197821676731,0.7525999662452557,0.24408141629466298,1.3463326692581177,0.07615900037342255,1.3463326692581177,0.02904079494875447,0.8837843537330627,0.06090480730714366,0.8837843537330627,0.0018984359718464323,1.8184150457382202,0.21091799862083094,1.8184150457382202,0.12372536997423077,paper_main_20260902_002859/task0_seed1000/results.parquet,0,1000,20260902_002859
paper_main,pca,10,medium,10,0.5,1000,10,0.0,0.0,250,x_learner,h_y,frozen,1000,42,b4bf743fbcae0dbf7e5acfca52574495,0,2.0,10000,histgbr,,,,,,,266.33653711919686,16.319820376437875,1.712801458899716,0.04714328229251667,0.0663723477458506,3.658322587609291,0.8484085122818357,0.18179300860927275,2.2203006744384766,0.125597397845845,2.2203006744384766,0.0810006745473367,0.5603399872779846,0.038615074828492364,0.5603399872779846,-0.021791832088110835,1.6008208990097046,0.18567924905859653,1.6008208990097046,0.09569776841152221,paper_main_20260902_002859/task0_seed1000/results.parquet,0,1000,20260902_002859
paper_main,pca,10,medium,10,0.5,1000,10,0.0,0.0,250,x_learner,true_y,frozen,1000,42,b4bf743fbcae0dbf7e5acfca52574495,0,2.0,10000,histgbr,,,,,,,292.9854624131644,17.116818115910572,1.796448144918363,0.036075457207315316,0.0573085985018946,3.6749973524808883,0.8522755885493242,0.1692618689014026,3.1184651851654053,0.17640453702455924,3.1184651851654053,0.1343991051082585,0.3108462691307068,0.021421551585046987,0.3108462691307068,-0.04006567969585803,1.4650909900665283,0.1699359341237708,1.4650909900665283,0.07821483578122311,paper_main_20260902_002859/task0_seed1000/results.parquet,0,1000,20260902_002859
paper_main,pca,10,medium,10,0.5,1000,10,0.0,0.0,250,dml_learner,h_y,frozen,1000,42,b4bf743fbcae0dbf7e5acfca52574495,0,2.0,10000,histgbr,,,,,,,217.91741644814715,14.762026163374292,1.5493074902618562,-0.0167246195939135,-0.00013304024204741083,3.4815694729685784,0.8074173630755253,0.11945519377855282,0.004647319205105305,0.0002628883582480851,0.004647319205105305,-0.05072620891719311,0.16775715351104736,0.011560758080665519,0.16775715351104736,-0.05054605857103856,0.49129408597946167,0.05698521115511935,0.49129408597946167,-0.04721680859478187,paper_main_20260902_002859/task0_seed1000/results.parquet,0,1000,20260902_002859
paper_main,pca,10,medium,10,0.5,1000,10,0.0,0.0,250,dml_learner,true_y,frozen,1000,42,b4bf743fbcae0dbf7e5acfca52574495,0,2.0,10000,histgbr,,,,,,,239.7033822320151,15.482357127776606,1.6249078276589655,-0.018031776508424132,0.0014649052614010907,3.62005526894331,0.8395338660140672,0.11835725397882889,1.7655807733535767,0.09987491936241742,1.7655807733535767,0.05396628522026434,-0.2548527419567108,-0.017562833144768315,-0.2548527419567108,-0.08149957870233508,-0.04915753751993179,-0.005701783789752601,-0.04915753751993179,-0.11683064240005901,paper_main_20260902_002859/task0_seed1000/results.parquet,0,1000,20260902_002859
paper_main,pls,10,medium,10,0.5,1000,10,0.0,0.0,250,x_learner,h_y,frozen,1000,42,2d76c26dca5bda0cb184a0dbfcc4efc8,0,2.0,10000,histgbr,,,,,,,22.515313158969583,4.745030364388576,0.49800149408397765,0.8763500216003455,0.8774277918141056,0.4915745351910594,0.11400198044033813,0.8953291758826012,15.549829483032227,0.87961875727006,15.549829483032227,0.8734790123068912,12.123566627502441,0.8354792503447898,12.123566627502441,0.8251418825017282,7.79154109954834,0.9037410126693736,7.79154109954834,0.8931045083243909,paper_main_20260902_002859/task0_seed1000/results.parquet,0,1000,20260902_002859
paper_main,pls,10,medium,10,0.5,1000,10,0.0,0.0,250,x_learner,true_y,frozen,1000,42,2d76c26dca5bda0cb184a0dbfcc4efc8,0,2.0,10000,histgbr,,,,,,,17.431190430759,4.175067715709411,0.4381826459803871,0.9000286084577351,0.8992658738335522,0.2987946595549582,0.06929403477139547,0.9147301033696916,15.104349136352539,0.8544189395252927,15.104349136352539,0.8469939407255415,12.936110496520996,0.8914746156871856,12.936110496520996,0.884655616744485,7.8513031005859375,0.9106728084010289,7.8513031005859375,0.9008022592926731,paper_main_20260902_002859/task0_seed1000/results.parquet,0,1000,20260902_002859
paper_main,pls,10,medium,10,0.5,1000,10,0.0,0.0,250,dml_learner,h_y,frozen,1000,42,2d76c26dca5bda0cb184a0dbfcc4efc8,0,2.0,10000,histgbr,,,,,,,31.756250436937474,5.635268444088309,0.5914339612623084,0.8127808764940238,0.8150659918530252,0.6628610502481465,0.15372536019523572,0.8440107664073672,13.812814712524414,0.7813597522140202,13.812814712524414,0.770208551830573,12.027192115783691,0.8288377307922459,12.027192115783691,0.8180830549148153,7.285738468170166,0.8450729550345312,7.285738468170166,0.8279536996524811,paper_main_20260902_002859/task0_seed1000/results.parquet,0,1000,20260902_002859
paper_main,pls,10,medium,10,0.5,1000,10,0.0,0.0,250,dml_learner,true_y,frozen,1000,42,2d76c26dca5bda0cb184a0dbfcc4efc8,0,2.0,10000,histgbr,,,,,,,18.23189610334157,4.269882446079935,0.4481336628885317,0.8899246387942205,0.8940940243372264,0.3091208144426352,0.07168879288690955,0.9095894297296777,15.478293418884277,0.8755721235809593,15.478293418884277,0.8692259901618564,12.902377128601074,0.8891499261129635,12.902377128601074,0.8821848594474984,8.001886367797852,0.9281389646674763,8.001886367797852,0.9201984051857525,paper_main_20260902_002859/task0_seed1000/results.parquet,0,1000,20260902_002859
paper_main,ica,10,medium,10,0.5,1000,10,0.0,0.0,250,x_learner,h_y,frozen,1000,42,2c668c4e1d12971d94a618fc9ef854ed,0,2.0,10000,histgbr,,,,,,,201.84805967106132,14.207324155908506,1.491090280407407,0.06881351701627227,0.06912715768315342,3.654782250523567,0.8475874660105066,0.18578170338435837,3.501283645629883,0.19805971329650754,3.501283645629883,0.15715874962149667,2.1125733852386475,0.1455851468819079,2.1125733852386475,0.09189951363645184,1.032347559928894,0.11974201474609153,1.032347559928894,0.02247454762949247,paper_main_20260902_002859/task0_seed1000/results.parquet,0,1000,20260902_002859
paper_main,ica,10,medium,10,0.5,1000,10,0.0,0.0,250,x_learner,true_y,frozen,1000,42,2c668c4e1d12971d94a618fc9ef854ed,0,2.0,10000,histgbr,,,,,,,213.39874491580682,14.608173907638381,1.5331603537124896,0.08336120577929246,0.08253244198098257,3.6146888591051103,0.8382893317560598,0.20110970701252082,4.539453029632568,0.25678661215985077,4.539453029632568,0.21888086745186472,2.5721373558044434,0.17725537837490582,2.5721373558044434,0.12555968763399183,1.2438286542892456,0.1442717112381925,1.2438286542892456,0.049714746595748635,paper_main_20260902_002859/task0_seed1000/results.parquet,0,1000,20260902_002859
paper_main,ica,10,medium,10,0.5,1000,10,0.0,0.0,250,dml_learner,h_y,frozen,1000,42,2c668c4e1d12971d94a618fc9ef854ed,0,2.0,10000,histgbr,,,,,,,158.8982340540492,12.605484284788474,1.3229736219581933,-0.011282484519752315,-0.015671287359164537,3.8547203444838525,0.89395548763327,0.1246079473102315,-0.8912748694419861,-0.050417407721420095,-0.8912748694419861,-0.10399132706324504,-0.6892493963241577,-0.047498692970035415,-0.6892493963241577,-0.11331640488206296,1.1511809825897217,0.13352550588890144,1.1511809825897217,0.03778109825479999,paper_main_20260902_002859/task0_seed1000/results.parquet,0,1000,20260902_002859
paper_main,ica,10,medium,10,0.5,1000,10,0.0,0.0,250,dml_learner,true_y,frozen,1000,42,2c668c4e1d12971d94a618fc9ef854ed,0,2.0,10000,histgbr,,,,,,,162.74258810994468,12.757060323990974,1.3388818645179654,-0.012787788604617673,-0.013323567094220966,3.56521081250906,0.8268147843650386,0.12253879004697718,0.3156398832798004,0.017855035785338036,0.3156398832798004,-0.03223681789876469,0.43793824315071106,0.030179923641847173,0.43793824315071106,-0.030756990953489136,0.5429630279541016,0.06297829279931719,0.5429630279541016,-0.04056149851128626,paper_main_20260902_002859/task0_seed1000/results.parquet,0,1000,20260902_002859
paper_main,raw_x,10,medium,10,0.5,1000,10,0.0,0.0,250,x_learner,h_y,frozen,1000,42,dd34b7e5891261e9fb24703963931ff3,0,2.0,10000,histgbr,,,,,,,96.8029110007763,9.838847036150948,1.0326088871505565,0.1981590745451927,0.18792283608918658,3.0487536627650265,0.7070422297096018,0.3082818455464275,2.13130259513855,0.12056297737206124,2.13130259513855,0.07570948601695686,3.5316500663757324,0.24337890330409945,3.5316500663757324,0.19583796630522374,2.595421075820923,0.3010429440591419,2.595421075820923,0.22380901537739076,paper_main_20260902_002859/task0_seed1000/results.parquet,0,1000,20260902_002859
paper_main,raw_x,10,medium,10,0.5,1000,10,0.0,0.0,250,x_learner,true_y,frozen,1000,42,dd34b7e5891261e9fb24703963931ff3,0,2.0,10000,histgbr,,,,,,,89.47267451677608,9.458999657298655,0.9927430596077017,0.4957223635578169,0.49589185734614044,2.305405545264483,0.5346509614785854,0.5667130855601248,8.769172668457031,0.49605230548229823,8.769172668457031,0.47034971055181685,8.650250434875488,0.5961203473101471,8.650250434875488,0.5707432897479083,4.120823860168457,0.4779744444441986,4.120823860168457,0.42029123746436986,paper_main_20260902_002859/task0_seed1000/results.parquet,0,1000,20260902_002859
paper_main,raw_x,10,medium,10,0.5,1000,10,0.0,0.0,250,dml_learner,h_y,frozen,1000,42,dd34b7e5891261e9fb24703963931ff3,0,2.0,10000,histgbr,,,,,,,555.724945528294,23.573819069643637,2.4741247613619084,-0.0054847597561560974,-0.022012636202792493,3.734078715324402,0.865977259179307,0.12937830041284487,0.048070941120386124,0.0027192646411496753,0.048070941120386124,-0.04814455129005065,0.7583814859390259,0.05226283772882061,0.7583814859390259,-0.007286536349941469,0.9676480889320374,0.11223752177213268,0.9676480889320374,0.014140817050423193,paper_main_20260902_002859/task0_seed1000/results.parquet,0,1000,20260902_002859
paper_main,raw_x,10,medium,10,0.5,1000,10,0.0,0.0,250,dml_learner,true_y,frozen,1000,42,dd34b7e5891261e9fb24703963931ff3,0,2.0,10000,histgbr,,,,,,,1388.782861792881,37.26637709508238,3.9111891910599703,0.2851986751788028,0.2774051731666998,2.7263632861375813,0.6322760675524216,0.3892345403799316,4.7378249168396,0.2680080620858945,4.7378249168396,0.23067463943656544,4.470418930053711,0.30807289398943666,4.470418930053711,0.2645968884982976,2.9617435932159424,0.34353270039930417,2.9617435932159424,0.27099383958043294,paper_main_20260902_002859/task0_seed1000/results.parquet,0,1000,20260902_002859
paper_main,encoder_pred,10,medium,10,0.5,1000,10,0.0,0.0,500,x_learner,h_y,frozen,1000,42,046578539f5ee11f7116ae6569884826,46,2.0,10000,histgbr,,,,,,,80.5292721734902,8.973810348647346,0.9879331230520412,0.3020318001272005,0.2045192254949348,2.431204352071509,0.623875370281202,0.3693370776373883,1.0107859373092651,0.06054993227960536,1.0107859373092651,0.028915472971300652,2.614382743835449,0.19364561464976252,2.614382743835449,0.15980262432944115,3.311755418777466,0.42500052778909,3.311755418777466,0.3818619735324251,paper_main_20260902_002859/task0_seed1000/results.parquet,0,1000,20260902_002859
paper_main,encoder_pred,10,medium,10,0.5,1000,10,0.0,0.0,500,x_learner,true_y,frozen,1000,42,046578539f5ee11f7116ae6569884826,46,2.0,10000,histgbr,,,,,,,10.501732133071723,3.240637612117671,0.3567640848685752,0.9421153204612818,0.9353323371153577,0.1800589136537165,0.046205215671166776,0.9492087946638347,15.210175514221191,0.9111475173454245,15.210175514221191,0.9081555539153738,12.368575096130371,0.9161322428705035,12.368575096130371,0.9126122822374528,7.434770584106445,0.9541107426956285,7.434770584106445,0.9506679635076564,paper_main_20260902_002859/task0_seed1000/results.parquet,0,1000,20260902_002859
paper_main,encoder_pred,10,medium,10,0.5,1000,10,0.0,0.0,500,dml_learner,h_y,frozen,1000,42,046578539f5ee11f7116ae6569884826,46,2.0,10000,histgbr,,,,,,,77.38203175581415,8.796705733160236,0.9684355507736739,0.38469571478285913,0.3051630670022616,2.1698467756807807,0.5568079702876011,0.4470871348728617,8.297727584838867,0.4970655257374062,8.297727584838867,0.4801300219703886,6.2900261878967285,0.46589811311691726,6.2900261878967285,0.4434816603558915,3.7831127643585205,0.4854902365137649,3.7831127643585205,0.4468898404779342,paper_main_20260902_002859/task0_seed1000/results.parquet,0,1000,20260902_002859
paper_main,encoder_pred,10,medium,10,0.5,1000,10,0.0,0.0,500,dml_learner,true_y,frozen,1000,42,046578539f5ee11f7116ae6569884826,46,2.0,10000,histgbr,,,,,,,8.326988332108495,2.88565215022679,0.31768348450166506,0.9577877671510685,0.9510859373422963,0.13337580700218687,0.03422578645400352,0.963145160487581,15.783381462097168,0.945484739545557,15.783381462097168,0.9436490264536281,12.850829124450684,0.9518524823616836,12.850829124450684,0.9498317133263999,7.60427713394165,0.9758636694773603,7.60427713394165,0.9740528740694894,paper_main_20260902_002859/task0_seed1000/results.parquet,0,1000,20260902_002859
paper_main,mi_mine_cond,10,medium,10,0.5,1000,10,0.0,0.0,500,x_learner,h_y,frozen,1000,42,170fb0fe08485992dcf5ba3960c91803,16,2.0,10000,histgbr,,,,,,,61.48218610076647,7.84105771568903,0.8632275851761917,0.5194793899175596,0.5314979044421807,1.6992840571850536,0.43605609272868173,0.575187418287137,8.293403625488281,0.49680650408287597,8.293403625488281,0.47986227818120564,6.599910259246826,0.48885102297996424,6.599910259246826,0.46739791229338,4.58760929107666,0.5887319935955471,4.58760929107666,0.5578771701292026,paper_main_20260902_002859/task0_seed1000/results.parquet,0,1000,20260902_002859
paper_main,mi_mine_cond,10,medium,10,0.5,1000,10,0.0,0.0,500,x_learner,true_y,frozen,1000,42,170fb0fe08485992dcf5ba3960c91803,16,2.0,10000,histgbr,,,,,,,57.86644953629839,7.607000035250321,0.8374600097287136,0.5689682598730395,0.5829653826752406,1.4832264997810123,0.3806132055387802,0.6202621556303746,9.896163940429688,0.5928179590784634,9.896163940429688,0.5791067634043165,7.682374954223633,0.5690284727775157,7.682374954223633,0.5509404391670957,4.844725608825684,0.621727960063041,4.844725608825684,0.5933486141553732,paper_main_20260902_002859/task0_seed1000/results.parquet,0,1000,20260902_002859
paper_main,mi_mine_cond,10,medium,10,0.5,1000,10,0.0,0.0,500,dml_learner,h_y,frozen,1000,42,170fb0fe08485992dcf5ba3960c91803,16,2.0,10000,histgbr,,,,,,,58.55862329699919,7.652360635581624,0.8424537902754101,0.5295171900687602,0.5436199549283012,1.6440099627822637,0.4218721159341698,0.5897758995236841,10.259572982788086,0.6145875465770523,10.259572982788086,0.6016094064995203,8.077401161193848,0.5982878047677845,8.077401161193848,0.5814277960894738,4.573651313781738,0.5869407539153536,4.573651313781738,0.5559515451254303,paper_main_20260902_002859/task0_seed1000/results.parquet,0,1000,20260902_002859
paper_main,mi_mine_cond,10,medium,10,0.5,1000,10,0.0,0.0,500,dml_learner,true_y,frozen,1000,42,170fb0fe08485992dcf5ba3960c91803,16,2.0,10000,histgbr,,,,,,,53.67932502654046,7.3266175706488506,0.8065925060551473,0.5836646706586825,0.5963937162444068,1.4513105758279563,0.37242320750051827,0.6379470588174723,10.644583702087402,0.6376511569024529,10.644583702087402,0.6254496465441693,8.93304443359375,0.6616647406030227,8.93304443359375,0.6474646852466897,4.996538162231445,0.6412102004956016,4.996538162231445,0.6142924832094522,paper_main_20260902_002859/task0_seed1000/results.parquet,0,1000,20260902_002859
paper_main,mi_infonce_cond,10,medium,10,0.5,1000,10,0.0,0.0,500,x_learner,h_y,frozen,1000,42,0a7d44039a1dfc1e2ce0c5895278fca7,34,2.0,10000,histgbr,,,,,,,19.818898375866425,4.45184213285539,0.4901064465118131,0.90037329749319,0.8924328858067989,0.28606632476113747,0.07340795278408907,0.911512241869731,15.004668235778809,0.8988368476641891,15.004668235778809,0.8954303423734582,12.17065715789795,0.9014725910312305,12.17065715789795,0.8973373594152109,7.277370929718018,0.9339115046088992,7.277370929718018,0.9289533050244574,paper_main_20260902_002859/task0_seed1000/results.parquet,0,1000,20260902_002859
paper_main,mi_infonce_cond,10,medium,10,0.5,1000,10,0.0,0.0,500,x_learner,true_y,frozen,1000,42,0a7d44039a1dfc1e2ce0c5895278fca7,34,2.0,10000,histgbr,,,,,,,11.332798418588602,3.3664221985052025,0.3706117988756329,0.940752787011148,0.9288505682109423,0.14724071132205419,0.0377836824856968,0.944543545812234,15.20045280456543,0.9105650899594661,15.20045280456543,0.9075535142306097,12.55866813659668,0.9302123096658256,12.55866813659668,0.9272832946181413,7.499396324157715,0.9624042215784046,7.499396324157715,0.9595836493767892,paper_main_20260902_002859/task0_seed1000/results.parquet,0,1000,20260902_002859
paper_main,mi_infonce_cond,10,medium,10,0.5,1000,10,0.0,0.0,500,dml_learner,h_y,frozen,1000,42,0a7d44039a1dfc1e2ce0c5895278fca7,34,2.0,10000,histgbr,,,,,,,16.133006690802315,4.016591426919387,0.4421893887047272,0.9225579302317208,0.9206336939329214,0.25955225068889565,0.0666041323790339,0.9337834484278351,14.892640113830566,0.8921259359399573,14.892640113830566,0.8884934515672545,12.093476295471191,0.8957558551863856,12.093476295471191,0.891380690062995,7.3365631103515625,0.9415076899635321,7.3365631103515625,0.9371193838657826,paper_main_20260902_002859/task0_seed1000/results.parquet,0,1000,20260902_002859
paper_main,mi_infonce_cond,10,medium,10,0.5,1000,10,0.0,0.0,500,dml_learner,true_y,frozen,1000,42,0a7d44039a1dfc1e2ce0c5895278fca7,34,2.0,10000,histgbr,,,,,,,5.1272276083620545,2.2643382274655997,0.24928259566388164,0.9732691730766924,0.9706389924791562,0.08454375464282915,0.021694912724147156,0.9776686404180953,15.923284530639648,0.9538654668719645,15.923284530639648,0.9523119611976417,13.025781631469727,0.9648110997776315,13.025781631469727,0.9633342086845283,7.674741744995117,0.984906455885552,7.674741744995117,0.9837740832431862,paper_main_20260902_002859/task0_seed1000/results.parquet,0,1000,20260902_002859
paper_main,autoencoder,10,medium,10,0.5,1000,10,0.0,0.0,500,x_learner,h_y,frozen,1000,42,b9f116f6359230079c37508f5f8441c8,54,2.0,10000,histgbr,,,,,,,148.6288377027277,12.191342735840369,1.342153537380257,0.12971667886671545,0.13071661045292365,3.3144816709160807,0.8505346241138211,0.22333273151706098,0.6764428615570068,0.040521507023862896,0.6764428615570068,0.008212622937134751,1.7594648599624634,0.13032240786681623,1.7594648599624634,0.09382171925261612,1.44346284866333,0.1852408752915461,1.44346284866333,0.12411467882356693,paper_main_20260902_002859/task0_seed1000/results.parquet,0,1000,20260902_002859
paper_main,autoencoder,10,medium,10,0.5,1000,10,0.0,0.0,500,x_learner,true_y,frozen,1000,42,b9f116f6359230079c37508f5f8441c8,54,2.0,10000,histgbr,,,,,,,141.585131383263,11.898955054258462,1.3099643708852573,0.14936056544226178,0.15476113032970654,3.099547036573291,0.7953798920681132,0.24034095609155343,2.080843448638916,0.12465045787533231,2.080843448638916,0.09517447993636685,2.800618886947632,0.20744000358841197,2.800618886947632,0.1741759688486728,1.796775221824646,0.2305817673805537,1.796775221824646,0.17285720974522686,paper_main_20260902_002859/task0_seed1000/results.parquet,0,1000,20260902_002859
paper_main,autoencoder,10,medium,10,0.5,1000,10,0.0,0.0,500,dml_learner,h_y,frozen,1000,42,b9f116f6359230079c37508f5f8441c8,54,2.0,10000,histgbr,,,,,,,103.39301961607421,10.168235816309249,1.1194282668844475,0.07507028428113713,0.08771650905468553,3.445055731540546,0.8840414497954214,0.16392782340788417,2.6452927589416504,0.15846312409136756,2.6452927589416504,0.13012573291743582,0.21349769830703735,0.01581363444677707,0.21349769830703735,-0.02549302953117459,1.1151013374328613,0.14310194957640718,1.1151013374328613,0.07881433745305273,paper_main_20260902_002859/task0_seed1000/results.parquet,0,1000,20260902_002859
paper_main,autoencoder,10,medium,10,0.5,1000,10,0.0,0.0,500,dml_learner,true_y,frozen,1000,42,b9f116f6359230079c37508f5f8441c8,54,2.0,10000,histgbr,,,,,,,99.25039292514778,9.962449142913995,1.0967730665814337,0.09533135732542929,0.10037182283310228,3.2944888768848033,0.8454042401670371,0.18188476671438863,1.417222023010254,0.08489700375815627,1.417222023010254,0.054082392644480504,1.0566142797470093,0.07826272650084624,1.0566142797470093,0.03957707389989695,1.2535500526428223,0.16086919672948224,1.2535500526428223,0.09791454818669847,paper_main_20260902_002859/task0_seed1000/results.parquet,0,1000,20260902_002859
paper_main,pca,10,medium,10,0.5,1000,10,0.0,0.0,500,x_learner,h_y,frozen,1000,42,b4bf743fbcae0dbf7e5acfca52574495,0,2.0,10000,histgbr,,,,,,,202.39513641517254,14.226564462834045,1.5662125355911234,0.04232724130896523,0.0411872029893023,3.489955907812342,0.8955633582986661,0.13935992548919596,0.39262717962265015,0.023519865344159455,0.39262717962265015,-0.00936152148685614,0.9525691866874695,0.07055617471751852,0.9525691866874695,0.03154707530193705,0.9439738392829895,0.12114100505117106,0.9439738392829895,0.05520580289910436,paper_main_20260902_002859/task0_seed1000/results.parquet,0,1000,20260902_002859
paper_main,pca,10,medium,10,0.5,1000,10,0.0,0.0,500,x_learner,true_y,frozen,1000,42,b4bf743fbcae0dbf7e5acfca52574495,0,2.0,10000,histgbr,,,,,,,201.7299986330056,14.203168612426088,1.5636368698859222,0.02948507794031176,0.030822938290959914,3.5245794622208924,0.9044481658668496,0.12647881189111154,0.06328701227903366,0.003791133380698762,0.06328701227903366,-0.02975458654256618,1.1686315536499023,0.08655977248902991,1.1686315536499023,0.04822234996181352,0.7268834114074707,0.09328159674404615,0.7268834114074707,0.02525628033118816,paper_main_20260902_002859/task0_seed1000/results.parquet,0,1000,20260902_002859
paper_main,pca,10,medium,10,0.5,1000,10,0.0,0.0,500,dml_learner,h_y,frozen,1000,42,b4bf743fbcae0dbf7e5acfca52574495,0,2.0,10000,histgbr,,,,,,,125.53931395042298,11.204432781288974,1.2335039230368834,-0.03669902679610718,-0.0216721019106551,3.6892161441352216,0.9466958571411985,0.06884701284031079,-0.02401077188551426,-0.001438336801082852,-0.02401077188551426,-0.03516015066201815,-0.13929206132888794,-0.010317271598990724,-0.13929206132888794,-0.05272065932078862,0.28524115681648254,0.036605252159269304,0.28524115681648254,-0.03567213001034303,paper_main_20260902_002859/task0_seed1000/results.parquet,0,1000,20260902_002859
paper_main,pca,10,medium,10,0.5,1000,10,0.0,0.0,500,dml_learner,true_y,frozen,1000,42,b4bf743fbcae0dbf7e5acfca52574495,0,2.0,10000,histgbr,,,,,,,129.94747208355128,11.399450516737694,1.2549735633509818,-0.03959948639794559,-0.022663121608220038,3.7225452460553496,0.9552484931151524,0.06643898260899711,0.540983259677887,0.03240696029576228,0.540983259677887,-0.0001751680080835712,-0.02010640688240528,-0.0014892683668151713,-0.02010640688240528,-0.04352214154393863,0.3140072822570801,0.04029683470349421,0.3140072822570801,-0.03170359150081145,paper_main_20260902_002859/task0_seed1000/results.parquet,0,1000,20260902_002859
paper_main,pls,10,medium,10,0.5,1000,10,0.0,0.0,500,x_learner,h_y,frozen,1000,42,2d76c26dca5bda0cb184a0dbfcc4efc8,0,2.0,10000,histgbr,,,,,,,18.772458076731773,4.3327194781951635,0.476992149276585,0.8849469957879831,0.890270683288492,0.3783094912376255,0.09707862431459843,0.9047645485365395,15.165937423706055,0.9084974870214955,15.165937423706055,0.9054162881128084,12.25757122039795,0.9079102586199589,12.25757122039795,0.9040452182819294,6.993750095367432,0.8975141898774031,6.993750095367432,0.8898253312015637,paper_main_20260902_002859/task0_seed1000/results.parquet,0,1000,20260902_002859
paper_main,pls,10,medium,10,0.5,1000,10,0.0,0.0,500,x_learner,true_y,frozen,1000,42,2d76c26dca5bda0cb184a0dbfcc4efc8,0,2.0,10000,histgbr,,,,,,,14.15945845654996,3.762905586983277,0.4142609353070087,0.9123955215820863,0.9179949237821252,0.3070527918338777,0.07879332481369417,0.9272961893703,15.61224365234375,0.9352329321068481,15.61224365234375,0.9330520060053089,12.48066520690918,0.9244346838383011,12.48066520690918,0.9212631797082632,7.18310546875,0.9218143338949825,7.18310546875,0.9159485605119286,paper_main_20260902_002859/task0_seed1000/results.parquet,0,1000,20260902_002859
paper_main,pls,10,medium,10,0.5,1000,10,0.0,0.0,500,dml_learner,h_y,frozen,1000,42,2d76c26dca5bda0cb184a0dbfcc4efc8,0,2.0,10000,histgbr,,,,,,,14.170769995846204,3.76440831949009,0.41442637219066103,0.9250719882879532,0.928716725634213,0.23033243612013754,0.05910598742955668,0.9382097155800279,15.232958793640137,0.9125123226667142,15.232958793640137,0.9095663168451449,12.468191146850586,0.9235107383934651,12.468191146850586,0.9203004559330626,7.383065223693848,0.9474753476600279,7.383065223693848,0.9435347569738,paper_main_20260902_002859/task0_seed1000/results.parquet,0,1000,20260902_002859
paper_main,pls,10,medium,10,0.5,1000,10,0.0,0.0,500,dml_learner,true_y,frozen,1000,42,2d76c26dca5bda0cb184a0dbfcc4efc8,0,2.0,10000,histgbr,,,,,,,7.508553313695167,2.740173956831056,0.30166768738165123,0.957072084288337,0.961059181710801,0.14376264785788928,0.036891170867034,0.965713806157267,15.989731788635254,0.9578459110226911,15.989731788635254,0.9564264403576166,12.915810585021973,0.9566656165146066,12.915810585021973,0.954846856491126,7.54664421081543,0.9684675850298821,7.54664421081543,0.9661019084340379,paper_main_20260902_002859/task0_seed1000/results.parquet,0,1000,20260902_002859
paper_main,ica,10,medium,10,0.5,1000,10,0.0,0.0,500,x_learner,h_y,frozen,1000,42,2c668c4e1d12971d94a618fc9ef854ed,0,2.0,10000,histgbr,,,,,,,178.34355134649985,13.35453298870836,1.4702099743421528,0.08910141240564963,0.09952006700061783,3.3148673433568328,0.8506335921567897,0.18025853271929768,2.7450385093688965,0.16443827492263627,2.7450385093688965,0.13630208727439208,2.2296571731567383,0.16514924403179276,2.2296571731567383,0.1301102505489545,1.1890146732330322,0.1525873139084511,1.1890146732330322,0.08901132835808942,paper_main_20260902_002859/task0_seed1000/results.parquet,0,1000,20260902_002859
paper_main,ica,10,medium,10,0.5,1000,10,0.0,0.0,500,x_learner,true_y,frozen,1000,42,2c668c4e1d12971d94a618fc9ef854ed,0,2.0,10000,histgbr,,,,,,,179.74671765624282,13.406965266466637,1.4759822808543217,0.0913374533498134,0.112391615014385,3.213703419720754,0.8246737503755829,0.1862621863504637,3.3237671852111816,0.19910632958888796,3.3237671852111816,0.17213753252617942,1.615475058555603,0.119657177742239,1.615475058555603,0.08270886549452532,1.097907543182373,0.14089545461916422,1.097907543182373,0.07644230320920123,paper_main_20260902_002859/task0_seed1000/results.parquet,0,1000,20260902_002859
paper_main,ica,10,medium,10,0.5,1000,10,0.0,0.0,500,dml_learner,h_y,frozen,1000,42,2c668c4e1d12971d94a618fc9ef854ed,0,2.0,10000,histgbr,,,,,,,124.84770601140481,11.173527017526956,1.2301014856632966,-0.0167625310501242,-0.009051662596651383,3.717906758060679,0.9540582030382386,0.0878428615093758,-2.409050703048706,-0.1443113240336904,-2.409050703048706,-0.18284415431387308,-0.3248503506183624,-0.02406145234970346,-0.3248503506183624,-0.06704168839595746,0.37943631410598755,0.04869340073939427,0.37943631410598755,-0.02267708450493694,paper_main_20260902_002859/task0_seed1000/results.parquet,0,1000,20260902_002859
paper_main,ica,10,medium,10,0.5,1000,10,0.0,0.0,500,dml_learner,true_y,frozen,1000,42,2c668c4e1d12971d94a618fc9ef854ed,0,2.0,10000,histgbr,,,,,,,130.0153361850361,11.40242676736124,1.2553012208854366,-0.022314713258853036,-0.00957158688952816,3.6547324635293332,0.9378469428208838,0.08412067863594566,-0.9587981700897217,-0.05743566676767026,-0.9587981700897217,-0.09304310001069808,-0.1959885209798813,-0.01451674116918656,-0.1959885209798813,-0.057096382174400155,0.49535536766052246,0.06356939631024942,0.49535536766052246,-0.00668503757565575,paper_main_20260902_002859/task0_seed1000/results.parquet,0,1000,20260902_002859
paper_main,raw_x,10,medium,10,0.5,1000,10,0.0,0.0,500,x_learner,h_y,frozen,1000,42,dd34b7e5891261e9fb24703963931ff3,0,2.0,10000,histgbr,,,,,,,102.08708488298906,10.103815362673105,1.11233617361787,-0.09857050628202511,-0.1034164274715402,4.089805660715327,1.0494917956126966,-0.0028947851640332626,-0.6759867072105408,-0.0404941816389638,-0.6759867072105408,-0.07553113781211737,-0.4881143569946289,-0.03615431019137255,-0.4881143569946289,-0.07964208793184438,-0.23652301728725433,-0.030353209844964632,-0.23652301728725433,-0.10765405966230548,paper_main_20260902_002859/task0_seed1000/results.parquet,0,1000,20260902_002859
paper_main,raw_x,10,medium,10,0.5,1000,10,0.0,0.0,500,x_learner,true_y,frozen,1000,42,dd34b7e5891261e9fb24703963931ff3,0,2.0,10000,histgbr,,,,,,,65.07355845688038,8.066818360226067,0.8880817340777601,0.6104501218004872,0.5999893299662256,1.3144272119756786,0.337297341081304,0.654730825086677,10.097012519836426,0.6048495549215028,10.097012519836426,0.5915435037485791,8.967646598815918,0.6642277002800091,8.967646598815918,0.6501352132845798,5.111851215362549,0.656008427491417,5.111851215362549,0.630200927082001,paper_main_20260902_002859/task0_seed1000/results.parquet,0,1000,20260902_002859
paper_main,raw_x,10,medium,10,0.5,1000,10,0.0,0.0,500,dml_learner,h_y,frozen,1000,42,dd34b7e5891261e9fb24703963931ff3,0,2.0,10000,histgbr,,,,,,,343.7174281825352,18.539617800335993,2.0410396255407797,-0.013376501506006023,-0.0005104689667942072,3.646204308375716,0.9356585188203487,0.09221576537815057,0.48478537797927856,0.029040492871248755,0.48478537797927856,-0.0036549957701102163,0.6030128002166748,0.04466476250081234,0.6030128002166748,0.004568990985532618,0.6061663627624512,0.07778987018224175,0.6061663627624512,0.008602308029842123,paper_main_20260902_002859/task0_seed1000/results.parquet,0,1000,20260902_002859
paper_main,raw_x,10,medium,10,0.5,1000,10,0.0,0.0,500,dml_learner,true_y,frozen,1000,42,dd34b7e5891261e9fb24703963931ff3,0,2.0,10000,histgbr,,,,,,,946.5768584242459,30.76648921187216,3.3871045399364137,0.35137426949707795,0.3629865507273802,2.2194766720980406,0.569543580100883,0.4303749773031743,7.55755615234375,0.45272643428528075,7.55755615234375,0.4342978834341185,4.950885772705078,0.36670886111715456,4.950885772705078,0.34012939894451655,3.3610191345214844,0.4313225843858264,3.3610191345214844,0.3886583338367169,paper_main_20260902_002859/task0_seed1000/results.parquet,0,1000,20260902_002859
paper_main,encoder_pred,10,medium,10,0.5,1000,10,0.0,0.0,750,x_learner,h_y,frozen,1000,42,046578539f5ee11f7116ae6569884826,46,2.0,10000,histgbr,,,,,,,82.88121572105808,9.103912110793804,0.9812640338110292,0.3122763951580358,0.2771929353155355,2.420571387141943,0.6340418950953342,0.33784732695113756,2.7689907550811768,0.16827349606760666,2.7689907550811768,0.15729590408187294,3.377068519592285,0.2532572846693403,3.377068519592285,0.2410570274833007,2.9663822650909424,0.3885291624777637,2.9663822650909424,0.3708656247916727,paper_main_20260902_002859/task0_seed1000/results.parquet,0,1000,20260902_002859
paper_main,encoder_pred,10,medium,10,0.5,1000,10,0.0,0.0,750,x_learner,true_y,frozen,1000,42,046578539f5ee11f7116ae6569884826,46,2.0,10000,histgbr,,,,,,,7.5816009546369445,2.75347071069168,0.2967824978615981,0.9579901830936587,0.9550958321740766,0.15216189681241898,0.03985712544101446,0.9611502730432553,15.201733589172363,0.923819934264608,15.201733589172363,0.9228144671126828,12.847343444824219,0.9634638140073772,12.847343444824219,0.962866887038348,7.346709728240967,0.9622532507937551,7.346709728240967,0.9611628617085884,paper_main_20260902_002859/task0_seed1000/results.parquet,0,1000,20260902_002859
paper_main,encoder_pred,10,medium,10,0.5,1000,10,0.0,0.0,750,dml_learner,h_y,frozen,1000,42,046578539f5ee11f7116ae6569884826,46,2.0,10000,histgbr,,,,,,,83.63993727887586,9.145487263064547,0.9857452064241884,0.21189215980828408,0.1985385338824408,2.9731261587440967,0.7787775043781744,0.2441691048251125,3.3756070137023926,0.20513798845434664,3.3756070137023926,0.19464695467527038,3.506727695465088,0.2629808453917549,3.506727695465088,0.2509394514113979,1.4712978601455688,0.19270683083731238,1.4712978601455688,0.16938657998935525,paper_main_20260902_002859/task0_seed1000/results.parquet,0,1000,20260902_002859
paper_main,encoder_pred,10,medium,10,0.5,1000,10,0.0,0.0,750,dml_learner,true_y,frozen,1000,42,046578539f5ee11f7116ae6569884826,46,2.0,10000,histgbr,,,,,,,7.602445635417069,2.7572532773427016,0.2971902013373094,0.9608235961308375,0.9552746848555888,0.13069542106737675,0.034234219611959285,0.9636914065353852,15.574112892150879,0.9464496837718707,15.574112892150879,0.9457428967217044,12.812973976135254,0.960886336450971,12.812973976135254,0.9602472987409411,7.3881001472473145,0.9676744620180768,7.3881001472473145,0.9667406752807067,paper_main_20260902_002859/task0_seed1000/results.parquet,0,1000,20260902_002859
paper_main,mi_mine_cond,10,medium,10,0.5,1000,10,0.0,0.0,750,x_learner,h_y,frozen,1000,42,170fb0fe08485992dcf5ba3960c91803,16,2.0,10000,histgbr,,,,,,,57.20063662548228,7.5631102481374874,0.8151888968090911,0.5746298713419934,0.5841964740697404,1.5617481387952963,0.4090826467020921,0.6027242908769257,11.242718696594238,0.68322784281925,11.242718696594238,0.6790469065649285,7.67695951461792,0.5757200097981194,7.67695951461792,0.568788137691324,4.47637939453125,0.5863047246328603,4.47637939453125,0.5743543230133562,paper_main_20260902_002859/task0_seed1000/results.parquet,0,1000,20260902_002859
paper_main,mi_mine_cond,10,medium,10,0.5,1000,10,0.0,0.0,750,x_learner,true_y,frozen,1000,42,170fb0fe08485992dcf5ba3960c91803,16,2.0,10000,histgbr,,,,,,,54.85411647614795,7.406356491295025,0.7982932126370197,0.6110501174224309,0.6194555031103837,1.4391200846135614,0.37696158459326323,0.6372264949309786,11.525718688964844,0.7004259493914445,11.525718688964844,0.6964720033748805,8.684335708618164,0.6512664069330635,8.684335708618164,0.6455688093034109,4.7037553787231445,0.6160858495220107,4.7037553787231445,0.6049957342637422,paper_main_20260902_002859/task0_seed1000/results.parquet,0,1000,20260902_002859
paper_main,mi_mine_cond,10,medium,10,0.5,1000,10,0.0,0.0,750,dml_learner,h_y,frozen,1000,42,170fb0fe08485992dcf5ba3960c91803,16,2.0,10000,histgbr,,,,,,,59.50056235098385,7.713660761984795,0.8314159652069704,0.5704682141657139,0.5815172203857254,1.5505618397630752,0.4061525194291811,0.602332387768584,9.471229553222656,0.5755732141954694,9.471229553222656,0.5699713918892786,8.165386199951172,0.6123487057721294,8.165386199951172,0.606015272059305,4.5825958251953125,0.6002166810698102,4.5825958251953125,0.5886681536718259,paper_main_20260902_002859/task0_seed1000/results.parquet,0,1000,20260902_002859
paper_main,mi_mine_cond,10,medium,10,0.5,1000,10,0.0,0.0,750,dml_learner,true_y,frozen,1000,42,170fb0fe08485992dcf5ba3960c91803,16,2.0,10000,histgbr,,,,,,,53.519010739504076,7.315668851137541,0.7885184566294097,0.61020161813621,0.6217086845434681,1.4070285487808287,0.36855556182360194,0.6395224365420484,10.027228355407715,0.6093616485127008,10.027228355407715,0.6042057848768394,8.989280700683594,0.6741352176237415,8.989280700683594,0.6688112498484379,4.818375587463379,0.631098511318485,4.818375587463379,0.6204420663207396,paper_main_20260902_002859/task0_seed1000/results.parquet,0,1000,20260902_002859
paper_main,mi_infonce_cond,10,medium,10,0.5,1000,10,0.0,0.0,750,x_learner,h_y,frozen,1000,42,0a7d44039a1dfc1e2ce0c5895278fca7,34,2.0,10000,histgbr,,,,,,,18.284426695829,4.276029314191964,0.4608912874459152,0.9133112485533307,0.9085822958549008,0.2879654839746655,0.07542937264780421,0.9193862790195698,14.758597373962402,0.8968902379372681,14.758597373962402,0.8955293375784131,12.224443435668945,0.9167505287944916,12.224443435668945,0.9153904017541371,7.131583213806152,0.9340765301250329,7.131583213806152,0.9321722010498266,paper_main_20260902_002859/task0_seed1000/results.parquet,0,1000,20260902_002859
paper_main,mi_infonce_cond,10,medium,10,0.5,1000,10,0.0,0.0,750,x_learner,true_y,frozen,1000,42,0a7d44039a1dfc1e2ce0c5895278fca7,34,2.0,10000,histgbr,,,,,,,8.886660770508598,2.9810502797686254,0.321312133390554,0.9566217753276004,0.9474074191932534,0.14859036246066282,0.038921601530910184,0.9573211100112059,15.031668663024902,0.9134849702966716,15.031668663024902,0.9123430965049547,12.656765937805176,0.9491717907135999,12.656765937805176,0.9483413611521607,7.339684963226318,0.9613331650381652,7.339684963226318,0.9602161974664691,paper_main_20260902_002859/task0_seed1000/results.parquet,0,1000,20260902_002859
paper_main,mi_infonce_cond,10,medium,10,0.5,1000,10,0.0,0.0,750,dml_learner,h_y,frozen,1000,42,0a7d44039a1dfc1e2ce0c5895278fca7,34,2.0,10000,histgbr,,,,,,,12.406747817719147,3.5223213677515495,0.37965297024350303,0.9474445856792634,0.942939424686865,0.16841615685944733,0.044114749032838685,0.950730033879008,14.76754379272461,0.8974339180342994,14.76754379272461,0.8960801934697084,12.136676788330078,0.9101686242045733,12.136676788330078,0.9087009622300006,7.301453113555908,0.956325655147337,7.301453113555908,0.9550640358044649,paper_main_20260902_002859/task0_seed1000/results.parquet,0,1000,20260902_002859
paper_main,mi_infonce_cond,10,medium,10,0.5,1000,10,0.0,0.0,750,dml_learner,true_y,frozen,1000,42,0a7d44039a1dfc1e2ce0c5895278fca7,34,2.0,10000,histgbr,,,,,,,4.528218930526085,2.1279612145257922,0.22936203466675684,0.9773531472944841,0.9740724725964076,0.07099179453402771,0.01859551516706993,0.9790428654567762,15.805560111999512,0.9605148924648176,15.805560111999512,0.9599937459124537,12.983338356018066,0.9736625120018023,12.983338356018066,0.9732322110151097,7.503579616546631,0.9827996675649973,7.503579616546631,0.9823028021357152,paper_main_20260902_002859/task0_seed1000/results.parquet,0,1000,20260902_002859
paper_main,autoencoder,10,medium,10,0.5,1000,10,0.0,0.0,750,x_learner,h_y,frozen,1000,42,b9f116f6359230079c37508f5f8441c8,54,2.0,10000,histgbr,,,,,,,152.25810204852345,12.339290986459613,1.3299889432572392,0.12167191052784093,0.12812563284763856,3.1171654872310657,0.8165070129096167,0.1647700726202756,1.5138347148895264,0.09199678961568117,1.5138347148895264,0.08001245495974768,1.8705259561538696,0.14027678793329412,1.8705259561538696,0.12623065921896529,1.3226783275604248,0.17324102455783327,1.3226783275604248,0.14935846561322022,paper_main_20260902_002859/task0_seed1000/results.parquet,0,1000,20260902_002859
paper_main,autoencoder,10,medium,10,0.5,1000,10,0.0,0.0,750,x_learner,true_y,frozen,1000,42,b9f116f6359230079c37508f5f8441c8,54,2.0,10000,histgbr,,,,,,,151.4149131071947,12.30507672089836,1.3263011629019443,0.14216867229986185,0.14031475951147368,3.1808976106755438,0.8332009375514753,0.18145644036746944,1.6763722896575928,0.10187431119945067,1.6763722896575928,0.09002034560265411,1.579628348350525,0.11846143599664576,1.579628348350525,0.10405888880140382,1.400731086730957,0.1834641753319213,1.400731086730957,0.15987693220269597,paper_main_20260902_002859/task0_seed1000/results.parquet,0,1000,20260902_002859
paper_main,autoencoder,10,medium,10,0.5,1000,10,0.0,0.0,750,dml_learner,h_y,frozen,1000,42,b9f116f6359230079c37508f5f8441c8,54,2.0,10000,histgbr,,,,,,,101.83716329169786,10.091440099990578,1.0877046152212586,0.014815528560939662,0.029693674657622134,3.7562457775784037,0.9839070245607258,0.05571299458760306,0.35926759243011475,0.02183294172834286,0.35926759243011475,0.008922545331422829,0.3757091164588928,0.028175641124209044,0.3757091164588928,0.01229800767090834,0.11574609577655792,0.01516012760100505,0.11574609577655792,-0.013288908940745197,paper_main_20260902_002859/task0_seed1000/results.parquet,0,1000,20260902_002859
paper_main,autoencoder,10,medium,10,0.5,1000,10,0.0,0.0,750,dml_learner,true_y,frozen,1000,42,b9f116f6359230079c37508f5f8441c8,54,2.0,10000,histgbr,,,,,,,106.6031265643957,10.324879009673465,1.1128657990481865,0.02075508045347636,0.03351370815400978,3.5800031868430473,0.9377422277611163,0.06302066151439012,0.1863437294960022,0.011324238181376456,0.1863437294960022,-0.0017248579675560537,0.33743607997894287,0.025305422400861092,0.33743607997894287,0.009380895411291307,0.2571582496166229,0.03368192984552215,0.2571582496166229,0.005767931987359909,paper_main_20260902_002859/task0_seed1000/results.parquet,0,1000,20260902_002859
paper_main,pca,10,medium,10,0.5,1000,10,0.0,0.0,750,x_learner,h_y,frozen,1000,42,b4bf743fbcae0dbf7e5acfca52574495,0,2.0,10000,histgbr,,,,,,,154.07224376692432,12.412584089017255,1.3378888311945325,0.11319539412514511,0.1055235374670211,3.3132940551315744,0.8678807214209783,0.1459421367355766,1.494184136390686,0.09080261027879355,1.494184136390686,0.07880251417548984,1.2027742862701416,0.09019993169924065,1.2027742862701416,0.07533564900418867,1.2635271549224854,0.16549355524645926,1.2635271549224854,0.14138719541428824,paper_main_20260902_002859/task0_seed1000/results.parquet,0,1000,20260902_002859
paper_main,pca,10,medium,10,0.5,1000,10,0.0,0.0,750,x_learner,true_y,frozen,1000,42,b4bf743fbcae0dbf7e5acfca52574495,0,2.0,10000,histgbr,,,,,,,158.40832169413082,12.586036774701194,1.356584407333474,0.12392255275120488,0.118504815782932,3.316275508550306,0.8686616801589824,0.15939570477044326,2.4155445098876953,0.14679432166388712,2.4155445098876953,0.13553323551068414,1.752274751663208,0.13140874786113133,1.752274751663208,0.11721773340852168,1.3998929262161255,0.18335439521130714,1.3998929262161255,0.15976398086739968,paper_main_20260902_002859/task0_seed1000/results.parquet,0,1000,20260902_002859
paper_main,pca,10,medium,10,0.5,1000,10,0.0,0.0,750,dml_learner,h_y,frozen,1000,42,b4bf743fbcae0dbf7e5acfca52574495,0,2.0,10000,histgbr,,,,,,,128.6867957505285,11.344020264021415,1.2227138123082248,0.015283611170864301,0.01624269076395799,3.4041628873559335,0.891682806703272,0.0598426297862756,-0.39358144998550415,-0.023918218742654148,-0.39358144998550415,-0.03743246456621847,0.29945245385169983,0.022456907495382546,0.29945245385169983,0.006485841565784782,0.333810031414032,0.04372158418631649,0.333810031414032,0.016097601488194488,paper_main_20260902_002859/task0_seed1000/results.parquet,0,1000,20260902_002859
paper_main,pca,10,medium,10,0.5,1000,10,0.0,0.0,750,dml_learner,true_y,frozen,1000,42,b4bf743fbcae0dbf7e5acfca52574495,0,2.0,10000,histgbr,,,,,,,133.82394565079665,11.568230013740072,1.2468802322770471,0.00395425414089625,0.012031956742972492,3.4969699243716894,0.9159925832875238,0.050326257258790405,-0.6360182762145996,-0.038651273466742145,-0.6360182762145996,-0.05235997439387699,-0.13215431571006775,-0.009910679324358875,-0.13215431571006775,-0.026410565790916884,0.20295263826847076,0.026582217503476085,0.20295263826847076,-0.0015368695082789887,paper_main_20260902_002859/task0_seed1000/results.parquet,0,1000,20260902_002859
paper_main,pls,10,medium,10,0.5,1000,10,0.0,0.0,750,x_learner,h_y,frozen,1000,42,2d76c26dca5bda0cb184a0dbfcc4efc8,0,2.0,10000,histgbr,,,,,,,16.108787024666523,4.013575341845039,0.4326027187008884,0.9035364400647822,0.9089206411257928,0.3472537482989333,0.09095927755734591,0.9148270048920769,15.134617805480957,0.9197412613610073,15.134617805480957,0.9186819616009264,12.442777633666992,0.9331241160683794,12.442777633666992,0.9320315001422258,6.9123215675354,0.9053582004641524,6.9123215675354,0.9026242859580168,paper_main_20260902_002859/task0_seed1000/results.parquet,0,1000,20260902_002859
paper_main,pls,10,medium,10,0.5,1000,10,0.0,0.0,750,x_learner,true_y,frozen,1000,42,2d76c26dca5bda0cb184a0dbfcc4efc8,0,2.0,10000,histgbr,,,,,,,11.74287580644737,3.4267879722047834,0.36935591509435023,0.931030035608952,0.9329736089923678,0.2686838271717229,0.0703787559690908,0.9386851609137057,15.224991798400879,0.9252333518327137,15.224991798400879,0.9242465397570604,12.336891174316406,0.9251833482033504,12.336891174316406,0.9239609962808233,7.119139194488525,0.9324466443007301,7.119139194488525,0.9304952327680868,paper_main_20260902_002859/task0_seed1000/results.parquet,0,1000,20260902_002859
paper_main,pls,10,medium,10,0.5,1000,10,0.0,0.0,750,dml_learner,h_y,frozen,1000,42,2d76c26dca5bda0cb184a0dbfcc4efc8,0,2.0,10000,histgbr,,,,,,,10.09609431426273,3.1774351786091137,0.3424794552704865,0.9473703171027859,0.950193796305045,0.1944989241895576,0.050946841370689666,0.9537685006124451,15.693901062011719,0.9537292942555947,15.693901062011719,0.953118587579599,12.462102890014648,0.934573379510845,12.462102890014648,0.9335044416017183,7.3004302978515625,0.9561916893622611,7.3004302978515625,0.9549262001542241,paper_main_20260902_002859/task0_seed1000/results.parquet,0,1000,20260902_002859
paper_main,pls,10,medium,10,0.5,1000,10,0.0,0.0,750,dml_learner,true_y,frozen,1000,42,2d76c26dca5bda0cb184a0dbfcc4efc8,0,2.0,10000,histgbr,,,,,,,4.566386409407301,2.136910482310221,0.23032663038109724,0.9714455670143411,0.9744529816110497,0.10000857060899326,0.026196138635502783,0.9756967803241118,16.073150634765625,0.9767765548404626,16.073150634765625,0.9764700388111439,12.924689292907715,0.9692642291758673,12.924689292907715,0.968762069193363,7.437193870544434,0.9741046323369922,7.437193870544434,0.9733565937151273,paper_main_20260902_002859/task0_seed1000/results.parquet,0,1000,20260902_002859
paper_main,ica,10,medium,10,0.5,1000,10,0.0,0.0,750,x_learner,h_y,frozen,1000,42,2c668c4e1d12971d94a618fc9ef854ed,0,2.0,10000,histgbr,,,,,,,172.408369934973,13.13043677624522,1.4152624937451896,0.17088612068643677,0.16957262010185553,3.1099270521315434,0.8146109849170506,0.20080076116398193,3.0580999851226807,0.18584286526655566,3.0580999851226807,0.17509716365055394,2.9811856746673584,0.22356875043581964,2.9811856746673584,0.21088344298321654,1.4482640027999878,0.18968991511190889,1.4482640027999878,0.16628251472003014,paper_main_20260902_002859/task0_seed1000/results.parquet,0,1000,20260902_002859
paper_main,ica,10,medium,10,0.5,1000,10,0.0,0.0,750,x_learner,true_y,frozen,1000,42,2c668c4e1d12971d94a618fc9ef854ed,0,2.0,10000,histgbr,,,,,,,179.248795499008,13.388382856006471,1.4430651798489107,0.13622539417847854,0.14400263878931657,3.153580661466966,0.8260455649248162,0.1723474996189666,2.000138282775879,0.12154979601999046,2.000138282775879,0.10995551848586856,2.377734899520874,0.17831402615096614,2.377734899520874,0.16488934854606896,1.2187728881835938,0.15963175584926156,1.2187728881835938,0.1353560664134413,paper_main_20260902_002859/task0_seed1000/results.parquet,0,1000,20260902_002859
paper_main,ica,10,medium,10,0.5,1000,10,0.0,0.0,750,dml_learner,h_y,frozen,1000,42,2c668c4e1d12971d94a618fc9ef854ed,0,2.0,10000,histgbr,,,,,,,129.39456821574421,11.375173326844045,1.2260716413073272,-0.009921738527535159,-0.0020965241890394046,3.6687003516865273,0.9609754687990288,0.033275242320023636,-1.3871749639511108,-0.08429958836560525,-1.3871749639511108,-0.09861078130595209,-0.9918161034584045,-0.07437949564716757,-0.9918161034584045,-0.0919326714508295,0.23825368285179138,0.03120585803961153,0.23825368285179138,0.0032203339777886284,paper_main_20260902_002859/task0_seed1000/results.parquet,0,1000,20260902_002859
paper_main,ica,10,medium,10,0.5,1000,10,0.0,0.0,750,dml_learner,true_y,frozen,1000,42,2c668c4e1d12971d94a618fc9ef854ed,0,2.0,10000,histgbr,,,,,,,132.57128512162447,11.513960444678645,1.2410307935300204,-0.0044503261339131255,-0.0004616324170908376,3.660984568209698,0.9589544046801266,0.03749303789889565,-1.1539934873580933,-0.07012898768284366,-1.1539934873580933,-0.08425314910290993,-0.731276273727417,-0.0548407716197829,-0.731276273727417,-0.0720747244121891,0.14860430359840393,0.01946381162574444,0.14860430359840393,-0.008860904539145238,paper_main_20260902_002859/task0_seed1000/results.parquet,0,1000,20260902_002859
paper_main,raw_x,10,medium,10,0.5,1000,10,0.0,0.0,750,x_learner,h_y,frozen,1000,42,dd34b7e5891261e9fb24703963931ff3,0,2.0,10000,histgbr,,,,,,,104.47774061159684,10.221435349871212,1.1017161370507484,-0.18604595563725443,-0.19058351416817282,4.468153719425201,1.1703834338001669,-0.14719579011242356,-4.949930191040039,-0.3008107040474697,-4.949930191040039,-0.31797953189195166,-2.9517102241516113,-0.22135829112215286,-2.9517102241516113,-0.24131280150715734,-1.2977099418640137,-0.16997072925664727,-1.2977099418640137,-0.20376763468485862,paper_main_20260902_002859/task0_seed1000/results.parquet,0,1000,20260902_002859
paper_main,raw_x,10,medium,10,0.5,1000,10,0.0,0.0,750,x_learner,true_y,frozen,1000,42,dd34b7e5891261e9fb24703963931ff3,0,2.0,10000,histgbr,,,,,,,54.99106387893074,7.4155959894623935,0.7992890907970639,0.6939220727503514,0.7030585989086384,1.1387059840299187,0.2982714345488499,0.7176001915917954,11.140315055847168,0.6770047022735692,11.140315055847168,0.672741629526714,9.203499794006348,0.6902001998959397,9.203499794006348,0.6851387012567738,5.3817901611328125,0.7048931112295117,5.3817901611328125,0.6963683683777596,paper_main_20260902_002859/task0_seed1000/results.parquet,0,1000,20260902_002859
paper_main,raw_x,10,medium,10,0.5,1000,10,0.0,0.0,750,dml_learner,h_y,frozen,1000,42,dd34b7e5891261e9fb24703963931ff3,0,2.0,10000,histgbr,,,,,,,306.442637640648,17.505503067339937,1.8868284694206654,-0.020563051667647405,-0.024382506102135687,3.7948772165489695,0.994026102603732,0.018562545223587315,-1.1195142269134521,-0.06803365901979248,-1.1195142269134521,-0.08213016511923325,-0.9163828492164612,-0.0687225120733214,-0.9163828492164612,-0.08618326427099267,-0.05154620483517647,-0.0067513900784814665,-0.05154620483517647,-0.03583338390051572,paper_main_20260902_002859/task0_seed1000/results.parquet,0,1000,20260902_002859
paper_main,raw_x,10,medium,10,0.5,1000,10,0.0,0.0,750,dml_learner,true_y,frozen,1000,42,dd34b7e5891261e9fb24703963931ff3,0,2.0,10000,histgbr,,,,,,,718.7315553737876,26.809169240649506,2.8896229699990488,0.3626345291280517,0.34041622293291957,2.249100744954,0.5891270574237104,0.4008126970429788,6.249699592590332,0.37979859553075374,6.249699592590332,0.37161283021601055,4.984057903289795,0.37377061315129334,4.984057903289795,0.3635392986434216,3.179363250732422,0.41642486727238354,3.179363250732422,0.3995671518801512,paper_main_20260902_002859/task0_seed1000/results.parquet,0,1000,20260902_002859
paper_main,encoder_pred,10,medium,10,0.5,1000,10,0.0,0.0,50,x_learner,h_y,frozen,1001,42,046578539f5ee11f7116ae6569884826,46,2.0,10000,histgbr,,,,,,,120.4229748236951,10.97374023857386,1.1121258851666227,,,3.562592467069626,1.0,0.03209107476932014,5.989137172698975,0.3914449903978548,5.989137172698975,0.41038784496866326,4.82541561126709,0.4005541624046858,4.82541561126709,0.42405482910295994,0.36325645446777344,0.050982038194701915,0.36325645446777344,0.11222804698730786,paper_main_20260902_002859/task1_seed1001/results.parquet,1,1001,20260902_002859
paper_main,encoder_pred,10,medium,10,0.5,1000,10,0.0,0.0,50,x_learner,true_y,frozen,1001,42,046578539f5ee11f7116ae6569884826,46,2.0,10000,histgbr,,,,,,,141.16862506954453,11.881440361738324,1.2041161073692326,,,3.562592467069626,1.0,-0.1349558198170104,-3.2117958068847656,-0.2099202844304379,-3.2117958068847656,-0.17225837444924988,-0.6050254106521606,-0.0502227095281624,-0.6050254106521606,-0.009049792297495406,-0.5366328954696655,-0.07531494192843065,-0.5366328954696655,-0.005918206525354162,paper_main_20260902_002859/task1_seed1001/results.parquet,1,1001,20260902_002859
paper_main,encoder_pred,10,medium,10,0.5,1000,10,0.0,0.0,50,dml_learner,h_y,frozen,1001,42,046578539f5ee11f7116ae6569884826,46,2.0,10000,histgbr,,,,,,,147.0693009069337,12.12721323746448,1.229023784334841,0.5018487394957983,0.453014259946514,2.09137055516243,0.5870361469895168,0.4373060349968877,7.0956878662109375,0.4637682171175613,7.0956878662109375,0.48045982349514776,7.252922058105469,0.6020596678112959,7.252922058105469,0.6176605153375418,2.5088083744049072,0.35210431306581536,2.5088083744049072,0.39391703583365223,paper_main_20260902_002859/task1_seed1001/results.parquet,1,1001,20260902_002859
paper_main,encoder_pred,10,medium,10,0.5,1000,10,0.0,0.0,50,dml_learner,true_y,frozen,1001,42,046578539f5ee11f7116ae6569884826,46,2.0,10000,histgbr,,,,,,,171.82061709300456,13.10803635534341,1.3284246043331784,0.8564225690276109,0.8674376675240962,0.64728927731514,0.18169051983865028,0.8585600249672108,11.657236099243164,0.7619071898594365,11.657236099243164,0.7693184466984796,10.464733123779297,0.868669716531071,10.464733123779297,0.8738183872292846,6.1808600425720215,0.8674666035272586,6.1808600425720215,0.8760198047229898,paper_main_20260902_002859/task1_seed1001/results.parquet,1,1001,20260902_002859
paper_main,mi_mine_cond,10,medium,10,0.5,1000,10,0.0,0.0,50,x_learner,h_y,frozen,1001,42,170fb0fe08485992dcf5ba3960c91803,16,2.0,10000,histgbr,,,,,,,137.54764414204038,11.728070776646959,1.188572976051269,,,3.562592467069626,1.0,-0.07562258016400349,-2.4906959533691406,-0.16278980184239017,-2.4906959533691406,-0.12659495048931385,1.1489617824554443,0.09537446335852247,1.1489617824554443,0.13083939094671082,0.6189001798629761,0.08686092764603955,0.6189001798629761,0.14579144941179784,paper_main_20260902_002859/task1_seed1001/results.parquet,1,1001,20260902_002859
paper_main,mi_mine_cond,10,medium,10,0.5,1000,10,0.0,0.0,50,x_learner,true_y,frozen,1001,42,170fb0fe08485992dcf5ba3960c91803,16,2.0,10000,histgbr,,,,,,,141.1686250695445,11.881440361738324,1.2041161073692326,,,3.562592467069626,1.0,-0.04424541696004533,3.480727434158325,0.22749743038990133,3.480727434158325,0.2515435783975676,2.1037914752960205,0.17463416628687836,2.1037914752960205,0.20699179752850172,-0.09573157131671906,-0.013435661129431592,-0.09573157131671906,0.05196762090561142,paper_main_20260902_002859/task1_seed1001/results.parquet,1,1001,20260902_002859
paper_main,mi_mine_cond,10,medium,10,0.5,1000,10,0.0,0.0,50,dml_learner,h_y,frozen,1001,42,170fb0fe08485992dcf5ba3960c91803,16,2.0,10000,histgbr,,,,,,,149.03451480947328,12.207969315552578,1.2372079515261343,0.7050660264105642,0.6300215752601362,1.6504006540775302,0.4632583348594599,0.6494651060356363,7.861464500427246,0.5138187366805687,7.861464500427246,0.528952390698359,5.96792459487915,0.4953929837285942,5.96792459487915,0.5151755905285277,5.333886623382568,0.7485962278575958,5.333886623382568,0.7648208708662884,paper_main_20260902_002859/task1_seed1001/results.parquet,1,1001,20260902_002859
paper_main,mi_mine_cond,10,medium,10,0.5,1000,10,0.0,0.0,50,dml_learner,true_y,frozen,1001,42,170fb0fe08485992dcf5ba3960c91803,16,2.0,10000,histgbr,,,,,,,201.14978789021464,14.182728506539728,1.4373385146269173,0.7046818727490998,0.651519312254125,1.427795730829239,0.4007743641819514,0.6696116432984361,7.072652339935303,0.46226263440977505,7.072652339935303,0.47900110595785217,6.959355354309082,0.5776909139832317,6.959355354309082,0.5942471138126363,5.953096866607666,0.8355006720385133,5.953096866607666,0.8461168328407194,paper_main_20260902_002859/task1_seed1001/results.parquet,1,1001,20260902_002859
paper_main,mi_infonce_cond,10,medium,10,0.5,1000,10,0.0,0.0,50,x_learner,h_y,frozen,1001,42,0a7d44039a1dfc1e2ce0c5895278fca7,34,2.0,10000,histgbr,,,,,,,142.0612538115552,11.918945163543425,1.207917004784216,,,3.562592467069626,1.0,-0.13637831694142813,-0.9039958715438843,-0.05908441317211121,-0.9039958715438843,-0.026117661275605896,-5.243494987487793,-0.4352586206009371,-5.243494987487793,-0.3789907605989829,0.2826327085494995,0.0396667185541254,0.2826327085494995,0.10164297502811304,paper_main_20260902_002859/task1_seed1001/results.parquet,1,1001,20260902_002859
paper_main,mi_infonce_cond,10,medium,10,0.5,1000,10,0.0,0.0,50,x_learner,true_y,frozen,1001,42,0a7d44039a1dfc1e2ce0c5895278fca7,34,2.0,10000,histgbr,,,,,,,141.1686250695445,11.881440361738324,1.2041161073692326,,,3.562592467069626,1.0,0.06250192904413111,2.471419095993042,0.1615298825864271,2.471419095993042,0.18762944178078464,0.4758123457431793,0.03949682907436069,0.4758123457431793,0.07715238269886938,1.5070443153381348,0.2115094994203149,1.5070443153381348,0.26239567657920126,paper_main_20260902_002859/task1_seed1001/results.parquet,1,1001,20260902_002859
paper_main,mi_infonce_cond,10,medium,10,0.5,1000,10,0.0,0.0,50,dml_learner,h_y,frozen,1001,42,0a7d44039a1dfc1e2ce0c5895278fca7,34,2.0,10000,histgbr,,,,,,,136.36476086111057,11.677532310428886,1.1834511912034584,0.8116686674669867,0.8159529397383053,1.6276025938987735,0.45685904546852124,0.8244616568125046,12.372942924499512,0.8086851886364954,12.372942924499512,0.8146403588211428,9.18323040008545,0.7622931281787727,9.18323040008545,0.7716121852414916,5.924335956573486,0.8314641579013445,5.924335956573486,0.842340819969371,paper_main_20260902_002859/task1_seed1001/results.parquet,1,1001,20260902_002859
paper_main,mi_infonce_cond,10,medium,10,0.5,1000,10,0.0,0.0,50,dml_learner,true_y,frozen,1001,42,0a7d44039a1dfc1e2ce0c5895278fca7,34,2.0,10000,histgbr,,,,,,,171.13181643118952,13.081735986908981,1.3257592122344541,0.841344537815126,0.8410417506936029,1.35039256811142,0.37904772454149704,0.853225226523579,12.372942924499512,0.8086851886364954,12.372942924499512,0.8146403588211428,9.982797622680664,0.8286646088829537,9.982797622680664,0.8353816392929279,6.077399730682373,0.8529462350451019,6.077399730682373,0.8624365255811005,paper_main_20260902_002859/task1_seed1001/results.parquet,1,1001,20260902_002859
paper_main,autoencoder,10,medium,10,0.5,1000,10,0.0,0.0,50,x_learner,h_y,frozen,1001,42,b9f116f6359230079c37508f5f8441c8,54,2.0,10000,histgbr,,,,,,,145.10559979107015,12.04597857341072,1.220791115189873,,,3.562592467069626,1.0,0.0735205983793447,2.6651618480682373,0.17419274662491296,2.6651618480682373,0.19989814130144365,3.0321590900421143,0.2516972717860152,3.0321590900421143,0.28103372205767113,-0.1121547669172287,-0.01574061118630257,-0.1121547669172287,0.04981142355641427,paper_main_20260902_002859/task1_seed1001/results.parquet,1,1001,20260902_002859
paper_main,autoencoder,10,medium,10,0.5,1000,10,0.0,0.0,50,x_learner,true_y,frozen,1001,42,b9f116f6359230079c37508f5f8441c8,54,2.0,10000,histgbr,,,,,,,141.1686250695445,11.881440361738324,1.2041161073692326,,,3.562592467069626,1.0,-0.14347859809307761,1.420620083808899,0.09285053907272137,1.420620083808899,0.12108792113546556,-2.104253053665161,-0.17467248156413728,-2.104253053665161,-0.12862063711458102,-0.06358544528484344,-0.008924041294431034,-0.06358544528484344,0.05618807796055489,paper_main_20260902_002859/task1_seed1001/results.parquet,1,1001,20260902_002859
paper_main,autoencoder,10,medium,10,0.5,1000,10,0.0,0.0,50,dml_learner,h_y,frozen,1001,42,b9f116f6359230079c37508f5f8441c8,54,2.0,10000,histgbr,,,,,,,513.2151014271972,22.654251288162165,2.295878954567699,0.13056422569027612,0.061880582964881414,3.5671503925323487,1.0012793844664674,0.02374719804418596,-3.640796661376953,-0.23795942104144474,-3.640796661376953,-0.1994247201395796,-0.2815207839012146,-0.023368830973183503,-0.2815207839012146,0.016751307157359795,1.2275488376617432,0.17228308253800076,1.2275488376617432,0.22570078340873181,paper_main_20260902_002859/task1_seed1001/results.parquet,1,1001,20260902_002859
paper_main,autoencoder,10,medium,10,0.5,1000,10,0.0,0.0,50,dml_learner,true_y,frozen,1001,42,b9f116f6359230079c37508f5f8441c8,54,2.0,10000,histgbr,,,,,,,522.4931097835315,22.858108184701802,2.316538686489778,0.12220888355342135,0.05273482291882277,3.284462575912476,0.9219304779516577,0.020581811468660765,-3.640796661376953,-0.23795942104144474,-3.640796661376953,-0.1994247201395796,-0.2815207839012146,-0.023368830973183503,-0.2815207839012146,0.016751307157359795,0.578529417514801,0.08119500286295635,0.578529417514801,0.14049118185866089,paper_main_20260902_002859/task1_seed1001/results.parquet,1,1001,20260902_002859
paper_main,pca,10,medium,10,0.5,1000,10,0.0,0.0,50,x_learner,h_y,frozen,1001,42,b4bf743fbcae0dbf7e5acfca52574495,0,2.0,10000,histgbr,,,,,,,148.07037159845132,12.1684169717532,1.2331995474267117,,,3.562592467069626,1.0,0.26180571934071023,5.550464630126953,0.36277372035287025,5.550464630126953,0.38260904263859835,3.386167526245117,0.28108324888535396,3.386167526245117,0.3092676516990027,2.012747049331665,0.2824834787743709,2.012747049331665,0.3287892653205277,paper_main_20260902_002859/task1_seed1001/results.parquet,1,1001,20260902_002859
paper_main,pca,10,medium,10,0.5,1000,10,0.0,0.0,50,x_learner,true_y,frozen,1001,42,b4bf743fbcae0dbf7e5acfca52574495,0,2.0,10000,histgbr,,,,,,,141.1686250695445,11.881440361738324,1.2041161073692326,,,3.562592467069626,1.0,-0.17772059165305218,-1.1454050540924072,-0.07486271519121078,-1.1454050540924072,-0.04140482268160379,0.09048871695995331,0.007511401120421038,0.09048871695995331,0.04642091103990138,-2.5234296321868896,-0.35415636613611184,-2.5234296321868896,-0.2667642660443846,paper_main_20260902_002859/task1_seed1001/results.parquet,1,1001,20260902_002859
paper_main,pca,10,medium,10,0.5,1000,10,0.0,0.0,50,dml_learner,h_y,frozen,1001,42,b4bf743fbcae0dbf7e5acfca52574495,0,2.0,10000,histgbr,,,,,,,508.63461302104156,22.552929145036607,2.2856105341694835,0.11250900360144059,0.07795489684798923,3.8749153900146487,1.087667316941789,0.0007299621155714779,4.485132217407227,0.293144485950201,4.485132217407227,0.31514719892428905,-1.8933913707733154,-0.15716901003377365,-1.8933913707733154,-0.11180337145086904,1.0574871301651,0.14841539247932556,1.0574871301651,0.20337342326374136,paper_main_20260902_002859/task1_seed1001/results.parquet,1,1001,20260902_002859
paper_main,pca,10,medium,10,0.5,1000,10,0.0,0.0,50,dml_learner,true_y,frozen,1001,42,b4bf743fbcae0dbf7e5acfca52574495,0,2.0,10000,histgbr,,,,,,,558.6417977820214,23.635604451378462,2.3953334916330693,0.09032412965186075,0.07942133874784751,3.8033163833618167,1.0675698718046736,-0.021596396456412027,4.485132217407227,0.293144485950201,4.485132217407227,0.31514719892428905,0.5343489646911621,0.04435591029380297,0.5343489646911621,0.0818209685623742,0.5205811262130737,0.07306212053113127,0.5205811262130737,0.1328831648116368,paper_main_20260902_002859/task1_seed1001/results.parquet,1,1001,20260902_002859
paper_main,pls,10,medium,10,0.5,1000,10,0.0,0.0,50,x_learner,h_y,frozen,1001,42,2d76c26dca5bda0cb184a0dbfcc4efc8,0,2.0,10000,histgbr,,,,,,,146.96854318862685,12.123058326537361,1.2286027078475037,,,3.562592467069626,1.0,0.04278963037485493,2.853886365890503,0.18652762307481818,2.853886365890503,0.21184906269871984,2.9867420196533203,0.24792723453865753,2.9867420196533203,0.2774114853007559,-0.1144324466586113,-0.016060277235294323,-0.1144324466586113,0.04951238753808074,paper_main_20260902_002859/task1_seed1001/results.parquet,1,1001,20260902_002859
paper_main,pls,10,medium,10,0.5,1000,10,0.0,0.0,50,x_learner,true_y,frozen,1001,42,2d76c26dca5bda0cb184a0dbfcc4efc8,0,2.0,10000,histgbr,,,,,,,141.16862506954453,11.881440361738324,1.2041161073692326,,,3.562592467069626,1.0,-0.1439839154302134,1.7051509618759155,0.11144723900147663,1.7051509618759155,0.13910575049921195,0.020090866833925247,0.0016677279191986217,0.020090866833925247,0.04080633312566347,-2.0102906227111816,-0.28213872609551915,-2.0102906227111816,-0.1993943705067076,paper_main_20260902_002859/task1_seed1001/results.parquet,1,1001,20260902_002859
paper_main,pls,10,medium,10,0.5,1000,10,0.0,0.0,50,dml_learner,h_y,frozen,1001,42,2d76c26dca5bda0cb184a0dbfcc4efc8,0,2.0,10000,histgbr,,,,,,,188.16470609000814,13.717314098977544,1.3901714231224205,0.8270348139255702,0.8451220157438925,1.2363482069969178,0.3470361031818673,0.8433810453322604,14.203210830688477,0.9283099663473016,14.203210830688477,0.930541504762452,9.624383926391602,0.7989129544189904,9.624383926391602,0.8067963682975438,5.370893955230713,0.7537901044771604,5.370893955230713,0.7696795544485111,paper_main_20260902_002859/task1_seed1001/results.parquet,1,1001,20260902_002859
paper_main,pls,10,medium,10,0.5,1000,10,0.0,0.0,50,dml_learner,true_y,frozen,1001,42,2d76c26dca5bda0cb184a0dbfcc4efc8,0,2.0,10000,histgbr,,,,,,,214.0591200885843,14.630759381815569,1.482743884438448,0.8237695078031213,0.8432834647883467,1.004725992679596,0.28202102877796265,0.8398124827692552,12.965116500854492,0.8473891577101704,12.965116500854492,0.8521395663762905,9.982797622680664,0.8286646088829537,9.982797622680664,0.8353816392929279,5.7553391456604,0.8077459231314291,5.7553391456604,0.8201532698373943,paper_main_20260902_002859/task1_seed1001/results.parquet,1,1001,20260902_002859
paper_main,ica,10,medium,10,0.5,1000,10,0.0,0.0,50,x_learner,h_y,frozen,1001,42,2c668c4e1d12971d94a618fc9ef854ed,0,2.0,10000,histgbr,,,,,,,145.1316787370485,12.04706099997209,1.2209008129384546,,,3.562592467069626,1.0,-0.23980250400072994,-5.463029384613037,-0.3570590259229871,-5.463029384613037,-0.31481704061936056,0.6222655773162842,0.05165380294563735,0.6222655773162842,0.08883275472709284,-2.3892061710357666,-0.33531847478175814,-2.3892061710357666,-0.24914210053080227,paper_main_20260902_002859/task1_seed1001/results.parquet,1,1001,20260902_002859
paper_main,ica,10,medium,10,0.5,1000,10,0.0,0.0,50,x_learner,true_y,frozen,1001,42,2c668c4e1d12971d94a618fc9ef854ed,0,2.0,10000,histgbr,,,,,,,141.16862506954453,11.881440361738324,1.2041161073692326,,,3.562592467069626,1.0,0.03260787414602523,-1.7894423007965088,-0.11695645032907839,-1.7894423007965088,-0.08218828103187242,1.488609790802002,0.12356839201785112,1.488609790802002,0.15792800519932723,0.2884916663169861,0.04048900706410051,0.2884916663169861,0.10241219616598468,paper_main_20260902_002859/task1_seed1001/results.parquet,1,1001,20260902_002859
paper_main,ica,10,medium,10,0.5,1000,10,0.0,0.0,50,dml_learner,h_y,frozen,1001,42,2c668c4e1d12971d94a618fc9ef854ed,0,2.0,10000,histgbr,,,,,,,465.3403507870182,21.571748904226986,2.1861735218022025,0.08897959183673469,0.07207264721210464,4.047916908264161,1.1362278862038164,-0.02611729390676596,4.485132217407227,0.293144485950201,4.485132217407227,0.31514719892428905,0.5343489646911621,0.04435591029380297,0.5343489646911621,0.0818209685623742,0.5205811262130737,0.07306212053113127,0.5205811262130737,0.1328831648116368,paper_main_20260902_002859/task1_seed1001/results.parquet,1,1001,20260902_002859
paper_main,ica,10,medium,10,0.5,1000,10,0.0,0.0,50,dml_learner,true_y,frozen,1001,42,2c668c4e1d12971d94a618fc9ef854ed,0,2.0,10000,histgbr,,,,,,,513.1803033298843,22.653483249378766,2.2958011182244595,0.08840336134453781,0.07383921365417054,3.9763179016113286,1.116130441066701,-0.025088840551944564,4.485132217407227,0.293144485950201,4.485132217407227,0.31514719892428905,0.5343489646911621,0.04435591029380297,0.5343489646911621,0.0818209685623742,0.5205811262130737,0.07306212053113127,0.5205811262130737,0.1328831648116368,paper_main_20260902_002859/task1_seed1001/results.parquet,1,1001,20260902_002859
paper_main,raw_x,10,medium,10,0.5,1000,10,0.0,0.0,50,x_learner,h_y,frozen,1001,42,dd34b7e5891261e9fb24703963931ff3,0,2.0,10000,histgbr,,,,,,,114.2639020507599,10.689429453939995,1.0833126112828546,,,3.562592467069626,1.0,-0.2136491846184077,-5.221682071685791,-0.34128476765052557,-5.221682071685791,-0.2995337970878884,-3.009213924407959,-0.24979261064545646,-3.009213924407959,-0.20079575764774976,-1.9377132654190063,-0.27195269483294604,-1.9377132654190063,-0.18986570694988641,paper_main_20260902_002859/task1_seed1001/results.parquet,1,1001,20260902_002859
paper_main,raw_x,10,medium,10,0.5,1000,10,0.0,0.0,50,x_learner,true_y,frozen,1001,42,dd34b7e5891261e9fb24703963931ff3,0,2.0,10000,histgbr,,,,,,,141.16862506954453,11.881440361738324,1.2041161073692326,,,3.562592467069626,1.0,0.07876405543055282,1.7072842121124268,0.11158666645058464,1.7072842121124268,0.13924083790699263,3.2479519844055176,0.2696100795144916,3.2479519844055176,0.2982442763085925,-0.2341156005859375,-0.03285747670618947,-0.2341156005859375,0.03379921541744628,paper_main_20260902_002859/task1_seed1001/results.parquet,1,1001,20260902_002859
paper_main,raw_x,10,medium,10,0.5,1000,10,0.0,0.0,50,dml_learner,h_y,frozen,1001,42,dd34b7e5891261e9fb24703963931ff3,0,2.0,10000,histgbr,,,,,,,1579.5997425250998,39.744178725004495,4.027845473268679,0.0013925570228091237,0.00011695521408728801,3.9370325589179993,1.1051032626688186,-0.07863898266485626,-0.2075546234846115,-0.013565596387960325,-0.2075546234846115,0.017984264162697446,1.8664261102676392,0.15493064380669563,1.8664261102676392,0.18806073168334417,-1.0243878364562988,-0.1437699981984389,-1.0243878364562988,-0.06995543389543751,paper_main_20260902_002859/task1_seed1001/results.parquet,1,1001,20260902_002859
paper_main,raw_x,10,medium,10,0.5,1000,10,0.0,0.0,50,dml_learner,true_y,frozen,1001,42,dd34b7e5891261e9fb24703963931ff3,0,2.0,10000,histgbr,,,,,,,2817.5629768459853,53.08072132936765,5.379427880587197,0.21690276110444176,0.2719510891725655,2.893445377349854,0.8121741131198842,0.17333703484367088,13.387555122375488,0.8749993922692914,13.387555122375488,0.8788903607045911,5.617762565612793,0.46632629400943015,5.617762565612793,0.48724843092913633,0.3050950765609741,0.04281924974750037,0.3050950765609741,0.10459205385181829,paper_main_20260902_002859/task1_seed1001/results.parquet,1,1001,20260902_002859
paper_main,encoder_pred,10,medium,10,0.5,1000,10,0.0,0.0,100,x_learner,h_y,frozen,1001,42,046578539f5ee11f7116ae6569884826,46,2.0,10000,histgbr,,,,,,,78.30976200901121,8.849280310229256,0.9017143533220751,0.609000900090009,0.6007093361547796,2.4676374197006226,0.7200042533310732,0.5862934472146514,2.744810104370117,0.1670372102006762,2.744810104370117,0.19690815221254382,7.916937351226807,0.6225853334185295,7.916937351226807,0.6398936653628738,4.0091705322265625,0.5848954959407147,4.0091705322265625,0.6188790895744115,paper_main_20260902_002859/task1_seed1001/results.parquet,1,1001,20260902_002859
paper_main,encoder_pred,10,medium,10,0.5,1000,10,0.0,0.0,100,x_learner,true_y,frozen,1001,42,046578539f5ee11f7116ae6569884826,46,2.0,10000,histgbr,,,,,,,55.65413529721432,7.460169924151481,0.7601682919969311,0.6899129912991299,0.7323400028575513,1.5863953292369843,0.46287650503117744,0.6861093371282598,9.109403610229492,0.554358701617314,9.109403610229492,0.5703398781417656,5.847846031188965,0.4598726767168154,5.847846031188965,0.48464305219870596,5.397706508636475,0.7874681807456084,5.397706508636475,0.8048676425898963,paper_main_20260902_002859/task1_seed1001/results.parquet,1,1001,20260902_002859
paper_main,encoder_pred,10,medium,10,0.5,1000,10,0.0,0.0,100,dml_learner,h_y,frozen,1001,42,046578539f5ee11f7116ae6569884826,46,2.0,10000,histgbr,,,,,,,91.52450851827936,9.566844229853404,0.9748319022150854,0.4856405640564056,0.37668249123305186,1.9671856404840948,0.5739830401875642,0.43231289160322234,9.70222282409668,0.5904351017588302,9.70222282409668,0.6051225397515956,7.1644439697265625,0.5634095029133191,7.1644439697265625,0.5834316533924431,3.467740774154663,0.5059066317058348,3.467740774154663,0.5463568510626822,paper_main_20260902_002859/task1_seed1001/results.parquet,1,1001,20260902_002859
paper_main,encoder_pred,10,medium,10,0.5,1000,10,0.0,0.0,100,dml_learner,true_y,frozen,1001,42,046578539f5ee11f7116ae6569884826,46,2.0,10000,histgbr,,,,,,,26.1039336324276,5.109200880022981,0.5206118018656305,0.9043264326432643,0.9141854189396085,0.27453561767935764,0.08010366954315035,0.9123444272912874,15.049741744995117,0.9158618555513975,15.049741744995117,0.9188791399542409,12.007477760314941,0.9442640775429183,12.007477760314941,0.9468201410256901,6.362627029418945,0.9282398595778878,6.362627029418945,0.934114687307663,paper_main_20260902_002859/task1_seed1001/results.parquet,1,1001,20260902_002859
paper_main,mi_mine_cond,10,medium,10,0.5,1000,10,0.0,0.0,100,x_learner,h_y,frozen,1001,42,170fb0fe08485992dcf5ba3960c91803,16,2.0,10000,histgbr,,,,,,,98.70514008752967,9.93504605361896,1.012350531727248,0.35386738673867385,0.30341179174298233,2.670395485162735,0.7791647557470288,0.2390644800162927,3.6442980766296387,0.22177613777022942,3.6442980766296387,0.24968408293368335,3.091510772705078,0.24311538411925304,3.091510772705078,0.2778263037925446,3.361565589904785,0.49041679744978484,3.361565589904785,0.5321351317696433,paper_main_20260902_002859/task1_seed1001/results.parquet,1,1001,20260902_002859
paper_main,mi_mine_cond,10,medium,10,0.5,1000,10,0.0,0.0,100,x_learner,true_y,frozen,1001,42,170fb0fe08485992dcf5ba3960c91803,16,2.0,10000,histgbr,,,,,,,88.81815733994583,9.42433856246399,0.96031101450332,0.4075007500750075,0.42095222423704304,2.440716464817524,0.7121492897676189,0.3037156734318271,4.237738609313965,0.25789034867384336,4.237738609313965,0.28450319937099333,2.904122829437256,0.22837925827130362,2.904122829437256,0.2637659803983265,3.516854763031006,0.5130718422276984,3.516854763031006,0.5529354632694378,paper_main_20260902_002859/task1_seed1001/results.parquet,1,1001,20260902_002859
paper_main,mi_mine_cond,10,medium,10,0.5,1000,10,0.0,0.0,100,dml_learner,h_y,frozen,1001,42,170fb0fe08485992dcf5ba3960c91803,16,2.0,10000,histgbr,,,,,,,84.33310278497707,9.183305656732605,0.9357505052752779,0.576009600960096,0.5347587592253868,1.6375945097208024,0.4778153398134311,0.5079026850278082,8.511320114135742,0.5179619401453605,8.511320114135742,0.5352483437035556,7.957257270812988,0.625756078552073,7.957257270812988,0.642918999323663,4.2411699295043945,0.6187417495330765,4.2411699295043945,0.6499544329095779,paper_main_20260902_002859/task1_seed1001/results.parquet,1,1001,20260902_002859
paper_main,mi_mine_cond,10,medium,10,0.5,1000,10,0.0,0.0,100,dml_learner,true_y,frozen,1001,42,170fb0fe08485992dcf5ba3960c91803,16,2.0,10000,histgbr,,,,,,,81.84627299854486,9.04689300249234,0.9218504767994004,0.6172817281728172,0.5761912273069603,1.2868290224671366,0.37546941138484297,0.5609027868572176,7.514673709869385,0.4573103727891586,7.514673709869385,0.4767718068212389,8.006187438964844,0.6296039307835078,8.006187438964844,0.6465903880797971,4.67036247253418,0.6813563934579502,4.67036247253418,0.7074429686042272,paper_main_20260902_002859/task1_seed1001/results.parquet,1,1001,20260902_002859
paper_main,mi_infonce_cond,10,medium,10,0.5,1000,10,0.0,0.0,100,x_learner,h_y,frozen,1001,42,0a7d44039a1dfc1e2ce0c5895278fca7,34,2.0,10000,histgbr,,,,,,,55.902927097558134,7.476826004231885,0.7618654951538049,0.7073387338733872,0.7356815538757082,1.5276862409710885,0.44574643846501116,0.6939182699560499,13.065221786499023,0.7950925983532499,13.065221786499023,0.802440798281685,8.654354095458984,0.6805755421581571,8.654354095458984,0.6952244284813796,4.291209697723389,0.6260420214506575,4.291209697723389,0.6566570493648922,paper_main_20260902_002859/task1_seed1001/results.parquet,1,1001,20260902_002859
paper_main,mi_infonce_cond,10,medium,10,0.5,1000,10,0.0,0.0,100,x_learner,true_y,frozen,1001,42,0a7d44039a1dfc1e2ce0c5895278fca7,34,2.0,10000,histgbr,,,,,,,55.41440368377019,7.444085147536277,0.7585293029000275,0.683912391239124,0.7129022600015568,1.616204596757889,0.4715742169528661,0.6689737104122456,12.245518684387207,0.7452090311251925,12.245518684387207,0.7543461094552348,8.737691879272461,0.6871291978990144,8.737691879272461,0.701477531914508,3.9955222606658936,0.5829043577491502,3.9955222606658936,0.6170509610117693,paper_main_20260902_002859/task1_seed1001/results.parquet,1,1001,20260902_002859
paper_main,mi_infonce_cond,10,medium,10,0.5,1000,10,0.0,0.0,100,dml_learner,h_y,frozen,1001,42,0a7d44039a1dfc1e2ce0c5895278fca7,34,2.0,10000,histgbr,,,,,,,27.13621506913789,5.209243233823689,0.5308058089712645,0.8693309330933092,0.901276560854442,0.6466866701841356,0.1886894522622274,0.8837526777363197,14.131001472473145,0.8599513166850681,14.131001472473145,0.8649736131782243,11.65894889831543,0.9168558831708457,11.65894889831543,0.9206688933708287,6.0677595138549805,0.8852218137336744,6.0677595138549805,0.8946184239895113,paper_main_20260902_002859/task1_seed1001/results.parquet,1,1001,20260902_002859
paper_main,mi_infonce_cond,10,medium,10,0.5,1000,10,0.0,0.0,100,dml_learner,true_y,frozen,1001,42,0a7d44039a1dfc1e2ce0c5895278fca7,34,2.0,10000,histgbr,,,,,,,24.408397076517204,4.94048551020213,0.5034202263634232,0.8693189318931893,0.889275089697078,0.4252917394042015,0.12409110788842939,0.8788541802858264,12.754071235656738,0.7761573285207942,12.754071235656738,0.7841845676020835,11.874156951904297,0.9337797732881794,11.874156951904297,0.9368166496124081,5.876162052154541,0.857269774407469,5.876162052154541,0.8689547499698871,paper_main_20260902_002859/task1_seed1001/results.parquet,1,1001,20260902_002859
paper_main,autoencoder,10,medium,10,0.5,1000,10,0.0,0.0,100,x_learner,h_y,frozen,1001,42,b9f116f6359230079c37508f5f8441c8,54,2.0,10000,histgbr,,,,,,,209.22702875862808,14.464682117441367,1.4739064674514897,0.03177917791779178,0.008564921831074927,3.9596358281373982,1.1553377393048754,-0.08704414839184962,-7.989007472991943,-0.48617626350044435,-7.989007472991943,-0.4328803833842016,-2.287964344024658,-0.17992475887832637,-2.287964344024658,-0.12581311138725557,-0.4717825949192047,-0.06882808117374231,-0.4717825949192047,0.018674267800300116,paper_main_20260902_002859/task1_seed1001/results.parquet,1,1001,20260902_002859
paper_main,autoencoder,10,medium,10,0.5,1000,10,0.0,0.0,100,x_learner,true_y,frozen,1001,42,b9f116f6359230079c37508f5f8441c8,54,2.0,10000,histgbr,,,,,,,209.76660052498525,14.483321460389714,1.4758057589739413,0.01399339933993399,8.676097549250444e-05,3.901592207849026,1.138401842178047,-0.10834058291679657,-7.6015424728393555,-0.46259682805139524,-7.6015424728393555,-0.4101465318647069,-2.3716914653778076,-0.18650903199446345,-2.3716914653778076,-0.1320954280750997,-0.47178271412849426,-0.0688280985651144,-0.47178271412849426,0.018674251832717245,paper_main_20260902_002859/task1_seed1001/results.parquet,1,1001,20260902_002859
paper_main,autoencoder,10,medium,10,0.5,1000,10,0.0,0.0,100,dml_learner,h_y,frozen,1001,42,b9f116f6359230079c37508f5f8441c8,54,2.0,10000,histgbr,,,,,,,350.0876481177817,18.710629281715292,1.9065553798209265,0.030639063906390634,0.058799786001936555,3.871169046461582,1.1295250090485693,-0.06453995107159739,0.8925762176513672,0.05431830823217189,0.8925762176513672,0.0882314713679312,-2.5558764934539795,-0.20099328165165384,-2.5558764934539795,-0.1459154263842909,-0.2830756604671478,-0.041297739142496834,-0.2830756604671478,0.043950767854314454,paper_main_20260902_002859/task1_seed1001/results.parquet,1,1001,20260902_002859
paper_main,autoencoder,10,medium,10,0.5,1000,10,0.0,0.0,100,dml_learner,true_y,frozen,1001,42,b9f116f6359230079c37508f5f8441c8,54,2.0,10000,histgbr,,,,,,,348.62642212349334,18.671540432527074,1.9025723467230695,0.03653165316531653,0.06063407212369956,3.9286464110016825,1.1462956847599766,-0.059057741675131496,0.8925762176513672,0.05431830823217189,0.8925762176513672,0.0882314713679312,-1.2418168783187866,-0.0976560683675303,-1.2418168783187866,-0.04731728380435003,-0.2613789141178131,-0.038132413768011894,-0.2613789141178131,0.04685695575813113,paper_main_20260902_002859/task1_seed1001/results.parquet,1,1001,20260902_002859
paper_main,pca,10,medium,10,0.5,1000,10,0.0,0.0,100,x_learner,h_y,frozen,1001,42,b4bf743fbcae0dbf7e5acfca52574495,0,2.0,10000,histgbr,,,,,,,259.1783218709474,16.09901617711304,1.6404400643164876,0.0848964896489649,0.12462297322414659,2.9506383457779886,0.860933677711719,0.0046022930042252915,2.053851842880249,0.12498849426924652,2.053851842880249,0.15636734848396755,1.887455940246582,0.14842891054191668,1.887455940246582,0.18748217581126142,0.025913791730999947,0.0037805476081332907,0.025913791730999947,0.0853386051791829,paper_main_20260902_002859/task1_seed1001/results.parquet,1,1001,20260902_002859
paper_main,pca,10,medium,10,0.5,1000,10,0.0,0.0,100,x_learner,true_y,frozen,1001,42,b4bf743fbcae0dbf7e5acfca52574495,0,2.0,10000,histgbr,,,,,,,252.20411564098205,15.880935603451771,1.6182183268918333,0.08228022802280227,0.12159441474043936,3.012858881056309,0.8790883100281481,0.0015078440368666462,2.05385160446167,0.1249884797601283,2.05385160446167,0.15636733449516194,2.0719754695892334,0.16293946526800945,2.0719754695892334,0.2013272728322505,0.22814805805683136,0.03328438401220902,0.22814805805683136,0.11242703443352561,paper_main_20260902_002859/task1_seed1001/results.parquet,1,1001,20260902_002859
paper_main,pca,10,medium,10,0.5,1000,10,0.0,0.0,100,dml_learner,h_y,frozen,1001,42,b4bf743fbcae0dbf7e5acfca52574495,0,2.0,10000,histgbr,,,,,,,326.16514623407016,18.060042808201484,1.8402626259834798,0.19062706270627058,0.19482220056501534,3.1807864831388,0.9280860220849504,0.11442928230380867,-1.1436818838119507,-0.06959950742123987,-1.1436818838119507,-0.0312425180654496,-1.4159446954727173,-0.11134942228593936,-1.4159446954727173,-0.060382657053120625,2.322798252105713,0.33887165056086477,2.322798252105713,0.39299661655701185,paper_main_20260902_002859/task1_seed1001/results.parquet,1,1001,20260902_002859
paper_main,pca,10,medium,10,0.5,1000,10,0.0,0.0,100,dml_learner,true_y,frozen,1001,42,b4bf743fbcae0dbf7e5acfca52574495,0,2.0,10000,histgbr,,,,,,,330.7373016527492,18.18618436211261,1.8531160610340716,0.19447944794479446,0.19517556978443165,3.085553933233023,0.900299184180684,0.12023641865967354,-0.6578181982040405,-0.04003195575252876,-0.6578181982040405,-0.002735290617874179,-0.238310769200325,-0.01874068002784175,-0.238310769200325,0.02797902489205888,2.205806255340576,0.32180375798333544,2.205806255340576,0.3773260307296292,paper_main_20260902_002859/task1_seed1001/results.parquet,1,1001,20260902_002859
paper_main,pls,10,medium,10,0.5,1000,10,0.0,0.0,100,x_learner,h_y,frozen,1001,42,2d76c26dca5bda0cb184a0dbfcc4efc8,0,2.0,10000,histgbr,,,,,,,54.22006463017502,7.363427505596495,0.7503105381087098,0.7790099009900989,0.7869347702450225,1.0463139829039574,0.30529222486098573,0.7688475550884533,11.669539451599121,0.7101574390222386,11.669539451599121,0.7205515051648856,10.288372039794922,0.8090741725696516,10.288372039794922,0.817830079243458,5.101720809936523,0.7442870038311106,5.101720809936523,0.7652216033444358,paper_main_20260902_002859/task1_seed1001/results.parquet,1,1001,20260902_002859
paper_main,pls,10,medium,10,0.5,1000,10,0.0,0.0,100,x_learner,true_y,frozen,1001,42,2d76c26dca5bda0cb184a0dbfcc4efc8,0,2.0,10000,histgbr,,,,,,,47.54324989553156,6.895161339340187,0.7025956609112584,0.7923192319231922,0.7973802436381674,0.969612066447735,0.28291223270888716,0.780303740785067,11.372709274291992,0.6920936448669294,11.372709274291992,0.7031354981068337,10.323777198791504,0.8118584225568272,10.323777198791504,0.8204866428229203,5.198894500732422,0.7584636155799981,5.198894500732422,0.7782376104550559,paper_main_20260902_002859/task1_seed1001/results.parquet,1,1001,20260902_002859
paper_main,pls,10,medium,10,0.5,1000,10,0.0,0.0,100,dml_learner,h_y,frozen,1001,42,2d76c26dca5bda0cb184a0dbfcc4efc8,0,2.0,10000,histgbr,,,,,,,47.21478776277486,6.871301751689767,0.7001644425641731,0.8787998799879986,0.9172114093946075,0.4928403189778332,0.14380035050697737,0.8913508488298418,16.312305450439453,0.9926959938119191,16.312305450439453,0.9929579233338262,12.118074417114258,0.9529613620348446,12.118074417114258,0.9551185658538833,5.914755344390869,0.862900126776146,5.914755344390869,0.8741241591181449,paper_main_20260902_002859/task1_seed1001/results.parquet,1,1001,20260902_002859
paper_main,pls,10,medium,10,0.5,1000,10,0.0,0.0,100,dml_learner,true_y,frozen,1001,42,2d76c26dca5bda0cb184a0dbfcc4efc8,0,2.0,10000,histgbr,,,,,,,53.89570518824067,7.3413694354827745,0.7480628888388438,0.8873687368736873,0.920863764237063,0.3267974595725538,0.09535256638253385,0.9012424445092577,16.31230354309082,0.9926958777389733,16.31230354309082,0.9929578114233811,12.203775405883789,0.9597008594314115,12.203775405883789,0.961548988197447,5.978436470031738,0.8721905281857099,5.978436470031738,0.882653978016295,paper_main_20260902_002859/task1_seed1001/results.parquet,1,1001,20260902_002859
paper_main,ica,10,medium,10,0.5,1000,10,0.0,0.0,100,x_learner,h_y,frozen,1001,42,2c668c4e1d12971d94a618fc9ef854ed,0,2.0,10000,histgbr,,,,,,,152.69933788937743,12.357157354722705,1.2591561982879755,0.19387938793879386,0.20657137303383566,2.745561622232199,0.8010966400524007,0.11881295980378352,5.506508827209473,0.3351021883000328,5.506508827209473,0.35894613933882086,3.8914437294006348,0.3060218471190643,3.8914437294006348,0.33784786050901644,1.5330761671066284,0.22365956695205214,1.5330761671066284,0.2872166653215309,paper_main_20260902_002859/task1_seed1001/results.parquet,1,1001,20260902_002859
paper_main,ica,10,medium,10,0.5,1000,10,0.0,0.0,100,x_learner,true_y,frozen,1001,42,2c668c4e1d12971d94a618fc9ef854ed,0,2.0,10000,histgbr,,,,,,,149.2591418561409,12.217165868405852,1.2448914978683403,0.19918391839183916,0.19713017534009591,2.6042177139222624,0.7598554859212812,0.12844822980257667,5.506509304046631,0.3351022173182692,5.506509304046631,0.35894616731643214,3.271010160446167,0.25723115657107,3.271010160446167,0.2912947233540781,1.4340020418167114,0.20920570194916932,1.4340020418167114,0.27394610300481725,paper_main_20260902_002859/task1_seed1001/results.parquet,1,1001,20260902_002859
paper_main,ica,10,medium,10,0.5,1000,10,0.0,0.0,100,dml_learner,h_y,frozen,1001,42,2c668c4e1d12971d94a618fc9ef854ed,0,2.0,10000,histgbr,,,,,,,245.95427072159472,15.682929277453072,1.5980420933516652,0.21477347734773478,0.21261342963137034,2.61689403757453,0.7635541682614692,0.16188137062384972,-1.368248701095581,-0.08326566764229847,-1.368248701095581,-0.04441859507452405,0.0015802949201315641,0.0001242738695661471,0.0015802949201315641,0.04597882723844563,2.255629539489746,0.3290724471691855,2.255629539489746,0.38399965005445386,paper_main_20260902_002859/task1_seed1001/results.parquet,1,1001,20260902_002859
paper_main,ica,10,medium,10,0.5,1000,10,0.0,0.0,100,dml_learner,true_y,frozen,1001,42,2c668c4e1d12971d94a618fc9ef854ed,0,2.0,10000,histgbr,,,,,,,254.2783105028185,15.946106437084211,1.6248590337113933,0.21540954095409537,0.21056833099948785,2.633381998986006,0.7683650056439164,0.16164634583278856,-1.3682489395141602,-0.08326568215141669,-1.3682489395141602,-0.044418609063329687,0.0015799045795574784,0.00012424317331257296,0.0015799045795574784,0.04597879794993,1.896165370941162,0.2766304341776914,1.896165370941162,0.3358509368017201,paper_main_20260902_002859/task1_seed1001/results.parquet,1,1001,20260902_002859
paper_main,raw_x,10,medium,10,0.5,1000,10,0.0,0.0,100,x_learner,h_y,frozen,1001,42,dd34b7e5891261e9fb24703963931ff3,0,2.0,10000,histgbr,,,,,,,118.95840736500953,10.906805552727597,1.1113698256816316,0.223018301830183,0.21173620786204445,2.8230645641684533,0.8237103544475018,0.13731731992537538,4.9194841384887695,0.29937841776788937,4.9194841384887695,0.324503461661099,3.74469256401062,0.2944813840358568,3.74469256401062,0.32683664597792494,1.1111700534820557,0.16210793586395886,1.1111700534820557,0.23070411619456765,paper_main_20260902_002859/task1_seed1001/results.parquet,1,1001,20260902_002859
paper_main,raw_x,10,medium,10,0.5,1000,10,0.0,0.0,100,x_learner,true_y,frozen,1001,42,dd34b7e5891261e9fb24703963931ff3,0,2.0,10000,histgbr,,,,,,,170.5363857823177,13.058958066488984,1.3306675249480424,0.3315691569156915,0.35046934950593883,2.102983593046665,0.6136060020773885,0.2590758289668212,5.033254146575928,0.3063019658578394,5.033254146575928,0.3311787238659603,4.190789222717285,0.32956227765373336,4.190789222717285,0.36030872095305444,1.376893162727356,0.20087412166614355,1.376893162727356,0.26629660888538664,paper_main_20260902_002859/task1_seed1001/results.parquet,1,1001,20260902_002859
paper_main,raw_x,10,medium,10,0.5,1000,10,0.0,0.0,100,dml_learner,h_y,frozen,1001,42,dd34b7e5891261e9fb24703963931ff3,0,2.0,10000,histgbr,,,,,,,2509.2631619088966,50.09254597152052,5.104275840912509,0.007764776477647763,-0.01161063114536737,3.5484136548638348,1.0353518323571138,-0.04738285060745643,1.6645233631134033,0.10129565555214043,1.6645233631134033,0.1335241604596442,0.8739636540412903,0.06872821254075692,0.8739636540412903,0.11143657195282552,-0.2423194944858551,-0.035351846414149506,-0.2423194944858551,0.04940988484235122,paper_main_20260902_002859/task1_seed1001/results.parquet,1,1001,20260902_002859
paper_main,raw_x,10,medium,10,0.5,1000,10,0.0,0.0,100,dml_learner,true_y,frozen,1001,42,dd34b7e5891261e9fb24703963931ff3,0,2.0,10000,histgbr,,,,,,,6346.817803972301,79.66691787669647,8.117813066821833,0.2211461146114611,0.13542954998177592,2.580099790096283,0.752818387359886,0.18428149923062223,3.1525721549987793,0.1918518359025693,3.1525721549987793,0.2208328987332,6.745563507080078,0.5304688819472005,6.745563507080078,0.5520016976246293,1.2122901678085327,0.17686028898616926,1.2122901678085327,0.24424873013605747,paper_main_20260902_002859/task1_seed1001/results.parquet,1,1001,20260902_002859
paper_main,encoder_pred,10,medium,10,0.5,1000,10,0.0,0.0,250,x_learner,h_y,frozen,1001,42,046578539f5ee11f7116ae6569884826,46,2.0,10000,histgbr,,,,,,,56.0539600561953,7.486919263368298,0.8654210471523033,0.6631812989007824,0.6425260929202047,1.0533556677401066,0.34052753305445127,0.6130598700540092,7.967977523803711,0.548017400851021,7.967977523803711,0.5643177913673327,7.126852989196777,0.620074265727326,7.126852989196777,0.6372432025191287,4.033702373504639,0.652490111357671,4.033702373504639,0.6805957054632615,paper_main_20260902_002859/task1_seed1001/results.parquet,1,1001,20260902_002859
paper_main,encoder_pred,10,medium,10,0.5,1000,10,0.0,0.0,250,x_learner,true_y,frozen,1001,42,046578539f5ee11f7116ae6569884826,46,2.0,10000,histgbr,,,,,,,14.15483603187015,3.762291327352276,0.4348872995251728,0.9184585993375892,0.9030991063341833,0.25215763694047943,0.08151721273062654,0.9106424556352996,13.483264923095703,0.927344960006024,13.483264923095703,0.9299652058453769,10.179703712463379,0.885688580134283,10.179703712463379,0.8908543411375826,5.716152191162109,0.9246425329363658,5.716152191162109,0.9307372267892242,paper_main_20260902_002859/task1_seed1001/results.parquet,1,1001,20260902_002859
paper_main,encoder_pred,10,medium,10,0.5,1000,10,0.0,0.0,250,dml_learner,h_y,frozen,1001,42,046578539f5ee11f7116ae6569884826,46,2.0,10000,histgbr,,,,,,,63.085086730074735,7.942612084829193,0.9180950703193507,0.5486122977967647,0.4364463906071937,1.36262910592556,0.4405090722153962,0.520665729815699,5.1961188316345215,0.35737594993441196,5.1961188316345215,0.38055167172318427,4.962255477905273,0.4317427238190161,4.962255477905273,0.45742240902094317,3.523552417755127,0.5699684549205102,3.523552417755127,0.6047481617824458,paper_main_20260902_002859/task1_seed1001/results.parquet,1,1001,20260902_002859
paper_main,encoder_pred,10,medium,10,0.5,1000,10,0.0,0.0,250,dml_learner,true_y,frozen,1001,42,046578539f5ee11f7116ae6569884826,46,2.0,10000,histgbr,,,,,,,12.0942426746722,3.4776777703910695,0.4019885124761061,0.914034848557577,0.9242175211840566,0.23937279909849174,0.07738414597628557,0.9156272291533221,12.558960914611816,0.8637736611648453,12.558960914611816,0.8686865549926197,10.062276840209961,0.8754718152172055,10.062276840209961,0.8810992743242511,5.687132835388184,0.9199483733462012,5.687132835388184,0.9264227172418928,paper_main_20260902_002859/task1_seed1001/results.parquet,1,1001,20260902_002859
paper_main,mi_mine_cond,10,medium,10,0.5,1000,10,0.0,0.0,250,x_learner,h_y,frozen,1001,42,170fb0fe08485992dcf5ba3960c91803,16,2.0,10000,histgbr,,,,,,,51.495017170650925,7.176002868634525,0.8294818868058262,0.557859165746652,0.570479705825572,1.5220889503359796,0.4920590558546586,0.5283716057728702,9.081757545471191,0.6246203820680954,9.081757545471191,0.6381581474061303,6.45491886138916,0.5616124086427171,6.45491886138916,0.5814232510452008,3.120438575744629,0.5047609181942149,3.120438575744629,0.5448144219170534,paper_main_20260902_002859/task1_seed1001/results.parquet,1,1001,20260902_002859
paper_main,mi_mine_cond,10,medium,10,0.5,1000,10,0.0,0.0,250,x_learner,true_y,frozen,1001,42,170fb0fe08485992dcf5ba3960c91803,16,2.0,10000,histgbr,,,,,,,47.6657890802724,6.904041503371224,0.7980455801980201,0.584464647434359,0.6106005588305619,1.3983525061383844,0.4520576893817979,0.5627689769187096,9.246713638305664,0.6359656461554537,9.246713638305664,0.649094253628821,7.6690754890441895,0.6672505185507496,7.6690754890441895,0.6822875489468193,3.3444290161132812,0.5409935238369097,3.3444290161132812,0.5781166392719214,paper_main_20260902_002859/task1_seed1001/results.parquet,1,1001,20260902_002859
paper_main,mi_mine_cond,10,medium,10,0.5,1000,10,0.0,0.0,250,dml_learner,h_y,frozen,1001,42,170fb0fe08485992dcf5ba3960c91803,16,2.0,10000,histgbr,,,,,,,57.98156391500954,7.614562621386046,0.8801754801402795,0.4747172274756396,0.47757983470039383,1.4909411028027535,0.4819896177671401,0.41164875913497934,6.2015910148620605,0.4265297911487276,6.2015910148620605,0.4472115350285742,5.1480278968811035,0.447905916249594,5.1480278968811035,0.4728551828350365,2.627302885055542,0.4249914825894255,2.627302885055542,0.471496507412568,paper_main_20260902_002859/task1_seed1001/results.parquet,1,1001,20260902_002859
paper_main,mi_mine_cond,10,medium,10,0.5,1000,10,0.0,0.0,250,dml_learner,true_y,frozen,1001,42,170fb0fe08485992dcf5ba3960c91803,16,2.0,10000,histgbr,,,,,,,50.09006923496532,7.077433802937708,0.8180881825262123,0.5925856093697499,0.5946045456432393,1.3507129753008484,0.43665684006868616,0.5551764352107961,8.676065444946289,0.5967179024474809,8.676065444946289,0.6112619483703121,6.489114284515381,0.5645875930499679,6.489114284515381,0.5842639861419044,3.4841384887695312,0.5635928732509805,3.4841384887695312,0.5988882187075211,paper_main_20260902_002859/task1_seed1001/results.parquet,1,1001,20260902_002859
paper_main,mi_infonce_cond,10,medium,10,0.5,1000,10,0.0,0.0,250,x_learner,h_y,frozen,1001,42,0a7d44039a1dfc1e2ce0c5895278fca7,34,2.0,10000,histgbr,,,,,,,28.692659870539558,5.356552984013092,0.6191697184758816,0.8150442087073393,0.8024028900146989,0.4985196024253966,0.16116080787547513,0.8056878325532814,10.973288536071777,0.7547151136359685,10.973288536071777,0.7635611166524807,9.449405670166016,0.822148750839912,9.449405670166016,0.8301858922591905,5.184414863586426,0.8386289117128839,5.184414863586426,0.8516801383283173,paper_main_20260902_002859/task1_seed1001/results.parquet,1,1001,20260902_002859
paper_main,mi_infonce_cond,10,medium,10,0.5,1000,10,0.0,0.0,250,x_learner,true_y,frozen,1001,42,0a7d44039a1dfc1e2ce0c5895278fca7,34,2.0,10000,histgbr,,,,,,,21.320402536785494,4.617402141549455,0.5337304779035714,0.8684479431670906,0.8506715376265169,0.2647049511149526,0.08557349312399003,0.8589662460694113,10.798293113708496,0.7426793697802841,10.798293113708496,0.7519594322614114,9.695064544677734,0.8435223846812666,9.695064544677734,0.850593646363191,5.631172180175781,0.9108961997423604,5.631172180175781,0.9181026572422918,paper_main_20260902_002859/task1_seed1001/results.parquet,1,1001,20260902_002859
paper_main,mi_infonce_cond,10,medium,10,0.5,1000,10,0.0,0.0,250,dml_learner,h_y,frozen,1001,42,0a7d44039a1dfc1e2ce0c5895278fca7,34,2.0,10000,histgbr,,,,,,,18.609023482825673,4.313817738711926,0.4986388303833119,0.8838127970047519,0.8985020379048241,0.376553829729557,0.12173186192192136,0.8872754696689571,12.622169494628906,0.8681209879022723,12.622169494628906,0.8728770988723538,10.224471092224121,0.8895835812204226,10.224471092224121,0.894573326172638,5.549015045166016,0.8976064938573985,5.549015045166016,0.9058877843091192,paper_main_20260902_002859/task1_seed1001/results.parquet,1,1001,20260902_002859
paper_main,mi_infonce_cond,10,medium,10,0.5,1000,10,0.0,0.0,250,dml_learner,true_y,frozen,1001,42,0a7d44039a1dfc1e2ce0c5895278fca7,34,2.0,10000,histgbr,,,,,,,11.65192980323626,3.4134923177350585,0.39456924699513723,0.9042319397110354,0.9191852687031055,0.3282911636605861,0.10612956621266964,0.9090800011282245,12.691397666931152,0.8728823270171739,12.691397666931152,0.8774667241046864,10.718522071838379,0.9325686545593219,10.718522071838379,0.9356158935411022,5.553762435913086,0.8983744299197023,5.553762435913086,0.9065936119250979,paper_main_20260902_002859/task1_seed1001/results.parquet,1,1001,20260902_002859
paper_main,autoencoder,10,medium,10,0.5,1000,10,0.0,0.0,250,x_learner,h_y,frozen,1001,42,b9f116f6359230079c37508f5f8441c8,54,2.0,10000,histgbr,,,,,,,154.77998837005376,12.441060580595762,1.438075568414846,0.04709796956751308,0.08931293787067499,3.234320864148438,1.0455872965851358,-0.04199481755972311,1.4431633949279785,0.09925713900786971,1.4431633949279785,0.13174170902582313,0.647513747215271,0.056337153574162586,0.647513747215271,0.09898150825067362,0.00042175292037427425,6.822258672033297e-05,0.00042175292037427425,0.08093981095807963,paper_main_20260902_002859/task1_seed1001/results.parquet,1,1001,20260902_002859
paper_main,autoencoder,10,medium,10,0.5,1000,10,0.0,0.0,250,x_learner,true_y,frozen,1001,42,b9f116f6359230079c37508f5f8441c8,54,2.0,10000,histgbr,,,,,,,158.14557640795311,12.575594475330107,1.4536264859501975,0.06472231555704891,0.1008877615779607,3.197083105392754,1.0335491194395618,-0.02194110441865956,1.184999942779541,0.08150130779242526,1.184999942779541,0.11462622764530246,-0.3333699703216553,-0.029004967532806975,-0.3333699703216553,0.017496018455528596,0.35486486554145813,0.0574028012465617,0.35486486554145813,0.133637334821224,paper_main_20260902_002859/task1_seed1001/results.parquet,1,1001,20260902_002859
paper_main,autoencoder,10,medium,10,0.5,1000,10,0.0,0.0,250,dml_learner,h_y,frozen,1001,42,b9f116f6359230079c37508f5f8441c8,54,2.0,10000,histgbr,,,,,,,122.2525819751157,11.05678895408227,1.2780661228179173,0.03785724571593145,0.03328719515397731,3.1596244413256644,1.0214395282948652,-0.08426796652084667,-1.7391068935394287,-0.11961138654726074,-1.7391068935394287,-0.07923349841264672,0.9830202460289001,0.08552801049431548,0.9830202460289001,0.12685322321188522,-0.14692746102809906,-0.02376692837762091,-0.14692746102809906,0.05903237802520638,paper_main_20260902_002859/task1_seed1001/results.parquet,1,1001,20260902_002859
paper_main,autoencoder,10,medium,10,0.5,1000,10,0.0,0.0,250,dml_learner,true_y,frozen,1001,42,b9f116f6359230079c37508f5f8441c8,54,2.0,10000,histgbr,,,,,,,133.62901013201557,11.559801474593565,1.336209880873585,0.03156568905102481,0.03591326574335144,3.2821358129382134,1.0610448547994848,-0.08588045613708656,-1.313416600227356,-0.09033348165715932,-1.313416600227356,-0.05101147771832334,0.26101651787757874,0.02270983082027684,0.26101651787757874,0.06687381243109984,-0.24051250517368317,-0.038905208355107336,-0.24051250517368317,0.04511843832237019,paper_main_20260902_002859/task1_seed1001/results.parquet,1,1001,20260902_002859
paper_main,pca,10,medium,10,0.5,1000,10,0.0,0.0,250,x_learner,h_y,frozen,1001,42,b4bf743fbcae0dbf7e5acfca52574495,0,2.0,10000,histgbr,,,,,,,144.07362689967383,12.00306739544829,1.3874474652388855,0.14587126194019104,0.16281180441026505,2.800991333991289,0.9055010556095322,0.06784015145277107,1.8268581628799438,0.12564669756586042,1.8268581628799438,0.15717954928567968,1.4278393983840942,0.12422965197565387,1.4278393983840942,0.16380592805537214,0.9874938726425171,0.15973662091626126,0.9874938726425171,0.2276946913083995,paper_main_20260902_002859/task1_seed1001/results.parquet,1,1001,20260902_002859
paper_main,pca,10,medium,10,0.5,1000,10,0.0,0.0,250,x_learner,true_y,frozen,1001,42,b4bf743fbcae0dbf7e5acfca52574495,0,2.0,10000,histgbr,,,,,,,154.8957592455365,12.445712484447666,1.4386132869825439,0.11418691499063983,0.12912097311066512,2.92611919978261,0.9459522391548796,0.022859007701497264,1.983483910560608,0.1364190215205759,1.983483910560608,0.16756337800283358,0.882117509841919,0.07674893364989863,0.882117509841919,0.11847087499581654,0.6823756694793701,0.11038082023377313,0.6823756694793701,0.18233064495024995,paper_main_20260902_002859/task1_seed1001/results.parquet,1,1001,20260902_002859
paper_main,pca,10,medium,10,0.5,1000,10,0.0,0.0,250,dml_learner,h_y,frozen,1001,42,b4bf743fbcae0dbf7e5acfca52574495,0,2.0,10000,histgbr,,,,,,,114.64718871006949,10.707342747389264,1.2376732600820626,0.09264417030672491,0.08738019466375765,2.88163069704175,0.9315700503542692,-0.0105853115457859,0.22238649427890778,0.015295182273671758,0.22238649427890778,0.050807773029277484,0.890347421169281,0.07746497988111045,0.890347421169281,0.11915456292282657,0.38206157088279724,0.06180212961875245,0.38206157088279724,0.13768085824625462,paper_main_20260902_002859/task1_seed1001/results.parquet,1,1001,20260902_002859
paper_main,pca,10,medium,10,0.5,1000,10,0.0,0.0,250,dml_learner,true_y,frozen,1001,42,b4bf743fbcae0dbf7e5acfca52574495,0,2.0,10000,histgbr,,,,,,,117.12781744542208,10.822560577119543,1.250991412896086,0.10730245283924542,0.09302690740211728,2.7524719538986684,0.8898157697044224,0.0033560272893859546,-0.2673698365688324,-0.018389023119692146,-0.2673698365688324,0.018338361531026578,-0.10831678658723831,-0.009424138818470977,-0.10831678658723831,0.03619198473439116,0.5704119205474854,0.09226960818985762,0.5704119205474854,0.1656842153229018,paper_main_20260902_002859/task1_seed1001/results.parquet,1,1001,20260902_002859
paper_main,pls,10,medium,10,0.5,1000,10,0.0,0.0,250,x_learner,h_y,frozen,1001,42,2d76c26dca5bda0cb184a0dbfcc4efc8,0,2.0,10000,histgbr,,,,,,,19.752398994468013,4.444367108427027,0.5137291723877597,0.8544939279028465,0.860782000673236,0.5253016483262183,0.16981887494632897,0.8500502014426716,12.179673194885254,0.8376872082703302,12.179673194885254,0.8435408891331952,9.833002090454102,0.8555236877168649,9.833002090454102,0.8620526075812972,5.4412007331848145,0.8801664931045805,5.4412007331848145,0.8898582803461189,paper_main_20260902_002859/task1_seed1001/results.parquet,1,1001,20260902_002859
paper_main,pls,10,medium,10,0.5,1000,10,0.0,0.0,250,x_learner,true_y,frozen,1001,42,2d76c26dca5bda0cb184a0dbfcc4efc8,0,2.0,10000,histgbr,,,,,,,17.063106845727358,4.1307513657599095,0.4774779915114858,0.8744146306340902,0.8793921198104251,0.38317972273379564,0.12387387251541523,0.8719026142054388,13.789376258850098,0.9483985257433776,13.789376258850098,0.9502594915929126,10.043540954589844,0.8738416931231683,10.043540954589844,0.8795428178460716,5.515467643737793,0.8921798793809708,5.515467643737793,0.9009000587070135,paper_main_20260902_002859/task1_seed1001/results.parquet,1,1001,20260902_002859
paper_main,pls,10,medium,10,0.5,1000,10,0.0,0.0,250,dml_learner,h_y,frozen,1001,42,2d76c26dca5bda0cb184a0dbfcc4efc8,0,2.0,10000,histgbr,,,,,,,13.106965048656377,3.620354271153084,0.4184806425966517,0.9283313973023567,0.9322281705237501,0.2506429876685141,0.08102755876490417,0.9266068328553544,13.401782035827637,0.9217407724990835,13.401782035827637,0.9245631288733592,10.683826446533203,0.9295499498915437,10.683826446533203,0.9327336048750814,5.759167671203613,0.931600700089883,5.759167671203613,0.9371326375201843,paper_main_20260902_002859/task1_seed1001/results.parquet,1,1001,20260902_002859
paper_main,pls,10,medium,10,0.5,1000,10,0.0,0.0,250,dml_learner,true_y,frozen,1001,42,2d76c26dca5bda0cb184a0dbfcc4efc8,0,2.0,10000,histgbr,,,,,,,11.676328378604094,3.417064292430579,0.39498213539057164,0.9119711995391926,0.92095236797089,0.2685951315760615,0.08683110590961267,0.9109232038483375,13.063682556152344,0.8984871428889077,13.063682556152344,0.9021481227948885,10.364914894104004,0.9018029419198268,10.364914894104004,0.9062404909754258,5.674361705780029,0.9178825204377359,5.674361705780029,0.9245239445381205,paper_main_20260902_002859/task1_seed1001/results.parquet,1,1001,20260902_002859
paper_main,ica,10,medium,10,0.5,1000,10,0.0,0.0,250,x_learner,h_y,frozen,1001,42,2c668c4e1d12971d94a618fc9ef854ed,0,2.0,10000,histgbr,,,,,,,188.16867262220205,13.717458679442124,1.585615796969397,0.12923150770412326,0.1334601827622101,2.846815948277712,0.9203151809178487,0.052444250979462675,0.40302184224128723,0.02771882598958764,0.40302184224128723,0.06278336798272718,0.9903160929679871,0.08616278813606998,0.9903160929679871,0.12745931509685887,0.6723557114601135,0.10875999576077079,0.6723557114601135,0.18084090806998515,paper_main_20260902_002859/task1_seed1001/results.parquet,1,1001,20260902_002859
paper_main,ica,10,medium,10,0.5,1000,10,0.0,0.0,250,x_learner,true_y,frozen,1001,42,2c668c4e1d12971d94a618fc9ef854ed,0,2.0,10000,histgbr,,,,,,,184.99438154382247,13.601263968610509,1.5721847254185843,0.12813862621801947,0.1411787427983684,2.8499365221560002,0.9213239962278451,0.05250639857989285,-0.0568368136882782,-0.003909092717324194,-0.0568368136882782,0.03229608483813905,1.4629385471343994,0.1272834653378757,1.4629385471343994,0.16672173884535357,0.5360261797904968,0.08670738427293787,0.5360261797904968,0.16057184797939963,paper_main_20260902_002859/task1_seed1001/results.parquet,1,1001,20260902_002859
paper_main,ica,10,medium,10,0.5,1000,10,0.0,0.0,250,dml_learner,h_y,frozen,1001,42,2c668c4e1d12971d94a618fc9ef854ed,0,2.0,10000,histgbr,,,,,,,172.48163364889328,13.13322632291446,1.5180837507457594,0.04297527960447367,0.04822673848079807,3.4754400075376033,1.1235359986096578,-0.069988114120367,-1.3561313152313232,-0.09327129203935924,-1.3561313152313232,-0.05384333832152094,-0.8095167279243469,-0.07043227795249496,-0.8095167279243469,-0.022059181680786123,0.6823314428329468,0.11037366614882148,0.6823314428329468,0.1823240694669854,paper_main_20260902_002859/task1_seed1001/results.parquet,1,1001,20260902_002859
paper_main,ica,10,medium,10,0.5,1000,10,0.0,0.0,250,dml_learner,true_y,frozen,1001,42,2c668c4e1d12971d94a618fc9ef854ed,0,2.0,10000,histgbr,,,,,,,165.25749346867744,12.855251591029926,1.4859523526249834,0.05469437911006575,0.05901294117163271,3.4074557140767574,1.101558119297213,-0.05596088606456174,-1.7302823066711426,-0.11900445371584964,-1.7302823066711426,-0.07864845412780312,-0.9706524610519409,-0.08445194716034657,-0.9706524610519409,-0.03544529861050004,0.4211539030075073,0.06812568990639989,0.4211539030075073,0.14349298727811477,paper_main_20260902_002859/task1_seed1001/results.parquet,1,1001,20260902_002859
paper_main,raw_x,10,medium,10,0.5,1000,10,0.0,0.0,250,x_learner,h_y,frozen,1001,42,dd34b7e5891261e9fb24703963931ff3,0,2.0,10000,histgbr,,,,,,,90.5631955749208,9.51646970125586,1.1000189643221583,0.027921470743531893,0.02710562488349915,3.2950252840816976,1.0652117472796705,-0.09589357686530091,1.6522912979125977,0.11364042880715439,1.6522912979125977,0.1456062769958182,0.6448091268539429,0.05610183716070999,0.6448091268539429,0.09875682584346009,-0.15504589676856995,-0.02508016335379183,-0.15504589676856995,0.05782535369342812,paper_main_20260902_002859/task1_seed1001/results.parquet,1,1001,20260902_002859
paper_main,raw_x,10,medium,10,0.5,1000,10,0.0,0.0,250,x_learner,true_y,frozen,1001,42,dd34b7e5891261e9fb24703963931ff3,0,2.0,10000,histgbr,,,,,,,78.55734764419726,8.863258297274049,1.0245135558410416,0.5112277636442183,0.5146920562359589,1.553848279632628,0.5023261730194185,0.4635316487454871,7.218808650970459,0.4964914549931093,7.218808650970459,0.5146500874877354,6.480229377746582,0.5638145587178343,6.480229377746582,0.583525885420182,2.806338310241699,0.4539521826361141,2.806338310241699,0.4981149498512616,paper_main_20260902_002859/task1_seed1001/results.parquet,1,1001,20260902_002859
paper_main,raw_x,10,medium,10,0.5,1000,10,0.0,0.0,250,dml_learner,h_y,frozen,1001,42,dd34b7e5891261e9fb24703963931ff3,0,2.0,10000,histgbr,,,,,,,636.867787685428,25.236239571010337,2.9170840645481393,0.03173849181586905,0.060743035183545735,3.159134232491255,1.0212810541819182,-0.05362079398005772,0.8465805649757385,0.05822567639567331,0.8465805649757385,0.09219001325707062,0.1782212257385254,0.015506198297391157,0.1782212257385254,0.05999571382260816,-0.0379893034696579,-0.0061451348057147215,-0.0379893034696579,0.07522897193019244,paper_main_20260902_002859/task1_seed1001/results.parquet,1,1001,20260902_002859
paper_main,raw_x,10,medium,10,0.5,1000,10,0.0,0.0,250,dml_learner,true_y,frozen,1001,42,dd34b7e5891261e9fb24703963931ff3,0,2.0,10000,histgbr,,,,,,,2039.4388918819182,45.16014716408615,5.220109964256869,0.17536293380694087,0.2508189518766189,2.6742431011796,0.8645260417939471,0.10874377144991411,3.305678129196167,0.22735620563690445,3.305678129196167,0.25522098539133925,1.4162222146987915,0.123218894962088,1.4162222146987915,0.16284084739829474,0.9200552105903625,0.14882776943498774,0.9200552105903625,0.21766811616489778,paper_main_20260902_002859/task1_seed1001/results.parquet,1,1001,20260902_002859
paper_main,encoder_pred,10,medium,10,0.5,1000,10,0.0,0.0,500,x_learner,h_y,frozen,1001,42,046578539f5ee11f7116ae6569884826,46,2.0,10000,histgbr,,,,,,,56.09127622527883,7.489410939805535,0.8075362520736727,0.8457708710834843,0.8159462585195465,0.34616252115462,0.0977052830069108,0.8399785373535763,12.12006950378418,0.7465917929509518,12.12006950378418,0.7489961393536394,10.53067398071289,0.8166211230284658,10.53067398071289,0.81880609843927,6.419839859008789,0.9061528010625036,6.419839859008789,0.90816841729587,paper_main_20260902_002859/task1_seed1001/results.parquet,1,1001,20260902_002859
paper_main,encoder_pred,10,medium,10,0.5,1000,10,0.0,0.0,500,x_learner,true_y,frozen,1001,42,046578539f5ee11f7116ae6569884826,46,2.0,10000,histgbr,,,,,,,11.994947156831177,3.4633722232574393,0.37343372491962573,0.9414053016212065,0.9308961601366577,0.16987767571304024,0.04794842124079929,0.9425108100163536,14.739249229431152,0.9079322940776998,14.739249229431152,0.9088058358627736,11.73914909362793,0.9103346218670106,11.73914909362793,0.9114029927156959,6.76731538772583,0.9551985608575518,6.76731538772583,0.9561607899814476,paper_main_20260902_002859/task1_seed1001/results.parquet,1,1001,20260902_002859
paper_main,encoder_pred,10,medium,10,0.5,1000,10,0.0,0.0,500,dml_learner,h_y,frozen,1001,42,046578539f5ee11f7116ae6569884826,46,2.0,10000,histgbr,,,,,,,55.16432453663588,7.427268982380797,0.8008358741936739,0.8451728846915387,0.8026167050996252,0.42098789119813596,0.11882494070934888,0.8505559609933835,11.226692199707031,0.6915600818684043,11.226692199707031,0.6944865711729178,10.102084159851074,0.783385311011897,10.102084159851074,0.785966294039356,6.166661262512207,0.870416941691726,6.166661262512207,0.8732000798018935,paper_main_20260902_002859/task1_seed1001/results.parquet,1,1001,20260902_002859
paper_main,encoder_pred,10,medium,10,0.5,1000,10,0.0,0.0,500,dml_learner,true_y,frozen,1001,42,046578539f5ee11f7116ae6569884826,46,2.0,10000,histgbr,,,,,,,8.20584739177345,2.864585029593894,0.30887025390072514,0.9539426637706552,0.9546471635208268,0.1242041523167865,0.03505694900842421,0.9576572785344964,15.244309425354004,0.9390438151052376,15.244309425354004,0.9396221696328196,12.023550033569336,0.9323890331412242,12.023550033569336,0.9331946237442796,6.779173374176025,0.9568723016163229,6.779173374176025,0.957798582740896,paper_main_20260902_002859/task1_seed1001/results.parquet,1,1001,20260902_002859
paper_main,mi_mine_cond,10,medium,10,0.5,1000,10,0.0,0.0,500,x_learner,h_y,frozen,1001,42,170fb0fe08485992dcf5ba3960c91803,16,2.0,10000,histgbr,,,,,,,56.75218890931569,7.533404868272758,0.8122798417089533,0.5668413713654854,0.5837458877567352,1.3719136800020935,0.3872262482909988,0.5838127480952627,7.782019138336182,0.4793694969698821,7.782019138336182,0.4843092583598817,6.4156084060668945,0.497510544060974,6.4156084060668945,0.5034977500224632,4.300156593322754,0.606962015817079,4.300156593322754,0.6154035436433523,paper_main_20260902_002859/task1_seed1001/results.parquet,1,1001,20260902_002859
paper_main,mi_mine_cond,10,medium,10,0.5,1000,10,0.0,0.0,500,x_learner,true_y,frozen,1001,42,170fb0fe08485992dcf5ba3960c91803,16,2.0,10000,histgbr,,,,,,,58.044673645137216,7.618705509805272,0.8214772753811448,0.5688433633734535,0.5964944820020233,1.3966413710750643,0.3942057042018624,0.5884955953632548,7.565701961517334,0.4660444389875952,7.565701961517334,0.47111062901855477,6.643162250518799,0.5151566393010414,6.643162250518799,0.5209335904892818,4.310369491577148,0.6084035543232459,4.310369491577148,0.6168141213062872,paper_main_20260902_002859/task1_seed1001/results.parquet,1,1001,20260902_002859
paper_main,mi_mine_cond,10,medium,10,0.5,1000,10,0.0,0.0,500,dml_learner,h_y,frozen,1001,42,170fb0fe08485992dcf5ba3960c91803,16,2.0,10000,histgbr,,,,,,,62.87274326873044,7.929233460349773,0.8549595584822155,0.5160852963411853,0.5353971026231381,1.4544292026497425,0.41051647181334994,0.5251407880839697,8.050407409667969,0.4959021150904336,8.050407409667969,0.5006850143907319,6.036062240600586,0.4680779154892496,6.036062240600586,0.47441581380291487,3.994412899017334,0.5638066550780917,3.994412899017334,0.5731750581510114,paper_main_20260902_002859/task1_seed1001/results.parquet,1,1001,20260902_002859
paper_main,mi_mine_cond,10,medium,10,0.5,1000,10,0.0,0.0,500,dml_learner,true_y,frozen,1001,42,170fb0fe08485992dcf5ba3960c91803,16,2.0,10000,histgbr,,,,,,,55.87551537131908,7.474992666974268,0.8059816200609394,0.5727126588506354,0.5945441042111098,1.4028248761929571,0.3959510148019333,0.5853665139131896,9.193346977233887,0.5663067691823264,9.193346977233887,0.570421666531269,6.847811698913574,0.5310265696285192,6.847811698913574,0.5366144292043048,4.230847358703613,0.5971790993473636,4.230847358703613,0.6058307411191703,paper_main_20260902_002859/task1_seed1001/results.parquet,1,1001,20260902_002859
paper_main,mi_infonce_cond,10,medium,10,0.5,1000,10,0.0,0.0,500,x_learner,h_y,frozen,1001,42,0a7d44039a1dfc1e2ce0c5895278fca7,34,2.0,10000,histgbr,,,,,,,19.096949860376633,4.3700057048448615,0.4711903321628414,0.9036776307105228,0.8947818938180645,0.2785052482932806,0.07860883960701928,0.9067472226163605,14.203459739685059,0.8749278599307737,14.203459739685059,0.8761145490027409,11.956368446350098,0.9271793093094648,11.956368446350098,0.9280469742291343,6.553630828857422,0.9250372381742926,6.553630828857422,0.9266472612900012,paper_main_20260902_002859/task1_seed1001/results.parquet,1,1001,20260902_002859
paper_main,mi_infonce_cond,10,medium,10,0.5,1000,10,0.0,0.0,500,x_learner,true_y,frozen,1001,42,0a7d44039a1dfc1e2ce0c5895278fca7,34,2.0,10000,histgbr,,,,,,,12.758445953939303,3.5718966885870738,0.38513523798853844,0.9280977283909135,0.9231522005918493,0.2101702766157687,0.059321113931950414,0.9328873893877092,15.381584167480469,0.947499888382629,15.381584167480469,0.9479980113754787,12.124987602233887,0.9402552021434969,12.124987602233887,0.9409670666526256,6.681830406188965,0.9431324568472305,6.681830406188965,0.9443538373937796,paper_main_20260902_002859/task1_seed1001/results.parquet,1,1001,20260902_002859
paper_main,mi_infonce_cond,10,medium,10,0.5,1000,10,0.0,0.0,500,dml_learner,h_y,frozen,1001,42,0a7d44039a1dfc1e2ce0c5895278fca7,34,2.0,10000,histgbr,,,,,,,13.681285042887922,3.698822115604902,0.3988208114536111,0.9344372097488389,0.937349423781108,0.20286892615631213,0.057260288541049136,0.9377406012543444,15.122771263122559,0.9315571093215779,15.122771263122559,0.9322064979894057,11.799505233764648,0.9150150534358146,11.799505233764648,0.9160276565316449,6.6609392166137695,0.94018369015416,6.6609392166137695,0.9414684032464032,paper_main_20260902_002859/task1_seed1001/results.parquet,1,1001,20260902_002859
paper_main,mi_infonce_cond,10,medium,10,0.5,1000,10,0.0,0.0,500,dml_learner,true_y,frozen,1001,42,0a7d44039a1dfc1e2ce0c5895278fca7,34,2.0,10000,histgbr,,,,,,,5.343508699822119,2.3116030584471288,0.24924567300467865,0.9693500534002136,0.9715094545143181,0.1222459741421047,0.034504248062934555,0.9721274218722382,15.584035873413086,0.959970838493189,15.584035873413086,0.9603506366520264,12.329570770263672,0.956119992634133,12.329570770263672,0.956642826772414,6.84721565246582,0.9664763886990327,6.84721565246582,0.9671963967110384,paper_main_20260902_002859/task1_seed1001/results.parquet,1,1001,20260902_002859
paper_main,autoencoder,10,medium,10,0.5,1000,10,0.0,0.0,500,x_learner,h_y,frozen,1001,42,b9f116f6359230079c37508f5f8441c8,54,2.0,10000,histgbr,,,,,,,163.89670600230892,12.802214886585404,1.3803826109751953,0.1272956451825807,0.1253809023154603,3.142527978987433,0.886986796028553,0.1157960259237001,0.0077503942884504795,0.00047742141792870175,0.0077503942884504795,0.009960928460594095,1.540372610092163,0.11945112089118115,1.540372610092163,0.12994293805484852,0.9168661832809448,0.12941457706513448,0.9168661832809448,0.1481126962510711,paper_main_20260902_002859/task1_seed1001/results.parquet,1,1001,20260902_002859
paper_main,autoencoder,10,medium,10,0.5,1000,10,0.0,0.0,500,x_learner,true_y,frozen,1001,42,b9f116f6359230079c37508f5f8441c8,54,2.0,10000,histgbr,,,,,,,161.47440956123404,12.707258144904197,1.3701440205302757,0.13485893943575775,0.13268684322853613,3.1002458126405257,0.8750525432524571,0.12312654632023605,1.2443182468414307,0.07664954319122289,1.2443182468414307,0.08541032633672872,1.6233391761779785,0.1258849209019785,1.6233391761779785,0.13630007877394454,1.1343995332717896,0.1601191520619863,1.1343995332717896,0.1781578094791866,paper_main_20260902_002859/task1_seed1001/results.parquet,1,1001,20260902_002859
paper_main,autoencoder,10,medium,10,0.5,1000,10,0.0,0.0,500,dml_learner,h_y,frozen,1001,42,b9f116f6359230079c37508f5f8441c8,54,2.0,10000,histgbr,,,,,,,109.7218506238879,10.474819837299728,1.1294341865529436,0.027434605738422952,0.009185371934530659,3.2347446644166484,0.9130151982881848,0.0029759203828796654,-0.10522916913032532,-0.006482077848416561,-0.10522916913032532,0.003067461179638735,0.5154921412467957,0.03997481757276937,0.5154921412467957,0.05141360186460441,0.4657529890537262,0.06574048339259202,0.4657529890537262,0.08580617175804932,paper_main_20260902_002859/task1_seed1001/results.parquet,1,1001,20260902_002859
paper_main,autoencoder,10,medium,10,0.5,1000,10,0.0,0.0,500,dml_learner,true_y,frozen,1001,42,b9f116f6359230079c37508f5f8441c8,54,2.0,10000,histgbr,,,,,,,108.62299713409001,10.422235707087516,1.1237643692907562,0.027141228564914258,0.006922719866375847,3.2336337097594514,0.9127016284111593,0.0015777611728522705,0.5537261366844177,0.03410932495576428,0.5537261366844177,0.043273731258842804,0.603846549987793,0.046826428079631235,0.603846549987793,0.05818357483104103,0.5549508333206177,0.07833065358472828,0.5549508333206177,0.09812593482341543,paper_main_20260902_002859/task1_seed1001/results.parquet,1,1001,20260902_002859
paper_main,pca,10,medium,10,0.5,1000,10,0.0,0.0,500,x_learner,h_y,frozen,1001,42,b4bf743fbcae0dbf7e5acfca52574495,0,2.0,10000,histgbr,,,,,,,156.68807767858263,12.51751084195986,1.3496847578336109,0.17445189780759124,0.19675621650069594,2.9130599295347928,0.8222188349043053,0.17725964329972693,3.282735586166382,0.20221529639699126,3.282735586166382,0.2097847070509084,2.361506700515747,0.183127524159082,2.361506700515747,0.1928606313901413,1.3292912244796753,0.1876278837079967,1.3292912244796753,0.2050757185253457,paper_main_20260902_002859/task1_seed1001/results.parquet,1,1001,20260902_002859
paper_main,pca,10,medium,10,0.5,1000,10,0.0,0.0,500,x_learner,true_y,frozen,1001,42,b4bf743fbcae0dbf7e5acfca52574495,0,2.0,10000,histgbr,,,,,,,169.81255149929854,13.03121450591995,1.405074204988398,0.1570886923547694,0.18430245788628685,2.9433440541476013,0.8307666088113174,0.1583990521955871,3.471661329269409,0.2138530522063817,3.471661329269409,0.2213120434045065,2.4113216400146484,0.18699051829523075,2.4113216400146484,0.19667759761217604,1.2204769849777222,0.17226888253574552,1.2204769849777222,0.19004659243132355,paper_main_20260902_002859/task1_seed1001/results.parquet,1,1001,20260902_002859
paper_main,pca,10,medium,10,0.5,1000,10,0.0,0.0,500,dml_learner,h_y,frozen,1001,42,b4bf743fbcae0dbf7e5acfca52574495,0,2.0,10000,histgbr,,,,,,,113.52263094973956,10.654699946490261,1.1488295315761794,0.11253414613658454,0.11950395460467617,2.971358023185283,0.8386736253301592,0.10435509638578139,0.4905564785003662,0.03021809740554233,0.4905564785003662,0.039419423818949424,0.8584301471710205,0.06656859685412403,0.8584301471710205,0.07769051393218977,1.148127555847168,0.16205684620746752,1.148127555847168,0.18005388652986748,paper_main_20260902_002859/task1_seed1001/results.parquet,1,1001,20260902_002859
paper_main,pca,10,medium,10,0.5,1000,10,0.0,0.0,500,dml_learner,true_y,frozen,1001,42,b4bf743fbcae0dbf7e5acfca52574495,0,2.0,10000,histgbr,,,,,,,117.66353691674172,10.847282466901179,1.169594498006446,0.11603422413689653,0.12289807800062985,2.938274606127292,0.8293357437602396,0.10680087923241983,0.06732764840126038,0.004147358207754,0.06732764840126038,0.01359604475497664,0.600619912147522,0.04657621231741561,0.600619912147522,0.057936340411588905,1.1278154850006104,0.15918982143781385,1.1278154850006104,0.17724843868240864,paper_main_20260902_002859/task1_seed1001/results.parquet,1,1001,20260902_002859
paper_main,pls,10,medium,10,0.5,1000,10,0.0,0.0,500,x_learner,h_y,frozen,1001,42,2d76c26dca5bda0cb184a0dbfcc4efc8,0,2.0,10000,histgbr,,,,,,,13.362466077747765,3.6554707053603597,0.39414650053218436,0.9173765015060059,0.9208293523340555,0.2839294165223838,0.08013982537097175,0.925477836863548,15.439871788024902,0.9510903842222385,15.439871788024902,0.9515544404583071,12.097381591796875,0.9381144416103442,12.097381591796875,0.9388518134690794,6.593765735626221,0.9307022327828255,6.593765735626221,0.9321905851909993,paper_main_20260902_002859/task1_seed1001/results.parquet,1,1001,20260902_002859
paper_main,pls,10,medium,10,0.5,1000,10,0.0,0.0,500,x_learner,true_y,frozen,1001,42,2d76c26dca5bda0cb184a0dbfcc4efc8,0,2.0,10000,histgbr,,,,,,,11.315266914269271,3.3638173128559274,0.36269934275428356,0.933066708266833,0.9349183929938585,0.19907059927377846,0.056188200777842257,0.9398620715037364,15.265782356262207,0.9403665396970117,15.265782356262207,0.940932344164945,12.239782333374023,0.9491571776897062,12.239782333374023,0.9497629743790442,6.73201847076416,0.9502164427866774,6.73201847076416,0.951285676042544,paper_main_20260902_002859/task1_seed1001/results.parquet,1,1001,20260902_002859
paper_main,pls,10,medium,10,0.5,1000,10,0.0,0.0,500,dml_learner,h_y,frozen,1001,42,2d76c26dca5bda0cb184a0dbfcc4efc8,0,2.0,10000,histgbr,,,,,,,9.503686648171465,3.0828049967799562,0.33239954556937645,0.9544541538166151,0.9595776485209246,0.12445676019880914,0.035128248248216185,0.9588427604488754,15.632823944091797,0.9629761655790827,15.632823944091797,0.9633274490838288,12.251260757446289,0.9500472938943915,12.251260757446289,0.9506424847710421,6.797207832336426,0.9594178440498711,6.797207832336426,0.9602894529337181,paper_main_20260902_002859/task1_seed1001/results.parquet,1,1001,20260902_002859
paper_main,pls,10,medium,10,0.5,1000,10,0.0,0.0,500,dml_learner,true_y,frozen,1001,42,2d76c26dca5bda0cb184a0dbfcc4efc8,0,2.0,10000,histgbr,,,,,,,6.184139516359021,2.4867930183992035,0.2681353086245808,0.9626036264145056,0.9689486095082886,0.1753505568811673,0.04949315636004751,0.9670096073430144,15.532065391540527,0.9567694760563116,15.532065391540527,0.9571796488598711,12.386343955993652,0.9605225771955423,12.386343955993652,0.9609929541524426,6.754489421844482,0.9533881909472486,6.754489421844482,0.9543893025420216,paper_main_20260902_002859/task1_seed1001/results.parquet,1,1001,20260902_002859
paper_main,ica,10,medium,10,0.5,1000,10,0.0,0.0,500,x_learner,h_y,frozen,1001,42,2c668c4e1d12971d94a618fc9ef854ed,0,2.0,10000,histgbr,,,,,,,175.8215310457191,13.25977115359534,1.4297180361433086,0.13304222816891265,0.15758139774140217,3.094454348295927,0.8734178871928524,0.13143742587711377,2.7789371013641357,0.1711814963072274,2.7789371013641357,0.17904535679951583,2.240960121154785,0.1737795106135782,2.240960121154785,0.18362400024633013,1.0085244178771973,0.142352028441478,1.0085244178771973,0.1607722817208369,paper_main_20260902_002859/task1_seed1001/results.parquet,1,1001,20260902_002859
paper_main,ica,10,medium,10,0.5,1000,10,0.0,0.0,500,x_learner,true_y,frozen,1001,42,2c668c4e1d12971d94a618fc9ef854ed,0,2.0,10000,histgbr,,,,,,,181.99694414753162,13.490624305328929,1.4546094849406392,0.1403686894747579,0.15318021713891602,3.0518851096332074,0.861402607499786,0.13605671329981894,1.7230699062347412,0.10614046811150459,1.7230699062347412,0.11462144027507846,1.5311801433563232,0.11873827359166622,1.5311801433563232,0.1292385843934604,1.0620559453964233,0.14990794021996756,1.0620559453964233,0.1681659103559718,paper_main_20260902_002859/task1_seed1001/results.parquet,1,1001,20260902_002859
paper_main,ica,10,medium,10,0.5,1000,10,0.0,0.0,500,dml_learner,h_y,frozen,1001,42,2c668c4e1d12971d94a618fc9ef854ed,0,2.0,10000,histgbr,,,,,,,115.77896878209023,10.760063604927725,1.1601902346439121,0.09465964263857056,0.10257570025502073,3.133161085471511,0.8843429656715976,0.08272975491807923,0.921787440776825,0.05678176498198848,0.921787440776825,0.06573105433896648,1.2109911441802979,0.09390860926368694,1.2109911441802979,0.10470476769477803,0.5926365852355957,0.08364995288313422,0.5926365852355957,0.1033309881332635,paper_main_20260902_002859/task1_seed1001/results.parquet,1,1001,20260902_002859
paper_main,ica,10,medium,10,0.5,1000,10,0.0,0.0,500,dml_learner,true_y,frozen,1001,42,2c668c4e1d12971d94a618fc9ef854ed,0,2.0,10000,histgbr,,,,,,,119.43409421868412,10.928590678522282,1.1783614529783446,0.09952100608402432,0.10637822844447278,3.1483274735212325,0.8886237186302023,0.08731362437366312,0.8612020015716553,0.05304972436383973,0.8612020015716553,0.06203442345967119,0.4575057327747345,0.035478151348597046,0.4575057327747345,0.046970513813080275,0.6666280627250671,0.09409376239463654,0.6666280627250671,0.11355048927725035,paper_main_20260902_002859/task1_seed1001/results.parquet,1,1001,20260902_002859
paper_main,raw_x,10,medium,10,0.5,1000,10,0.0,0.0,500,x_learner,h_y,frozen,1001,42,dd34b7e5891261e9fb24703963931ff3,0,2.0,10000,histgbr,,,,,,,86.87480770839613,9.320665625822876,1.0049889700009376,0.18160527042108168,0.19089561498972552,2.833885449383408,0.7998716294231527,0.16348943308492128,1.6634892225265503,0.1024703200598739,1.6634892225265503,0.11098611472335033,2.6756558418273926,0.20748881623271406,2.6756558418273926,0.21693165653098714,1.3677332401275635,0.1930539287375998,1.3677332401275635,0.21038522492014172,paper_main_20260902_002859/task1_seed1001/results.parquet,1,1001,20260902_002859
paper_main,raw_x,10,medium,10,0.5,1000,10,0.0,0.0,500,x_learner,true_y,frozen,1001,42,dd34b7e5891261e9fb24703963931ff3,0,2.0,10000,histgbr,,,,,,,73.98520162224048,8.601465085800237,0.9274420823689014,0.6048540674162697,0.5902810454176384,1.043838495449163,0.29462616366204863,0.6033642891975382,9.922948837280273,0.6112499735643069,9.922948837280273,0.6149384481346055,6.879008769989014,0.5334458057822055,6.879008769989014,0.5390048399469294,4.930665016174316,0.6959575337751638,4.930665016174316,0.7024876480193157,paper_main_20260902_002859/task1_seed1001/results.parquet,1,1001,20260902_002859
paper_main,raw_x,10,medium,10,0.5,1000,10,0.0,0.0,500,dml_learner,h_y,frozen,1001,42,dd34b7e5891261e9fb24703963931ff3,0,2.0,10000,histgbr,,,,,,,330.1606558792368,18.170323494072328,1.9591921248949873,0.06729262117048468,0.09799953811658368,3.389183781937696,0.9566060458311268,0.05835811965522234,2.2037858963012695,0.13575239507379672,2.2037858963012695,0.14395240818360697,1.2757081985473633,0.09892721621259844,1.2757081985473633,0.10966357750150524,0.4284292459487915,0.060472281209446636,0.4284292459487915,0.08065111811808076,paper_main_20260902_002859/task1_seed1001/results.parquet,1,1001,20260902_002859
paper_main,raw_x,10,medium,10,0.5,1000,10,0.0,0.0,500,dml_learner,true_y,frozen,1001,42,dd34b7e5891261e9fb24703963931ff3,0,2.0,10000,histgbr,,,,,,,920.4347156380338,30.338667004963053,3.2712283573446435,0.4189058356233425,0.39135186676124134,1.8408266387777403,0.5195781655059714,0.4197837948302722,5.721699237823486,0.35245455410622684,5.721699237823486,0.3585984891489861,5.955847263336182,0.46185749266186604,5.955847263336182,0.46826950785936816,3.4519824981689453,0.487243245724433,3.4519824981689453,0.4982560500423797,paper_main_20260902_002859/task1_seed1001/results.parquet,1,1001,20260902_002859
paper_main,encoder_pred,10,medium,10,0.5,1000,10,0.0,0.0,750,x_learner,h_y,frozen,1001,42,046578539f5ee11f7116ae6569884826,46,2.0,10000,histgbr,,,,,,,57.61057204730216,7.590162847218903,0.8096777436799648,0.838978017738698,0.8143759205869745,0.4845465197364489,0.1317300345011916,0.835006252755474,13.384321212768555,0.7918962555314897,13.384321212768555,0.7924273248648669,10.96184253692627,0.8230225123301311,10.96184253692627,0.8235952392013726,6.487300872802734,0.8823063505133806,6.487300872802734,0.8829944810247846,paper_main_20260902_002859/task1_seed1001/results.parquet,1,1001,20260902_002859
paper_main,encoder_pred,10,medium,10,0.5,1000,10,0.0,0.0,750,x_learner,true_y,frozen,1001,42,046578539f5ee11f7116ae6569884826,46,2.0,10000,histgbr,,,,,,,9.561251491536733,3.0921273407699,0.329851511600051,0.952364004202674,0.9470018179016564,0.19119301378726972,0.051978213188452485,0.9554210364304607,16.128446578979492,0.9542550758008607,16.128446578979492,0.9543718143365457,12.65726089477539,0.9503156632422289,12.65726089477539,0.9504764495383597,7.043709754943848,0.9579808258954758,7.043709754943848,0.9582265033461407,paper_main_20260902_002859/task1_seed1001/results.parquet,1,1001,20260902_002859
paper_main,encoder_pred,10,medium,10,0.5,1000,10,0.0,0.0,750,dml_learner,h_y,frozen,1001,42,046578539f5ee11f7116ae6569884826,46,2.0,10000,histgbr,,,,,,,60.099897830033235,7.752412387768935,0.8269856518961628,0.8275549360976641,0.7896366920857119,0.5784817867881311,0.15726751225735663,0.8352061463990869,12.247511863708496,0.7246358354875481,12.247511863708496,0.7253385497210526,10.46045207977295,0.7853777794930556,10.46045207977295,0.7860723306162987,6.193236351013184,0.8423120601108287,6.193236351013184,0.843234028995229,paper_main_20260902_002859/task1_seed1001/results.parquet,1,1001,20260902_002859
paper_main,encoder_pred,10,medium,10,0.5,1000,10,0.0,0.0,750,dml_learner,true_y,frozen,1001,42,046578539f5ee11f7116ae6569884826,46,2.0,10000,histgbr,,,,,,,7.715015698798481,2.7775917084406916,0.2962985422873335,0.9602252946227459,0.9595111647760094,0.14773240526579334,0.040162902941067356,0.9631083374291994,15.878912925720215,0.9394911768698785,15.878912925720215,0.9396455920652669,12.624502182006836,0.9478561170489083,12.624502182006836,0.9480248628217756,7.013195514678955,0.9538307319666314,7.013195514678955,0.9541006741611469,paper_main_20260902_002859/task1_seed1001/results.parquet,1,1001,20260902_002859
paper_main,mi_mine_cond,10,medium,10,0.5,1000,10,0.0,0.0,750,x_learner,h_y,frozen,1001,42,170fb0fe08485992dcf5ba3960c91803,16,2.0,10000,histgbr,,,,,,,55.21820718165855,7.4308954495174095,0.7926879544213621,0.5932435222107061,0.6130267220973096,1.5104197617868582,0.41062651206263023,0.6124377117128385,10.712261199951172,0.6338012513046885,10.712261199951172,0.6347357704112518,7.916690349578857,0.5943904374562464,7.916690349578857,0.5957030535339174,4.476456165313721,0.6088211075594383,4.476456165313721,0.6111082499199628,paper_main_20260902_002859/task1_seed1001/results.parquet,1,1001,20260902_002859
paper_main,mi_mine_cond,10,medium,10,0.5,1000,10,0.0,0.0,750,x_learner,true_y,frozen,1001,42,170fb0fe08485992dcf5ba3960c91803,16,2.0,10000,histgbr,,,,,,,54.03716051968534,7.350997246611192,0.7841648439222384,0.622418386521576,0.637741148881857,1.3686588463212055,0.3720870333447394,0.6395761107518028,10.694889068603516,0.632773412421706,10.694889068603516,0.6337105545166822,8.228516578674316,0.6178025605200519,8.228516578674316,0.6190394113002944,4.61934232711792,0.6282543619177892,4.61934232711792,0.6304278820453539,paper_main_20260902_002859/task1_seed1001/results.parquet,1,1001,20260902_002859
paper_main,mi_mine_cond,10,medium,10,0.5,1000,10,0.0,0.0,750,dml_learner,h_y,frozen,1001,42,170fb0fe08485992dcf5ba3960c91803,16,2.0,10000,histgbr,,,,,,,54.959493575552806,7.41346704150985,0.7908287856056805,0.628251385335796,0.6344786514443612,1.2603130122746031,0.34263186263216827,0.6432632319335521,10.332414627075195,0.6113272629749706,10.332414627075195,0.6123191344661875,8.708664894104004,0.6538524190657147,8.708664894104004,0.6549726068569782,4.868710041046143,0.6621696561095968,4.868710041046143,0.6641448805021033,paper_main_20260902_002859/task1_seed1001/results.parquet,1,1001,20260902_002859
paper_main,mi_mine_cond,10,medium,10,0.5,1000,10,0.0,0.0,750,dml_learner,true_y,frozen,1001,42,170fb0fe08485992dcf5ba3960c91803,16,2.0,10000,histgbr,,,,,,,52.91068762573829,7.27397330389233,0.7759483440387354,0.6337097701507023,0.6439283206196541,1.28559173069646,0.3495041985467226,0.6504535422169951,10.804556846618652,0.639262012133419,10.804556846618652,0.6401825956780807,8.476248741149902,0.6364024579422971,8.476248741149902,0.6375791165410576,4.8497843742370605,0.6595956678915755,4.8497843742370605,0.6615859418626833,paper_main_20260902_002859/task1_seed1001/results.parquet,1,1001,20260902_002859
paper_main,mi_infonce_cond,10,medium,10,0.5,1000,10,0.0,0.0,750,x_learner,h_y,frozen,1001,42,0a7d44039a1dfc1e2ce0c5895278fca7,34,2.0,10000,histgbr,,,,,,,19.658603663343985,4.433802393357645,0.47297418909688255,0.8907306999656887,0.8893575208155229,0.3315815988381705,0.0901446067111785,0.8970821451269003,15.108522415161133,0.8939102803185669,15.108522415161133,0.8941810154600862,11.81966781616211,0.8874286114032295,11.81966781616211,0.8877929100495217,6.6949687004089355,0.9105502452681971,6.6949687004089355,0.9110732395481522,paper_main_20260902_002859/task1_seed1001/results.parquet,1,1001,20260902_002859
paper_main,mi_infonce_cond,10,medium,10,0.5,1000,10,0.0,0.0,750,x_learner,true_y,frozen,1001,42,0a7d44039a1dfc1e2ce0c5895278fca7,34,2.0,10000,histgbr,,,,,,,10.812467265229813,3.288231631930727,0.3507708625005704,0.9413221072393017,0.9373248247888001,0.18133695556037166,0.04929872043101566,0.9454340856321674,15.8507719039917,0.9378261862155611,15.8507719039917,0.9379848503757104,12.601513862609863,0.9461301385630279,12.601513862609863,0.9463044698726267,6.98936653137207,0.9505898674360399,6.98936653137207,0.9508787582975102,paper_main_20260902_002859/task1_seed1001/results.parquet,1,1001,20260902_002859
paper_main,mi_infonce_cond,10,medium,10,0.5,1000,10,0.0,0.0,750,dml_learner,h_y,frozen,1001,42,0a7d44039a1dfc1e2ce0c5895278fca7,34,2.0,10000,histgbr,,,,,,,14.140618951643761,3.7604014349060875,0.40113939719505104,0.9475794410301173,0.9486123949311713,0.14155946768571948,0.03848471261820812,0.9508231708780774,15.950722694396973,0.9437398709965151,15.950722694396973,0.9438834437576968,12.448878288269043,0.9346701569548483,12.448878288269043,0.9348815745599832,7.06435489654541,0.9607886715464572,7.06435489654541,0.9610179321023093,paper_main_20260902_002859/task1_seed1001/results.parquet,1,1001,20260902_002859
paper_main,mi_infonce_cond,10,medium,10,0.5,1000,10,0.0,0.0,750,dml_learner,true_y,frozen,1001,42,0a7d44039a1dfc1e2ce0c5895278fca7,34,2.0,10000,histgbr,,,,,,,4.272217863200734,2.066934411925239,0.22048944464943923,0.9797149790488515,0.9796310552789481,0.08667215961466246,0.023562911116444096,0.9815616506975172,16.474468231201172,0.9747277801219255,16.474468231201172,0.9747922734398996,13.070497512817383,0.9813417465327022,13.070497512817383,0.9814021275634867,7.170980453491211,0.9752902967777934,7.170980453491211,0.9754347693197625,paper_main_20260902_002859/task1_seed1001/results.parquet,1,1001,20260902_002859
paper_main,autoencoder,10,medium,10,0.5,1000,10,0.0,0.0,750,x_learner,h_y,frozen,1001,42,b9f116f6359230079c37508f5f8441c8,54,2.0,10000,histgbr,,,,,,,155.66229695115055,12.47646973110385,1.3309226777226482,0.1383619455323476,0.13146362782489124,3.138477250888944,0.8532343122919888,0.1301855207544283,2.911916494369507,0.17228634397325632,2.911916494369507,0.17439862379145965,2.2693521976470947,0.17038448972221162,2.2693521976470947,0.1730692554615755,1.2453144788742065,0.16936918676045262,1.2453144788742065,0.174225713929044,paper_main_20260902_002859/task1_seed1001/results.parquet,1,1001,20260902_002859
paper_main,autoencoder,10,medium,10,0.5,1000,10,0.0,0.0,750,x_learner,true_y,frozen,1001,42,b9f116f6359230079c37508f5f8441c8,54,2.0,10000,histgbr,,,,,,,156.93210036645192,12.527254302777282,1.3363401026493564,0.15982215079493473,0.14663310159877518,3.0826386396437884,0.8380538871187283,0.152595088365024,1.28826105594635,0.07622120615109886,1.28826105594635,0.07857863892815117,2.208611249923706,0.16582401850323403,2.208611249923706,0.16852354264179897,1.244220495223999,0.16922039934626276,1.244220495223999,0.17407779644419924,paper_main_20260902_002859/task1_seed1001/results.parquet,1,1001,20260902_002859
paper_main,autoencoder,10,medium,10,0.5,1000,10,0.0,0.0,750,dml_learner,h_y,frozen,1001,42,b9f116f6359230079c37508f5f8441c8,54,2.0,10000,histgbr,,,,,,,117.10122243458359,10.821331823513388,1.1543614690276256,-0.015164912293177407,-0.005601479922613298,3.744899484058842,1.0180977845158947,-0.013152794046760773,0.29690784215927124,0.017566838445236828,0.29690784215927124,0.02007395394922312,0.22208468616008759,0.01667426764595509,0.22208468616008759,0.019856463740595454,-0.101109579205513,-0.013751423832484925,-0.101109579205513,-0.007824228195666144,paper_main_20260902_002859/task1_seed1001/results.parquet,1,1001,20260902_002859
paper_main,autoencoder,10,medium,10,0.5,1000,10,0.0,0.0,750,dml_learner,true_y,frozen,1001,42,b9f116f6359230079c37508f5f8441c8,54,2.0,10000,histgbr,,,,,,,123.27966675983295,11.103137698859406,1.1844230039246701,-0.015957688813668998,-0.007078953831573101,3.7519710755155735,1.0200202851399427,-0.012718433763470453,-0.3956489562988281,-0.023408951564841816,-0.3956489562988281,-0.020797268093850244,0.6785446405410767,0.05094558810756788,0.6785446405410767,0.05401687684105332,-0.2571084201335907,-0.034968070126879004,-0.2571084201335907,-0.028916825132014795,paper_main_20260902_002859/task1_seed1001/results.parquet,1,1001,20260902_002859
paper_main,pca,10,medium,10,0.5,1000,10,0.0,0.0,750,x_learner,h_y,frozen,1001,42,b4bf743fbcae0dbf7e5acfca52574495,0,2.0,10000,histgbr,,,,,,,178.57904548116338,13.363347091247887,1.4255299838287852,0.16714919670968298,0.17298909192186485,2.9493468266179166,0.8018168398726253,0.17266031691559744,3.6284892559051514,0.21468306156955783,3.6284892559051514,0.21668714729154845,2.3085618019104004,0.17332837318884137,2.3085618019104004,0.17600361206018753,1.3787109851837158,0.18751179906730703,1.3787109851837158,0.19226225012100712,paper_main_20260902_002859/task1_seed1001/results.parquet,1,1001,20260902_002859
paper_main,pca,10,medium,10,0.5,1000,10,0.0,0.0,750,x_learner,true_y,frozen,1001,42,b4bf743fbcae0dbf7e5acfca52574495,0,2.0,10000,histgbr,,,,,,,182.11516506521357,13.49500518952155,1.4395745615398516,0.14983272859151744,0.1569406599749824,2.942647221801182,0.7999954684713141,0.15669940803174656,3.6904008388519287,0.21834612000413933,3.6904008388519287,0.22034085780206478,2.101961374282837,0.1578166740906535,2.101961374282837,0.1605421112499803,1.391170859336853,0.18920640616314857,1.391170859336853,0.19394694919842476,paper_main_20260902_002859/task1_seed1001/results.parquet,1,1001,20260902_002859
paper_main,pca,10,medium,10,0.5,1000,10,0.0,0.0,750,dml_learner,h_y,frozen,1001,42,b4bf743fbcae0dbf7e5acfca52574495,0,2.0,10000,histgbr,,,,,,,112.07112163878129,10.586364892576738,1.1292964607650031,0.09411121441993674,0.0997634107621415,3.3036067206412554,0.8981268249024744,0.09475413861208842,-0.852362334728241,-0.050430838478640466,-0.852362334728241,-0.04775019663543623,0.8698614239692688,0.06530978091708638,0.8698614239692688,0.06833458487268272,0.5822077989578247,0.07918326102192585,0.5822077989578247,0.08456708671062092,paper_main_20260902_002859/task1_seed1001/results.parquet,1,1001,20260902_002859
paper_main,pca,10,medium,10,0.5,1000,10,0.0,0.0,750,dml_learner,true_y,frozen,1001,42,b4bf743fbcae0dbf7e5acfca52574495,0,2.0,10000,histgbr,,,,,,,109.44725225355019,10.461704079811767,1.1159983158323372,0.09967185719441277,0.10707118628427634,3.3155065755397084,0.9013619493590178,0.10201723456060091,-0.8059718012809753,-0.04768609788664454,-0.8059718012809753,-0.04501246047077634,1.26559317111969,0.0950215867244938,1.26559317111969,0.09795023862254286,0.6912196278572083,0.09400943153642063,0.6912196278572083,0.09930657166185206,paper_main_20260902_002859/task1_seed1001/results.parquet,1,1001,20260902_002859
paper_main,pls,10,medium,10,0.5,1000,10,0.0,0.0,750,x_learner,h_y,frozen,1001,42,2d76c26dca5bda0cb184a0dbfcc4efc8,0,2.0,10000,histgbr,,,,,,,11.251136786577108,3.3542714241064493,0.3578156322898674,0.9333510779574719,0.9369117217870431,0.3042423735956352,0.08271209623438491,0.9394754344366618,16.14087677001953,0.9549905200257615,16.14087677001953,0.955105381748152,12.798994064331055,0.9609570849644683,12.798994064331055,0.9610834339530705,6.830972671508789,0.92904748622391,6.830972671508789,0.9294623309483545,paper_main_20260902_002859/task1_seed1001/results.parquet,1,1001,20260902_002859
paper_main,pls,10,medium,10,0.5,1000,10,0.0,0.0,750,x_learner,true_y,frozen,1001,42,2d76c26dca5bda0cb184a0dbfcc4efc8,0,2.0,10000,histgbr,,,,,,,11.361777346597506,3.3707235642510804,0.35957065810145356,0.9360356409522503,0.939927905536733,0.2117521738912913,0.05756747811866258,0.9423270675259557,15.957786560058594,0.944157811411878,15.957786560058594,0.9443003176120598,12.768363952636719,0.9586573555718316,12.768363952636719,0.95879114684497,6.959043025970459,0.9464657144315394,6.959043025970459,0.9467787183656221,paper_main_20260902_002859/task1_seed1001/results.parquet,1,1001,20260902_002859
paper_main,pls,10,medium,10,0.5,1000,10,0.0,0.0,750,dml_learner,h_y,frozen,1001,42,2d76c26dca5bda0cb184a0dbfcc4efc8,0,2.0,10000,histgbr,,,,,,,3.931826257106311,1.9828833190851929,0.21152332619132216,0.9768181063433001,0.9780421145495464,0.07407173285881719,0.020137327434241504,0.9784979657423695,16.532751083374023,0.9781761412052912,16.532751083374023,0.978231834495056,12.858101844787598,0.9653949368863263,12.858101844787598,0.9655069242909795,7.230425834655762,0.9833751749634282,7.230425834655762,0.9834723768889723,paper_main_20260902_002859/task1_seed1001/results.parquet,1,1001,20260902_002859
paper_main,pls,10,medium,10,0.5,1000,10,0.0,0.0,750,dml_learner,true_y,frozen,1001,42,2d76c26dca5bda0cb184a0dbfcc4efc8,0,2.0,10000,histgbr,,,,,,,2.9030268388039677,1.7038271152919147,0.18175511146454246,0.984050631201122,0.9858007452526983,0.07900972807469486,0.021479783222610578,0.9858754502984657,16.620359420776367,0.983359572866814,16.620359420776367,0.9834020383234895,13.173746109008789,0.9890937205959821,13.173746109008789,0.9891290150244554,7.242615222930908,0.9850329945859345,7.242615222930908,0.9851205035818293,paper_main_20260902_002859/task1_seed1001/results.parquet,1,1001,20260902_002859
paper_main,ica,10,medium,10,0.5,1000,10,0.0,0.0,750,x_learner,h_y,frozen,1001,42,2c668c4e1d12971d94a618fc9ef854ed,0,2.0,10000,histgbr,,,,,,,164.3780601004669,12.821000744889883,1.3676753929785876,0.1566627922894085,0.16210501905272917,3.1806913955962908,0.8647107557545519,0.16333425902088652,3.1825013160705566,0.18829575556032285,3.1825013160705566,0.19036718023888888,1.9214057922363281,0.14426043952054673,1.9214057922363281,0.1470297467783441,1.0604654550552368,0.14422876691567144,1.0604654550552368,0.14923228493755156,paper_main_20260902_002859/task1_seed1001/results.parquet,1,1001,20260902_002859
paper_main,ica,10,medium,10,0.5,1000,10,0.0,0.0,750,x_learner,true_y,frozen,1001,42,2c668c4e1d12971d94a618fc9ef854ed,0,2.0,10000,histgbr,,,,,,,175.1135681225705,13.233048330697297,1.4116304129538924,0.14182986991976873,0.1464596948773418,3.178942088083054,0.8642351846180649,0.1435333938667318,2.2800333499908447,0.13490036914402395,2.2800333499908447,0.13710805591793068,1.721527099609375,0.12925341280829983,1.721527099609375,0.1320712851551868,0.9793533682823181,0.13319710510957739,0.9793533682823181,0.13826512298436694,paper_main_20260902_002859/task1_seed1001/results.parquet,1,1001,20260902_002859
paper_main,ica,10,medium,10,0.5,1000,10,0.0,0.0,750,dml_learner,h_y,frozen,1001,42,2c668c4e1d12971d94a618fc9ef854ed,0,2.0,10000,histgbr,,,,,,,114.28651072885884,10.690486926649264,1.1404036392685712,0.08349208798593419,0.0868153029131446,3.382887187326948,0.9196802118042259,0.07938547543855175,0.8817803859710693,0.052171385814130666,0.8817803859710693,0.054590192412623896,0.7339685559272766,0.055106852961597924,0.7339685559272766,0.0581646751902096,0.6924859881401062,0.09418166306098627,0.6924859881401062,0.09947779618419118,paper_main_20260902_002859/task1_seed1001/results.parquet,1,1001,20260902_002859
paper_main,ica,10,medium,10,0.5,1000,10,0.0,0.0,750,dml_learner,true_y,frozen,1001,42,2c668c4e1d12971d94a618fc9ef854ed,0,2.0,10000,histgbr,,,,,,,121.72444519905886,11.032880186019373,1.1769283103827881,0.08951748536441842,0.09161478805069295,3.366984196508924,0.9153567847568708,0.08537840346829813,0.9710702300071716,0.05745430543516642,0.9710702300071716,0.059859630312758406,0.9012537598609924,0.06766673861525473,0.9012537598609924,0.0706839150865541,0.5925830006599426,0.08059434192122766,0.5925830006599426,0.08596991731073408,paper_main_20260902_002859/task1_seed1001/results.parquet,1,1001,20260902_002859
paper_main,raw_x,10,medium,10,0.5,1000,10,0.0,0.0,750,x_learner,h_y,frozen,1001,42,dd34b7e5891261e9fb24703963931ff3,0,2.0,10000,histgbr,,,,,,,84.72992486140544,9.204885923323843,0.9819277155508139,0.19292116074873017,0.2200693627022896,2.8920549217388034,0.7862413186399694,0.21221774765004944,2.5250203609466553,0.14939526160406738,2.5250203609466553,0.15156595820801927,2.973876953125,0.2232806823375441,2.973876953125,0.22579426771212807,1.6897956132888794,0.22982091164060717,1.6897956132888794,0.23432399003317295,paper_main_20260902_002859/task1_seed1001/results.parquet,1,1001,20260902_002859
paper_main,raw_x,10,medium,10,0.5,1000,10,0.0,0.0,750,x_learner,true_y,frozen,1001,42,dd34b7e5891261e9fb24703963931ff3,0,2.0,10000,histgbr,,,,,,,62.874241107152855,7.9293279101795795,0.845858048166277,0.6684847581951255,0.688106202828081,1.1812793573215608,0.3211455745882829,0.6870693690175701,11.298096656799316,0.6684627703507979,11.298096656799316,0.6693088351632751,8.852039337158203,0.6646170687064026,8.852039337158203,0.6657024204052914,5.000474452972412,0.6800902951694562,5.000474452972412,0.681960741278897,paper_main_20260902_002859/task1_seed1001/results.parquet,1,1001,20260902_002859
paper_main,raw_x,10,medium,10,0.5,1000,10,0.0,0.0,750,dml_learner,h_y,frozen,1001,42,dd34b7e5891261e9fb24703963931ff3,0,2.0,10000,histgbr,,,,,,,274.90916063298494,16.580384815588115,1.768706263232531,0.06579554452541247,0.06976649911478844,3.4804444505429517,0.946202374539552,0.06085461453478683,0.991399347782135,0.05865709726811304,0.991399347782135,0.06105935268696681,1.2064626216888428,0.09058202529272717,1.2064626216888428,0.09352504430696697,0.3756730854511261,0.05109347562405919,0.3756730854511261,0.05664153649855552,paper_main_20260902_002859/task1_seed1001/results.parquet,1,1001,20260902_002859
paper_main,raw_x,10,medium,10,0.5,1000,10,0.0,0.0,750,dml_learner,true_y,frozen,1001,42,dd34b7e5891261e9fb24703963931ff3,0,2.0,10000,histgbr,,,,,,,692.7695255727739,26.320515298389846,2.8077309892109703,0.43258059480994626,0.4237868612719873,1.8634886715120327,0.5066127131082855,0.4412440504986461,8.066519737243652,0.47726340944359136,8.066519737243652,0.4785974045304539,5.440876007080078,0.4085046309996906,5.440876007080078,0.410418802663565,3.6076126098632812,0.49065390649892143,3.6076126098632812,0.49363194812930156,paper_main_20260902_002859/task1_seed1001/results.parquet,1,1001,20260902_002859
paper_main,encoder_pred,10,medium,10,0.5,1000,10,0.0,0.0,50,x_learner,h_y,frozen,1002,42,046578539f5ee11f7116ae6569884826,46,2.0,10000,histgbr,,,,,,,68.44697433249034,8.273268660722335,1.009121597814238,,,2.559876290559769,0.6107654057820446,0.41575821281893777,6.742917060852051,0.4755931039594883,6.742917060852051,0.40740622782913216,4.892685890197754,0.39826401441601006,4.892685890197754,0.3061207454311089,2.392001152038574,0.2950614228242618,2.392001152038574,0.11746256704801544,paper_main_20260902_002859/task2_seed1002/results.parquet,2,1002,20260902_002859
paper_main,encoder_pred,10,medium,10,0.5,1000,10,0.0,0.0,50,x_learner,true_y,frozen,1002,42,046578539f5ee11f7116ae6569884826,46,2.0,10000,histgbr,,,,,,,67.22753555047444,8.199239937364588,1.000092036867719,,,2.559876290559769,0.6107654057820446,0.3646235401304638,2.247138023376465,0.15849569821461748,2.247138023376465,0.04907770615112452,2.715696334838867,0.2210573391630619,2.715696334838867,0.1017785776449934,2.9659383296966553,0.36585851257783875,2.9659383296966553,0.20609593720902566,paper_main_20260902_002859/task2_seed1002/results.parquet,2,1002,20260902_002859
paper_main,encoder_pred,10,medium,10,0.5,1000,10,0.0,0.0,50,dml_learner,h_y,frozen,1002,42,046578539f5ee11f7116ae6569884826,46,2.0,10000,histgbr,,,,,,,141.49705166159507,11.895253324818059,1.450908647332321,-0.0346218487394958,0.012025738396995667,3.3581420743465427,0.8012250491462313,0.3046671822565827,2.635798931121826,0.18590882606925127,2.635798931121826,0.08005527140633957,0.5735655426979065,0.046688162839804315,0.5735655426979065,-0.0992915876527502,2.1865127086639404,0.26971372914761405,2.1865127086639404,0.08572889657949588,paper_main_20260902_002859/task2_seed1002/results.parquet,2,1002,20260902_002859
paper_main,encoder_pred,10,medium,10,0.5,1000,10,0.0,0.0,50,dml_learner,true_y,frozen,1002,42,046578539f5ee11f7116ae6569884826,46,2.0,10000,histgbr,,,,,,,90.61759439146091,9.519327412767192,1.1611080556943736,0.42521008403361343,0.5435474127329081,1.5979904305934909,0.38126735943315293,0.6411221132874279,9.343304634094238,0.6590042873234517,9.343304634094238,0.6146657544078548,6.746665000915527,0.5491776802119643,6.746665000915527,0.480143679800121,4.756091594696045,0.5866799653576824,4.756091594696045,0.48255009135367466,paper_main_20260902_002859/task2_seed1002/results.parquet,2,1002,20260902_002859
paper_main,mi_mine_cond,10,medium,10,0.5,1000,10,0.0,0.0,50,x_learner,h_y,frozen,1002,42,170fb0fe08485992dcf5ba3960c91803,16,2.0,10000,histgbr,,,,,,,67.36609772655018,8.207685284326525,1.0011221475011118,,,2.559876290559769,0.6107654057820446,-0.1396362522637272,-6.4077253341674805,-0.45195127768803905,-6.4077253341674805,-0.6407436499214094,-4.81737756729126,-0.39213392642900763,-4.81737756729126,-0.6053100932515086,-1.9831478595733643,-0.24462798799988614,-1.9831478595733643,-0.558193614414407,paper_main_20260902_002859/task2_seed1002/results.parquet,2,1002,20260902_002859
paper_main,mi_mine_cond,10,medium,10,0.5,1000,10,0.0,0.0,50,x_learner,true_y,frozen,1002,42,170fb0fe08485992dcf5ba3960c91803,16,2.0,10000,histgbr,,,,,,,67.22753555047444,8.199239937364588,1.000092036867719,,,2.559876290559769,0.6107654057820446,-0.17051846105249882,-6.359081268310547,-0.4485203023310345,-6.359081268310547,-0.6368665563050135,-5.36099910736084,-0.4363846512312847,-5.36099910736084,-0.6563368901783004,-2.949554681777954,-0.3638375342594028,-2.949554681777954,-0.7074362439790209,paper_main_20260902_002859/task2_seed1002/results.parquet,2,1002,20260902_002859
paper_main,mi_mine_cond,10,medium,10,0.5,1000,10,0.0,0.0,50,dml_learner,h_y,frozen,1002,42,170fb0fe08485992dcf5ba3960c91803,16,2.0,10000,histgbr,,,,,,,198.09854615830096,14.074748529131913,1.7167498490628157,-0.11058823529411764,-0.012919138203463756,3.6027852070331576,0.8595948862974075,0.23914073934965346,3.3527958393096924,0.23648023040613542,3.3527958393096924,0.13720230644009937,3.8270668983459473,0.31152276287090247,3.8270668983459473,0.20609688712042634,1.3126109838485718,0.16191499915417595,1.3126109838485718,-0.04922813020863498,paper_main_20260902_002859/task2_seed1002/results.parquet,2,1002,20260902_002859
paper_main,mi_mine_cond,10,medium,10,0.5,1000,10,0.0,0.0,50,dml_learner,true_y,frozen,1002,42,170fb0fe08485992dcf5ba3960c91803,16,2.0,10000,histgbr,,,,,,,177.19217999446144,13.31135530269031,1.6236359150158515,-0.027611044417767107,0.07800680518238293,3.142672921419144,0.7498158833570365,0.29493519341202595,7.290144443511963,0.5141902818785012,7.290144443511963,0.4510220678016314,5.092867851257324,0.41455880080010626,5.092867851257324,0.32491073722224767,1.3126107454299927,0.1619149697444388,1.3126107454299927,-0.04922816702772076,paper_main_20260902_002859/task2_seed1002/results.parquet,2,1002,20260902_002859
paper_main,mi_infonce_cond,10,medium,10,0.5,1000,10,0.0,0.0,50,x_learner,h_y,frozen,1002,42,0a7d44039a1dfc1e2ce0c5895278fca7,34,2.0,10000,histgbr,,,,,,,67.24171322516722,8.200104464283807,1.0001974864574583,,,2.559876290559769,0.6107654057820446,0.25362301936762377,2.0121963024139404,0.14192473029171798,2.0121963024139404,0.030352070649193888,1.123781442642212,0.09147566770422959,1.123781442642212,-0.047645814034661886,2.4043281078338623,0.29658199446485217,2.4043281078338623,0.11936622423994085,paper_main_20260902_002859/task2_seed1002/results.parquet,2,1002,20260902_002859
paper_main,mi_infonce_cond,10,medium,10,0.5,1000,10,0.0,0.0,50,x_learner,true_y,frozen,1002,42,0a7d44039a1dfc1e2ce0c5895278fca7,34,2.0,10000,histgbr,,,,,,,67.22753555047444,8.199239937364588,1.000092036867719,,,2.559876290559769,0.6107654057820446,0.32979764798278555,8.847441673278809,0.6240299575868566,8.847441673278809,0.5751438294594163,3.4305412769317627,0.2792456272960223,3.4305412769317627,0.16887718394681447,3.335202932357788,0.4114085487753433,3.335202932357788,0.26312163181304504,paper_main_20260902_002859/task2_seed1002/results.parquet,2,1002,20260902_002859
paper_main,mi_infonce_cond,10,medium,10,0.5,1000,10,0.0,0.0,50,dml_learner,h_y,frozen,1002,42,0a7d44039a1dfc1e2ce0c5895278fca7,34,2.0,10000,histgbr,,,,,,,173.95435948001222,13.189175845366996,1.6087332285142608,0.31851140456182475,0.37303201107286293,2.1790218830108645,0.5198966799657586,0.5483591452417579,8.847440719604492,0.6240298903220625,8.847440719604492,0.5751437534484057,4.53812313079834,0.36940265051694293,4.53812313079834,0.2728398678570504,4.050671577453613,0.4996640231626384,4.050671577453613,0.37361176858748035,paper_main_20260902_002859/task2_seed1002/results.parquet,2,1002,20260902_002859
paper_main,mi_infonce_cond,10,medium,10,0.5,1000,10,0.0,0.0,50,dml_learner,true_y,frozen,1002,42,0a7d44039a1dfc1e2ce0c5895278fca7,34,2.0,10000,histgbr,,,,,,,122.40649962820011,11.063747088043911,1.3494867140365188,0.4906122448979591,0.5574161743855944,1.627429796457291,0.3882913497345898,0.6686310026953554,9.981477737426758,0.704016071442745,9.981477737426758,0.6655302703873169,7.804800510406494,0.6353097772366866,7.804800510406494,0.5794651043281339,5.099914073944092,0.6290916296829419,5.099914073944092,0.5356467476762646,paper_main_20260902_002859/task2_seed1002/results.parquet,2,1002,20260902_002859
paper_main,autoencoder,10,medium,10,0.5,1000,10,0.0,0.0,50,x_learner,h_y,frozen,1002,42,b9f116f6359230079c37508f5f8441c8,54,2.0,10000,histgbr,,,,,,,67.95982343533116,8.243774829247288,1.0055241246069355,,,2.559876290559769,0.6107654057820446,0.3117482603751339,0.5132304430007935,0.03619929731160106,0.5132304430007935,-0.08912048704815136,1.6633192300796509,0.13539397555727703,1.6633192300796509,0.0029976632461996616,2.708160161972046,0.33406070475611915,2.708160161972046,0.1662871416669922,paper_main_20260902_002859/task2_seed1002/results.parquet,2,1002,20260902_002859
paper_main,autoencoder,10,medium,10,0.5,1000,10,0.0,0.0,50,x_learner,true_y,frozen,1002,42,b9f116f6359230079c37508f5f8441c8,54,2.0,10000,histgbr,,,,,,,67.22753555047444,8.199239937364588,1.000092036867719,,,2.559876290559769,0.6107654057820446,0.2888957637485024,0.8399984240531921,0.059246977860062056,0.8399984240531921,-0.06307599362305627,-0.35858580470085144,-0.029188839279233655,-0.35858580470085144,-0.18678756417837458,2.405163526535034,0.29668504618387487,2.405163526535034,0.11949523831650327,paper_main_20260902_002859/task2_seed1002/results.parquet,2,1002,20260902_002859
paper_main,autoencoder,10,medium,10,0.5,1000,10,0.0,0.0,50,dml_learner,h_y,frozen,1002,42,b9f116f6359230079c37508f5f8441c8,54,2.0,10000,histgbr,,,,,,,464.9403076298488,21.56247452473507,2.6300558627488924,0.10280912364945978,0.05560054011386129,2.9924089103937153,0.7139641275488233,0.30431118359316145,7.507091522216797,0.5294920472161186,7.507091522216797,0.4683134705477762,3.030803680419922,0.24670703735327446,3.030803680419922,0.13135599014238428,2.144289255142212,0.2645053235153435,2.144289255142212,0.0792083101265704,paper_main_20260902_002859/task2_seed1002/results.parquet,2,1002,20260902_002859
paper_main,autoencoder,10,medium,10,0.5,1000,10,0.0,0.0,50,dml_learner,true_y,frozen,1002,42,b9f116f6359230079c37508f5f8441c8,54,2.0,10000,histgbr,,,,,,,476.208924518566,21.822211723804852,2.661736982761525,0.085906362545018,0.0562753956692835,3.2707638412714006,0.7803773221769771,0.29325845394922295,7.507091522216797,0.5294920472161186,7.507091522216797,0.4683134705477762,3.030803680419922,0.24670703735327446,3.030803680419922,0.13135599014238428,2.144289016723633,0.26450529410560636,2.144289016723633,0.07920827330748462,paper_main_20260902_002859/task2_seed1002/results.parquet,2,1002,20260902_002859
paper_main,pca,10,medium,10,0.5,1000,10,0.0,0.0,50,x_learner,h_y,frozen,1002,42,b4bf743fbcae0dbf7e5acfca52574495,0,2.0,10000,histgbr,,,,,,,67.82217822941188,8.235422164613777,1.004505318784638,,,2.559876290559769,0.6107654057820446,0.2511816857275819,0.504673957824707,0.035595789170072174,0.504673957824707,-0.08980246733640601,4.05889892578125,0.3303938606664028,4.05889892578125,0.2278576984811268,0.6064486503601074,0.07480748974247187,0.6064486503601074,-0.15828108919839584,paper_main_20260902_002859/task2_seed1002/results.parquet,2,1002,20260902_002859
paper_main,pca,10,medium,10,0.5,1000,10,0.0,0.0,50,x_learner,true_y,frozen,1002,42,b4bf743fbcae0dbf7e5acfca52574495,0,2.0,10000,histgbr,,,,,,,67.22753555047444,8.199239937364588,1.000092036867719,,,2.559876290559769,0.6107654057820446,0.29565281383818715,2.282001495361328,0.16095469729564585,2.282001495361328,0.05185644066471249,2.5567002296447754,0.2081150762522193,2.5567002296447754,0.0868544781127134,2.9793012142181396,0.36750686952640677,2.9793012142181396,0.2081595733286519,paper_main_20260902_002859/task2_seed1002/results.parquet,2,1002,20260902_002859
paper_main,pca,10,medium,10,0.5,1000,10,0.0,0.0,50,dml_learner,h_y,frozen,1002,42,b4bf743fbcae0dbf7e5acfca52574495,0,2.0,10000,histgbr,,,,,,,321.8209042118293,17.939367441797643,2.1881319075963614,-0.09070828331332531,-0.08338883559751269,4.258627340197563,1.0160734192907064,0.17277906975373675,2.0794100761413574,0.1466654689048982,2.0794100761413574,0.03570923166075222,-0.26409682631492615,-0.021497448355193523,-0.26409682631492615,-0.17791839775185384,0.36324363946914673,0.04480733004759907,0.36324363946914673,-0.19583934573662784,paper_main_20260902_002859/task2_seed1002/results.parquet,2,1002,20260902_002859
paper_main,pca,10,medium,10,0.5,1000,10,0.0,0.0,50,dml_learner,true_y,frozen,1002,42,b4bf743fbcae0dbf7e5acfca52574495,0,2.0,10000,histgbr,,,,,,,316.2996207557696,17.78481433008986,2.1692804850897818,-0.09320528211284512,-0.08079928137938959,4.27172542154789,1.019198513655774,0.17737982086229762,2.0794100761413574,0.1466654689048982,2.0794100761413574,0.03570923166075222,1.9212980270385742,0.15639341709447344,1.9212980270385742,0.02721272963624032,0.5492488145828247,0.06775169676537594,0.5492488145828247,-0.16711448493394307,paper_main_20260902_002859/task2_seed1002/results.parquet,2,1002,20260902_002859
paper_main,pls,10,medium,10,0.5,1000,10,0.0,0.0,50,x_learner,h_y,frozen,1002,42,2d76c26dca5bda0cb184a0dbfcc4efc8,0,2.0,10000,histgbr,,,,,,,67.53396814065023,8.21790533777618,1.002368725738783,,,2.559876290559769,0.6107654057820446,0.1772492863820419,-1.1014279127120972,-0.07768618760500876,-1.1014279127120972,-0.21781412096449232,-2.620804786682129,-0.21333317911044808,-2.620804786682129,-0.3991297546344729,0.9545740485191345,0.11774993365163296,0.9545740485191345,-0.10451993122047501,paper_main_20260902_002859/task2_seed1002/results.parquet,2,1002,20260902_002859
paper_main,pls,10,medium,10,0.5,1000,10,0.0,0.0,50,x_learner,true_y,frozen,1002,42,2d76c26dca5bda0cb184a0dbfcc4efc8,0,2.0,10000,histgbr,,,,,,,67.22753555047444,8.199239937364588,1.000092036867719,,,2.559876290559769,0.6107654057820446,0.4033930174169731,1.30886971950531,0.09231752473898233,1.30886971950531,-0.025705394054855817,4.125811576843262,0.3358405420240931,4.125811576843262,0.2341384250637003,3.484934091567993,0.42987839308960585,3.484934091567993,0.2862446804245108,paper_main_20260902_002859/task2_seed1002/results.parquet,2,1002,20260902_002859
paper_main,pls,10,medium,10,0.5,1000,10,0.0,0.0,50,dml_learner,h_y,frozen,1002,42,2d76c26dca5bda0cb184a0dbfcc4efc8,0,2.0,10000,histgbr,,,,,,,462.393697076889,21.503341532815057,2.6228431900149394,0.2985354141656662,0.32630913476469803,2.417476398348809,0.5767899639724999,0.50795803606209,6.7039289474487305,0.4728431846436089,6.7039289474487305,0.4042987456948076,5.042313098907471,0.4104436503345925,5.042313098907471,0.32016543761268834,3.4310355186462402,0.42322982203815124,3.4310355186462402,0.2779211001601741,paper_main_20260902_002859/task2_seed1002/results.parquet,2,1002,20260902_002859
paper_main,pls,10,medium,10,0.5,1000,10,0.0,0.0,50,dml_learner,true_y,frozen,1002,42,2d76c26dca5bda0cb184a0dbfcc4efc8,0,2.0,10000,histgbr,,,,,,,458.42176800918327,21.410786253876417,2.611553875621933,0.3243697478991596,0.3688695345571864,2.0979100149869923,0.5005440561026316,0.5243168351763021,6.7039289474487305,0.4728431846436089,6.7039289474487305,0.4042987456948076,6.122480869293213,0.49836917061752833,6.122480869293213,0.42155491062599837,3.2715988159179688,0.40356276614341646,3.2715988159179688,0.2532992202049004,paper_main_20260902_002859/task2_seed1002/results.parquet,2,1002,20260902_002859
paper_main,ica,10,medium,10,0.5,1000,10,0.0,0.0,50,x_learner,h_y,frozen,1002,42,2c668c4e1d12971d94a618fc9ef854ed,0,2.0,10000,histgbr,,,,,,,67.94980681953427,8.243167280817142,1.0054500196470073,,,2.559876290559769,0.6107654057820446,0.27801668719793643,3.5747787952423096,0.25213718748944786,3.5747787952423096,0.1548950853275851,3.9682421684265137,0.32301441205099696,3.9682421684265137,0.21934824179736576,2.1477997303009033,0.2649383524853463,2.1477997303009033,0.07975043434555014,paper_main_20260902_002859/task2_seed1002/results.parquet,2,1002,20260902_002859
paper_main,ica,10,medium,10,0.5,1000,10,0.0,0.0,50,x_learner,true_y,frozen,1002,42,2c668c4e1d12971d94a618fc9ef854ed,0,2.0,10000,histgbr,,,,,,,67.22753555047444,8.199239937364588,1.000092036867719,,,2.559876290559769,0.6107654057820446,0.23912301062603708,3.104759693145752,0.21898568322667603,3.104759693145752,0.11743300175746958,1.747627854347229,0.14225668693998947,1.747627854347229,0.010911255207857896,3.050942897796631,0.3763441132176064,3.050942897796631,0.21922322995650892,paper_main_20260902_002859/task2_seed1002/results.parquet,2,1002,20260902_002859
paper_main,ica,10,medium,10,0.5,1000,10,0.0,0.0,50,dml_learner,h_y,frozen,1002,42,2c668c4e1d12971d94a618fc9ef854ed,0,2.0,10000,histgbr,,,,,,,298.5958704203451,17.279926805989227,2.1076974607821413,-0.08955582232893158,-0.08118114108942451,4.27172542154789,1.019198513655774,0.17279806306082435,2.0794100761413574,0.1466654689048982,2.0794100761413574,0.03570923166075222,-0.26409682631492615,-0.021497448355193523,-0.26409682631492615,-0.17791839775185384,0.3632436990737915,0.04480733740003336,0.3632436990737915,-0.1958393365318564,paper_main_20260902_002859/task2_seed1002/results.parquet,2,1002,20260902_002859
paper_main,ica,10,medium,10,0.5,1000,10,0.0,0.0,50,dml_learner,true_y,frozen,1002,42,2c668c4e1d12971d94a618fc9ef854ed,0,2.0,10000,histgbr,,,,,,,295.47011558412464,17.18924418303855,2.0966365612612035,-0.09301320528211285,-0.07974080738350842,4.246956472992897,1.0132888464696004,0.17702831576732764,2.0794100761413574,0.1466654689048982,2.0794100761413574,0.03570923166075222,1.5899951457977295,0.12942540434407054,1.5899951457977295,-0.0038848696976157733,0.5492488145828247,0.06775169676537594,0.5492488145828247,-0.16711448493394307,paper_main_20260902_002859/task2_seed1002/results.parquet,2,1002,20260902_002859
paper_main,raw_x,10,medium,10,0.5,1000,10,0.0,0.0,50,x_learner,h_y,frozen,1002,42,dd34b7e5891261e9fb24703963931ff3,0,2.0,10000,histgbr,,,,,,,69.29844483258938,8.324568747544186,1.0153788617451733,,,2.559876290559769,0.6107654057820446,0.22918159202562993,3.4658150672912598,0.2444517307164279,3.4658150672912598,0.14621031429507722,-0.43133410811424255,-0.03511054200235697,-0.43133410811424255,-0.1936160517040319,1.7184333801269531,0.2119745626948542,1.7184333801269531,0.013443200503449451,paper_main_20260902_002859/task2_seed1002/results.parquet,2,1002,20260902_002859
paper_main,raw_x,10,medium,10,0.5,1000,10,0.0,0.0,50,x_learner,true_y,frozen,1002,42,dd34b7e5891261e9fb24703963931ff3,0,2.0,10000,histgbr,,,,,,,67.22753555047444,8.199239937364588,1.000092036867719,,,2.559876290559769,0.6107654057820446,0.2637723453127121,-0.03961753845214844,-0.0027943140800416075,-0.03961753845214844,-0.13318430741285028,2.375293254852295,0.19334857138243763,2.375293254852295,0.06982679215557722,2.1163787841796875,0.2610624726342396,2.1163787841796875,0.07489808385009226,paper_main_20260902_002859/task2_seed1002/results.parquet,2,1002,20260902_002859
paper_main,raw_x,10,medium,10,0.5,1000,10,0.0,0.0,50,dml_learner,h_y,frozen,1002,42,dd34b7e5891261e9fb24703963931ff3,0,2.0,10000,histgbr,,,,,,,1424.452899909727,37.74192496296031,4.603524094898944,-0.07255702280912364,-0.07711958766737077,3.456200698614121,0.824621029515314,0.19756769278489075,-0.35331791639328003,-0.024920307194279154,-0.35331791639328003,-0.15818726946691863,-1.471006155014038,-0.11973971550069637,-1.471006155014038,-0.29120441143096176,1.0507926940917969,0.12961882863134377,1.0507926940917969,-0.08966084356870167,paper_main_20260902_002859/task2_seed1002/results.parquet,2,1002,20260902_002859
paper_main,raw_x,10,medium,10,0.5,1000,10,0.0,0.0,50,dml_learner,true_y,frozen,1002,42,dd34b7e5891261e9fb24703963931ff3,0,2.0,10000,histgbr,,,,,,,2074.9070886329127,45.55114804955977,5.556044314174531,0.22698679471788716,0.2108490832254036,2.8404451000690463,0.6777068136233771,0.4374166725435012,4.725399971008301,0.33329308656481255,4.725399971008301,0.24660341473764183,5.275396823883057,0.42941663615201275,5.275396823883057,0.342043739012863,1.52134370803833,0.18766288582928284,1.52134370803833,-0.016993444030405643,paper_main_20260902_002859/task2_seed1002/results.parquet,2,1002,20260902_002859
paper_main,encoder_pred,10,medium,10,0.5,1000,10,0.0,0.0,100,x_learner,h_y,frozen,1002,42,046578539f5ee11f7116ae6569884826,46,2.0,10000,histgbr,,,,,,,117.99856428629859,10.862714406919597,1.2411896869800647,0.11734773477347733,0.113752855128994,2.7472265141457317,0.8262166299845674,0.005064453642519913,0.6848214268684387,0.04610577269112163,0.6848214268684387,0.07889545604372389,0.7790588736534119,0.06505152166275302,0.7790588736534119,0.10458472562654482,1.210770606994629,0.18236036217977214,1.210770606994629,0.24267223174843938,paper_main_20260902_002859/task2_seed1002/results.parquet,2,1002,20260902_002859
paper_main,encoder_pred,10,medium,10,0.5,1000,10,0.0,0.0,100,x_learner,true_y,frozen,1002,42,046578539f5ee11f7116ae6569884826,46,2.0,10000,histgbr,,,,,,,97.1634787469814,9.857153683847148,1.126292843303985,0.3210921092109211,0.31488353515154766,2.148064173981547,0.646021117544977,0.2399679244065674,0.11909876018762589,0.008018353616818111,0.11909876018762589,0.04211727480251597,3.1118364334106445,0.25983876444364035,3.1118364334106445,0.2911356174460439,2.5525929927825928,0.384459103955971,2.5525929927825928,0.4298634856899085,paper_main_20260902_002859/task2_seed1002/results.parquet,2,1002,20260902_002859
paper_main,encoder_pred,10,medium,10,0.5,1000,10,0.0,0.0,100,dml_learner,h_y,frozen,1002,42,046578539f5ee11f7116ae6569884826,46,2.0,10000,histgbr,,,,,,,94.02148994321135,9.69646791069879,1.1079326510900467,0.2637623762376238,0.2075132490716599,2.5229407508671287,0.7587636454798707,0.14585956152257776,4.935301303863525,0.3322703863380166,4.935301303863525,0.3552232903081988,1.8604393005371094,0.15534693404309807,1.8604393005371094,0.19106210200026913,1.0795036554336548,0.16258957431078647,1.0795036554336548,0.2243598041693278,paper_main_20260902_002859/task2_seed1002/results.parquet,2,1002,20260902_002859
paper_main,encoder_pred,10,medium,10,0.5,1000,10,0.0,0.0,100,dml_learner,true_y,frozen,1002,42,046578539f5ee11f7116ae6569884826,46,2.0,10000,histgbr,,,,,,,37.350941000730955,6.111541622269373,0.6983137132168467,0.8204740474047404,0.7947354921256973,0.7841644413769244,0.2358341035120793,0.80479037714275,10.922203063964844,0.7353400346367631,10.922203063964844,0.74443760144441,10.02696704864502,0.8372531091492633,10.02696704864502,0.844134671266908,5.323322772979736,0.8017729066697769,5.323322772979736,0.8163948085993126,paper_main_20260902_002859/task2_seed1002/results.parquet,2,1002,20260902_002859
paper_main,mi_mine_cond,10,medium,10,0.5,1000,10,0.0,0.0,100,x_learner,h_y,frozen,1002,42,170fb0fe08485992dcf5ba3960c91803,16,2.0,10000,histgbr,,,,,,,120.79312360314795,10.990592504644503,1.255801226061464,0.098013801380138,0.09495781655102756,2.881906720325351,0.8667211262473931,-0.03210558912373171,2.4582343101501465,0.1655012356193002,2.4582343101501465,0.19418675384428957,3.027754545211792,0.25281791536972786,3.027754545211792,0.2844116367716946,0.8863226175308228,0.1334935887998159,0.8863226175308228,0.19741003711687982,paper_main_20260902_002859/task2_seed1002/results.parquet,2,1002,20260902_002859
paper_main,mi_mine_cond,10,medium,10,0.5,1000,10,0.0,0.0,100,x_learner,true_y,frozen,1002,42,170fb0fe08485992dcf5ba3960c91803,16,2.0,10000,histgbr,,,,,,,113.97547936330277,10.67592990625654,1.2198474158656711,0.1481188118811881,0.1487385531806915,2.7190581142157315,0.8177451041229806,0.025506412137427163,2.4582343101501465,0.1655012356193002,2.4582343101501465,0.19418675384428957,3.027754545211792,0.25281791536972786,3.027754545211792,0.2844116367716946,0.8863226175308228,0.1334935887998159,0.8863226175308228,0.19741003711687982,paper_main_20260902_002859/task2_seed1002/results.parquet,2,1002,20260902_002859
paper_main,mi_mine_cond,10,medium,10,0.5,1000,10,0.0,0.0,100,dml_learner,h_y,frozen,1002,42,170fb0fe08485992dcf5ba3960c91803,16,2.0,10000,histgbr,,,,,,,117.99884166030527,10.862727174163275,1.2411911457840608,0.31810381038103813,0.24811938862513283,2.309239350706339,0.6944938629356618,0.23721922051338043,5.21816349029541,0.351314153309764,5.21816349029541,0.3736124363891102,3.0204787254333496,0.2522103834309515,3.0204787254333496,0.28382979361107724,1.6629247665405273,0.25046161589334726,1.6629247665405273,0.3057501062843786,paper_main_20260902_002859/task2_seed1002/results.parquet,2,1002,20260902_002859
paper_main,mi_mine_cond,10,medium,10,0.5,1000,10,0.0,0.0,100,dml_learner,true_y,frozen,1002,42,170fb0fe08485992dcf5ba3960c91803,16,2.0,10000,histgbr,,,,,,,97.56977063883832,9.87774117087699,1.128645199780005,0.4221182118211821,0.35540141031779615,1.9098617079854012,0.5743827441906242,0.35803084407482805,5.339367389678955,0.35947423594591793,5.339367389678955,0.38149201986916226,3.9051833152770996,0.32608333673096257,3.9051833152770996,0.35457911539781944,2.5998406410217285,0.3915753142399472,2.5998406410217285,0.4364547801960555,paper_main_20260902_002859/task2_seed1002/results.parquet,2,1002,20260902_002859
paper_main,mi_infonce_cond,10,medium,10,0.5,1000,10,0.0,0.0,100,x_learner,h_y,frozen,1002,42,0a7d44039a1dfc1e2ce0c5895278fca7,34,2.0,10000,histgbr,,,,,,,98.04355800740677,9.901694703807362,1.1313821655996144,0.27019501950195013,0.2783061597290482,2.0759994893521068,0.6243479717126788,0.1715489699938486,3.7104156017303467,0.24980465214888095,3.7104156017303467,0.275592278496124,2.8364641666412354,0.23684514280235608,2.8364641666412354,0.2691142542289113,2.329685688018799,0.3508858931475733,2.329685688018799,0.39876674864527745,paper_main_20260902_002859/task2_seed1002/results.parquet,2,1002,20260902_002859
paper_main,mi_infonce_cond,10,medium,10,0.5,1000,10,0.0,0.0,100,x_learner,true_y,frozen,1002,42,0a7d44039a1dfc1e2ce0c5895278fca7,34,2.0,10000,histgbr,,,,,,,88.13697091750254,9.388129255474839,1.072701423919287,0.3609480948094809,0.34872497728261065,1.9771394311636687,0.5946162318303093,0.27637425372012914,2.95888090133667,0.19920739174438473,2.95888090133667,0.22673427607188953,4.504810333251953,0.376152274096942,4.504810333251953,0.40253094625044344,2.361848831176758,0.3557301488647517,2.361848831176758,0.4032536756500776,paper_main_20260902_002859/task2_seed1002/results.parquet,2,1002,20260902_002859
paper_main,mi_infonce_cond,10,medium,10,0.5,1000,10,0.0,0.0,100,dml_learner,h_y,frozen,1002,42,0a7d44039a1dfc1e2ce0c5895278fca7,34,2.0,10000,histgbr,,,,,,,30.538776586547414,5.526190060660908,0.6314305849019479,0.7878667866786677,0.7879164773023764,0.9782479905337094,0.29420390123137163,0.7734878432170526,11.805887222290039,0.794834290125813,11.805887222290039,0.8018867687644201,9.497407913208008,0.793034849482902,9.497407913208008,0.8017861290436117,4.885350227355957,0.7358076184613034,4.885350227355957,0.7552953435168991,paper_main_20260902_002859/task2_seed1002/results.parquet,2,1002,20260902_002859
paper_main,mi_infonce_cond,10,medium,10,0.5,1000,10,0.0,0.0,100,dml_learner,true_y,frozen,1002,42,0a7d44039a1dfc1e2ce0c5895278fca7,34,2.0,10000,histgbr,,,,,,,26.492971878019265,5.147132393675071,0.5881188996813694,0.8502850285028503,0.8528603590677692,0.6440642669051888,0.19369957495527354,0.8389583665924695,11.457277297973633,0.771364040367566,11.457277297973633,0.7792232982441086,9.337991714477539,0.7797235752572749,9.337991714477539,0.7890377064950261,5.753137588500977,0.8665095173670276,5.753137588500977,0.8763562275860697,paper_main_20260902_002859/task2_seed1002/results.parquet,2,1002,20260902_002859
paper_main,autoencoder,10,medium,10,0.5,1000,10,0.0,0.0,100,x_learner,h_y,frozen,1002,42,b9f116f6359230079c37508f5f8441c8,54,2.0,10000,histgbr,,,,,,,80.4813746353631,8.971141211426955,1.0250557581604105,0.12817281728172816,0.10589086488034852,3.2763938418775798,0.9853614416574771,0.015922244913109902,-2.980395793914795,-0.20065588723205802,-2.980395793914795,-0.1593838832397025,-0.8368412256240845,-0.0698763558929543,-0.8368412256240845,-0.024637884283508108,1.084871530532837,0.16339805747148395,1.084871530532837,0.2251086508732282,paper_main_20260902_002859/task2_seed1002/results.parquet,2,1002,20260902_002859
paper_main,autoencoder,10,medium,10,0.5,1000,10,0.0,0.0,100,x_learner,true_y,frozen,1002,42,b9f116f6359230079c37508f5f8441c8,54,2.0,10000,histgbr,,,,,,,80.17126333295481,8.953840702902571,1.0230789766714028,0.11929192919291928,0.10337616948445248,3.10368397153914,0.933419686472259,0.009599687436497452,-2.980396032333374,-0.2006559032836481,-2.980396032333374,-0.1593838987395264,-0.8544654846191406,-0.07134798391052684,-0.8544654846191406,-0.026047286229884732,0.84376060962677,0.1270831068045953,0.84376060962677,0.19147241399014409,paper_main_20260902_002859/task2_seed1002/results.parquet,2,1002,20260902_002859
paper_main,autoencoder,10,medium,10,0.5,1000,10,0.0,0.0,100,dml_learner,h_y,frozen,1002,42,b9f116f6359230079c37508f5f8441c8,54,2.0,10000,histgbr,,,,,,,238.19087221308885,15.433433584691672,1.7634467668420641,-0.001152115211521152,0.05033098629169054,3.5497282020002605,1.0675655819847167,-0.09246731747041419,0.9842263460159302,0.06626328325258635,0.9842263460159302,0.09836006128134378,0.9157484769821167,0.07646512208849719,0.9157484769821167,0.11551571529453405,-0.6219064593315125,-0.0936685169845203,-0.6219064593315125,-0.012995822197393524,paper_main_20260902_002859/task2_seed1002/results.parquet,2,1002,20260902_002859
paper_main,autoencoder,10,medium,10,0.5,1000,10,0.0,0.0,100,dml_learner,true_y,frozen,1002,42,b9f116f6359230079c37508f5f8441c8,54,2.0,10000,histgbr,,,,,,,248.78143710193828,15.772806887232795,1.802224058352378,-0.00044404440444044396,0.05315650840005295,3.573980090394616,1.0748592337446907,-0.09369399368262527,-1.113332748413086,-0.07495540386731601,-1.113332748413086,-0.038004297233179135,-0.08560176193714142,-0.007147758737295521,-0.08560176193714142,0.03543830743679718,-0.7681026458740234,-0.11568787339536857,-0.7681026458740234,-0.03339095628533985,paper_main_20260902_002859/task2_seed1002/results.parquet,2,1002,20260902_002859
paper_main,pca,10,medium,10,0.5,1000,10,0.0,0.0,100,x_learner,h_y,frozen,1002,42,b4bf743fbcae0dbf7e5acfca52574495,0,2.0,10000,histgbr,,,,,,,75.08281560074633,8.665034079606746,0.9900795081280733,0.21503750375037503,0.24113308941969355,2.6721987614780662,0.8036523541066206,0.1426319260686281,5.514391899108887,0.3712578045238646,5.514391899108887,0.3928705335978678,3.2643463611602783,0.27257336410523647,3.2643463611602783,0.30333174944072167,0.6071761250495911,0.09144990589571295,0.6071761250495911,0.15846763869338099,paper_main_20260902_002859/task2_seed1002/results.parquet,2,1002,20260902_002859
paper_main,pca,10,medium,10,0.5,1000,10,0.0,0.0,100,x_learner,true_y,frozen,1002,42,b4bf743fbcae0dbf7e5acfca52574495,0,2.0,10000,histgbr,,,,,,,73.92718323051027,8.598091836594342,0.9824305892172179,0.221014101410141,0.25476390769500495,2.588334969058633,0.7784306770466002,0.15257240979226172,5.514391899108887,0.3712578045238646,5.514391899108887,0.3928705335978678,3.26434588432312,0.27257332428926906,3.26434588432312,0.3033317113083259,1.012600302696228,0.15251291770403064,1.012600302696228,0.21502643589014755,paper_main_20260902_002859/task2_seed1002/results.parquet,2,1002,20260902_002859
paper_main,pca,10,medium,10,0.5,1000,10,0.0,0.0,100,dml_learner,h_y,frozen,1002,42,b4bf743fbcae0dbf7e5acfca52574495,0,2.0,10000,histgbr,,,,,,,222.725203281843,14.923980812164126,1.705235945533737,-0.1293249324932493,-0.13847626230159962,3.962013375982642,1.1915585855781055,-0.2781440361164578,-5.927425384521484,-0.39906538653737733,-5.927425384521484,-0.35097314559409293,-2.428053855895996,-0.20274282643678307,-2.428053855895996,-0.15188625136852402,-0.957245945930481,-0.1441757145296933,-0.957245945930481,-0.05977743775054825,paper_main_20260902_002859/task2_seed1002/results.parquet,2,1002,20260902_002859
paper_main,pca,10,medium,10,0.5,1000,10,0.0,0.0,100,dml_learner,true_y,frozen,1002,42,b4bf743fbcae0dbf7e5acfca52574495,0,2.0,10000,histgbr,,,,,,,230.25464253124065,15.17414388132789,1.7338199448803047,-0.12694869486948693,-0.1323543205587112,3.908522212728858,1.1754713468994127,-0.27270477150387545,-5.927425384521484,-0.39906538653737733,-5.927425384521484,-0.35097314559409293,-2.428053855895996,-0.20274282643678307,-2.428053855895996,-0.15188625136852402,-1.2405028343200684,-0.18683848521328125,-1.2405028343200684,-0.0992932579416599,paper_main_20260902_002859/task2_seed1002/results.parquet,2,1002,20260902_002859
paper_main,pls,10,medium,10,0.5,1000,10,0.0,0.0,100,x_learner,h_y,frozen,1002,42,2d76c26dca5bda0cb184a0dbfcc4efc8,0,2.0,10000,histgbr,,,,,,,90.03274143075018,9.488558448507876,1.084176610874854,0.31121512151215114,0.29561928436771967,3.0696738725155592,0.923191294581013,0.23039933986301508,1.3139936923980713,0.08846495177042939,1.3139936923980713,0.1197985574685886,1.523668646812439,0.12722653875972942,1.523668646812439,0.16413074477411724,1.7855273485183716,0.268927418684143,1.7855273485183716,0.32285380890551,paper_main_20260902_002859/task2_seed1002/results.parquet,2,1002,20260902_002859
paper_main,pls,10,medium,10,0.5,1000,10,0.0,0.0,100,x_learner,true_y,frozen,1002,42,2d76c26dca5bda0cb184a0dbfcc4efc8,0,2.0,10000,histgbr,,,,,,,86.87518003126169,9.320685598777683,1.0649952127450881,0.34747074707470743,0.3312184280860221,2.9937458091229203,0.9003562541012774,0.2689814887575159,1.3139936923980713,0.08846495177042939,1.3139936923980713,0.1197985574685886,1.9386987686157227,0.16188161024690997,1.9386987686157227,0.19732046705626027,2.5983166694641113,0.39134578107851,2.5983166694641113,0.4362421781781856,paper_main_20260902_002859/task2_seed1002/results.parquet,2,1002,20260902_002859
paper_main,pls,10,medium,10,0.5,1000,10,0.0,0.0,100,dml_learner,h_y,frozen,1002,42,2d76c26dca5bda0cb184a0dbfcc4efc8,0,2.0,10000,histgbr,,,,,,,54.234198506724326,7.36438717794796,0.8414656847071877,0.7675367536753674,0.7572304825081602,1.0433461686223744,0.31378190000271683,0.7412574310905164,11.696878433227539,0.7874952463216016,11.696878433227539,0.7948000012771855,7.099799156188965,0.5928341929335258,7.099799156188965,0.6100507233315084,5.2604451179504395,0.7923025810127813,5.2604451179504395,0.8076230462449967,paper_main_20260902_002859/task2_seed1002/results.parquet,2,1002,20260902_002859
paper_main,pls,10,medium,10,0.5,1000,10,0.0,0.0,100,dml_learner,true_y,frozen,1002,42,2d76c26dca5bda0cb184a0dbfcc4efc8,0,2.0,10000,histgbr,,,,,,,55.653206432441856,7.460107668957725,0.852402848460504,0.7992319231923191,0.7897266411151356,0.7008350535482171,0.2107731463481884,0.7758159827485378,11.870981216430664,0.799216759452348,11.870981216430664,0.8061185926866685,8.600655555725098,0.7181559059502256,8.600655555725098,0.7300733541457407,5.238091945648193,0.7889358552487469,5.238091945648193,0.8045046615786312,paper_main_20260902_002859/task2_seed1002/results.parquet,2,1002,20260902_002859
paper_main,ica,10,medium,10,0.5,1000,10,0.0,0.0,100,x_learner,h_y,frozen,1002,42,2c668c4e1d12971d94a618fc9ef854ed,0,2.0,10000,histgbr,,,,,,,93.19928632998659,9.653977746503593,1.1030776625833458,0.056417641764176414,0.040370305505096446,3.542478521242738,1.0653852714886212,-0.06822098500533387,0.5359140634536743,0.036080547456814965,0.5359140634536743,0.06921484340016414,0.8638420104980469,0.07213092509374272,0.8638420104980469,0.11136478475540032,-0.47072914242744446,-0.07089892701865294,-0.47072914242744446,0.008094205677019352,paper_main_20260902_002859/task2_seed1002/results.parquet,2,1002,20260902_002859
paper_main,ica,10,medium,10,0.5,1000,10,0.0,0.0,100,x_learner,true_y,frozen,1002,42,2c668c4e1d12971d94a618fc9ef854ed,0,2.0,10000,histgbr,,,,,,,92.42996312509231,9.614050297616105,1.0985154936879724,0.07027902790279027,0.04253811637147175,3.559081676378846,1.0703785994188197,-0.053840983899683004,-0.13281898200511932,-0.008942070959135798,-0.13281898200511932,0.02573985716323277,0.8638420104980469,0.07213092509374272,0.8638420104980469,0.11136478475540032,-0.2146557867527008,-0.032330407419925176,-0.2146557867527008,0.043817780613210476,paper_main_20260902_002859/task2_seed1002/results.parquet,2,1002,20260902_002859
paper_main,ica,10,medium,10,0.5,1000,10,0.0,0.0,100,dml_learner,h_y,frozen,1002,42,2c668c4e1d12971d94a618fc9ef854ed,0,2.0,10000,histgbr,,,,,,,170.51631397902912,13.058189536801383,1.4920478967378996,-0.09983798379837981,-0.09899175156421838,4.0189364244788885,1.20867794907247,-0.2500707230543095,-1.7631819248199463,-0.11870666110810804,-1.7631819248199463,-0.0802516247612911,-1.981377363204956,-0.16544527868628967,-1.981377363204956,-0.11616578684425483,-1.9315285682678223,-0.29091741014775013,-1.9315285682678223,-0.19569496878921222,paper_main_20260902_002859/task2_seed1002/results.parquet,2,1002,20260902_002859
paper_main,ica,10,medium,10,0.5,1000,10,0.0,0.0,100,dml_learner,true_y,frozen,1002,42,2c668c4e1d12971d94a618fc9ef854ed,0,2.0,10000,histgbr,,,,,,,183.78657486690736,13.556790728889613,1.5490188005427223,-0.0922052205220522,-0.09198367568398222,4.077989036664366,1.2264377697426787,-0.23938466600107036,-3.4309678077697754,-0.2309907599984873,-3.4309678077697754,-0.18867600845186797,-0.9841973185539246,-0.08218060964775928,-0.9841973185539246,-0.03642186704522475,-1.403477430343628,-0.21138492380806145,-1.403477430343628,-0.12202906807076241,paper_main_20260902_002859/task2_seed1002/results.parquet,2,1002,20260902_002859
paper_main,raw_x,10,medium,10,0.5,1000,10,0.0,0.0,100,x_learner,h_y,frozen,1002,42,dd34b7e5891261e9fb24703963931ff3,0,2.0,10000,histgbr,,,,,,,95.5928661837594,9.77716043561521,1.117152697387024,-0.01116111611161116,-0.01077520435950588,3.3891408870369197,1.0192696335057325,-0.1127770262017198,-2.016125440597534,-0.13573614614548996,-2.016125440597534,-0.09669572893982352,0.5193115472793579,0.04336258466467311,0.5193115472793579,0.08381287998694041,-0.3970886468887329,-0.05980755482976985,-0.3970886468887329,0.018367440679480308,paper_main_20260902_002859/task2_seed1002/results.parquet,2,1002,20260902_002859
paper_main,raw_x,10,medium,10,0.5,1000,10,0.0,0.0,100,x_learner,true_y,frozen,1002,42,dd34b7e5891261e9fb24703963931ff3,0,2.0,10000,histgbr,,,,,,,103.476492989254,10.172339602532645,1.162306448844841,0.3002340234023402,0.18778448325494282,3.1365914580971004,0.9433164723780383,0.21381206085877363,3.0010123252868652,0.20204390032835776,3.0010123252868652,0.2294732809540551,2.4154887199401855,0.2016936358794742,2.4154887199401855,0.2354490877034044,1.6943061351776123,0.25518812454601486,1.6943061351776123,0.31012797164703304,paper_main_20260902_002859/task2_seed1002/results.parquet,2,1002,20260902_002859
paper_main,raw_x,10,medium,10,0.5,1000,10,0.0,0.0,100,dml_learner,h_y,frozen,1002,42,dd34b7e5891261e9fb24703963931ff3,0,2.0,10000,histgbr,,,,,,,2151.1126773141264,46.38008923357227,5.299457049267072,0.007104710471047103,-0.027994864137175668,3.6463065306842326,1.0966111014728053,-0.1182451556086415,1.2841511964797974,0.08645579831909032,1.2841511964797974,0.11785846775994778,-1.139664888381958,-0.09516217282423257,-1.139664888381958,-0.0488545199911182,-1.0948894023895264,-0.16490690045916687,-1.0948894023895264,-0.07897942117570646,paper_main_20260902_002859/task2_seed1002/results.parquet,2,1002,20260902_002859
paper_main,raw_x,10,medium,10,0.5,1000,10,0.0,0.0,100,dml_learner,true_y,frozen,1002,42,dd34b7e5891261e9fb24703963931ff3,0,2.0,10000,histgbr,,,,,,,4693.848105556241,68.51166401100065,7.8282432569642975,0.25389738973897386,0.21880476676572258,2.839683186262846,0.8540225788798822,0.16631959982607367,4.26759672164917,0.28731700946549427,4.26759672164917,0.3118151654679051,4.431262493133545,0.3700110194671413,4.431262493133545,0.39664936739690076,1.0607715845108032,0.15976824117126837,1.0607715845108032,0.2217465821198909,paper_main_20260902_002859/task2_seed1002/results.parquet,2,1002,20260902_002859
paper_main,encoder_pred,10,medium,10,0.5,1000,10,0.0,0.0,250,x_learner,h_y,frozen,1002,42,046578539f5ee11f7116ae6569884826,46,2.0,10000,histgbr,,,,,,,52.379115365385694,7.23734173335664,0.8001443679032851,0.8429668314693034,0.8087506395965162,0.6974031778275966,0.18890700303209476,0.8299447169486872,11.941864967346191,0.7992351134242196,11.941864967346191,0.799263707281248,10.621747016906738,0.8363462383673086,10.621747016906738,0.8363736596530321,6.629710674285889,0.8979015076415372,6.629710674285889,0.8979309296778009,paper_main_20260902_002859/task2_seed1002/results.parquet,2,1002,20260902_002859
paper_main,encoder_pred,10,medium,10,0.5,1000,10,0.0,0.0,250,x_learner,true_y,frozen,1002,42,046578539f5ee11f7116ae6569884826,46,2.0,10000,histgbr,,,,,,,16.198727078946515,4.024764226504022,0.4449689605139337,0.9101533144530313,0.8993579392953976,0.22775434863567323,0.061692279008983594,0.9075734645153873,12.163039207458496,0.8140376772922614,12.163039207458496,0.8140641629001726,10.83149528503418,0.8528616171249859,10.83149528503418,0.8528862711481959,6.867072582244873,0.9300488554646759,6.867072582244873,0.9300690135009373,paper_main_20260902_002859/task2_seed1002/results.parquet,2,1002,20260902_002859
paper_main,encoder_pred,10,medium,10,0.5,1000,10,0.0,0.0,250,dml_learner,h_y,frozen,1002,42,046578539f5ee11f7116ae6569884826,46,2.0,10000,histgbr,,,,,,,52.35114510599438,7.235409118079943,0.7999307022666543,0.8035516728267651,0.8096984768914223,0.7157626890540123,0.19388008080572897,0.8113713597882543,11.549027442932129,0.7729436133745305,11.549027442932129,0.7729759517877226,10.027198791503906,0.7895320776598334,10.027198791503906,0.7895673429722623,5.993709087371826,0.8117639954922519,5.993709087371826,0.8118182400400686,paper_main_20260902_002859/task2_seed1002/results.parquet,2,1002,20260902_002859
paper_main,encoder_pred,10,medium,10,0.5,1000,10,0.0,0.0,250,dml_learner,true_y,frozen,1002,42,046578539f5ee11f7116ae6569884826,46,2.0,10000,histgbr,,,,,,,11.515184605640707,3.3934031009652696,0.3751670819616808,0.9318488935822972,0.9282127955330179,0.12725439792871462,0.03446965499963605,0.9350918644895462,13.272469520568848,0.8882886979292891,13.272469520568848,0.8883046083658915,11.694087028503418,0.9207812690192454,11.694087028503418,0.920794542649104,7.082953929901123,0.9592869620813138,7.082953929901123,0.9592986944825509,paper_main_20260902_002859/task2_seed1002/results.parquet,2,1002,20260902_002859
paper_main,mi_mine_cond,10,medium,10,0.5,1000,10,0.0,0.0,250,x_learner,h_y,frozen,1002,42,170fb0fe08485992dcf5ba3960c91803,16,2.0,10000,histgbr,,,,,,,52.29234046397591,7.231344305450814,0.7994813056440256,0.6008578697259156,0.6264283039873442,1.3622829707860946,0.3690043313173394,0.6148986350720086,9.341135025024414,0.6251756431387144,9.341135025024414,0.6252290273447559,7.786771774291992,0.6131229892867841,7.786771774291992,0.6131878131255081,4.617481708526611,0.6253732615624061,4.617481708526611,0.6254812189007471,paper_main_20260902_002859/task2_seed1002/results.parquet,2,1002,20260902_002859
paper_main,mi_mine_cond,10,medium,10,0.5,1000,10,0.0,0.0,250,x_learner,true_y,frozen,1002,42,170fb0fe08485992dcf5ba3960c91803,16,2.0,10000,histgbr,,,,,,,49.06273099430416,7.004479352122052,0.7743996221518659,0.6372478279652475,0.6521801865390768,1.1614100824594495,0.3145934875893405,0.6514216931111371,9.724639892578125,0.6508425349647526,9.724639892578125,0.6508922635742017,7.733367443084717,0.6089179831379242,7.733367443084717,0.6089835115536401,5.431747913360596,0.7356542208473662,5.431747913360596,0.7357303981828068,paper_main_20260902_002859/task2_seed1002/results.parquet,2,1002,20260902_002859
paper_main,mi_mine_cond,10,medium,10,0.5,1000,10,0.0,0.0,250,dml_learner,h_y,frozen,1002,42,170fb0fe08485992dcf5ba3960c91803,16,2.0,10000,histgbr,,,,,,,54.81691840971488,7.403844839656952,0.8185525801520671,0.6123519416310661,0.6422232258807239,1.6910538061857223,0.45805914949749854,0.6306541146873929,10.837116241455078,0.7252974181264421,10.837116241455078,0.7253365425295457,7.622191905975342,0.6001641272880446,7.622191905975342,0.6002311224710382,4.712028503417969,0.6381783014572684,4.712028503417969,0.6382825687279166,paper_main_20260902_002859/task2_seed1002/results.parquet,2,1002,20260902_002859
paper_main,mi_mine_cond,10,medium,10,0.5,1000,10,0.0,0.0,250,dml_learner,true_y,frozen,1002,42,170fb0fe08485992dcf5ba3960c91803,16,2.0,10000,histgbr,,,,,,,52.39887163310844,7.238706488945967,0.8002952522388046,0.616007680122882,0.639073772704335,1.4819770454764365,0.4014261063383328,0.6324932570638135,9.929754257202148,0.6645702569682655,9.929754257202148,0.6646180304125112,7.550606727600098,0.5945275785581894,7.550606727600098,0.5945955181827386,4.84182071685791,0.6557568399265069,4.84182071685791,0.6558560415357103,paper_main_20260902_002859/task2_seed1002/results.parquet,2,1002,20260902_002859
paper_main,mi_infonce_cond,10,medium,10,0.5,1000,10,0.0,0.0,250,x_learner,h_y,frozen,1002,42,0a7d44039a1dfc1e2ce0c5895278fca7,34,2.0,10000,histgbr,,,,,,,35.63613058522276,5.969600538161893,0.659985727525861,0.7956196419142707,0.7948713095458475,0.9002124956548214,0.2438423713180071,0.8002717125395337,10.955992698669434,0.7332534818589479,10.955992698669434,0.7332914731229216,10.111787796020508,0.7961925352683688,10.111787796020508,0.79622668457644,5.930966377258301,0.8032663736845674,5.930966377258301,0.8033230670181714,paper_main_20260902_002859/task2_seed1002/results.parquet,2,1002,20260902_002859
paper_main,mi_infonce_cond,10,medium,10,0.5,1000,10,0.0,0.0,250,x_learner,true_y,frozen,1002,42,0a7d44039a1dfc1e2ce0c5895278fca7,34,2.0,10000,histgbr,,,,,,,28.99183873490519,5.384406999373765,0.5952880344437982,0.8216206979311669,0.8226967248571162,0.6338680644929409,0.1716971189522127,0.8259402821440209,11.391834259033203,0.762423119925098,11.391834259033203,0.7624569567152758,9.436882019042969,0.7430510975247394,9.436882019042969,0.7430941510372334,6.2377848625183105,0.8448206426447178,6.2377848625183105,0.8448653611569505,paper_main_20260902_002859/task2_seed1002/results.parquet,2,1002,20260902_002859
paper_main,mi_infonce_cond,10,medium,10,0.5,1000,10,0.0,0.0,250,dml_learner,h_y,frozen,1002,42,0a7d44039a1dfc1e2ce0c5895278fca7,34,2.0,10000,histgbr,,,,,,,31.947381518731433,5.65220147541924,0.6248947947237247,0.8918462055392884,0.8927672953428015,0.6049120589196679,0.16385374741830805,0.8976944335981105,13.641484260559082,0.9129858066621175,13.641484260559082,0.9129981996230888,11.002527236938477,0.8663285100370554,11.002527236938477,0.866350907592008,6.566910743713379,0.8893961361236595,6.566910743713379,0.8894280091789681,paper_main_20260902_002859/task2_seed1002/results.parquet,2,1002,20260902_002859
paper_main,mi_infonce_cond,10,medium,10,0.5,1000,10,0.0,0.0,250,dml_learner,true_y,frozen,1002,42,0a7d44039a1dfc1e2ce0c5895278fca7,34,2.0,10000,histgbr,,,,,,,23.441215479787658,4.841612900654869,0.5352779289351238,0.8938676138818219,0.8974827547642656,0.5245510419309141,0.14208619693589608,0.899485646262575,13.761844635009766,0.9210411847616784,13.761844635009766,0.9210524304387117,10.816946029663086,0.8517160226214365,10.816946029663086,0.8517408685966916,6.724697589874268,0.9107661557239682,6.724697589874268,0.9107918705150645,paper_main_20260902_002859/task2_seed1002/results.parquet,2,1002,20260902_002859
paper_main,autoencoder,10,medium,10,0.5,1000,10,0.0,0.0,250,x_learner,h_y,frozen,1002,42,b9f116f6359230079c37508f5f8441c8,54,2.0,10000,histgbr,,,,,,,195.14951010647871,13.969592338593088,1.5444469866764174,0.10711275380406085,0.1085308369344713,3.1988644754886626,0.8664828615389268,0.10953569694741412,4.5510663986206055,0.30458995133915145,4.5510663986206055,0.3046889948315005,1.8014270067214966,0.14184264588176573,1.8014270067214966,0.1419864359038728,0.8047424554824829,0.10899110074946156,0.8047424554824829,0.10924786552178505,paper_main_20260902_002859/task2_seed1002/results.parquet,2,1002,20260902_002859
paper_main,autoencoder,10,medium,10,0.5,1000,10,0.0,0.0,250,x_learner,true_y,frozen,1002,42,b9f116f6359230079c37508f5f8441c8,54,2.0,10000,histgbr,,,,,,,199.1357779246039,14.111547679989034,1.5601412527614698,0.10617808284932559,0.10028920112363075,3.1880972626805306,0.8635663249253013,0.10957387683441591,3.7425734996795654,0.25047981732283825,3.7425734996795654,0.2505865674289396,2.327070951461792,0.18323134919058598,2.327070951461792,0.1833682042577746,1.00156831741333,0.13564840856472138,1.00156831741333,0.13589749141874113,paper_main_20260902_002859/task2_seed1002/results.parquet,2,1002,20260902_002859
paper_main,autoencoder,10,medium,10,0.5,1000,10,0.0,0.0,250,dml_learner,h_y,frozen,1002,42,b9f116f6359230079c37508f5f8441c8,54,2.0,10000,histgbr,,,,,,,190.36747013447828,13.797371856062961,1.525406674057359,-0.026630442087073387,0.0016904962426078328,3.800432844877243,1.029430897041274,-0.008593341035813802,1.4527528285980225,0.09722862173678744,1.4527528285980225,0.09735719858187065,-0.3998236060142517,-0.031481729735063246,-0.3998236060142517,-0.031308898050978855,-0.1310979276895523,-0.017755379186861656,-0.1310979276895523,-0.017462089491957683,paper_main_20260902_002859/task2_seed1002/results.parquet,2,1002,20260902_002859
paper_main,autoencoder,10,medium,10,0.5,1000,10,0.0,0.0,250,dml_learner,true_y,frozen,1002,42,b9f116f6359230079c37508f5f8441c8,54,2.0,10000,histgbr,,,,,,,202.06580024091497,14.21498505946858,1.5715770588447688,-0.048124801996831945,-0.022197517765167978,3.6526674003601074,0.9894053735522801,-0.028731997856701087,1.1173852682113647,0.07478342319390026,1.1173852682113647,0.07491519678722494,-0.6351573467254639,-0.050011684222912446,-0.6351573467254639,-0.04983574772063514,0.04244380444288254,0.005748419180209823,0.04244380444288254,0.006034935713317619,paper_main_20260902_002859/task2_seed1002/results.parquet,2,1002,20260902_002859
paper_main,pca,10,medium,10,0.5,1000,10,0.0,0.0,250,x_learner,h_y,frozen,1002,42,b4bf743fbcae0dbf7e5acfca52574495,0,2.0,10000,histgbr,,,,,,,230.47715298185489,15.181474005571886,1.6784299221413974,-0.0064225027600441605,0.021848676648142724,3.666327413111925,0.9931054887114399,-0.002115792175058879,2.6510980129241943,0.1774304622311483,2.6510980129241943,0.17754761636183347,0.03920312225818634,0.0030868164889165457,0.03920312225818634,0.003253855981158844,0.2547963261604309,0.034508595720222544,0.2547963261604309,0.034786824344884656,paper_main_20260902_002859/task2_seed1002/results.parquet,2,1002,20260902_002859
paper_main,pca,10,medium,10,0.5,1000,10,0.0,0.0,250,x_learner,true_y,frozen,1002,42,b4bf743fbcae0dbf7e5acfca52574495,0,2.0,10000,histgbr,,,,,,,238.7564046465388,15.451744388467562,1.7083104131631668,-0.014237027792444679,0.017298415889987838,3.670030097514391,0.9941084422910641,-0.009354995639298754,2.6548233032226562,0.1776797853328892,2.6548233032226562,0.17779690395383335,0.5316520929336548,0.04186177917224189,0.5316520929336548,0.042022321659343255,0.1347069889307022,0.018244176012063715,0.1347069889307022,0.018527091604529235,paper_main_20260902_002859/task2_seed1002/results.parquet,2,1002,20260902_002859
paper_main,pca,10,medium,10,0.5,1000,10,0.0,0.0,250,dml_learner,h_y,frozen,1002,42,b4bf743fbcae0dbf7e5acfca52574495,0,2.0,10000,histgbr,,,,,,,215.58876984362453,14.68294145747454,1.6233132749975905,-0.09340143042288676,-0.09035547191315217,3.8841910713016987,1.0521186564839746,-0.08711187146286802,-0.1942581981420517,-0.013001149606881694,-0.1942581981420517,-0.012856873331605114,0.43590816855430603,0.034322993803532195,0.43590816855430603,0.034484799464700205,-0.8095759153366089,-0.109645725227567,-0.8095759153366089,-0.1093259552092906,paper_main_20260902_002859/task2_seed1002/results.parquet,2,1002,20260902_002859
paper_main,pca,10,medium,10,0.5,1000,10,0.0,0.0,250,dml_learner,true_y,frozen,1002,42,b4bf743fbcae0dbf7e5acfca52574495,0,2.0,10000,histgbr,,,,,,,224.82472914735106,14.994156500028637,1.6577205163136572,-0.09592588681418902,-0.09333115608654638,4.0585453803837295,1.0993463592555845,-0.08964596497378353,-0.4149531424045563,-0.027771635564653556,-0.4149531424045563,-0.027625255608943012,0.15939070284366608,0.012550272054289886,0.15939070284366608,0.012715725881061365,-0.7167384028434753,-0.09707218370688013,-0.7167384028434753,-0.09675603704469879,paper_main_20260902_002859/task2_seed1002/results.parquet,2,1002,20260902_002859
paper_main,pls,10,medium,10,0.5,1000,10,0.0,0.0,250,x_learner,h_y,frozen,1002,42,2d76c26dca5bda0cb184a0dbfcc4efc8,0,2.0,10000,histgbr,,,,,,,22.261916329192616,4.718253525319789,0.5216395914019516,0.8671261940191043,0.8589290864945209,0.3865724921226499,0.10471166932306479,0.867136558352168,12.524941444396973,0.8382587663917374,12.524941444396973,0.8382818023209193,10.682775497436523,0.8411515627685691,10.682775497436523,0.8411781788899501,6.481646537780762,0.8778482929648777,6.481646537780762,0.8778834937976328,paper_main_20260902_002859/task2_seed1002/results.parquet,2,1002,20260902_002859
paper_main,pls,10,medium,10,0.5,1000,10,0.0,0.0,250,x_learner,true_y,frozen,1002,42,2d76c26dca5bda0cb184a0dbfcc4efc8,0,2.0,10000,histgbr,,,,,,,19.43241788268873,4.408221623590258,0.4873631554978844,0.88205481687707,0.874101641237109,0.5024254946112632,0.13609300538259736,0.8837488350087357,12.052748680114746,0.8066562454663088,12.052748680114746,0.806683782371635,10.965717315673828,0.8634301319138254,10.965717315673828,0.863453015111478,6.371252059936523,0.8628969062511099,6.371252059936523,0.8629364156709158,paper_main_20260902_002859/task2_seed1002/results.parquet,2,1002,20260902_002859
paper_main,pls,10,medium,10,0.5,1000,10,0.0,0.0,250,dml_learner,h_y,frozen,1002,42,2d76c26dca5bda0cb184a0dbfcc4efc8,0,2.0,10000,histgbr,,,,,,,12.875383092095388,3.5882284057868152,0.3967065333405644,0.9343625978015648,0.934389134370476,0.19617451196908942,0.05313818506362712,0.9370104780335613,13.541901588439941,0.9063210211814695,13.541901588439941,0.9063343633717926,11.704427719116211,0.9215954851441789,11.704427719116211,0.9216086223466632,7.103348731994629,0.9620491525368999,7.103348731994629,0.9620600889492259,paper_main_20260902_002859/task2_seed1002/results.parquet,2,1002,20260902_002859
paper_main,pls,10,medium,10,0.5,1000,10,0.0,0.0,250,dml_learner,true_y,frozen,1002,42,2d76c26dca5bda0cb184a0dbfcc4efc8,0,2.0,10000,histgbr,,,,,,,15.588378804217335,3.948212102232773,0.43650552831142203,0.9134212067393077,0.9169523693688457,0.26723079556226725,0.07238534367566331,0.9168451324028604,13.737881660461426,0.919437410917853,13.737881660461426,0.9194488850117215,11.410256385803223,0.8984327146827654,11.410256385803223,0.8984497329628408,7.052332401275635,0.9551397046714607,7.052332401275635,0.955152632200609,paper_main_20260902_002859/task2_seed1002/results.parquet,2,1002,20260902_002859
paper_main,ica,10,medium,10,0.5,1000,10,0.0,0.0,250,x_learner,h_y,frozen,1002,42,2c668c4e1d12971d94a618fc9ef854ed,0,2.0,10000,histgbr,,,,,,,190.29558766799408,13.794766676823283,1.5251186512483215,0.06679210867373878,0.061764187905118034,3.4843815703094005,0.9438214519150514,0.0683900343250841,2.696775436401367,0.18048752248375785,2.696775436401367,0.18060424121388427,1.7956225872039795,0.14138561142014144,1.7956225872039795,0.14152947802143886,0.3989976644515991,0.05403864845054232,0.3989976644515991,0.054311249039898625,paper_main_20260902_002859/task2_seed1002/results.parquet,2,1002,20260902_002859
paper_main,ica,10,medium,10,0.5,1000,10,0.0,0.0,250,x_learner,true_y,frozen,1002,42,2c668c4e1d12971d94a618fc9ef854ed,0,2.0,10000,histgbr,,,,,,,207.40603073771422,14.401598200814874,1.592208591737126,0.056331013296212734,0.06595631186795371,3.7327253015339372,1.0110908184435659,0.05880099241579999,2.3433730602264404,0.15683530492989242,2.3433730602264404,0.15695539231745032,2.4148056507110596,0.19013949580475573,2.4148056507110596,0.190275193365632,0.1326833963394165,0.01797010872197592,0.1326833963394165,0.018253103293254556,paper_main_20260902_002859/task2_seed1002/results.parquet,2,1002,20260902_002859
paper_main,ica,10,medium,10,0.5,1000,10,0.0,0.0,250,dml_learner,h_y,frozen,1002,42,2c668c4e1d12971d94a618fc9ef854ed,0,2.0,10000,histgbr,,,,,,,192.68791984975172,13.881207434865013,1.5346753487558609,-0.10855661690587048,-0.11305648664999672,3.895351450711489,1.0551416909266507,-0.10094315602665063,-1.9261071681976318,-0.1289088835999237,-1.9261071681976318,-0.12874809921294086,-1.1145801544189453,-0.08776097924601169,-1.1145801544189453,-0.08757871759609118,-0.5673262476921082,-0.07683639877425417,-0.5673262476921082,-0.0765260835203959,paper_main_20260902_002859/task2_seed1002/results.parquet,2,1002,20260902_002859
paper_main,ica,10,medium,10,0.5,1000,10,0.0,0.0,250,dml_learner,true_y,frozen,1002,42,2c668c4e1d12971d94a618fc9ef854ed,0,2.0,10000,histgbr,,,,,,,211.86640366378893,14.555631338550345,1.6092381520605608,-0.10346623145970334,-0.11420876027875543,3.7665290228426453,1.0202473004998303,-0.0959674082708917,-2.0418057441711426,-0.13665226076455084,-2.0418057441711426,-0.1364903735302358,-0.7196887135505676,-0.05666760349454382,-0.7196887135505676,-0.05649055174833763,-0.37308409810066223,-0.050529018628365875,-0.37308409810066223,-0.050226284453079625,paper_main_20260902_002859/task2_seed1002/results.parquet,2,1002,20260902_002859
paper_main,raw_x,10,medium,10,0.5,1000,10,0.0,0.0,250,x_learner,h_y,frozen,1002,42,dd34b7e5891261e9fb24703963931ff3,0,2.0,10000,histgbr,,,,,,,92.51833779293354,9.618645320050716,1.0634159838308985,0.08076762828205251,0.07184940910460476,3.5022243758141993,0.9486545685694601,0.07460419985882348,1.8648773431777954,0.12481094527299674,1.8648773431777954,0.12493559371690803,0.9775031805038452,0.07696766894421407,0.9775031805038452,0.0771223292039568,0.19013087451457977,0.025750565486665655,0.19013087451457977,0.0260313179398112,paper_main_20260902_002859/task2_seed1002/results.parquet,2,1002,20260902_002859
paper_main,raw_x,10,medium,10,0.5,1000,10,0.0,0.0,250,x_learner,true_y,frozen,1002,42,dd34b7e5891261e9fb24703963931ff3,0,2.0,10000,histgbr,,,,,,,80.7592004051948,8.98661228746377,0.9935398207332733,0.5142760044160706,0.514795120672698,1.8042617144882678,0.48872400356882995,0.5239451900705218,7.407793998718262,0.49578261795607587,7.407793998718262,0.49585443091091724,6.405098915100098,0.5043313849866596,6.405098915100098,0.504414437588573,3.695017099380493,0.5004383429827989,3.695017099380493,0.5005823032005178,paper_main_20260902_002859/task2_seed1002/results.parquet,2,1002,20260902_002859
paper_main,raw_x,10,medium,10,0.5,1000,10,0.0,0.0,250,dml_learner,h_y,frozen,1002,42,dd34b7e5891261e9fb24703963931ff3,0,2.0,10000,histgbr,,,,,,,567.365565947219,23.819436726069302,2.6334238239920116,0.020918734699755196,0.027319032122879654,3.57423154348135,0.9681592950652629,0.03013176276835176,0.10290300101041794,0.006887005665291052,0.10290300101041794,0.007028449378170338,0.808645486831665,0.06367197505343317,0.808645486831665,0.06382886309588884,0.19573156535625458,0.026509100662277317,0.19573156535625458,0.026789634526010533,paper_main_20260902_002859/task2_seed1002/results.parquet,2,1002,20260902_002859
paper_main,raw_x,10,medium,10,0.5,1000,10,0.0,0.0,250,dml_learner,true_y,frozen,1002,42,dd34b7e5891261e9fb24703963931ff3,0,2.0,10000,histgbr,,,,,,,1244.5839155859946,35.27866090976236,3.9003301038023714,0.3575285364565833,0.32388405187122427,2.091718531012535,0.5665880102685099,0.3698679106540767,5.8984785079956055,0.39476841785256167,5.8984785079956055,0.3948546177136239,4.889955520629883,0.3850304379263268,4.889955520629883,0.3851334802023166,3.1696736812591553,0.429287930795088,3.1696736812591553,0.4294523946457127,paper_main_20260902_002859/task2_seed1002/results.parquet,2,1002,20260902_002859
paper_main,encoder_pred,10,medium,10,0.5,1000,10,0.0,0.0,500,x_learner,h_y,frozen,1002,42,046578539f5ee11f7116ae6569884826,46,2.0,10000,histgbr,,,,,,,51.005441012618334,7.141809365463232,0.7958918106272419,0.8385416581666327,0.8207766892164943,0.45550374057888954,0.11846030129264266,0.8511169732338659,12.20556354522705,0.8057723532704125,12.20556354522705,0.8000825301136101,10.274957656860352,0.807529928769364,10.274957656860352,0.8007799062464225,6.769464015960693,0.8814769323007396,6.769464015960693,0.8744276623498638,paper_main_20260902_002859/task2_seed1002/results.parquet,2,1002,20260902_002859
paper_main,encoder_pred,10,medium,10,0.5,1000,10,0.0,0.0,500,x_learner,true_y,frozen,1002,42,046578539f5ee11f7116ae6569884826,46,2.0,10000,histgbr,,,,,,,10.470291463045406,3.2357829752697267,0.36059953986424914,0.9382926811707246,0.9359378710839101,0.18419315440952744,0.04790207988119891,0.9450797534723788,13.822980880737305,0.9125490840477553,13.822980880737305,0.9099872435732042,11.516755104064941,0.9051253289234038,11.516755104064941,0.9017980263327776,7.23396110534668,0.941960815286042,7.23396110534668,0.9385088806650486,paper_main_20260902_002859/task2_seed1002/results.parquet,2,1002,20260902_002859
paper_main,encoder_pred,10,medium,10,0.5,1000,10,0.0,0.0,500,dml_learner,h_y,frozen,1002,42,046578539f5ee11f7116ae6569884826,46,2.0,10000,histgbr,,,,,,,49.41116259791752,7.029307405279521,0.7833544571068963,0.8695419101676406,0.8689372944466665,0.5010996938794849,0.1303181849597436,0.8853704947094931,11.694828987121582,0.7720552876669896,11.694828987121582,0.7653777362239207,10.693931579589844,0.8404579459229987,10.693931579589844,0.8348627255778799,6.722029209136963,0.8753002707652509,6.722029209136963,0.8678836381110291,paper_main_20260902_002859/task2_seed1002/results.parquet,2,1002,20260902_002859
paper_main,encoder_pred,10,medium,10,0.5,1000,10,0.0,0.0,500,dml_learner,true_y,frozen,1002,42,046578539f5ee11f7116ae6569884826,46,2.0,10000,histgbr,,,,,,,6.987182646034955,2.6433279490133184,0.2945756403966051,0.9610239400957603,0.9567370961297332,0.13201097540557383,0.034331353460689155,0.965070889518153,13.81035041809082,0.9117152612118132,13.81035041809082,0.9091289942224972,12.182570457458496,0.9574531187649958,12.182570457458496,0.9559609781699365,7.420975685119629,0.9663126750027196,7.420975685119629,0.9643090899416977,paper_main_20260902_002859/task2_seed1002/results.parquet,2,1002,20260902_002859
paper_main,mi_mine_cond,10,medium,10,0.5,1000,10,0.0,0.0,500,x_learner,h_y,frozen,1002,42,170fb0fe08485992dcf5ba3960c91803,16,2.0,10000,histgbr,,,,,,,49.22428009974033,7.0160017174841345,0.7818716552832685,0.6004270097080388,0.6296748587733358,1.423331436112523,0.37015781812658394,0.6510356318575115,9.420647621154785,0.6219210915498943,9.420647621154785,0.6108454173880535,8.238061904907227,0.6474461273157301,8.238061904907227,0.6350818850937929,4.8692121505737305,0.6340381127796132,4.8692121505737305,0.6122721883496586,paper_main_20260902_002859/task2_seed1002/results.parquet,2,1002,20260902_002859
paper_main,mi_mine_cond,10,medium,10,0.5,1000,10,0.0,0.0,500,x_learner,true_y,frozen,1002,42,170fb0fe08485992dcf5ba3960c91803,16,2.0,10000,histgbr,,,,,,,47.42659635885133,6.886697057287429,0.7674617886990152,0.622063288253153,0.6451298861133239,1.4021853763014076,0.3646584810339983,0.6673344709625882,9.083780288696289,0.5996821853159291,9.083780288696289,0.5879550310697512,8.704323768615723,0.6840906004281813,8.704323768615723,0.6730114983699528,4.918251991271973,0.6404237717087816,4.918251991271973,0.6190376402970109,paper_main_20260902_002859/task2_seed1002/results.parquet,2,1002,20260902_002859
paper_main,mi_mine_cond,10,medium,10,0.5,1000,10,0.0,0.0,500,dml_learner,h_y,frozen,1002,42,170fb0fe08485992dcf5ba3960c91803,16,2.0,10000,histgbr,,,,,,,54.61929056488418,7.390486490406716,0.8236046880095422,0.5640727202908811,0.5838055228834631,1.6343338952213524,0.42503204341341544,0.6187862752018938,10.004953384399414,0.6604950933265842,10.004953384399414,0.6505494295018666,8.266827583312988,0.6497068807912929,8.266827583312988,0.6374219243345726,4.300472736358643,0.5599804513548942,4.300472736358643,0.5338098784674928,paper_main_20260902_002859/task2_seed1002/results.parquet,2,1002,20260902_002859
paper_main,mi_mine_cond,10,medium,10,0.5,1000,10,0.0,0.0,500,dml_learner,true_y,frozen,1002,42,170fb0fe08485992dcf5ba3960c91803,16,2.0,10000,histgbr,,,,,,,51.40734814900194,7.169891780843135,0.7990213487148281,0.577251461005844,0.6018233668305775,1.6432412558943033,0.4273485307109709,0.6300599068842493,10.283856391906738,0.6789073798105829,10.283856391906738,0.6695010967371144,8.530993461608887,0.6704682172374001,8.530993461608887,0.658911371326499,4.53842306137085,0.5909648427390853,4.53842306137085,0.566637095416113,paper_main_20260902_002859/task2_seed1002/results.parquet,2,1002,20260902_002859
paper_main,mi_infonce_cond,10,medium,10,0.5,1000,10,0.0,0.0,500,x_learner,h_y,frozen,1002,42,0a7d44039a1dfc1e2ce0c5895278fca7,34,2.0,10000,histgbr,,,,,,,21.231540908253432,4.607769624043007,0.5134953793036349,0.8889346597386389,0.8742382728888123,0.3555485317409035,0.09246551112984679,0.8981404273275178,12.821059226989746,0.8464054139303313,12.821059226989746,0.8419059204375464,10.794573783874512,0.8483676225145053,10.794573783874512,0.8430497985188578,6.958436489105225,0.9060837365505272,6.958436489105225,0.9004979792234155,paper_main_20260902_002859/task2_seed1002/results.parquet,2,1002,20260902_002859
paper_main,mi_infonce_cond,10,medium,10,0.5,1000,10,0.0,0.0,500,x_learner,true_y,frozen,1002,42,0a7d44039a1dfc1e2ce0c5895278fca7,34,2.0,10000,histgbr,,,,,,,15.261258241401515,3.906566042114419,0.435352410221002,0.9093288853155411,0.9009057325966422,0.3034266806095838,0.07891047384058208,0.9151815120207427,12.878060340881348,0.8501684455600697,12.878060340881348,0.8457791886111918,10.919943809509277,0.8582207091404205,10.919943809509277,0.853248437864841,6.937696933746338,0.9033831623851384,6.937696933746338,0.8976367858917855,paper_main_20260902_002859/task2_seed1002/results.parquet,2,1002,20260902_002859
paper_main,mi_infonce_cond,10,medium,10,0.5,1000,10,0.0,0.0,500,dml_learner,h_y,frozen,1002,42,0a7d44039a1dfc1e2ce0c5895278fca7,34,2.0,10000,histgbr,,,,,,,15.75196105293942,3.9688740283535604,0.4422960870186802,0.9317871191484766,0.9284629213353406,0.20175829841196524,0.05247014829735073,0.9399751066195692,13.946942329406738,0.9207326232869769,13.946942329406738,0.9184105164026327,11.790831565856934,0.9266655583880452,11.790831565856934,0.9240936825144458,7.259054660797119,0.9452283398975652,7.259054660797119,0.9419707443491664,paper_main_20260902_002859/task2_seed1002/results.parquet,2,1002,20260902_002859
paper_main,mi_infonce_cond,10,medium,10,0.5,1000,10,0.0,0.0,500,dml_learner,true_y,frozen,1002,42,0a7d44039a1dfc1e2ce0c5895278fca7,34,2.0,10000,histgbr,,,,,,,8.672031520025339,2.9448313228477687,0.3281755383820869,0.9468988275953104,0.945830621674522,0.16101078048348416,0.04187317000557919,0.9539163727496216,14.362593650817871,0.9481725970458597,14.362593650817871,0.946654333490435,12.133343696594238,0.9535842869875998,12.133343696594238,0.9519564645098044,7.377021789550781,0.9605892757886392,7.377021789550781,0.9582452862234152,paper_main_20260902_002859/task2_seed1002/results.parquet,2,1002,20260902_002859
paper_main,autoencoder,10,medium,10,0.5,1000,10,0.0,0.0,500,x_learner,h_y,frozen,1002,42,b9f116f6359230079c37508f5f8441c8,54,2.0,10000,histgbr,,,,,,,160.35682005933842,12.663207336979776,1.4112030299373992,0.11778037512150048,0.11430885170624557,3.1333941296488046,0.8148842250890569,0.18770323180478776,1.947249412536621,0.12855119189950306,1.947249412536621,0.1030224389552764,2.669718027114868,0.2098185978246759,2.669718027114868,0.18210653730643783,1.2789936065673828,0.16654248520874654,1.2789936065673828,0.11697182248123833,paper_main_20260902_002859/task2_seed1002/results.parquet,2,1002,20260902_002859
paper_main,autoencoder,10,medium,10,0.5,1000,10,0.0,0.0,500,x_learner,true_y,frozen,1002,42,b9f116f6359230079c37508f5f8441c8,54,2.0,10000,histgbr,,,,,,,181.6087637363985,13.476229581615122,1.501807205049133,0.10122338089352356,0.09625725209866032,3.1031633947640653,0.8070222875379118,0.17016086263436367,3.728102207183838,0.2461174101125258,3.728102207183838,0.224032713676781,2.2732882499694824,0.17866237116261025,2.2732882499694824,0.14985764605317553,1.3809518814086914,0.17981884905644444,1.3809518814086914,0.1310378104463776,paper_main_20260902_002859/task2_seed1002/results.parquet,2,1002,20260902_002859
paper_main,autoencoder,10,medium,10,0.5,1000,10,0.0,0.0,500,dml_learner,h_y,frozen,1002,42,b9f116f6359230079c37508f5f8441c8,54,2.0,10000,histgbr,,,,,,,97.83035597782678,9.890922908294593,1.1022563246122783,-0.001825447301789207,-0.005014804209770605,3.56669652082026,0.9275707460466238,0.07764427478788875,-2.294405937194824,-0.15146935776628154,-2.294405937194824,-0.1852012034972276,-1.0093821287155151,-0.07932940511521051,-1.0093821287155151,-0.11718203200737082,0.40196627378463745,0.052341514345690385,0.40196627378463745,-0.004021357593854753,paper_main_20260902_002859/task2_seed1002/results.parquet,2,1002,20260902_002859
paper_main,autoencoder,10,medium,10,0.5,1000,10,0.0,0.0,500,dml_learner,true_y,frozen,1002,42,b9f116f6359230079c37508f5f8441c8,54,2.0,10000,histgbr,,,,,,,99.89525567831336,9.994761411775338,1.1138282121157124,0.0018371593486373944,0.007036321031159164,3.523869780510664,0.9164330360598539,0.08116618167036883,-2.432429313659668,-0.16058122060229912,-2.432429313659668,-0.1945799948011484,0.14536252617835999,0.0114243381170696,0.14536252617835999,-0.023245509203480938,0.42144274711608887,0.054877617931405144,0.42144274711608887,-0.0013344168829615387,paper_main_20260902_002859/task2_seed1002/results.parquet,2,1002,20260902_002859
paper_main,pca,10,medium,10,0.5,1000,10,0.0,0.0,500,x_learner,h_y,frozen,1002,42,b4bf743fbcae0dbf7e5acfca52574495,0,2.0,10000,histgbr,,,,,,,218.5388240928122,14.783058685292845,1.6474418094305083,0.01036564146256585,0.010475316628003738,3.507161825671792,0.9120878920184871,0.08832802115318099,1.2753957509994507,0.08419755727180521,1.2753957509994507,0.0573694819003013,1.0893040895462036,0.08561063541241007,1.0893040895462036,0.053542538974141525,0.5495949387550354,0.07156478850904265,0.5495949387550354,0.016345238722287294,paper_main_20260902_002859/task2_seed1002/results.parquet,2,1002,20260902_002859
paper_main,pca,10,medium,10,0.5,1000,10,0.0,0.0,500,x_learner,true_y,frozen,1002,42,b4bf743fbcae0dbf7e5acfca52574495,0,2.0,10000,histgbr,,,,,,,215.77214152173943,14.689184508397307,1.6369803584455749,0.022947835791343164,0.028382057506055734,3.494713903531432,0.9088506307715424,0.09771862651171555,2.726836919784546,0.18001707120673252,2.726836919784546,0.15599599112369833,1.154331088066101,0.0907212401697735,1.154331088066101,0.058832375219275944,0.6031677722930908,0.07854070519172872,0.6031677722930908,0.023736054553347163,paper_main_20260902_002859/task2_seed1002/results.parquet,2,1002,20260902_002859
paper_main,pca,10,medium,10,0.5,1000,10,0.0,0.0,500,dml_learner,h_y,frozen,1002,42,b4bf743fbcae0dbf7e5acfca52574495,0,2.0,10000,histgbr,,,,,,,163.00558407003,12.767364021990993,1.4228103759726196,-0.06834180936723747,-0.06789462941033739,3.7240422410815954,0.9684907644104191,0.015804623343869232,-0.10786499083042145,-0.007120902461804631,-0.10786499083042145,-0.036624116494485985,0.06584813445806503,0.005175139509505763,0.06584813445806503,-0.029713870359703284,0.07065222412347794,0.009199887263415696,0.07065222412347794,-0.04972887316793456,paper_main_20260902_002859/task2_seed1002/results.parquet,2,1002,20260902_002859
paper_main,pca,10,medium,10,0.5,1000,10,0.0,0.0,500,dml_learner,true_y,frozen,1002,42,b4bf743fbcae0dbf7e5acfca52574495,0,2.0,10000,histgbr,,,,,,,178.24907008363178,13.350995097131591,1.4878509237332844,-0.07526026904107615,-0.0701501743869847,3.8878214244693514,1.011083897421621,0.011636994646242418,0.3751046657562256,0.024763212950318792,0.3751046657562256,-0.0038059683570490646,0.070515476167202,0.00554195543651887,0.070515476167202,-0.029334190013025962,-0.06232742965221405,-0.008115885003375251,-0.06232742965221405,-0.06807451713384674,paper_main_20260902_002859/task2_seed1002/results.parquet,2,1002,20260902_002859
paper_main,pls,10,medium,10,0.5,1000,10,0.0,0.0,500,x_learner,h_y,frozen,1002,42,2d76c26dca5bda0cb184a0dbfcc4efc8,0,2.0,10000,histgbr,,,,,,,19.35063251430581,4.398935384193067,0.4902226408742255,0.905865959463838,0.9016174970805626,0.4724450586289164,0.12286613479458093,0.912356900659135,12.962481498718262,0.8557416609846589,12.962481498718262,0.8515156692079366,10.949640274047852,0.8605546150010958,10.949640274047852,0.8556641949817934,7.158435344696045,0.9321263268167872,7.158435344696045,0.9280894768253574,paper_main_20260902_002859/task2_seed1002/results.parquet,2,1002,20260902_002859
paper_main,pls,10,medium,10,0.5,1000,10,0.0,0.0,500,x_learner,true_y,frozen,1002,42,2d76c26dca5bda0cb184a0dbfcc4efc8,0,2.0,10000,histgbr,,,,,,,20.420018584732215,4.5188514674341995,0.5035862331699884,0.8803275533102132,0.8778929869952871,0.4832008032351731,0.12566332092759627,0.8899946126266232,12.502463340759277,0.8253727302661195,12.502463340759277,0.8202570925087184,10.575387954711914,0.8311413600887183,10.575387954711914,0.825219402377025,6.788854598999023,0.8840018517939005,6.788854598999023,0.8771027537838715,paper_main_20260902_002859/task2_seed1002/results.parquet,2,1002,20260902_002859
paper_main,pls,10,medium,10,0.5,1000,10,0.0,0.0,500,dml_learner,h_y,frozen,1002,42,2d76c26dca5bda0cb184a0dbfcc4efc8,0,2.0,10000,histgbr,,,,,,,13.330766265046543,3.6511321894785653,0.40688655499207915,0.9533202932811731,0.9552390744850953,0.21996461531519884,0.05720496295122262,0.959469790458599,14.094637870788574,0.9304830115837408,14.094637870788574,0.9284465385216298,12.1021146774292,0.9511299345256172,12.1021146774292,0.9494160366684568,7.4231085777282715,0.966590406833358,7.4231085777282715,0.9646033401318936,paper_main_20260902_002859/task2_seed1002/results.parquet,2,1002,20260902_002859
paper_main,pls,10,medium,10,0.5,1000,10,0.0,0.0,500,dml_learner,true_y,frozen,1002,42,2d76c26dca5bda0cb184a0dbfcc4efc8,0,2.0,10000,histgbr,,,,,,,9.464827326739652,3.076495949410571,0.34284840245171355,0.9446948507794031,0.9461400942926903,0.13870521205663655,0.03607228601505487,0.9517709773615317,13.843000411987305,0.9138707096119425,13.843000411987305,0.9113475856428238,11.8858003616333,0.9341293502059509,11.8858003616333,0.9318192332778088,7.380859851837158,0.9610890440660387,7.380859851837158,0.9587747786850488,paper_main_20260902_002859/task2_seed1002/results.parquet,2,1002,20260902_002859
paper_main,ica,10,medium,10,0.5,1000,10,0.0,0.0,500,x_learner,h_y,frozen,1002,42,2c668c4e1d12971d94a618fc9ef854ed,0,2.0,10000,histgbr,,,,,,,196.3490446113901,14.01246033398097,1.5615654039277418,0.05826848907395629,0.0599648557288264,3.3413425744622947,0.8689642100187881,0.13244773407429622,2.6611907482147217,0.17568332045831295,2.6611907482147217,0.15153528483738615,0.8657798171043396,0.06804340585962597,0.8657798171043396,0.03535921781610788,0.9646633863449097,0.12561238533705082,0.9646633863449097,0.07360736676040108,paper_main_20260902_002859/task2_seed1002/results.parquet,2,1002,20260902_002859
paper_main,ica,10,medium,10,0.5,1000,10,0.0,0.0,500,x_learner,true_y,frozen,1002,42,2c668c4e1d12971d94a618fc9ef854ed,0,2.0,10000,histgbr,,,,,,,202.79887852865923,14.240747119749695,1.5870059574303848,0.06577475909903639,0.06909723318255785,3.4691800115704536,0.9022101747984977,0.13994446538059713,3.043166399002075,0.20090013391280367,3.043166399002075,0.17749081500677324,1.9679347276687622,0.1546640135685682,1.9679347276687622,0.12501765394817993,0.7575263381004333,0.09864030461959991,0.7575263381004333,0.045031096396116445,paper_main_20260902_002859/task2_seed1002/results.parquet,2,1002,20260902_002859
paper_main,ica,10,medium,10,0.5,1000,10,0.0,0.0,500,dml_learner,h_y,frozen,1002,42,2c668c4e1d12971d94a618fc9ef854ed,0,2.0,10000,histgbr,,,,,,,142.8249150242891,11.950937830324829,1.3318268609167623,-0.03217644870579482,-0.034759046104245746,3.6402764545530077,0.9467062664443193,0.049725898581148086,0.27991196513175964,0.018478894646446902,0.27991196513175964,-0.010274383314575364,0.462137371301651,0.03632032082192701,0.462137371301651,0.0025235881779288533,0.4580475091934204,0.05964405930807085,0.4580475091934204,0.0037155130383509987,paper_main_20260902_002859/task2_seed1002/results.parquet,2,1002,20260902_002859
paper_main,ica,10,medium,10,0.5,1000,10,0.0,0.0,500,dml_learner,true_y,frozen,1002,42,2c668c4e1d12971d94a618fc9ef854ed,0,2.0,10000,histgbr,,,,,,,145.11927471645143,12.046546173756669,1.3424815695026588,-0.03354589418357674,-0.036942702877474205,3.669187958702445,0.9542251190623313,0.04726429909741592,-0.14214450120925903,-0.009383926339773361,-0.14214450120925903,-0.03895343477431806,0.07200083881616592,0.005658693123833197,0.07200083881616592,-0.029213358276108964,0.44562819600105286,0.058026894630294416,0.44562819600105286,0.002002165983675635,paper_main_20260902_002859/task2_seed1002/results.parquet,2,1002,20260902_002859
paper_main,raw_x,10,medium,10,0.5,1000,10,0.0,0.0,500,x_learner,h_y,frozen,1002,42,dd34b7e5891261e9fb24703963931ff3,0,2.0,10000,histgbr,,,,,,,88.49875411996415,9.407377643103532,1.0483694596821918,0.10225317701270804,0.08718099944261581,2.8894633074998852,0.7514465052371857,0.19366833241774525,0.2819603681564331,0.018614123677005087,0.2819603681564331,-0.01013519280231003,1.0734758377075195,0.084366660740524,1.0734758377075195,0.0522549374827738,1.750829815864563,0.22798202212615545,1.750829815864563,0.18206553313710103,paper_main_20260902_002859/task2_seed1002/results.parquet,2,1002,20260902_002859
paper_main,raw_x,10,medium,10,0.5,1000,10,0.0,0.0,500,x_learner,true_y,frozen,1002,42,dd34b7e5891261e9fb24703963931ff3,0,2.0,10000,histgbr,,,,,,,63.151692360684855,7.946803908533597,0.8856013690379718,0.621814359257437,0.6282600606290507,1.3632004859894513,0.35451989941368967,0.6637040093911915,8.762423515319824,0.5784672366932415,8.762423515319824,0.5661185988015772,7.713397026062012,0.6062116418423248,7.713397026062012,0.592401285406953,4.884018898010254,0.635966154095281,4.884018898010254,0.6143149017200952,paper_main_20260902_002859/task2_seed1002/results.parquet,2,1002,20260902_002859
paper_main,raw_x,10,medium,10,0.5,1000,10,0.0,0.0,500,dml_learner,h_y,frozen,1002,42,dd34b7e5891261e9fb24703963931ff3,0,2.0,10000,histgbr,,,,,,,300.21570914636754,17.326733943428795,1.9309120343059696,-0.02559485437941752,-0.032250659665252174,3.8050951980650423,0.9895697520224996,0.05258343462302983,-0.3480229675769806,-0.02297536566317058,-0.3480229675769806,-0.0529430300116579,0.32434624433517456,0.02549103444817768,0.32434624433517456,-0.008685486733658125,0.200254887342453,0.02607592910704094,0.200254887342453,-0.03184911300206804,paper_main_20260902_002859/task2_seed1002/results.parquet,2,1002,20260902_002859
paper_main,raw_x,10,medium,10,0.5,1000,10,0.0,0.0,500,dml_learner,true_y,frozen,1002,42,dd34b7e5891261e9fb24703963931ff3,0,2.0,10000,histgbr,,,,,,,757.3720472580162,27.520393297662302,3.0669056719395607,0.3593495973983896,0.352711860584506,2.353993424683809,0.6121898581437629,0.4193667226635032,7.067687511444092,0.46658617417982345,7.067687511444092,0.45096002419852965,4.607463836669922,0.3621100025993081,4.607463836669922,0.3397388784963081,3.041700601577759,0.3960710787345214,3.041700601577759,0.3601518430972533,paper_main_20260902_002859/task2_seed1002/results.parquet,2,1002,20260902_002859
paper_main,encoder_pred,10,medium,10,0.5,1000,10,0.0,0.0,750,x_learner,h_y,frozen,1002,42,046578539f5ee11f7116ae6569884826,46,2.0,10000,histgbr,,,,,,,55.41858848486429,7.444366224526053,0.8026394985671149,0.8431126242002207,0.8270125880457251,0.4293483353753884,0.1147394578383747,0.8430200962391426,12.387181282043457,0.7844684688863386,12.387181282043457,0.783676487417731,10.960594177246094,0.8410210462790706,10.960594177246094,0.8403126904622215,6.564276218414307,0.8771598882310149,6.564276218414307,0.8762035569146153,paper_main_20260902_002859/task2_seed1002/results.parquet,2,1002,20260902_002859
paper_main,encoder_pred,10,medium,10,0.5,1000,10,0.0,0.0,750,x_learner,true_y,frozen,1002,42,046578539f5ee11f7116ae6569884826,46,2.0,10000,histgbr,,,,,,,8.717613632886774,2.9525605214604447,0.3183402891473071,0.9525010497796439,0.9495662261969806,0.16553256834546692,0.04423708113354275,0.9551594641796816,14.433208465576172,0.9140414343108795,14.433208465576172,0.9137255752310404,12.243744850158691,0.9394789130712695,12.243744850158691,0.9392092518175965,7.133277893066406,0.9531934719399073,7.133277893066406,0.9528290750995659,paper_main_20260902_002859/task2_seed1002/results.parquet,2,1002,20260902_002859
paper_main,encoder_pred,10,medium,10,0.5,1000,10,0.0,0.0,750,dml_learner,h_y,frozen,1002,42,046578539f5ee11f7116ae6569884826,46,2.0,10000,histgbr,,,,,,,51.66735247496139,7.188000589521497,0.7749985713848957,0.9319501581336143,0.9319174834848865,0.24725592617193826,0.06607690907078723,0.935876768619378,13.999670028686523,0.886585855350135,13.999670028686523,0.8861691093623134,12.045327186584473,0.9242540604473248,12.045327186584473,0.9239165624601445,7.002630710601807,0.9357355734366618,7.002630710601807,0.9352352638653992,paper_main_20260902_002859/task2_seed1002/results.parquet,2,1002,20260902_002859
paper_main,encoder_pred,10,medium,10,0.5,1000,10,0.0,0.0,750,dml_learner,true_y,frozen,1002,42,046578539f5ee11f7116ae6569884826,46,2.0,10000,histgbr,,,,,,,6.879214231427937,2.6228256197139634,0.2827888065609272,0.9615643761144463,0.9598301680966707,0.13556102629750955,0.036227457707016686,0.9631738475663765,14.500909805297852,0.9183288960912288,14.500909805297852,0.9180287915056851,12.365315437316895,0.9488071867720519,12.365315437316895,0.9485790891139521,7.25298547744751,0.9691895525194504,7.25298547744751,0.9689496879070398,paper_main_20260902_002859/task2_seed1002/results.parquet,2,1002,20260902_002859
paper_main,mi_mine_cond,10,medium,10,0.5,1000,10,0.0,0.0,750,x_learner,h_y,frozen,1002,42,170fb0fe08485992dcf5ba3960c91803,16,2.0,10000,histgbr,,,,,,,51.30501822845404,7.162752140654739,0.7722763245573221,0.6257218448388352,0.6367510479842055,1.2726671307086943,0.3401087754505037,0.6437797555268694,9.961934089660645,0.6308798591485157,9.961934089660645,0.629523508596308,8.44831657409668,0.6482506267035995,8.44831657409668,0.6466833518611386,4.776272296905518,0.6382355547991523,4.776272296905518,0.6354191566119208,paper_main_20260902_002859/task2_seed1002/results.parquet,2,1002,20260902_002859
paper_main,mi_mine_cond,10,medium,10,0.5,1000,10,0.0,0.0,750,x_learner,true_y,frozen,1002,42,170fb0fe08485992dcf5ba3960c91803,16,2.0,10000,histgbr,,,,,,,53.45863716893394,7.311541367518475,0.7883185378015666,0.6204295189858114,0.634576786031426,1.3246389524464806,0.35399777456319964,0.6378586830661207,9.860370635986328,0.6244479417344876,9.860370635986328,0.6230679567777303,8.294755935668945,0.6364677135960343,8.294755935668945,0.6348479381247554,4.780198097229004,0.6387601449380174,4.780198097229004,0.6359478307748953,paper_main_20260902_002859/task2_seed1002/results.parquet,2,1002,20260902_002859
paper_main,mi_mine_cond,10,medium,10,0.5,1000,10,0.0,0.0,750,dml_learner,h_y,frozen,1002,42,170fb0fe08485992dcf5ba3960c91803,16,2.0,10000,histgbr,,,,,,,52.36003283375564,7.236023274821305,0.7801762994662862,0.6170839343714388,0.6321499559690755,1.3239384806851544,0.35381057982293035,0.6431024880143048,10.065299034118652,0.6374258632691657,10.065299034118652,0.6360935663388583,8.056469917297363,0.6181837088017893,8.056469917297363,0.616482466061742,4.911383628845215,0.6562899810419891,4.911383628845215,0.6536141396563349,paper_main_20260902_002859/task2_seed1002/results.parquet,2,1002,20260902_002859
paper_main,mi_mine_cond,10,medium,10,0.5,1000,10,0.0,0.0,750,dml_learner,true_y,frozen,1002,42,170fb0fe08485992dcf5ba3960c91803,16,2.0,10000,histgbr,,,,,,,52.04565695401,7.2142675965069385,0.7778306374976823,0.6149145580703254,0.632836858338344,1.2963678376873333,0.346442574943956,0.6396970595245892,10.379023551940918,0.6572937401125357,10.379023551940918,0.6560344486965455,8.254170417785645,0.6333535325432542,8.254170417785645,0.6317198813468442,4.902071475982666,0.6550456325879752,4.902071475982666,0.6523601037364115,paper_main_20260902_002859/task2_seed1002/results.parquet,2,1002,20260902_002859
paper_main,mi_infonce_cond,10,medium,10,0.5,1000,10,0.0,0.0,750,x_learner,h_y,frozen,1002,42,0a7d44039a1dfc1e2ce0c5895278fca7,34,2.0,10000,histgbr,,,,,,,19.20920093626796,4.382830242693408,0.4725496519381926,0.9135800490311982,0.9121813639489824,0.31218542857219767,0.08342873109801727,0.9177056438120443,13.961806297302246,0.8841879810711492,13.961806297302246,0.883762423973495,11.675689697265625,0.8958912816614566,11.675689697265625,0.895427408837452,6.864437580108643,0.9172693378816078,6.864437580108643,0.9166252655027167,paper_main_20260902_002859/task2_seed1002/results.parquet,2,1002,20260902_002859
paper_main,mi_infonce_cond,10,medium,10,0.5,1000,10,0.0,0.0,750,x_learner,true_y,frozen,1002,42,0a7d44039a1dfc1e2ce0c5895278fca7,34,2.0,10000,histgbr,,,,,,,12.94880915472391,3.598445380261303,0.3879785476053691,0.9265106604633963,0.9254868613201126,0.2249145732447504,0.06010638464800111,0.9301171403313878,13.996490478515625,0.8863844974465475,13.996490478515625,0.8859670115589655,11.905838966369629,0.9135509428050138,11.905838966369629,0.9131657553881141,7.037588119506836,0.940406802353258,7.037588119506836,0.9399428590994359,paper_main_20260902_002859/task2_seed1002/results.parquet,2,1002,20260902_002859
paper_main,mi_infonce_cond,10,medium,10,0.5,1000,10,0.0,0.0,750,dml_learner,h_y,frozen,1002,42,0a7d44039a1dfc1e2ce0c5895278fca7,34,2.0,10000,histgbr,,,,,,,13.206228313780105,3.6340374673054905,0.3918160287335793,0.9638573721908839,0.96370323492187,0.11314548459897411,0.03023710700635605,0.9668677884560787,15.026793479919434,0.9516326115733565,15.026793479919434,0.9514548831680466,12.525870323181152,0.9611267778372053,12.525870323181152,0.9609535720612571,7.228801250457764,0.9659579039511329,7.228801250457764,0.9656928804009375,paper_main_20260902_002859/task2_seed1002/results.parquet,2,1002,20260902_002859
paper_main,mi_infonce_cond,10,medium,10,0.5,1000,10,0.0,0.0,750,dml_learner,true_y,frozen,1002,42,0a7d44039a1dfc1e2ce0c5895278fca7,34,2.0,10000,histgbr,,,,,,,6.729033467595703,2.5940380620946377,0.27968497876475795,0.9685202782582724,0.9686456126011804,0.13976615174859752,0.03735123943538494,0.971247222531026,15.3960599899292,0.9750179102238479,15.3960599899292,0.9749261122764776,12.721036911010742,0.9761021710723556,12.721036911010742,0.9759956905242405,7.27529239654541,0.972170343395953,7.27529239654541,0.9719536847512169,paper_main_20260902_002859/task2_seed1002/results.parquet,2,1002,20260902_002859
paper_main,autoencoder,10,medium,10,0.5,1000,10,0.0,0.0,750,x_learner,h_y,frozen,1002,42,b9f116f6359230079c37508f5f8441c8,54,2.0,10000,histgbr,,,,,,,159.00503604508404,12.609719903514275,1.359559558889491,0.11432825302800535,0.10705473512764027,3.239498282742997,0.865726604728288,0.12718330991369733,2.1007814407348633,0.13304050072045545,2.1007814407348633,0.12985481436674692,1.6732627153396606,0.12839168541392879,1.6732627153396606,0.12450809701936069,1.1329647302627563,0.1513938754403948,1.1329647302627563,0.14478733136844668,paper_main_20260902_002859/task2_seed1002/results.parquet,2,1002,20260902_002859
paper_main,autoencoder,10,medium,10,0.5,1000,10,0.0,0.0,750,x_learner,true_y,frozen,1002,42,b9f116f6359230079c37508f5f8441c8,54,2.0,10000,histgbr,,,,,,,161.82691793969343,12.721120938804624,1.3715706379267796,0.10768157098945952,0.10360457350455693,3.3332801750128467,0.8907889668885869,0.11975938710390087,1.685887098312378,0.10676563461983761,1.685887098312378,0.10348339994703021,1.363860011100769,0.10465080222524507,1.363860011100769,0.10066143257906952,0.8886528611183167,0.11874738636806043,0.8886528611183167,0.11188668378533952,paper_main_20260902_002859/task2_seed1002/results.parquet,2,1002,20260902_002859
paper_main,autoencoder,10,medium,10,0.5,1000,10,0.0,0.0,750,dml_learner,h_y,frozen,1002,42,b9f116f6359230079c37508f5f8441c8,54,2.0,10000,histgbr,,,,,,,110.66227262886176,10.519613711009628,1.1342076974003343,0.03893887811356109,0.036344028866175104,3.5232488183503348,0.9415563679634681,0.04794361329001064,0.4555355906486511,0.028848637892900063,0.4555355906486511,0.025280093290504,0.309626966714859,0.023758091148318863,0.309626966714859,0.019408291262222203,0.3674434721469879,0.049100108562696296,0.3674434721469879,0.04169718998954622,paper_main_20260902_002859/task2_seed1002/results.parquet,2,1002,20260902_002859
paper_main,autoencoder,10,medium,10,0.5,1000,10,0.0,0.0,750,dml_learner,true_y,frozen,1002,42,b9f116f6359230079c37508f5f8441c8,54,2.0,10000,histgbr,,,,,,,108.48280098875757,10.415507716321734,1.122983157815107,0.026064529892497582,0.02452976315950359,3.7156930654272435,0.9929853517381761,0.033755689909573464,0.7715838551521301,0.04886367541468314,0.7715838551521301,0.045368677075930404,0.03845158964395523,0.0029504418857680893,0.03845158964395523,-0.0014920697652830643,0.1648135632276535,0.02202342526266304,0.1648135632276535,0.01440971007095605,paper_main_20260902_002859/task2_seed1002/results.parquet,2,1002,20260902_002859
paper_main,pca,10,medium,10,0.5,1000,10,0.0,0.0,750,x_learner,h_y,frozen,1002,42,b4bf743fbcae0dbf7e5acfca52574495,0,2.0,10000,histgbr,,,,,,,198.6379150704743,14.093896376462908,1.519581060264303,0.06324029020496036,0.0627245445475492,3.473153831881781,0.9281689360946638,0.07430032980650456,1.9729101657867432,0.12494253387964499,1.9729101657867432,0.12172709113883998,1.3185473680496216,0.10117390253784864,1.3185473680496216,0.09716904101642468,0.5829346179962158,0.07789539125930753,0.5829346179962158,0.0707166488954655,paper_main_20260902_002859/task2_seed1002/results.parquet,2,1002,20260902_002859
paper_main,pca,10,medium,10,0.5,1000,10,0.0,0.0,750,x_learner,true_y,frozen,1002,42,b4bf743fbcae0dbf7e5acfca52574495,0,2.0,10000,histgbr,,,,,,,211.8206969181133,14.554061182986462,1.5691952837490986,0.04984475350178399,0.050887365197115106,3.5454614485402898,0.9474924923994261,0.06317439006176682,2.0264041423797607,0.12833025679715795,2.0264041423797607,0.1251272624148719,1.5063908100128174,0.11558738099912692,1.5063908100128174,0.1116467410055852,0.34080877900123596,0.045541013289213304,0.34080877900123596,0.038110386549577,paper_main_20260902_002859/task2_seed1002/results.parquet,2,1002,20260902_002859
paper_main,pca,10,medium,10,0.5,1000,10,0.0,0.0,750,dml_learner,h_y,frozen,1002,42,b4bf743fbcae0dbf7e5acfca52574495,0,2.0,10000,histgbr,,,,,,,110.77758502467431,10.525093112399258,1.134798477575728,0.0024304825430800764,-0.01342425208570826,3.6831842849353946,0.984297674294731,0.00961602429483119,-1.0055241584777832,-0.06367889345195452,-1.0055241584777832,-0.06758743512940725,0.2933863699436188,0.02251192844328048,0.2933863699436188,0.01815657608259398,0.5291507244110107,0.0707084490106732,0.5291507244110107,0.06347375507008196,paper_main_20260902_002859/task2_seed1002/results.parquet,2,1002,20260902_002859
paper_main,pca,10,medium,10,0.5,1000,10,0.0,0.0,750,dml_learner,true_y,frozen,1002,42,b4bf743fbcae0dbf7e5acfca52574495,0,2.0,10000,histgbr,,,,,,,109.14403723845116,10.447202364195459,1.126400423369939,0.004304946319904569,-0.013353078051430824,3.5745140533546604,0.9552565381649208,0.011343329234206447,-1.2971833944320679,-0.08214939687449532,-1.2971833944320679,-0.08612580934723689,0.6218157410621643,0.04771275322158616,0.6218157410621643,0.043469687112653754,0.4009030759334564,0.05357119133573087,0.4009030759334564,0.04620308090800245,paper_main_20260902_002859/task2_seed1002/results.parquet,2,1002,20260902_002859
paper_main,pls,10,medium,10,0.5,1000,10,0.0,0.0,750,x_learner,h_y,frozen,1002,42,2d76c26dca5bda0cb184a0dbfcc4efc8,0,2.0,10000,histgbr,,,,,,,14.952736307076853,3.866876815606731,0.41692038982095975,0.9176549220531947,0.9132936761555834,0.27337382946411726,0.07305668240797647,0.919278159163206,13.108567237854004,0.8301531588368398,13.108567237854004,0.8295290480628491,11.573905944824219,0.8880812782448362,11.573905944824219,0.8875826067181085,7.014456272125244,0.9373157793693538,7.014456272125244,0.936827771972015,paper_main_20260902_002859/task2_seed1002/results.parquet,2,1002,20260902_002859
paper_main,pls,10,medium,10,0.5,1000,10,0.0,0.0,750,x_learner,true_y,frozen,1002,42,2d76c26dca5bda0cb184a0dbfcc4efc8,0,2.0,10000,histgbr,,,,,,,15.320194640634773,3.9141020222568,0.42201213504709595,0.913261840465494,0.9100798029876824,0.29106931797911706,0.07778564160289467,0.9152095818528402,13.545897483825684,0.8578488694786474,13.545897483825684,0.857326527988598,11.5838041305542,0.8888407792704444,11.5838041305542,0.8883454918203934,6.902215003967285,0.9223173949387661,6.902215003967285,0.921712622548952,paper_main_20260902_002859/task2_seed1002/results.parquet,2,1002,20260902_002859
paper_main,pls,10,medium,10,0.5,1000,10,0.0,0.0,750,dml_learner,h_y,frozen,1002,42,2d76c26dca5bda0cb184a0dbfcc4efc8,0,2.0,10000,histgbr,,,,,,,6.263190142277815,2.5026366380834864,0.2698302253950308,0.9701213904380273,0.9723177371741756,0.13067230762292903,0.034920991874896314,0.9729591446184365,15.271186828613281,0.9671098110823186,15.271186828613281,0.9669889544262776,12.596808433532715,0.9665699538935532,12.596808433532715,0.9664210010475142,7.231978416442871,0.9663824568595816,7.231978416442871,0.9661207385265174,paper_main_20260902_002859/task2_seed1002/results.parquet,2,1002,20260902_002859
paper_main,pls,10,medium,10,0.5,1000,10,0.0,0.0,750,dml_learner,true_y,frozen,1002,42,2d76c26dca5bda0cb184a0dbfcc4efc8,0,2.0,10000,histgbr,,,,,,,5.544886460661762,2.354758259495391,0.25388621833532665,0.9646810394329588,0.967398311692059,0.12948208240916292,0.03460291495580523,0.9680778217387463,15.365426063537598,0.9730778926536495,15.365426063537598,0.972978966013988,12.635855674743652,0.9695661009204825,12.635855674743652,0.9694304978803453,7.230865955352783,0.9662338028095424,7.230865955352783,0.9659709271792297,paper_main_20260902_002859/task2_seed1002/results.parquet,2,1002,20260902_002859
paper_main,ica,10,medium,10,0.5,1000,10,0.0,0.0,750,x_learner,h_y,frozen,1002,42,2c668c4e1d12971d94a618fc9ef854ed,0,2.0,10000,histgbr,,,,,,,169.88447932457998,13.033974041886841,1.40530195234758,0.10373091507718235,0.11788099277885036,3.3607818949123223,0.8981385526931521,0.11847910565575769,2.7029800415039062,0.17117716826043802,2.7029800415039062,0.16813161701276275,1.7049851417541504,0.13082578960775162,1.7049851417541504,0.12695304674854627,0.5234671235084534,0.06994897049902075,0.5234671235084534,0.06270836388809434,paper_main_20260902_002859/task2_seed1002/results.parquet,2,1002,20260902_002859
paper_main,ica,10,medium,10,0.5,1000,10,0.0,0.0,750,x_learner,true_y,frozen,1002,42,2c668c4e1d12971d94a618fc9ef854ed,0,2.0,10000,histgbr,,,,,,,173.989293176117,13.190500110917592,1.4221783393723897,0.09894549856977522,0.11484350741703797,3.340462413549423,0.8927083551518071,0.11575795798535106,1.7503576278686523,0.11084849224965336,1.7503576278686523,0.10758126024288313,1.7074487209320068,0.13101482333204129,1.7074487209320068,0.127142922742426,0.7620698809623718,0.10183257214771077,0.7620698809623718,0.09484018483825808,paper_main_20260902_002859/task2_seed1002/results.parquet,2,1002,20260902_002859
paper_main,ica,10,medium,10,0.5,1000,10,0.0,0.0,750,dml_learner,h_y,frozen,1002,42,2c668c4e1d12971d94a618fc9ef854ed,0,2.0,10000,histgbr,,,,,,,128.83367395343822,11.3504922339711,1.2237916728424396,-0.028988481757300896,-0.04081705250258451,3.737749754051367,0.9988798022016421,-0.019035002677333688,-0.029523169621825218,-0.0018696743950520674,-0.029523169621825218,-0.005551094983403655,0.1858806610107422,0.014262871654425057,0.1858806610107422,0.00987076431942817,-0.06530294567346573,-0.008726190462157349,-0.06530294567346573,-0.016579296680634178,paper_main_20260902_002859/task2_seed1002/results.parquet,2,1002,20260902_002859
paper_main,ica,10,medium,10,0.5,1000,10,0.0,0.0,750,dml_learner,true_y,frozen,1002,42,2c668c4e1d12971d94a618fc9ef854ed,0,2.0,10000,histgbr,,,,,,,126.8346391804587,11.262088579853147,1.2142601341630337,-0.022207228812851216,-0.033263719676171574,3.809762184202671,1.0181244725832337,-0.012073445926422831,0.8051022291183472,0.05098636232029532,0.8051022291183472,0.04749916390150889,-0.0727991983294487,-0.005585979825292079,-0.0727991983294487,-0.010066526850413702,0.00437138881534338,0.0005841324766201204,0.00437138881534338,-0.007196491282634504,paper_main_20260902_002859/task2_seed1002/results.parquet,2,1002,20260902_002859
paper_main,raw_x,10,medium,10,0.5,1000,10,0.0,0.0,750,x_learner,h_y,frozen,1002,42,dd34b7e5891261e9fb24703963931ff3,0,2.0,10000,histgbr,,,,,,,95.88614034845867,9.792146871266723,1.0557734020063536,-0.001603458850593512,0.010111224934711747,3.832752493493259,1.0242684247223104,0.02389790028041564,-0.5394903421401978,-0.03416541286040438,-0.5394903421401978,-0.03796550576666413,0.056404341012239456,0.0043279805023046635,0.056404341012239456,-0.00010839330805047558,-0.09821905195713043,-0.01312464767938794,-0.09821905195713043,-0.021011996640891508,paper_main_20260902_002859/task2_seed1002/results.parquet,2,1002,20260902_002859
paper_main,raw_x,10,medium,10,0.5,1000,10,0.0,0.0,750,x_learner,true_y,frozen,1002,42,dd34b7e5891261e9fb24703963931ff3,0,2.0,10000,histgbr,,,,,,,50.65228080868003,7.11704157699532,0.7673478856831113,0.6953204894586478,0.6954484073485683,0.9582507091884809,0.25608383167339743,0.7125575513179154,10.738262176513672,0.6800439822674591,10.738262176513672,0.6788682877623242,9.223934173583984,0.7077648021656793,9.223934173583984,0.7064627021239505,5.616559982299805,0.7505200820916982,5.616559982299805,0.7485778381872219,paper_main_20260902_002859/task2_seed1002/results.parquet,2,1002,20260902_002859
paper_main,raw_x,10,medium,10,0.5,1000,10,0.0,0.0,750,dml_learner,h_y,frozen,1002,42,dd34b7e5891261e9fb24703963931ff3,0,2.0,10000,histgbr,,,,,,,292.542254028328,17.103866639690803,1.844111174704364,-0.02320574436576776,-0.009658640564852553,3.8266442983075972,1.0226360648265604,-0.006551263439536794,0.8170190453529358,0.051741043015822,0.8170190453529358,0.04825661770926878,0.2675614058971405,0.02053034442226296,0.2675614058971405,0.016166162801256084,-0.14392207562923431,-0.019231773248477125,-0.14392207562923431,-0.027166667228873936,paper_main_20260902_002859/task2_seed1002/results.parquet,2,1002,20260902_002859
paper_main,raw_x,10,medium,10,0.5,1000,10,0.0,0.0,750,dml_learner,true_y,frozen,1002,42,dd34b7e5891261e9fb24703963931ff3,0,2.0,10000,histgbr,,,,,,,588.2997688759078,24.25489164840585,2.615123098906328,0.30527538004512,0.33663145615566037,2.597385761621098,0.6941278433627818,0.32948453699376584,5.8368425369262695,0.36964171459335066,5.8368425369262695,0.36732543131894646,4.619070053100586,0.3544274211848465,4.619070053100586,0.3515509706818145,2.342010974884033,0.312954241505294,2.342010974884033,0.30760547256340603,paper_main_20260902_002859/task2_seed1002/results.parquet,2,1002,20260902_002859
paper_main,encoder_pred,10,medium,10,0.5,1000,10,0.0,0.0,50,x_learner,h_y,frozen,1003,42,046578539f5ee11f7116ae6569884826,46,2.0,10000,histgbr,,,,,,,182.3960504757493,13.505408193599678,1.497059245353298,,,4.20601824760437,1.25975991703878,0.12809371241574632,7.498932838439941,0.5446045564152403,7.498932838439941,0.5715880903096897,3.635960340499878,0.3062402652799812,3.635960340499878,0.3534671435665809,1.4129083156585693,0.21415003262389493,1.4129083156585693,0.30544861417294306,paper_main_20260902_002859/task3_seed1003/results.parquet,3,1003,20260902_002859
paper_main,encoder_pred,10,medium,10,0.5,1000,10,0.0,0.0,50,x_learner,true_y,frozen,1003,42,046578539f5ee11f7116ae6569884826,46,2.0,10000,histgbr,,,,,,,177.61259685817467,13.327137609335873,1.4772981524251227,,,4.20601824760437,1.25975991703878,0.26770967364187703,2.7217488288879395,0.19766503388748646,2.7217488288879395,0.24520576592111598,1.3144090175628662,0.11070664378300447,1.3144090175628662,0.17124424346380918,2.8921926021575928,0.438360460648818,2.8921926021575928,0.5036106934074112,paper_main_20260902_002859/task3_seed1003/results.parquet,3,1003,20260902_002859
paper_main,encoder_pred,10,medium,10,0.5,1000,10,0.0,0.0,50,dml_learner,h_y,frozen,1003,42,046578539f5ee11f7116ae6569884826,46,2.0,10000,histgbr,,,,,,,507.3400578118568,22.524210481432124,2.496783293191526,-0.22352941176470587,-0.26924967672078376,4.4297700411081316,1.3267766355188115,-0.4287492423085643,-8.13514232635498,-0.5908088088626083,-8.13514232635498,-0.49654865756282174,-5.29923677444458,-0.44633041166896487,-5.29923677444458,-0.3478731693476532,-1.8910428285598755,-0.28661936442813074,-1.8910428285598755,-0.13714232957116154,paper_main_20260902_002859/task3_seed1003/results.parquet,3,1003,20260902_002859
paper_main,encoder_pred,10,medium,10,0.5,1000,10,0.0,0.0,50,dml_learner,true_y,frozen,1003,42,046578539f5ee11f7116ae6569884826,46,2.0,10000,histgbr,,,,,,,372.50236987421465,19.300320460402066,2.1394187253976744,0.22967587034813922,0.21883050652492458,2.2485176092386245,0.6734617374729772,0.12744071854241346,-3.139746904373169,-0.22802184083408872,-3.139746904373169,-0.15525789593286285,0.5547987818717957,0.04672815713772906,0.5547987818717957,0.11162101707729849,0.7349190711975098,0.11138935295989935,0.7349190711975098,0.21462647835550944,paper_main_20260902_002859/task3_seed1003/results.parquet,3,1003,20260902_002859
paper_main,mi_mine_cond,10,medium,10,0.5,1000,10,0.0,0.0,50,x_learner,h_y,frozen,1003,42,170fb0fe08485992dcf5ba3960c91803,16,2.0,10000,histgbr,,,,,,,147.2478135680841,12.134571008819558,1.345103491633708,,,4.20601824760437,1.25975991703878,-0.2708919242817548,-6.271177291870117,-0.4554397006642302,-6.271177291870117,-0.3692005714690543,-6.036946773529053,-0.5084643418174616,-6.036946773529053,-0.40577740525225525,-0.8919587135314941,-0.1351913535259391,-0.8919587135314941,-0.0033069421672250366,paper_main_20260902_002859/task3_seed1003/results.parquet,3,1003,20260902_002859
paper_main,mi_mine_cond,10,medium,10,0.5,1000,10,0.0,0.0,50,x_learner,true_y,frozen,1003,42,170fb0fe08485992dcf5ba3960c91803,16,2.0,10000,histgbr,,,,,,,177.6125968581747,13.327137609335873,1.4772981524251227,,,4.20601824760437,1.25975991703878,-0.024261720236296507,2.3450942039489746,0.17031076503937287,2.3450942039489746,0.2194723188247764,0.45433148741722107,0.038266257660161875,0.45433148741722107,0.1037351514579975,0.43966537714004517,0.06663868689473423,0.43966537714004517,0.17507486109703507,paper_main_20260902_002859/task3_seed1003/results.parquet,3,1003,20260902_002859
paper_main,mi_mine_cond,10,medium,10,0.5,1000,10,0.0,0.0,50,dml_learner,h_y,frozen,1003,42,170fb0fe08485992dcf5ba3960c91803,16,2.0,10000,histgbr,,,,,,,263.96951269504547,16.247138600228826,1.8009769644382787,-0.004849939975990396,-0.006485261346438932,3.120987482666969,0.9347783820203337,-0.16311040209345293,-0.7474973797798157,-0.054286454847251434,-0.7474973797798157,0.008183151929863356,-0.4568273425102234,-0.0384764720888694,-0.4568273425102234,0.03221659281007745,-0.2315194308757782,-0.035090665916283355,-0.2315194308757782,0.08516423450491606,paper_main_20260902_002859/task3_seed1003/results.parquet,3,1003,20260902_002859
paper_main,mi_mine_cond,10,medium,10,0.5,1000,10,0.0,0.0,50,dml_learner,true_y,frozen,1003,42,170fb0fe08485992dcf5ba3960c91803,16,2.0,10000,histgbr,,,,,,,305.77759944923906,17.48649763243741,1.9383585134357582,0.1036734693877551,0.08665052277933571,3.037454724907875,0.9097591800602486,-0.03040075826092775,2.3138248920440674,0.16803985395025256,2.3138248920440674,0.2173359659689625,-0.45682740211486816,-0.03847647710909529,-0.45682740211486816,0.032216588131597536,0.19122013449668884,0.02898262936595742,0.19122013449668884,0.14179361400514828,paper_main_20260902_002859/task3_seed1003/results.parquet,3,1003,20260902_002859
paper_main,mi_infonce_cond,10,medium,10,0.5,1000,10,0.0,0.0,50,x_learner,h_y,frozen,1003,42,0a7d44039a1dfc1e2ce0c5895278fca7,34,2.0,10000,histgbr,,,,,,,160.89376567266538,12.684390630718742,1.4060503757590548,,,4.20601824760437,1.25975991703878,0.04537185787185787,2.3450942039489746,0.17031076503937287,2.3450942039489746,0.2194723188247764,0.4059080183506012,0.034187770926530484,0.4059080183506012,0.09993430291367449,0.998250424861908,0.15130165112755523,0.998250424861908,0.24990184026262632,paper_main_20260902_002859/task3_seed1003/results.parquet,3,1003,20260902_002859
paper_main,mi_infonce_cond,10,medium,10,0.5,1000,10,0.0,0.0,50,x_learner,true_y,frozen,1003,42,0a7d44039a1dfc1e2ce0c5895278fca7,34,2.0,10000,histgbr,,,,,,,177.61259685817467,13.327137609335873,1.4772981524251227,,,4.20601824760437,1.25975991703878,-0.11090848760340286,4.159409523010254,0.30207409867929674,4.159409523010254,0.34342828322241936,1.0497928857803345,0.08841924050970473,1.0497928857803345,0.15047402896500248,-0.34775152802467346,-0.052707596272289985,-0.34775152802467346,0.06959400621612731,paper_main_20260902_002859/task3_seed1003/results.parquet,3,1003,20260902_002859
paper_main,mi_infonce_cond,10,medium,10,0.5,1000,10,0.0,0.0,50,dml_learner,h_y,frozen,1003,42,0a7d44039a1dfc1e2ce0c5895278fca7,34,2.0,10000,histgbr,,,,,,,181.66228366957267,13.47821515147954,1.4940449273458996,0.2276590636254502,0.2542985345033927,2.6670597267150877,0.7988208187108436,0.1167333061400858,-3.8121047019958496,-0.27685133804596196,-3.8121047019958496,-0.20119410026790416,0.16371344029903412,0.013788832300679562,0.16371344029903412,0.08092399805171253,0.5961161851882935,0.09035143971546529,0.5961161851882935,0.19603271058121127,paper_main_20260902_002859/task3_seed1003/results.parquet,3,1003,20260902_002859
paper_main,mi_infonce_cond,10,medium,10,0.5,1000,10,0.0,0.0,50,dml_learner,true_y,frozen,1003,42,0a7d44039a1dfc1e2ce0c5895278fca7,34,2.0,10000,histgbr,,,,,,,198.37784722259866,14.084667096619595,1.5612694405423737,0.30785114045618245,0.333823464842792,2.447862939834595,0.7331683869333505,0.2074774134096168,0.14236469566822052,0.01033913272781245,0.14236469566822052,0.0689794813132917,3.5472054481506348,0.29876484771968087,3.5472054481506348,0.3465006062678372,1.7448759078979492,0.2644653078050753,1.7448759078979492,0.3499183546528498,paper_main_20260902_002859/task3_seed1003/results.parquet,3,1003,20260902_002859
paper_main,autoencoder,10,medium,10,0.5,1000,10,0.0,0.0,50,x_learner,h_y,frozen,1003,42,b9f116f6359230079c37508f5f8441c8,54,2.0,10000,histgbr,,,,,,,152.68088461860305,12.356410668903937,1.3696941674100047,,,4.20601824760437,1.25975991703878,0.1440382275128038,2.3450942039489746,0.17031076503937287,2.3450942039489746,0.2194723188247764,0.4059080183506012,0.034187770926530484,0.4059080183506012,0.09993430291367449,2.7604970932006836,0.4183997900044549,2.7604970932006836,0.48596901619977606,paper_main_20260902_002859/task3_seed1003/results.parquet,3,1003,20260902_002859
paper_main,autoencoder,10,medium,10,0.5,1000,10,0.0,0.0,50,x_learner,true_y,frozen,1003,42,b9f116f6359230079c37508f5f8441c8,54,2.0,10000,histgbr,,,,,,,177.61259685817467,13.327137609335873,1.4772981524251227,,,4.20601824760437,1.25975991703878,-0.12266897097405571,0.2548101544380188,0.018505402584280992,0.2548101544380188,0.07666187540295709,-0.24382266402244568,-0.02053606484091627,-0.24382266402244568,0.0489357279271926,-0.8098419904708862,-0.12274518222982081,-0.8098419904708862,0.007693256192295498,paper_main_20260902_002859/task3_seed1003/results.parquet,3,1003,20260902_002859
paper_main,autoencoder,10,medium,10,0.5,1000,10,0.0,0.0,50,dml_learner,h_y,frozen,1003,42,b9f116f6359230079c37508f5f8441c8,54,2.0,10000,histgbr,,,,,,,434.2035988798376,20.837552612527162,2.3098191733222206,0.18463385354141656,0.2236805267585283,3.256948021352291,0.9755004205022931,0.0020469898383033975,2.4861013889312744,0.18055130953858498,2.4861013889312744,0.22910608061791457,2.4457666873931885,0.2059957120041794,2.4457666873931885,0.26004662039734244,-0.014438409358263016,-0.0021883839176556705,-0.014438409358263016,0.11424399082955104,paper_main_20260902_002859/task3_seed1003/results.parquet,3,1003,20260902_002859
paper_main,autoencoder,10,medium,10,0.5,1000,10,0.0,0.0,50,dml_learner,true_y,frozen,1003,42,b9f116f6359230079c37508f5f8441c8,54,2.0,10000,histgbr,,,,,,,443.7130291398596,21.06449688788839,2.334975689936842,0.2059543817527011,0.22629446727771585,3.256948021352291,0.9755004205022931,0.031175890391992086,2.2256455421447754,0.16163589264382236,2.2256455421447754,0.21131145840851306,2.4457666873931885,0.2059957120041794,2.4457666873931885,0.26004662039734244,-0.014438476413488388,-0.0021883940810035266,-0.014438476413488388,0.11424398184696197,paper_main_20260902_002859/task3_seed1003/results.parquet,3,1003,20260902_002859
paper_main,pca,10,medium,10,0.5,1000,10,0.0,0.0,50,x_learner,h_y,frozen,1003,42,b4bf743fbcae0dbf7e5acfca52574495,0,2.0,10000,histgbr,,,,,,,154.17258344195045,12.41662528394694,1.3763688894815849,,,4.20601824760437,1.25975991703878,-0.10485904002853155,-1.4777342081069946,-0.10731937466893765,-1.4777342081069946,-0.04170740972884809,-0.04102449491620064,-0.0034553050719984733,-0.04102449491620064,0.06485373505671878,-1.0881812572479248,-0.1649321821931063,-1.0881812572479248,-0.029592536904088952,paper_main_20260902_002859/task3_seed1003/results.parquet,3,1003,20260902_002859
paper_main,pca,10,medium,10,0.5,1000,10,0.0,0.0,50,x_learner,true_y,frozen,1003,42,b4bf743fbcae0dbf7e5acfca52574495,0,2.0,10000,histgbr,,,,,,,177.61259685817467,13.327137609335873,1.4772981524251227,,,4.20601824760437,1.25975991703878,-0.06023967252780812,-1.0320087671279907,-0.07494888792140497,-1.0320087671279907,-0.011254970556530767,-0.6250256896018982,-0.05264304752129761,-0.6250256896018982,0.019014390344545672,0.7325118184089661,0.111024493288902,0.7325118184089661,0.21430400739967323,paper_main_20260902_002859/task3_seed1003/results.parquet,3,1003,20260902_002859
paper_main,pca,10,medium,10,0.5,1000,10,0.0,0.0,50,dml_learner,h_y,frozen,1003,42,b4bf743fbcae0dbf7e5acfca52574495,0,2.0,10000,histgbr,,,,,,,338.6041029193088,18.40119840986746,2.0397520615576474,0.03750300120048019,0.05361628161820289,3.7069763436913488,1.1102900501806379,-0.14918851825631488,0.8060436248779297,0.05853833341829215,0.8060436248779297,0.114322736069664,1.741996169090271,0.14672034867838338,1.741996169090271,0.20480635773980746,-0.3795851469039917,-0.05753251693132446,-0.3795851469039917,0.06532963582819276,paper_main_20260902_002859/task3_seed1003/results.parquet,3,1003,20260902_002859
paper_main,pca,10,medium,10,0.5,1000,10,0.0,0.0,50,dml_learner,true_y,frozen,1003,42,b4bf743fbcae0dbf7e5acfca52574495,0,2.0,10000,histgbr,,,,,,,369.7706410804404,19.229421236231744,2.131559626471449,0.05162064825930372,0.055919765696906015,3.3107437124848365,0.991612964815856,-0.12960606096199317,1.668914794921875,0.12120372607208793,1.668914794921875,0.17327501790844577,1.741996169090271,0.14672034867838338,1.741996169090271,0.20480635773980746,-0.3112361431121826,-0.047173075182972785,-0.3112361431121826,0.07448553698161069,paper_main_20260902_002859/task3_seed1003/results.parquet,3,1003,20260902_002859
paper_main,pls,10,medium,10,0.5,1000,10,0.0,0.0,50,x_learner,h_y,frozen,1003,42,2d76c26dca5bda0cb184a0dbfcc4efc8,0,2.0,10000,histgbr,,,,,,,141.43786564600578,11.89276526489974,1.3182995980137988,,,4.20601824760437,1.25975991703878,0.05322975873823332,4.124212265014648,0.29951792335532657,4.124212265014648,0.34102356888574314,3.278477907180786,0.2761311593051011,3.278477907180786,0.32540767958161515,1.4503295421600342,0.21982184925014187,1.4503295421600342,0.3104614897362901,paper_main_20260902_002859/task3_seed1003/results.parquet,3,1003,20260902_002859
paper_main,pls,10,medium,10,0.5,1000,10,0.0,0.0,50,x_learner,true_y,frozen,1003,42,2d76c26dca5bda0cb184a0dbfcc4efc8,0,2.0,10000,histgbr,,,,,,,177.61259685817467,13.327137609335873,1.4772981524251227,,,4.20601824760437,1.25975991703878,0.00819064330716873,4.159409523010254,0.30207409867929674,4.159409523010254,0.34342828322241936,0.7369817495346069,0.06207259302860107,0.7369817495346069,0.125920898535378,0.729968786239624,0.11063905396775654,0.729968786239624,0.2139633476990084,paper_main_20260902_002859/task3_seed1003/results.parquet,3,1003,20260902_002859
paper_main,pls,10,medium,10,0.5,1000,10,0.0,0.0,50,dml_learner,h_y,frozen,1003,42,2d76c26dca5bda0cb184a0dbfcc4efc8,0,2.0,10000,histgbr,,,,,,,344.85290711761047,18.57021559157595,2.05848742526329,0.09243697478991596,0.15043675529564526,3.143251832425594,0.9414468588917364,-0.03211412194463042,2.9632515907287598,0.21520399673979773,2.9632515907287598,0.2617054930821928,-0.918670654296875,-0.07737541626709016,-0.918670654296875,-0.004034351476763822,0.6443960666656494,0.09766906824016852,0.6443960666656494,0.20250019069038558,paper_main_20260902_002859/task3_seed1003/results.parquet,3,1003,20260902_002859
paper_main,pls,10,medium,10,0.5,1000,10,0.0,0.0,50,dml_learner,true_y,frozen,1003,42,2d76c26dca5bda0cb184a0dbfcc4efc8,0,2.0,10000,histgbr,,,,,,,400.3222371559342,20.008054307101784,2.2178702229950136,0.11865546218487394,0.15171475154359293,3.142434120774269,0.941201943082676,-0.00039445725356742305,2.9632515907287598,0.21520399673979773,2.9632515907287598,0.2617054930821928,0.8611431121826172,0.0725301352111495,0.8611431121826172,0.13566655582879905,0.6443960666656494,0.09766906824016852,0.6443960666656494,0.20250019069038558,paper_main_20260902_002859/task3_seed1003/results.parquet,3,1003,20260902_002859
paper_main,ica,10,medium,10,0.5,1000,10,0.0,0.0,50,x_learner,h_y,frozen,1003,42,2c668c4e1d12971d94a618fc9ef854ed,0,2.0,10000,histgbr,,,,,,,151.36834428183357,12.303184314714365,1.3637940861615379,,,4.20601824760437,1.25975991703878,0.08844329691787318,2.1308743953704834,0.15475320687213404,2.1308743953704834,0.2048365922305898,3.0196921825408936,0.2543348244876819,3.0196921825408936,0.30509510463090495,1.6787606477737427,0.25444442750051244,1.6787606477737427,0.34106168150698174,paper_main_20260902_002859/task3_seed1003/results.parquet,3,1003,20260902_002859
paper_main,ica,10,medium,10,0.5,1000,10,0.0,0.0,50,x_learner,true_y,frozen,1003,42,2c668c4e1d12971d94a618fc9ef854ed,0,2.0,10000,histgbr,,,,,,,177.6125968581747,13.327137609335873,1.4772981524251227,,,4.20601824760437,1.25975991703878,0.01472395116462913,2.3450942039489746,0.17031076503937287,2.3450942039489746,0.2194723188247764,0.1390375792980194,0.011710497689933017,0.1390375792980194,0.07898714362609113,0.929273784160614,0.14084708044326869,0.929273784160614,0.24066186207538673,paper_main_20260902_002859/task3_seed1003/results.parquet,3,1003,20260902_002859
paper_main,ica,10,medium,10,0.5,1000,10,0.0,0.0,50,dml_learner,h_y,frozen,1003,42,2c668c4e1d12971d94a618fc9ef854ed,0,2.0,10000,histgbr,,,,,,,305.7024380589987,17.484348373874237,1.9381202705513871,0.036350540216086434,0.056514454275475176,3.7069763436913488,1.1102900501806379,-0.1506195540093845,1.668914794921875,0.12120372607208793,1.668914794921875,0.17327501790844577,1.741996169090271,0.14672034867838338,1.741996169090271,0.20480635773980746,-1.1021299362182617,-0.1670463392289544,-1.1021299362182617,-0.031461075123931585,paper_main_20260902_002859/task3_seed1003/results.parquet,3,1003,20260902_002859
paper_main,ica,10,medium,10,0.5,1000,10,0.0,0.0,50,dml_learner,true_y,frozen,1003,42,2c668c4e1d12971d94a618fc9ef854ed,0,2.0,10000,histgbr,,,,,,,338.7048569411152,18.403935908960214,2.0400555102403684,0.05315726290516206,0.057307912902178106,3.3107437124848365,0.991612964815856,-0.1284373030135742,1.668914794921875,0.12120372607208793,1.668914794921875,0.17327501790844577,1.741996169090271,0.14672034867838338,1.741996169090271,0.20480635773980746,-0.3112359941005707,-0.047173052597755324,-0.3112359941005707,0.07448555694291976,paper_main_20260902_002859/task3_seed1003/results.parquet,3,1003,20260902_002859
paper_main,raw_x,10,medium,10,0.5,1000,10,0.0,0.0,50,x_learner,h_y,frozen,1003,42,dd34b7e5891261e9fb24703963931ff3,0,2.0,10000,histgbr,,,,,,,134.93732414975509,11.61625258634449,1.287648479887305,,,4.20601824760437,1.25975991703878,-0.05519788337584948,-0.9154039621353149,-0.06648054856338334,-0.9154039621353149,-0.003288405481312974,2.563983201980591,0.21595254689714297,2.563983201980591,0.26932565546123477,-0.8702144622802734,-0.13189564632171005,-0.8702144622802734,-0.0003941240708898904,paper_main_20260902_002859/task3_seed1003/results.parquet,3,1003,20260902_002859
paper_main,raw_x,10,medium,10,0.5,1000,10,0.0,0.0,50,x_learner,true_y,frozen,1003,42,dd34b7e5891261e9fb24703963931ff3,0,2.0,10000,histgbr,,,,,,,177.61259685817467,13.327137609335873,1.4772981524251227,,,4.20601824760437,1.25975991703878,0.018291641172997104,-0.9154039621353149,-0.06648054856338334,-0.9154039621353149,-0.003288405481312974,2.563983201980591,0.21595254689714297,2.563983201980591,0.26932565546123477,0.0766490176320076,0.011617448524133732,0.0766490176320076,0.12644588744215443,paper_main_20260902_002859/task3_seed1003/results.parquet,3,1003,20260902_002859
paper_main,raw_x,10,medium,10,0.5,1000,10,0.0,0.0,50,dml_learner,h_y,frozen,1003,42,dd34b7e5891261e9fb24703963931ff3,0,2.0,10000,histgbr,,,,,,,2053.186544677369,45.31210152572234,5.022795278977012,-0.20220888355342137,-0.18862187189148277,4.629903125464916,1.3867192279908291,-0.4227091379633752,-7.581883907318115,-0.5506288176059787,-7.581883907318115,-0.458749450240738,-3.2241382598876953,-0.27155438001053683,-3.2241382598876953,-0.1849948105599037,-2.5022058486938477,-0.37925140519802575,-2.5022058486938477,-0.219012552844871,paper_main_20260902_002859/task3_seed1003/results.parquet,3,1003,20260902_002859
paper_main,raw_x,10,medium,10,0.5,1000,10,0.0,0.0,50,dml_learner,true_y,frozen,1003,42,dd34b7e5891261e9fb24703963931ff3,0,2.0,10000,histgbr,,,,,,,3460.330058811908,58.82457019657609,6.520637170259873,-0.04009603841536614,-0.023122380507971135,3.839563522040844,1.150001721163782,-0.20880548677158847,-5.59853982925415,-0.40658989298513515,-5.59853982925415,-0.3232452601223558,-1.9511369466781616,-0.16433531727305506,-1.9511369466781616,-0.08507455946064688,-0.5154078006744385,-0.07811872582659005,-0.5154078006744385,0.04713509423538393,paper_main_20260902_002859/task3_seed1003/results.parquet,3,1003,20260902_002859
paper_main,encoder_pred,10,medium,10,0.5,1000,10,0.0,0.0,100,x_learner,h_y,frozen,1003,42,046578539f5ee11f7116ae6569884826,46,2.0,10000,histgbr,,,,,,,89.22433227116298,9.445863235891306,0.9667738581297911,0.2648064806480648,0.2568600289967284,2.8584284639358524,0.7037471770058198,0.3074393370321818,3.857109546661377,0.22187943611024738,3.857109546661377,0.21314208758917905,3.2538065910339355,0.2374028302026612,3.2538065910339355,0.2265090741957979,2.2071380615234375,0.272017393301421,2.2071380615234375,0.25427659277412384,paper_main_20260902_002859/task3_seed1003/results.parquet,3,1003,20260902_002859
paper_main,encoder_pred,10,medium,10,0.5,1000,10,0.0,0.0,100,x_learner,true_y,frozen,1003,42,046578539f5ee11f7116ae6569884826,46,2.0,10000,histgbr,,,,,,,45.08768333232761,6.714736281666437,0.6872459762792874,0.7307650765076507,0.7392883260284475,1.5098706007003786,0.3717312454354354,0.7511769177088148,13.467022895812988,0.7746877318517351,13.467022895812988,0.7721577488333674,10.834821701049805,0.790525578151553,10.834821701049805,0.7875332208078951,5.1037116050720215,0.629003844922893,5.1037116050720215,0.6199627377273987,paper_main_20260902_002859/task3_seed1003/results.parquet,3,1003,20260902_002859
paper_main,encoder_pred,10,medium,10,0.5,1000,10,0.0,0.0,100,dml_learner,h_y,frozen,1003,42,046578539f5ee11f7116ae6569884826,46,2.0,10000,histgbr,,,,,,,91.65371846580439,9.573594855946453,0.9798470509171553,0.22709870987098707,0.21918176762664882,3.0192571353912356,0.7433433134655295,0.29992436515349036,1.3054512739181519,0.07509581696404766,1.3054512739181519,0.06471026674110808,3.6671364307403564,0.2675600233265266,3.6671364307403564,0.2570970650156875,2.8205554485321045,0.347617647553162,2.8205554485321045,0.33171921114027064,paper_main_20260902_002859/task3_seed1003/results.parquet,3,1003,20260902_002859
paper_main,encoder_pred,10,medium,10,0.5,1000,10,0.0,0.0,100,dml_learner,true_y,frozen,1003,42,046578539f5ee11f7116ae6569884826,46,2.0,10000,histgbr,,,,,,,22.498238797246735,4.743230839548792,0.48546453238141724,0.8692469246924691,0.8775908598238881,0.5823768949508668,0.14338161718791398,0.8830497661619979,13.966371536254883,0.8034126600455864,13.966371536254883,0.8012052230702351,12.805851936340332,0.9343350343012803,12.805851936340332,0.933397005492819,6.89799690246582,0.8501394494166326,6.89799690246582,0.8464873757127463,paper_main_20260902_002859/task3_seed1003/results.parquet,3,1003,20260902_002859
paper_main,mi_mine_cond,10,medium,10,0.5,1000,10,0.0,0.0,100,x_learner,h_y,frozen,1003,42,170fb0fe08485992dcf5ba3960c91803,16,2.0,10000,histgbr,,,,,,,63.24949308819747,7.952954990957604,0.8139763183237703,0.5679087908790877,0.5923609427876018,2.0404988718032837,0.5023723136096462,0.6003463618747997,12.766084671020508,0.7343664041363501,12.766084671020508,0.731383661597889,10.289712905883789,0.7507535858341936,10.289712905883789,0.7471930826890935,3.88995361328125,0.47941497652296877,3.88995361328125,0.4667284164677938,paper_main_20260902_002859/task3_seed1003/results.parquet,3,1003,20260902_002859
paper_main,mi_mine_cond,10,medium,10,0.5,1000,10,0.0,0.0,100,x_learner,true_y,frozen,1003,42,170fb0fe08485992dcf5ba3960c91803,16,2.0,10000,histgbr,,,,,,,65.97711855930116,8.12263002723263,0.8313423742734931,0.5646684668466846,0.5878209089322661,2.122270998954773,0.5225046710804305,0.5959742556026348,12.225289344787598,0.7032572638373724,12.225289344787598,0.6999252034507565,9.741193771362305,0.7107327698107263,9.741193771362305,0.706600566399454,4.037538051605225,0.4976039312170997,4.037538051605225,0.48536063259984846,paper_main_20260902_002859/task3_seed1003/results.parquet,3,1003,20260902_002859
paper_main,mi_mine_cond,10,medium,10,0.5,1000,10,0.0,0.0,100,dml_learner,h_y,frozen,1003,42,170fb0fe08485992dcf5ba3960c91803,16,2.0,10000,histgbr,,,,,,,62.33795129952507,7.895438638829706,0.808089582060116,0.6133333333333333,0.634898514313621,1.7867986661195756,0.43991113754443606,0.6501668860832097,13.719757080078125,0.7892262140006465,13.719757080078125,0.78685948047265,9.407085418701172,0.6863557005852019,9.407085418701172,0.6818752689679741,5.498195648193359,0.677621791837734,5.498195648193359,0.6697654949527148,paper_main_20260902_002859/task3_seed1003/results.parquet,3,1003,20260902_002859
paper_main,mi_mine_cond,10,medium,10,0.5,1000,10,0.0,0.0,100,dml_learner,true_y,frozen,1003,42,170fb0fe08485992dcf5ba3960c91803,16,2.0,10000,histgbr,,,,,,,76.0567955047571,8.721054724329914,0.8925904930282321,0.6077527752775277,0.6314932170983176,1.8197839790582657,0.4480321456984388,0.6462090702999441,13.517189025878906,0.7775735282016194,13.517189025878906,0.7750759491700372,9.231058120727539,0.6735124729492936,9.231058120727539,0.6688485748916602,5.456295013427734,0.6724577734895781,5.456295013427734,0.664475630439292,paper_main_20260902_002859/task3_seed1003/results.parquet,3,1003,20260902_002859
paper_main,mi_infonce_cond,10,medium,10,0.5,1000,10,0.0,0.0,100,x_learner,h_y,frozen,1003,42,0a7d44039a1dfc1e2ce0c5895278fca7,34,2.0,10000,histgbr,,,,,,,45.509563614569,6.7460776466454195,0.6904537309950929,0.767080708070807,0.7382561811220005,1.0578630848228934,0.2604466646605176,0.7702335825587568,12.042829513549805,0.6927612994427769,12.042829513549805,0.6893113821285379,9.725598335266113,0.7095949023426098,9.725598335266113,0.7054464444118392,6.228731155395508,0.7676561978622026,6.228731155395508,0.761994022681708,paper_main_20260902_002859/task3_seed1003/results.parquet,3,1003,20260902_002859
paper_main,mi_infonce_cond,10,medium,10,0.5,1000,10,0.0,0.0,100,x_learner,true_y,frozen,1003,42,0a7d44039a1dfc1e2ce0c5895278fca7,34,2.0,10000,histgbr,,,,,,,41.77268229704466,6.463178962170602,0.6614993574434676,0.7918031803180318,0.7616010113453648,0.6256473822891713,0.1540348427963899,0.7953384055654883,12.286964416503906,0.706805109696798,12.286964416503906,0.7035128873085739,10.289740562438965,0.7507556036998192,10.289740562438965,0.7471951293800763,6.903406143188477,0.8508061080125616,6.903406143188477,0.8471702806544829,paper_main_20260902_002859/task3_seed1003/results.parquet,3,1003,20260902_002859
paper_main,mi_infonce_cond,10,medium,10,0.5,1000,10,0.0,0.0,100,dml_learner,h_y,frozen,1003,42,0a7d44039a1dfc1e2ce0c5895278fca7,34,2.0,10000,histgbr,,,,,,,53.16238151468737,7.291253768364352,0.7462519158080785,0.6636183618361836,0.6792930208312118,0.9411477851867676,0.2317112725845467,0.6973759849327057,11.4236421585083,0.657142673753983,11.4236421585083,0.653292802549657,8.706917762756348,0.6352703706840028,8.706917762756348,0.6300601814155349,5.888680934906006,0.7257469144414448,5.888680934906006,0.7190634178302344,paper_main_20260902_002859/task3_seed1003/results.parquet,3,1003,20260902_002859
paper_main,mi_infonce_cond,10,medium,10,0.5,1000,10,0.0,0.0,100,dml_learner,true_y,frozen,1003,42,0a7d44039a1dfc1e2ce0c5895278fca7,34,2.0,10000,histgbr,,,,,,,49.59266138749577,7.042205718913341,0.7207621180400364,0.6698829882988298,0.6946503346921038,1.2669987761974335,0.31193602473123927,0.7032665839087427,12.071308135986328,0.6943995263613982,12.071308135986328,0.6909680043450205,8.749561309814453,0.6383817107339527,8.749561309814453,0.6332159671842743,5.5894551277160645,0.688869011106236,5.5894551277160645,0.6812868068598227,paper_main_20260902_002859/task3_seed1003/results.parquet,3,1003,20260902_002859
paper_main,autoencoder,10,medium,10,0.5,1000,10,0.0,0.0,100,x_learner,h_y,frozen,1003,42,b9f116f6359230079c37508f5f8441c8,54,2.0,10000,histgbr,,,,,,,178.35065811040283,13.354799066642778,1.3668492011559483,0.10414641464146414,0.1109433868680213,3.9188978554308416,0.9648355162739201,0.12660241067693134,1.9870741367340088,0.11430603244064541,1.9870741367340088,0.10436076529735178,2.3012776374816895,0.1679048243757611,2.3012776374816895,0.15601828430356615,0.5496706962585449,0.06774383196818375,0.5496706962585449,0.04502492280028538,paper_main_20260902_002859/task3_seed1003/results.parquet,3,1003,20260902_002859
paper_main,autoencoder,10,medium,10,0.5,1000,10,0.0,0.0,100,x_learner,true_y,frozen,1003,42,b9f116f6359230079c37508f5f8441c8,54,2.0,10000,histgbr,,,,,,,178.28954564018576,13.352510836550023,1.3666150032875464,0.0852085208520852,0.09456068776975698,4.003733475357294,0.9857221079049637,0.10634805992915847,1.9870738983154297,0.11430601872566551,1.9870738983154297,0.10436075142836931,1.5391361713409424,0.11229778812007359,1.5391361713409424,0.09961689749266317,0.161458820104599,0.019898894471540834,0.161458820104599,-0.0039859869112958855,paper_main_20260902_002859/task3_seed1003/results.parquet,3,1003,20260902_002859
paper_main,autoencoder,10,medium,10,0.5,1000,10,0.0,0.0,100,dml_learner,h_y,frozen,1003,42,b9f116f6359230079c37508f5f8441c8,54,2.0,10000,histgbr,,,,,,,201.95190852510896,14.21097845065951,1.4544782325812524,0.1738973897389739,0.21557745478170956,3.1550055293738843,0.776764667280633,0.2180450823182322,5.195766448974609,0.2988854000418252,5.195766448974609,0.29101273493396423,2.4143598079681396,0.1761554768247785,2.4143598079681396,0.16438679792259145,2.04951810836792,0.2525916176614223,2.04951810836792,0.23437741460012756,paper_main_20260902_002859/task3_seed1003/results.parquet,3,1003,20260902_002859
paper_main,autoencoder,10,medium,10,0.5,1000,10,0.0,0.0,100,dml_learner,true_y,frozen,1003,42,b9f116f6359230079c37508f5f8441c8,54,2.0,10000,histgbr,,,,,,,203.67610285485102,14.271513684779586,1.4606739481428206,0.16506450645064502,0.20976331095615758,3.126022847145796,0.7696291097330464,0.20804521272313997,3.3562960624694824,0.19307024307991488,3.3562960624694824,0.18400940232409768,1.9739633798599243,0.14402346297609714,1.9739633798599243,0.1317957759202741,1.4913009405136108,0.18379448097889742,1.4913009405136108,0.16390370451117345,paper_main_20260902_002859/task3_seed1003/results.parquet,3,1003,20260902_002859
paper_main,pca,10,medium,10,0.5,1000,10,0.0,0.0,100,x_learner,h_y,frozen,1003,42,b4bf743fbcae0dbf7e5acfca52574495,0,2.0,10000,histgbr,,,,,,,155.551263123616,12.472019207955702,1.2764976399964196,-0.05225322532253225,-0.022525944479214924,4.221444092392922,1.0393226209407367,-0.010534065183027312,-0.9974732398986816,-0.05737944368091628,-0.9974732398986816,-0.06925253012432055,0.7321808934211731,0.053421065897855224,0.7321808934211731,0.0398991170135106,-0.2798381745815277,-0.0344884862994724,-0.2798381745815277,-0.05969877802121329,paper_main_20260902_002859/task3_seed1003/results.parquet,3,1003,20260902_002859
paper_main,pca,10,medium,10,0.5,1000,10,0.0,0.0,100,x_learner,true_y,frozen,1003,42,b4bf743fbcae0dbf7e5acfca52574495,0,2.0,10000,histgbr,,,,,,,161.55981186022981,12.710618075460761,1.300917975324459,-0.04025202520252025,-0.022092260459588578,4.119359541535378,1.0141893299074594,-0.0014273719391606904,-1.6570322513580322,-0.09532044063048531,-1.6570322513580322,-0.10761955837156922,0.9682008624076843,0.07064145286742532,0.9682008624076843,0.05736549846276139,0.21722473204135895,0.026771730505025623,0.21722473204135895,0.003054338856153599,paper_main_20260902_002859/task3_seed1003/results.parquet,3,1003,20260902_002859
paper_main,pca,10,medium,10,0.5,1000,10,0.0,0.0,100,dml_learner,h_y,frozen,1003,42,b4bf743fbcae0dbf7e5acfca52574495,0,2.0,10000,histgbr,,,,,,,290.69313091129334,17.049725244451693,1.7450208882974698,-0.13270927092709267,-0.12524143778706287,5.069868085384369,1.2482052281162912,-0.10312175262264126,3.7176690101623535,0.21385814782817258,3.7176690101623535,0.20503072998550953,-0.3539586663246155,-0.025825379231751242,-0.3539586663246155,-0.04047936934552061,-0.4413853585720062,-0.05439827112459734,-0.4413853585720062,-0.08009376059402315,paper_main_20260902_002859/task3_seed1003/results.parquet,3,1003,20260902_002859
paper_main,pca,10,medium,10,0.5,1000,10,0.0,0.0,100,dml_learner,true_y,frozen,1003,42,b4bf743fbcae0dbf7e5acfca52574495,0,2.0,10000,histgbr,,,,,,,309.241386555538,17.585260491546265,1.7998323400482061,-0.15533153315331533,-0.13859603547170113,5.276133773326874,1.2989879912444011,-0.12309705430876061,0.9821733236312866,0.05649931913353804,0.9821733236312866,0.0459049528345855,-1.1699717044830322,-0.08536296984174575,-1.1699717044830322,-0.10086745876540995,-0.7592846751213074,-0.09357757980833095,-0.7592846751213074,-0.12022786173263106,paper_main_20260902_002859/task3_seed1003/results.parquet,3,1003,20260902_002859
paper_main,pls,10,medium,10,0.5,1000,10,0.0,0.0,100,x_learner,h_y,frozen,1003,42,2d76c26dca5bda0cb184a0dbfcc4efc8,0,2.0,10000,histgbr,,,,,,,47.29095487946361,6.8768419263106235,0.7038373132046191,0.737125712571257,0.7276580235941104,1.163028689622879,0.28633851342632266,0.7646807483932291,13.917669296264648,0.8006110736722638,13.917669296264648,0.7983721782858493,11.12117862701416,0.8114186284205519,11.12117862701416,0.808724729818788,5.797395706176758,0.7144965217275814,5.797395706176758,0.7075388551414926,paper_main_20260902_002859/task3_seed1003/results.parquet,3,1003,20260902_002859
paper_main,pls,10,medium,10,0.5,1000,10,0.0,0.0,100,x_learner,true_y,frozen,1003,42,2d76c26dca5bda0cb184a0dbfcc4efc8,0,2.0,10000,histgbr,,,,,,,43.03365798820139,6.560004419830934,0.6714093380275373,0.7437863786378637,0.7416312120763853,0.8939812958240507,0.22009884843012786,0.77010553889211,15.442876815795898,0.8883483236234933,15.442876815795898,0.8870946109538442,10.9804105758667,0.8011479707125592,10.9804105758667,0.7983073550188204,6.162521839141846,0.7594962707903278,6.162521839141846,0.7536352397070034,paper_main_20260902_002859/task3_seed1003/results.parquet,3,1003,20260902_002859
paper_main,pls,10,medium,10,0.5,1000,10,0.0,0.0,100,dml_learner,h_y,frozen,1003,42,2d76c26dca5bda0cb184a0dbfcc4efc8,0,2.0,10000,histgbr,,,,,,,55.332967516380535,7.438613279125386,0.7613340019226909,0.6880768076807681,0.6890281361554362,1.235739902406931,0.3042400671573502,0.71285005668052,12.238576889038086,0.7040216270969382,12.238576889038086,0.7006981495810307,10.34199333190918,0.7545680476823039,10.34199333190918,0.7510620344019928,5.376947402954102,0.662678625305782,5.376947402954102,0.6544581662357735,paper_main_20260902_002859/task3_seed1003/results.parquet,3,1003,20260902_002859
paper_main,pls,10,medium,10,0.5,1000,10,0.0,0.0,100,dml_learner,true_y,frozen,1003,42,2d76c26dca5bda0cb184a0dbfcc4efc8,0,2.0,10000,histgbr,,,,,,,65.71270799040714,8.10633752013862,0.8296748538416884,0.613021302130213,0.6224967691004812,1.6094339598715304,0.3962438172328197,0.6435339450951333,11.501996994018555,0.6616500196069353,11.501996994018555,0.657850760420142,9.733220100402832,0.7101509982763948,9.733220100402832,0.7060104842164634,4.984601020812988,0.6143241331234471,4.984601020812988,0.6049252840857223,paper_main_20260902_002859/task3_seed1003/results.parquet,3,1003,20260902_002859
paper_main,ica,10,medium,10,0.5,1000,10,0.0,0.0,100,x_learner,h_y,frozen,1003,42,2c668c4e1d12971d94a618fc9ef854ed,0,2.0,10000,histgbr,,,,,,,160.8040471950549,12.680853567290132,1.2978716101928829,-0.044320432043204315,-0.043924361620715655,4.338855533599854,1.06822940358024,-0.012148399456850143,-3.0927860736846924,-0.17791188498464253,-3.0927860736846924,-0.19113840429775703,-0.6890546083450317,-0.050274504525272413,-0.6890546083450317,-0.06527775217116669,-0.6209491491317749,-0.0765285017118387,-0.6209491491317749,-0.10276330077858008,paper_main_20260902_002859/task3_seed1003/results.parquet,3,1003,20260902_002859
paper_main,ica,10,medium,10,0.5,1000,10,0.0,0.0,100,x_learner,true_y,frozen,1003,42,2c668c4e1d12971d94a618fc9ef854ed,0,2.0,10000,histgbr,,,,,,,172.6869880663801,13.141042122540362,1.3449714097470378,-0.03618361836183618,-0.05053731657198388,4.057123889923096,0.9988668669933607,-0.0007957686038264288,-1.3588556051254272,-0.07816789017087987,-1.3588556051254272,-0.09027440561053944,-0.1347428262233734,-0.009831047851178375,-0.1347428262233734,-0.02425655777848288,-0.6209490895271301,-0.07652849436590037,-0.6209490895271301,-0.10276329325362259,paper_main_20260902_002859/task3_seed1003/results.parquet,3,1003,20260902_002859
paper_main,ica,10,medium,10,0.5,1000,10,0.0,0.0,100,dml_learner,h_y,frozen,1003,42,2c668c4e1d12971d94a618fc9ef854ed,0,2.0,10000,histgbr,,,,,,,279.9777966361784,16.732537065136846,1.7125570221360154,-0.1281008100810081,-0.1450278381185119,4.658072907924652,1.1468209544504555,-0.088315308387751,-3.017812728881836,-0.1735990586915558,-3.017812728881836,-0.1867771502054548,-0.7317559123039246,-0.053390058609255005,-0.7317559123039246,-0.06843781217172133,-0.8127731084823608,-0.10016972937445633,-0.8127731084823608,-0.12698066075579376,paper_main_20260902_002859/task3_seed1003/results.parquet,3,1003,20260902_002859
paper_main,ica,10,medium,10,0.5,1000,10,0.0,0.0,100,dml_learner,true_y,frozen,1003,42,2c668c4e1d12971d94a618fc9ef854ed,0,2.0,10000,histgbr,,,,,,,291.9781837265372,17.0873691282929,1.7488736989837255,-0.160996099609961,-0.15893684127186203,5.082403013706207,1.251291336630729,-0.11858032201747877,-2.928088665008545,-0.1684377003072814,-2.928088665008545,-0.18155783603754178,-2.3769326210021973,-0.1734247305853668,-2.3769326210021973,-0.19018718816282332,-0.8182544112205505,-0.10084526920983444,-0.8182544112205505,-0.12767266337113034,paper_main_20260902_002859/task3_seed1003/results.parquet,3,1003,20260902_002859
paper_main,raw_x,10,medium,10,0.5,1000,10,0.0,0.0,100,x_learner,h_y,frozen,1003,42,dd34b7e5891261e9fb24703963931ff3,0,2.0,10000,histgbr,,,,,,,117.43420077665513,10.836706177462556,1.1091251248267566,0.10922292229222921,0.15475390208591971,3.3206559264659883,0.8175479161162342,0.18213260375991158,2.539416551589966,0.1460794166459479,2.539416551589966,0.13649092600282509,2.3718597888946533,0.17305460880160978,2.3718597888946533,0.16124163377429698,1.9148080348968506,0.23598935626425774,1.9148080348968506,0.21737055918514042,paper_main_20260902_002859/task3_seed1003/results.parquet,3,1003,20260902_002859
paper_main,raw_x,10,medium,10,0.5,1000,10,0.0,0.0,100,x_learner,true_y,frozen,1003,42,dd34b7e5891261e9fb24703963931ff3,0,2.0,10000,histgbr,,,,,,,182.34875528443084,13.503657107777538,1.3820846602291512,0.10747074707470745,0.15214461598682735,3.3911087042093278,0.8348934414895802,0.1669061537592998,2.313053607940674,0.133057934708357,2.313053607940674,0.12332322864409072,3.397778034210205,0.24790721241535663,3.397778034210205,0.23716351227200821,1.2694281339645386,0.15644990134698653,1.2694281339645386,0.13589274256698103,paper_main_20260902_002859/task3_seed1003/results.parquet,3,1003,20260902_002859
paper_main,raw_x,10,medium,10,0.5,1000,10,0.0,0.0,100,dml_learner,h_y,frozen,1003,42,dd34b7e5891261e9fb24703963931ff3,0,2.0,10000,histgbr,,,,,,,1137.7850208984626,33.73106907434839,3.452338338325855,-0.035283528352835276,0.014733470784901288,4.198471448272467,1.0336667391679009,0.016906857100584795,4.17732048034668,0.24029950443937442,4.17732048034668,0.23176899090537922,1.3888453245162964,0.10133233230962603,1.3888453245162964,0.08849479934883953,-0.13981790840625763,-0.017231773419409707,-0.13981790840625763,-0.042021522262591426,paper_main_20260902_002859/task3_seed1003/results.parquet,3,1003,20260902_002859
paper_main,raw_x,10,medium,10,0.5,1000,10,0.0,0.0,100,dml_learner,true_y,frozen,1003,42,dd34b7e5891261e9fb24703963931ff3,0,2.0,10000,histgbr,,,,,,,2218.538530793732,47.10136442603051,4.820773567449817,0.11575157515751573,0.14174052362618558,3.423201488107443,0.8427947083414566,0.15889706534219644,7.022563934326172,0.4039715509623417,7.022563934326172,0.3972788756503297,1.163596749305725,0.08489784311734912,1.163596749305725,0.07182554228376067,1.6099903583526611,0.1984222863780563,1.6099903583526611,0.17888798680325632,paper_main_20260902_002859/task3_seed1003/results.parquet,3,1003,20260902_002859
paper_main,encoder_pred,10,medium,10,0.5,1000,10,0.0,0.0,250,x_learner,h_y,frozen,1003,42,046578539f5ee11f7116ae6569884826,46,2.0,10000,histgbr,,,,,,,66.65539146578546,8.164275317858007,0.8433755496484115,0.623011952191235,0.5858334263344603,0.8690190109610558,0.2313337948042583,0.6019733686316789,2.1038193702697754,0.12694978277112864,2.1038193702697754,0.1438880972396276,5.3207688331604,0.40507397540266493,5.3207688331604,0.41956274071059063,5.860809803009033,0.7800769223446083,5.860809803009033,0.789273273916744,paper_main_20260902_002859/task3_seed1003/results.parquet,3,1003,20260902_002859
paper_main,encoder_pred,10,medium,10,0.5,1000,10,0.0,0.0,250,x_learner,true_y,frozen,1003,42,046578539f5ee11f7116ae6569884826,46,2.0,10000,histgbr,,,,,,,20.63703882707918,4.542800769027757,0.4692746075259983,0.9048586377382037,0.8847228837794883,0.305251769721508,0.08125834920722648,0.9004774717978705,14.721904754638672,0.8883569744578256,14.721904754638672,0.8905229949656153,11.962821006774902,0.9107382061111877,11.962821006774902,0.9129120783728605,6.90542459487915,0.9191157103734098,6.90542459487915,0.9224979855397938,paper_main_20260902_002859/task3_seed1003/results.parquet,3,1003,20260902_002859
paper_main,encoder_pred,10,medium,10,0.5,1000,10,0.0,0.0,250,dml_learner,h_y,frozen,1003,42,046578539f5ee11f7116ae6569884826,46,2.0,10000,histgbr,,,,,,,66.02857266479393,8.125796740307619,0.8394006847366093,0.6331942591081456,0.6090648490661407,1.3374442163109777,0.35602908796674304,0.6173902218405087,7.750789642333984,0.4677022539595872,7.750789642333984,0.4780295254445241,7.69401741027832,0.585751104196637,7.69401741027832,0.5958396778716996,4.797356128692627,0.6385306689768757,4.797356128692627,0.6536459496744393,paper_main_20260902_002859/task3_seed1003/results.parquet,3,1003,20260902_002859
paper_main,encoder_pred,10,medium,10,0.5,1000,10,0.0,0.0,250,dml_learner,true_y,frozen,1003,42,046578539f5ee11f7116ae6569884826,46,2.0,10000,histgbr,,,,,,,13.578797766275082,3.684942030246213,0.3806571788905324,0.934035424566793,0.9277475451962602,0.24917967069149016,0.06633189617496306,0.9329835858124406,14.231925964355469,0.8587904147674199,14.231925964355469,0.8615300651488466,12.25451946258545,0.9329454202975279,12.25451946258545,0.9345784604201016,7.014758110046387,0.9336680597734853,7.014758110046387,0.9364418107108051,paper_main_20260902_002859/task3_seed1003/results.parquet,3,1003,20260902_002859
paper_main,mi_mine_cond,10,medium,10,0.5,1000,10,0.0,0.0,250,x_learner,h_y,frozen,1003,42,170fb0fe08485992dcf5ba3960c91803,16,2.0,10000,histgbr,,,,,,,57.989364842162104,7.615074841533871,0.7866427429320699,0.6055419766716267,0.6256291118080356,1.4548796573281289,0.3872905285938764,0.599620320075896,12.022591590881348,0.7254735897847876,12.022591590881348,0.730799760690389,8.76822280883789,0.6675311372778847,8.76822280883789,0.6756280487005006,4.188573360443115,0.557501356613132,4.188573360443115,0.5760049767796123,paper_main_20260902_002859/task3_seed1003/results.parquet,3,1003,20260902_002859
paper_main,mi_mine_cond,10,medium,10,0.5,1000,10,0.0,0.0,250,x_learner,true_y,frozen,1003,42,170fb0fe08485992dcf5ba3960c91803,16,2.0,10000,histgbr,,,,,,,59.29091869888852,7.700059655540892,0.7954217357311202,0.6152135554168866,0.6387882223770616,1.6215826181769368,0.43166703595660044,0.61051090852886,12.778611183166504,0.7710937244634651,12.778611183166504,0.7755348051737564,9.03817367553711,0.6880826917930423,9.03817367553711,0.6956790928365995,4.284654140472412,0.5702897598715422,4.284654140472412,0.5882586173670723,paper_main_20260902_002859/task3_seed1003/results.parquet,3,1003,20260902_002859
paper_main,mi_mine_cond,10,medium,10,0.5,1000,10,0.0,0.0,250,dml_learner,h_y,frozen,1003,42,170fb0fe08485992dcf5ba3960c91803,16,2.0,10000,histgbr,,,,,,,57.49133576163177,7.582304119568917,0.7832575036335967,0.6132597321557144,0.6318531235546302,1.4938874735832215,0.39767445120949135,0.6025128181114928,13.779555320739746,0.8314932257831358,13.779555320739746,0.8347624772825708,9.42578411102295,0.717591754286281,9.42578411102295,0.7244694947514733,4.553813457489014,0.6061150090599544,4.553813457489014,0.6225857900907114,paper_main_20260902_002859/task3_seed1003/results.parquet,3,1003,20260902_002859
paper_main,mi_mine_cond,10,medium,10,0.5,1000,10,0.0,0.0,250,dml_learner,true_y,frozen,1003,42,170fb0fe08485992dcf5ba3960c91803,16,2.0,10000,histgbr,,,,,,,56.55639354934876,7.520398496712043,0.7768626079851068,0.6303334133346133,0.6513633742757599,1.467900751709938,0.3907567579143571,0.6218148877396876,13.33944320678711,0.8049357474887587,13.33944320678711,0.8087202487527129,9.0558500289917,0.6894284053523025,9.0558500289917,0.6969920330305577,4.645762920379639,0.6183535317955211,4.645762920379639,0.6343125440796793,paper_main_20260902_002859/task3_seed1003/results.parquet,3,1003,20260902_002859
paper_main,mi_infonce_cond,10,medium,10,0.5,1000,10,0.0,0.0,250,x_learner,h_y,frozen,1003,42,0a7d44039a1dfc1e2ce0c5895278fca7,34,2.0,10000,histgbr,,,,,,,24.965734809249653,4.996572306016361,0.5161495357373824,0.8969158546536744,0.8715584114345994,0.36160445719957357,0.09625949518595757,0.8855487689740029,15.093035697937012,0.9107519544153143,15.093035697937012,0.912483483062785,12.16281509399414,0.9259639004623562,12.16281509399414,0.9277669677785678,6.735041618347168,0.8964376449830701,6.735041618347168,0.9007682310976677,paper_main_20260902_002859/task3_seed1003/results.parquet,3,1003,20260902_002859
paper_main,mi_infonce_cond,10,medium,10,0.5,1000,10,0.0,0.0,250,x_learner,true_y,frozen,1003,42,0a7d44039a1dfc1e2ce0c5895278fca7,34,2.0,10000,histgbr,,,,,,,19.072707831466758,4.367231140146667,0.4511381377850434,0.9135133682138914,0.893033941458663,0.3154178807735444,0.08396457889657268,0.9030393809541213,15.374981880187988,0.9277653002831778,15.374981880187988,0.9291667478003949,12.658029556274414,0.9636649352569111,12.658029556274414,0.9645498355701345,6.881955146789551,0.9159919142683968,6.881955146789551,0.9195048147767305,paper_main_20260902_002859/task3_seed1003/results.parquet,3,1003,20260902_002859
paper_main,mi_infonce_cond,10,medium,10,0.5,1000,10,0.0,0.0,250,dml_learner,h_y,frozen,1003,42,0a7d44039a1dfc1e2ce0c5895278fca7,34,2.0,10000,histgbr,,,,,,,12.364813795171003,3.516363717701996,0.36324291718750085,0.9583844861517783,0.9565837188856331,0.16005453729629515,0.04260668986682379,0.9580409570450503,15.434426307678223,0.9313523274127321,15.434426307678223,0.93268418191877,12.803422927856445,0.974733837678847,12.803422927856445,0.9753491671164034,7.128019332885742,0.9487431891674045,7.128019332885742,0.9508865551929637,paper_main_20260902_002859/task3_seed1003/results.parquet,3,1003,20260902_002859
paper_main,mi_infonce_cond,10,medium,10,0.5,1000,10,0.0,0.0,250,dml_learner,true_y,frozen,1003,42,0a7d44039a1dfc1e2ce0c5895278fca7,34,2.0,10000,histgbr,,,,,,,7.723808758573192,2.779174114475952,0.28709069759540395,0.9590388326213217,0.9585160288643242,0.11110252964496592,0.029575612812772368,0.9592432022512974,16.015457153320312,0.966413198455159,16.015457153320312,0.9670648262714413,12.646031379699707,0.9627515054058696,12.646031379699707,0.9636586512928111,7.290912628173828,0.9704243739746068,7.290912628173828,0.9716611148287053,paper_main_20260902_002859/task3_seed1003/results.parquet,3,1003,20260902_002859
paper_main,autoencoder,10,medium,10,0.5,1000,10,0.0,0.0,250,x_learner,h_y,frozen,1003,42,b9f116f6359230079c37508f5f8441c8,54,2.0,10000,histgbr,,,,,,,260.9444062552609,16.153773746566493,1.6686965201439257,0.09700955215283444,0.11483551692920262,3.8268720760941504,1.018717460063694,0.041303950420519334,3.2126080989837646,0.19385689953147436,3.2126080989837646,0.20949712855024455,1.3552860021591187,0.10317890250760853,1.3552860021591187,0.12501998840321754,0.0780845507979393,0.010393095513497904,0.0780845507979393,0.051774714527265876,paper_main_20260902_002859/task3_seed1003/results.parquet,3,1003,20260902_002859
paper_main,autoencoder,10,medium,10,0.5,1000,10,0.0,0.0,250,x_learner,true_y,frozen,1003,42,b9f116f6359230079c37508f5f8441c8,54,2.0,10000,histgbr,,,,,,,295.85738806778755,17.200505459659826,1.7768246637323173,0.09473316373061967,0.1002661371739806,3.7667754696011544,1.002719678818945,0.03615545809996528,1.2916722297668457,0.0779427698488076,1.2916722297668457,0.095831884374003,1.6855958700180054,0.12832563138905373,1.6855958700180054,0.14955429651643046,0.05442046374082565,0.00724339285770953,0.05442046374082565,0.04875672052742723,paper_main_20260902_002859/task3_seed1003/results.parquet,3,1003,20260902_002859
paper_main,autoencoder,10,medium,10,0.5,1000,10,0.0,0.0,250,dml_learner,h_y,frozen,1003,42,b9f116f6359230079c37508f5f8441c8,54,2.0,10000,histgbr,,,,,,,152.44724651164998,12.346952924169184,1.275449173808148,0.16448250372005951,0.1847640553352053,3.402041556537151,0.9056271191181038,0.11524434453652267,1.4564998149871826,0.08788888330042405,1.4564998149871826,0.10558503023445662,1.5724749565124512,0.11971365451659514,1.5724749565124512,0.14115205481537707,0.8334847688674927,0.11093726893943,0.8334847688674927,0.14811451078090543,paper_main_20260902_002859/task3_seed1003/results.parquet,3,1003,20260902_002859
paper_main,autoencoder,10,medium,10,0.5,1000,10,0.0,0.0,250,dml_learner,true_y,frozen,1003,42,b9f116f6359230079c37508f5f8441c8,54,2.0,10000,histgbr,,,,,,,157.420687949845,12.54674013239475,1.2960873370241042,0.15737915806652902,0.17883146845803594,3.5214077230691907,0.9374025209525882,0.10616937761920425,2.5887515544891357,0.1562118174853934,2.5887515544891357,0.17258241026251978,1.8904898166656494,0.14392435557854358,1.8904898166656494,0.1647731310313384,0.6190776228904724,0.08239956302777011,0.6190776228904724,0.12077014382859329,paper_main_20260902_002859/task3_seed1003/results.parquet,3,1003,20260902_002859
paper_main,pca,10,medium,10,0.5,1000,10,0.0,0.0,250,x_learner,h_y,frozen,1003,42,b4bf743fbcae0dbf7e5acfca52574495,0,2.0,10000,histgbr,,,,,,,285.9623085464306,16.910420117384152,1.7468586379110713,-0.03220851533624538,0.012354473580029317,4.158035072386265,1.106873405635334,-0.08814328374928429,0.9687560796737671,0.058457192480847166,0.9687560796737671,0.07672435265627606,-0.8057453036308289,-0.06134197209802516,-0.8057453036308289,-0.03549416227059778,-0.9458848834037781,-0.12589778435721924,-0.9458848834037781,-0.07881699606695179,paper_main_20260902_002859/task3_seed1003/results.parquet,3,1003,20260902_002859
paper_main,pca,10,medium,10,0.5,1000,10,0.0,0.0,250,x_learner,true_y,frozen,1003,42,b4bf743fbcae0dbf7e5acfca52574495,0,2.0,10000,histgbr,,,,,,,297.426806150456,17.246066396441133,1.7815311414788948,-0.030316901070417124,0.015447521354052196,4.119846851766109,1.0967076602587018,-0.08524899524203275,1.577791452407837,0.0952079275302203,1.577791452407837,0.11276207544709822,-1.538568139076233,-0.11713230400827336,-1.538568139076233,-0.0899257823543698,-1.0357775688171387,-0.13786254890947344,-1.0357775688171387,-0.09028143940474585,paper_main_20260902_002859/task3_seed1003/results.parquet,3,1003,20260902_002859
paper_main,pca,10,medium,10,0.5,1000,10,0.0,0.0,250,dml_learner,h_y,frozen,1003,42,b4bf743fbcae0dbf7e5acfca52574495,0,2.0,10000,histgbr,,,,,,,137.9209818362288,11.743976406491491,1.2131612630968112,0.04623318773100369,0.08451162612231798,4.021462181329727,1.0705175552373578,-0.004518222504446556,2.730638027191162,0.16477360617420755,2.730638027191162,0.18097808906857796,-0.08358410000801086,-0.00636331792121633,-0.08358410000801086,0.018145547593172235,-0.2926056385040283,-0.038945967130295155,-0.2926056385040283,0.004498824930836822,paper_main_20260902_002859/task3_seed1003/results.parquet,3,1003,20260902_002859
paper_main,pca,10,medium,10,0.5,1000,10,0.0,0.0,250,dml_learner,true_y,frozen,1003,42,b4bf743fbcae0dbf7e5acfca52574495,0,2.0,10000,histgbr,,,,,,,141.74039663284924,11.90547758944803,1.2298444521909995,0.07536926990831853,0.09904466720855826,3.6564035373926163,0.9733385518290504,0.028807769895102392,1.2628151178359985,0.07620145871592578,1.2628151178359985,0.09412435695135249,0.3828395903110504,0.02914585460325518,0.3828395903110504,0.05278993349592228,0.20538349449634552,0.027336653068801706,0.20538349449634552,0.06800975656967999,paper_main_20260902_002859/task3_seed1003/results.parquet,3,1003,20260902_002859
paper_main,pls,10,medium,10,0.5,1000,10,0.0,0.0,250,x_learner,h_y,frozen,1003,42,2d76c26dca5bda0cb184a0dbfcc4efc8,0,2.0,10000,histgbr,,,,,,,31.535643709990957,5.615660576458566,0.5801018021710019,0.8375408246531943,0.8378723006499824,0.5931217954158781,0.1578896594712344,0.8357795102088054,14.755382537841797,0.8903771085840508,14.755382537841797,0.8925039358513793,11.295156478881836,0.8599084232302905,11.295156478881836,0.8633201986334716,6.306132793426514,0.8393496507712861,6.306132793426514,0.8460674409524904,paper_main_20260902_002859/task3_seed1003/results.parquet,3,1003,20260902_002859
paper_main,pls,10,medium,10,0.5,1000,10,0.0,0.0,250,x_learner,true_y,frozen,1003,42,2d76c26dca5bda0cb184a0dbfcc4efc8,0,2.0,10000,histgbr,,,,,,,25.27206708355302,5.027133087909352,0.5193064866268642,0.8693134930158882,0.8679849253728944,0.417264948606491,0.11107637782652509,0.8681460982993446,15.01826286315918,0.9062399724142122,15.01826286315918,0.9080590394054147,11.929232597351074,0.9081810962348916,11.929232597351074,0.9104172440792965,6.444400310516357,0.8577531313169778,6.444400310516357,0.8637013575258448,paper_main_20260902_002859/task3_seed1003/results.parquet,3,1003,20260902_002859
paper_main,pls,10,medium,10,0.5,1000,10,0.0,0.0,250,dml_learner,h_y,frozen,1003,42,2d76c26dca5bda0cb184a0dbfcc4efc8,0,2.0,10000,histgbr,,,,,,,25.272785321386852,5.027204523528643,0.5193138659780422,0.8734761196179138,0.8806454663489085,0.4258916794657708,0.11337282285391888,0.8735900838754477,14.696371078491211,0.8868162078473095,14.696371078491211,0.8890121212396739,11.346091270446777,0.863786125711355,11.346091270446777,0.8671034639595637,6.6105451583862305,0.8798670995135233,6.6105451583862305,0.8848906031859536,paper_main_20260902_002859/task3_seed1003/results.parquet,3,1003,20260902_002859
paper_main,pls,10,medium,10,0.5,1000,10,0.0,0.0,250,dml_learner,true_y,frozen,1003,42,2d76c26dca5bda0cb184a0dbfcc4efc8,0,2.0,10000,histgbr,,,,,,,27.095278698922364,5.205312545748081,0.537712553588141,0.8827160754572072,0.8872726115437967,0.3912023302316663,0.10413848080110134,0.8822461161160247,14.70776081085205,0.8875034931102285,14.70776081085205,0.8896860722708578,11.650450706481934,0.8869572294694643,11.650450706481934,0.8897102611141687,6.567781448364258,0.8741752268161955,6.567781448364258,0.8794367430836955,paper_main_20260902_002859/task3_seed1003/results.parquet,3,1003,20260902_002859
paper_main,ica,10,medium,10,0.5,1000,10,0.0,0.0,250,x_learner,h_y,frozen,1003,42,2c668c4e1d12971d94a618fc9ef854ed,0,2.0,10000,histgbr,,,,,,,207.49230949539307,14.40459334710262,1.4880049188201339,0.035176114817837084,0.032690385880962354,3.8207027565836906,1.017075180578765,-0.02274864726000018,0.612653911113739,0.036969086808910874,0.612653911113739,0.05565314429908858,0.12408106029033661,0.009446380765640226,0.12408106029033661,0.03357021855491301,0.36800774931907654,0.04898202844603536,0.36800774931907654,0.08875000419041779,paper_main_20260902_002859/task3_seed1003/results.parquet,3,1003,20260902_002859
paper_main,ica,10,medium,10,0.5,1000,10,0.0,0.0,250,x_learner,true_y,frozen,1003,42,2c668c4e1d12971d94a618fc9ef854ed,0,2.0,10000,histgbr,,,,,,,213.40970562999425,14.60854905971138,1.5090736915560434,0.023043824701195214,0.025314003970513005,3.8817898813486096,1.0333366388521825,-0.033882873697250446,-0.03702792152762413,-0.0022343584534044417,-0.03702792152762413,0.017210297076837213,1.0124504566192627,0.07707858473479459,1.0124504566192627,0.09955531500136308,0.2179243564605713,0.02900584850994691,0.2179243564605713,0.06960915256875194,paper_main_20260902_002859/task3_seed1003/results.parquet,3,1003,20260902_002859
paper_main,ica,10,medium,10,0.5,1000,10,0.0,0.0,250,dml_learner,h_y,frozen,1003,42,2c668c4e1d12971d94a618fc9ef854ed,0,2.0,10000,histgbr,,,,,,,170.0126561588389,13.038890142908594,1.3469267893290375,0.006080737291796668,0.02648260572119253,3.7488766469955443,0.9979549930023426,-0.040636746921673614,0.5618928670883179,0.033906037003719386,0.5618928670883179,0.052649521660638646,0.2749725580215454,0.020933859503583802,0.2749725580215454,0.04477793245398187,-0.27353960275650024,-0.03640826756536337,-0.27353960275650024,0.006930407495077409,paper_main_20260902_002859/task3_seed1003/results.parquet,3,1003,20260902_002859
paper_main,ica,10,medium,10,0.5,1000,10,0.0,0.0,250,dml_learner,true_y,frozen,1003,42,2c668c4e1d12971d94a618fc9ef854ed,0,2.0,10000,histgbr,,,,,,,180.9843690324954,13.453043114198936,1.3897090910278187,0.024951567225075598,0.03812128855848148,3.615830867767334,0.9625380635642699,-0.018851810620111834,0.22899635136127472,0.013818219126372556,0.22899635136127472,0.032951433685968465,1.1059153079986572,0.08419413139653194,1.1059153079986572,0.10649757039434263,0.03875749185681343,0.005158642914830082,0.03875749185681343,0.046759146944660164,paper_main_20260902_002859/task3_seed1003/results.parquet,3,1003,20260902_002859
paper_main,raw_x,10,medium,10,0.5,1000,10,0.0,0.0,250,x_learner,h_y,frozen,1003,42,dd34b7e5891261e9fb24703963931ff3,0,2.0,10000,histgbr,,,,,,,126.07328578950305,11.228236094307201,1.1598849155546282,-0.14869524312388996,-0.18399182302205025,4.961347123861312,1.320715937197678,-0.24545443859945668,2.439438819885254,0.14720190936742825,2.439438819885254,0.1637473061295061,0.4882282018661499,0.0371691657418138,0.4882282018661499,0.06061784576592792,-1.890894889831543,-0.2516791221205688,-1.890894889831543,-0.19933863386785428,paper_main_20260902_002859/task3_seed1003/results.parquet,3,1003,20260902_002859
paper_main,raw_x,10,medium,10,0.5,1000,10,0.0,0.0,250,x_learner,true_y,frozen,1003,42,dd34b7e5891261e9fb24703963931ff3,0,2.0,10000,histgbr,,,,,,,96.31935206786892,9.814242307374977,1.013818333913886,0.4634366629866078,0.45874721374128136,2.085943002462387,0.5552802693825502,0.43432207341994983,5.733842849731445,0.34599458228386565,5.733842849731445,0.35868314155659514,4.458258152008057,0.3394104141022359,4.458258152008057,0.35549834281809695,3.4438066482543945,0.45837250851254907,3.4438066482543945,0.4810213222976011,paper_main_20260902_002859/task3_seed1003/results.parquet,3,1003,20260902_002859
paper_main,raw_x,10,medium,10,0.5,1000,10,0.0,0.0,250,dml_learner,h_y,frozen,1003,42,dd34b7e5891261e9fb24703963931ff3,0,2.0,10000,histgbr,,,,,,,697.3384851122531,26.40716730571935,2.7278794962247455,-0.06021331541304661,-0.018670787278660124,3.9492559216618535,1.0512961713010984,-0.09730948144324246,-0.8863101005554199,-0.05348219353971419,-0.8863101005554199,-0.03304326307615088,-2.1836934089660645,-0.16624615689328429,-2.1836934089660645,-0.13784352167500852,-0.5502889156341553,-0.07324374926615956,-0.5502889156341553,-0.028364753636995674,paper_main_20260902_002859/task3_seed1003/results.parquet,3,1003,20260902_002859
paper_main,raw_x,10,medium,10,0.5,1000,10,0.0,0.0,250,dml_learner,true_y,frozen,1003,42,dd34b7e5891261e9fb24703963931ff3,0,2.0,10000,histgbr,,,,,,,1284.1904940337363,35.83560372079332,3.701843802217103,0.18489703835261362,0.190764715695927,3.1268011813163756,0.8323578353854567,0.14913863918253417,4.833311557769775,0.291654246079775,4.833311557769775,0.3053970788464971,2.1974081993103027,0.16729027379081446,2.1974081993103027,0.18756999814954944,1.3021873235702515,0.17332182988864667,1.3021873235702515,0.20789038526902548,paper_main_20260902_002859/task3_seed1003/results.parquet,3,1003,20260902_002859
paper_main,encoder_pred,10,medium,10,0.5,1000,10,0.0,0.0,500,x_learner,h_y,frozen,1003,42,046578539f5ee11f7116ae6569884826,46,2.0,10000,histgbr,,,,,,,56.34353876880728,7.50623332762893,0.8060133027653523,0.7821351925407701,0.7587098139080799,0.7297515474557876,0.1907663405405486,0.7768477580004508,12.597098350524902,0.7699519271684244,12.597098350524902,0.7691761378226822,9.775418281555176,0.7418280914602992,9.775418281555176,0.7407462515794854,6.384955406188965,0.8347161089683554,6.384955406188965,0.8335193277509317,paper_main_20260902_002859/task3_seed1003/results.parquet,3,1003,20260902_002859
paper_main,encoder_pred,10,medium,10,0.5,1000,10,0.0,0.0,500,x_learner,true_y,frozen,1003,42,046578539f5ee11f7116ae6569884826,46,2.0,10000,histgbr,,,,,,,12.286774814790668,3.5052496080579867,0.3763908861197396,0.9360262081048324,0.9265180732490698,0.27300511720776566,0.07136701160846023,0.9354978749374336,14.941425323486328,0.9132404068260717,14.941425323486328,0.9129478281176443,12.315690994262695,0.9346020070084632,12.315690994262695,0.9343279641920172,7.184088230133057,0.9391881058604452,7.184088230133057,0.938747781444993,paper_main_20260902_002859/task3_seed1003/results.parquet,3,1003,20260902_002859
paper_main,encoder_pred,10,medium,10,0.5,1000,10,0.0,0.0,500,dml_learner,h_y,frozen,1003,42,046578539f5ee11f7116ae6569884826,46,2.0,10000,histgbr,,,,,,,60.20465442177355,7.759165832856876,0.8331729919219761,0.8517631190524763,0.8360571545781812,0.4818167108297349,0.1259530192936534,0.853669519841235,12.878988265991211,0.787181425392798,12.878988265991211,0.7864637389513334,10.950811386108398,0.8310252591264172,10.950811386108398,0.8303171897839345,6.66046142578125,0.8707334807496088,6.66046142578125,0.8697974927273339,paper_main_20260902_002859/task3_seed1003/results.parquet,3,1003,20260902_002859
paper_main,encoder_pred,10,medium,10,0.5,1000,10,0.0,0.0,500,dml_learner,true_y,frozen,1003,42,046578539f5ee11f7116ae6569884826,46,2.0,10000,histgbr,,,,,,,8.49772455632675,2.9150856859321905,0.3130195584133805,0.9571406285625143,0.9510094518335475,0.14309151145815857,0.03740594192428581,0.9581668554635475,14.877060890197754,0.9093063643924364,14.877060890197754,0.9090005189429834,12.380990028381348,0.9395573609850639,12.380990028381348,0.9393040830131969,7.364553928375244,0.9627806943526002,7.364553928375244,0.9625111982411139,paper_main_20260902_002859/task3_seed1003/results.parquet,3,1003,20260902_002859
paper_main,mi_mine_cond,10,medium,10,0.5,1000,10,0.0,0.0,500,x_learner,h_y,frozen,1003,42,170fb0fe08485992dcf5ba3960c91803,16,2.0,10000,histgbr,,,,,,,57.539441644533056,7.585475703245845,0.8145222853804901,0.5798523034092137,0.5961094190149099,1.6019124554395678,0.41876030007191645,0.5954662770718628,10.891680717468262,0.6657144625824423,10.891680717468262,0.6645871540370059,8.70798110961914,0.6608233858606211,8.70798110961914,0.6594021050175934,4.5964555740356445,0.6009024758553485,4.5964555740356445,0.5980127059096182,paper_main_20260902_002859/task3_seed1003/results.parquet,3,1003,20260902_002859
paper_main,mi_mine_cond,10,medium,10,0.5,1000,10,0.0,0.0,500,x_learner,true_y,frozen,1003,42,170fb0fe08485992dcf5ba3960c91803,16,2.0,10000,histgbr,,,,,,,54.77522003502434,7.4010283092975895,0.7947164724389336,0.5925680342721371,0.6096939752239099,1.4434424794018268,0.37733423181667947,0.6107586414820408,10.64513874053955,0.6506454788385577,10.64513874053955,0.6494673532752008,8.710745811462402,0.6610331910508208,8.710745811462402,0.6596127893724678,4.752771854400635,0.6213379697647025,4.752771854400635,0.618596168354362,paper_main_20260902_002859/task3_seed1003/results.parquet,3,1003,20260902_002859
paper_main,mi_mine_cond,10,medium,10,0.5,1000,10,0.0,0.0,500,dml_learner,h_y,frozen,1003,42,170fb0fe08485992dcf5ba3960c91803,16,2.0,10000,histgbr,,,,,,,56.83715911395568,7.539042320743111,0.8095363060808808,0.6269094836379345,0.6234438932766668,1.4031868026852607,0.36681088567239745,0.6414717046163033,10.178520202636719,0.6221251138692847,10.178520202636719,0.6208508092986119,8.50507640838623,0.6454255376122302,8.50507640838623,0.6439397338456667,5.062269687652588,0.6617991493143348,5.062269687652588,0.6593503176508799,paper_main_20260902_002859/task3_seed1003/results.parquet,3,1003,20260902_002859
paper_main,mi_mine_cond,10,medium,10,0.5,1000,10,0.0,0.0,500,dml_learner,true_y,frozen,1003,42,170fb0fe08485992dcf5ba3960c91803,16,2.0,10000,histgbr,,,,,,,52.07194270817597,7.216089156057869,0.7748578547798339,0.6350182520730082,0.6325891727203754,1.2266903498768809,0.3206724670037037,0.6503940037232501,10.112401962280273,0.6180838763424451,10.112401962280273,0.6167959435375588,8.440463066101074,0.6405222187966344,8.440463066101074,0.6390158682328881,5.145110130310059,0.6726290216566277,5.145110130310059,0.6702586065147434,paper_main_20260902_002859/task3_seed1003/results.parquet,3,1003,20260902_002859
paper_main,mi_infonce_cond,10,medium,10,0.5,1000,10,0.0,0.0,500,x_learner,h_y,frozen,1003,42,0a7d44039a1dfc1e2ce0c5895278fca7,34,2.0,10000,histgbr,,,,,,,24.4079621883469,4.940441497310427,0.5305006378777243,0.8776364705458822,0.8618652648141736,0.3652858126163485,0.09549035965343153,0.8750782994816135,14.22705078125,0.8695768550929852,14.22705078125,0.8691370301250485,11.924050331115723,0.9048815349721152,11.924050331115723,0.9044829519138305,6.9948859214782715,0.9144533653898901,6.9948859214782715,0.9138339426205194,paper_main_20260902_002859/task3_seed1003/results.parquet,3,1003,20260902_002859
paper_main,mi_infonce_cond,10,medium,10,0.5,1000,10,0.0,0.0,500,x_learner,true_y,frozen,1003,42,0a7d44039a1dfc1e2ce0c5895278fca7,34,2.0,10000,histgbr,,,,,,,16.08932279309295,4.011149809355536,0.43071404319728523,0.9166240504962019,0.9025365938048613,0.21252056249976192,0.05555557934620861,0.914692806253421,15.137900352478027,0.9252492300489472,15.137900352478027,0.924997148602664,12.46129035949707,0.9456511198053494,12.46129035949707,0.9454233770334703,7.211940765380859,0.9428293152922942,7.211940765380859,0.9424153560055277,paper_main_20260902_002859/task3_seed1003/results.parquet,3,1003,20260902_002859
paper_main,mi_infonce_cond,10,medium,10,0.5,1000,10,0.0,0.0,500,dml_learner,h_y,frozen,1003,42,0a7d44039a1dfc1e2ce0c5895278fca7,34,2.0,10000,histgbr,,,,,,,17.127475176984053,4.138535390326396,0.444392604515794,0.9529657638630554,0.9496328501374023,0.22423418590426447,0.05861766955915531,0.9542787739618367,15.456172943115234,0.9447024872759017,15.456172943115234,0.944516007899268,12.507041931152344,0.949123073649655,12.507041931152344,0.9489098797036121,7.243470668792725,0.9469512733355077,7.243470668792725,0.946567160163413,paper_main_20260902_002859/task3_seed1003/results.parquet,3,1003,20260902_002859
paper_main,mi_infonce_cond,10,medium,10,0.5,1000,10,0.0,0.0,500,dml_learner,true_y,frozen,1003,42,0a7d44039a1dfc1e2ce0c5895278fca7,34,2.0,10000,histgbr,,,,,,,5.879114930551435,2.424688625483989,0.2603611161420247,0.9724150576602305,0.97100587304749,0.1333994981348514,0.0348723263114055,0.9743939656711655,15.739964485168457,0.962048215525207,15.739964485168457,0.9619202310144696,12.919590950012207,0.980430220053005,12.919590950012207,0.9803482151264227,7.363525390625,0.9626462318584724,7.363525390625,0.9623757621361495,paper_main_20260902_002859/task3_seed1003/results.parquet,3,1003,20260902_002859
paper_main,autoencoder,10,medium,10,0.5,1000,10,0.0,0.0,500,x_learner,h_y,frozen,1003,42,b9f116f6359230079c37508f5f8441c8,54,2.0,10000,histgbr,,,,,,,197.89923551328155,14.067666313688335,1.5105747040877695,0.05704352417409669,0.07343488749378199,3.7171219600141048,0.9717029804555002,0.06869224498517432,1.4787358045578003,0.09038236035084914,1.4787358045578003,0.0873148637843573,0.8580606579780579,0.06511573028706909,0.8580606579780579,0.06119820458630008,0.21649307012557983,0.028302508258503115,0.21649307012557983,0.021266678572527942,paper_main_20260902_002859/task3_seed1003/results.parquet,3,1003,20260902_002859
paper_main,autoencoder,10,medium,10,0.5,1000,10,0.0,0.0,500,x_learner,true_y,frozen,1003,42,b9f116f6359230079c37508f5f8441c8,54,2.0,10000,histgbr,,,,,,,196.18016668581032,14.006433046490113,1.5039995250626401,0.06654525818103271,0.08527753746060346,3.654617313116789,0.9553634703894356,0.07964746070024617,1.223423957824707,0.07477735013729599,1.223423957824707,0.07165722891494478,1.2906875610351562,0.09794652898698615,1.2906875610351562,0.09416657699651519,0.459086149930954,0.06001711529264325,0.459086149930954,0.05321092350894353,paper_main_20260902_002859/task3_seed1003/results.parquet,3,1003,20260902_002859
paper_main,autoencoder,10,medium,10,0.5,1000,10,0.0,0.0,500,dml_learner,h_y,frozen,1003,42,b9f116f6359230079c37508f5f8441c8,54,2.0,10000,histgbr,,,,,,,141.5742678747576,11.898498555479915,1.277651213339053,0.03811301645206581,0.0651711035317853,3.6913934744894505,0.9649772269462401,0.054179519535720665,1.138434648513794,0.06958268699569051,1.138434648513794,0.06644504785080088,0.8017160892486572,0.06083990467216401,0.8017160892486572,0.05690446161276457,0.10753363370895386,0.014058055319503333,0.10753363370895386,0.006919084948592282,paper_main_20260902_002859/task3_seed1003/results.parquet,3,1003,20260902_002859
paper_main,autoencoder,10,medium,10,0.5,1000,10,0.0,0.0,500,dml_learner,true_y,frozen,1003,42,b9f116f6359230079c37508f5f8441c8,54,2.0,10000,histgbr,,,,,,,152.7782575940434,12.360350221334484,1.3272444740778195,0.03622833691334765,0.06290786784682485,3.775303416222334,0.9869123534631491,0.051554708927165384,0.8210645914077759,0.05018459385592,0.8210645914077759,0.04698153867080749,0.4640398323535919,0.03521463463573216,0.4640398323535919,0.031171811810505993,0.05890287831425667,0.007700473733278526,0.05890287831425667,0.0005154696310513611,paper_main_20260902_002859/task3_seed1003/results.parquet,3,1003,20260902_002859
paper_main,pca,10,medium,10,0.5,1000,10,0.0,0.0,500,x_learner,h_y,frozen,1003,42,b4bf743fbcae0dbf7e5acfca52574495,0,2.0,10000,histgbr,,,,,,,214.1780519070934,14.634823261901504,1.5714755614236304,0.0692375889503558,0.08054360812465339,3.572390969127417,0.9338684577463399,0.08076707582719378,0.49220412969589233,0.03008419142840289,0.49220412969589233,0.026813351810860836,0.6193979382514954,0.04700430990810257,0.6193979382514954,0.043010890369870866,0.33831536769866943,0.044228544972436744,0.33831536769866943,0.037308031918277716,paper_main_20260902_002859/task3_seed1003/results.parquet,3,1003,20260902_002859
paper_main,pca,10,medium,10,0.5,1000,10,0.0,0.0,500,x_learner,true_y,frozen,1003,42,b4bf743fbcae0dbf7e5acfca52574495,0,2.0,10000,histgbr,,,,,,,230.96650235030043,15.197582121847555,1.6319041555756404,0.07284029136116545,0.0815857030974287,3.5747280082404616,0.9344793895091432,0.0871682642596528,2.1818902492523193,0.13336012433465014,2.1818902492523193,0.13043756135091802,0.5387584567070007,0.040884813947160065,0.5387584567070007,0.036865751360393474,0.38196468353271484,0.04993489446969538,0.38196468353271484,0.04305569973068339,paper_main_20260902_002859/task3_seed1003/results.parquet,3,1003,20260902_002859
paper_main,pca,10,medium,10,0.5,1000,10,0.0,0.0,500,dml_learner,h_y,frozen,1003,42,b4bf743fbcae0dbf7e5acfca52574495,0,2.0,10000,histgbr,,,,,,,117.45190848417586,10.837523171102143,1.1637245291568021,0.023473341893367573,0.012835159931841488,3.8053574262559415,0.9947688541210359,0.0302974487312191,0.8143079280853271,0.04977161732739025,0.8143079280853271,0.04656716946470852,-0.25119730830192566,-0.019062633887410096,-0.25119730830192566,-0.023332899403989114,-0.10674728453159332,-0.01395525455052997,-0.10674728453159332,-0.0212970626140986,paper_main_20260902_002859/task3_seed1003/results.parquet,3,1003,20260902_002859
paper_main,pca,10,medium,10,0.5,1000,10,0.0,0.0,500,dml_learner,true_y,frozen,1003,42,b4bf743fbcae0dbf7e5acfca52574495,0,2.0,10000,histgbr,,,,,,,121.99649763147583,11.045202471275745,1.1860249655198427,0.018267337069348275,0.011630135898277903,3.7331317573189735,0.9758881451945045,0.025526797265811373,-0.9458147287368774,-0.0578094933350183,-0.9458147287368774,-0.06137673614932784,-0.6165931224822998,-0.04679146058861248,-0.6165931224822998,-0.05117792058484349,0.22279305756092072,0.029126116359740595,0.22279305756092072,0.0220962502235096,paper_main_20260902_002859/task3_seed1003/results.parquet,3,1003,20260902_002859
paper_main,pls,10,medium,10,0.5,1000,10,0.0,0.0,500,x_learner,h_y,frozen,1003,42,2d76c26dca5bda0cb184a0dbfcc4efc8,0,2.0,10000,histgbr,,,,,,,26.757836361097763,5.172797730541738,0.5554508634822944,0.8640725762903052,0.8553941462626621,0.3898097003400327,0.10190121596909828,0.8660259281049769,14.86305046081543,0.9084500277343259,14.86305046081543,0.9081412944673505,11.546517372131348,0.8762316556155275,11.546517372131348,0.8757130185116893,7.003497123718262,0.915579122544018,7.003497123718262,0.9149678511135891,paper_main_20260902_002859/task3_seed1003/results.parquet,3,1003,20260902_002859
paper_main,pls,10,medium,10,0.5,1000,10,0.0,0.0,500,x_learner,true_y,frozen,1003,42,2d76c26dca5bda0cb184a0dbfcc4efc8,0,2.0,10000,histgbr,,,,,,,17.80179922797167,4.219217845522043,0.4530562217188583,0.8981159444637778,0.8962129364693356,0.2727589924037459,0.07130267145276915,0.9012567615627113,15.166889190673828,0.9270210675955121,15.166889190673828,0.9267749613033525,11.634586334228516,0.8829149532696753,11.634586334228516,0.8824243217609404,7.150838375091553,0.9348412956075336,7.150838375091553,0.93436949697621,paper_main_20260902_002859/task3_seed1003/results.parquet,3,1003,20260902_002859
paper_main,pls,10,medium,10,0.5,1000,10,0.0,0.0,500,dml_learner,h_y,frozen,1003,42,2d76c26dca5bda0cb184a0dbfcc4efc8,0,2.0,10000,histgbr,,,,,,,13.613139466086606,3.689598821835052,0.39618615655341055,0.9408585794343177,0.9428606355260158,0.24195088875293758,0.06324904112755948,0.944247659065031,15.767158508300781,0.9637103515136367,15.767158508300781,0.9635879722113025,12.38204574584961,0.9396374763164027,12.38204574584961,0.9393845340586766,7.317257404327393,0.9565975391057079,7.317257404327393,0.9562832722424095,paper_main_20260902_002859/task3_seed1003/results.parquet,3,1003,20260902_002859
paper_main,pls,10,medium,10,0.5,1000,10,0.0,0.0,500,dml_learner,true_y,frozen,1003,42,2d76c26dca5bda0cb184a0dbfcc4efc8,0,2.0,10000,histgbr,,,,,,,7.1382767670973735,2.6717553718664764,0.286890944827505,0.9548180912723649,0.9585022923968469,0.10141947600245471,0.026512341582530796,0.958270583982414,15.931661605834961,0.9737650064387003,15.931661605834961,0.9736765343717974,12.773067474365234,0.9693109792018574,12.773067474365234,0.9691823803671106,7.395565032958984,0.9668348289402685,7.395565032958984,0.9665946878499954,paper_main_20260902_002859/task3_seed1003/results.parquet,3,1003,20260902_002859
paper_main,ica,10,medium,10,0.5,1000,10,0.0,0.0,500,x_learner,h_y,frozen,1003,42,2c668c4e1d12971d94a618fc9ef854ed,0,2.0,10000,histgbr,,,,,,,209.02261330141997,14.457614371030235,1.5524470131256716,0.01789187956751827,0.020962471146679977,3.6579295950531963,0.9562293430361603,0.02618236104769097,-0.5807417035102844,-0.03549572936264211,-0.5807417035102844,-0.03898772364241666,0.8409334421157837,0.06381599563744157,0.8409334421157837,0.059893023547147095,-0.19080573320388794,-0.02494435889629295,-0.19080573320388794,-0.03236573644237576,paper_main_20260902_002859/task3_seed1003/results.parquet,3,1003,20260902_002859
paper_main,ica,10,medium,10,0.5,1000,10,0.0,0.0,500,x_learner,true_y,frozen,1003,42,2c668c4e1d12971d94a618fc9ef854ed,0,2.0,10000,histgbr,,,,,,,209.0518344950939,14.458624917159097,1.552555524756921,0.00516626066504266,0.004582155261627325,3.8020107894241812,0.9938940006675023,0.011470571772131313,0.4917459487915039,0.030056186783165604,0.4917459487915039,0.02678525272577392,-0.1484716385602951,-0.011267081274362082,-0.1484716385602951,-0.015504680418532575,0.06615501642227173,0.008648558115724769,0.06615501642227173,0.0014704188662933739,paper_main_20260902_002859/task3_seed1003/results.parquet,3,1003,20260902_002859
paper_main,ica,10,medium,10,0.5,1000,10,0.0,0.0,500,dml_learner,h_y,frozen,1003,42,2c668c4e1d12971d94a618fc9ef854ed,0,2.0,10000,histgbr,,,,,,,130.63826001272162,11.429709533173694,1.2273130248393183,0.060646034584138336,0.05390199978303171,3.6695742971599103,0.9592734163448465,0.06737694404075086,1.086044192314148,0.06638051046315042,1.086044192314148,0.06323207264298152,1.3616206645965576,0.10332943612412593,1.3616206645965576,0.09957204059089549,0.45855584740638733,0.05994778793924415,0.45855584740638733,0.05314109417272031,paper_main_20260902_002859/task3_seed1003/results.parquet,3,1003,20260902_002859
paper_main,ica,10,medium,10,0.5,1000,10,0.0,0.0,500,dml_learner,true_y,frozen,1003,42,2c668c4e1d12971d94a618fc9ef854ed,0,2.0,10000,histgbr,,,,,,,129.63842235330026,11.385886981403788,1.222607394445755,0.05191479965919863,0.0482000402941332,3.6793652895390987,0.9618329063424355,0.05869528320629791,1.315828561782837,0.08042524625726497,1.315828561782837,0.07732417139153738,0.9499685764312744,0.0720903551852061,0.9499685764312744,0.06820205585306564,0.400445818901062,0.05235096481359022,0.400445818901062,0.045489264263452296,paper_main_20260902_002859/task3_seed1003/results.parquet,3,1003,20260902_002859
paper_main,raw_x,10,medium,10,0.5,1000,10,0.0,0.0,500,x_learner,h_y,frozen,1003,42,dd34b7e5891261e9fb24703963931ff3,0,2.0,10000,histgbr,,,,,,,110.62225284079369,10.5177113879776,1.1293833968833515,-0.1480687842751371,-0.14813123112285528,4.5114833860695365,1.179359165418023,-0.14361110531792518,-0.0803852453827858,-0.00491325644018677,-0.0803852453827858,-0.008302117681863423,-0.9227607250213623,-0.07002563039258683,-0.9227607250213623,-0.0745094505223572,-0.8734396696090698,-0.11418625754660619,-0.8734396696090698,-0.12225381438726692,paper_main_20260902_002859/task3_seed1003/results.parquet,3,1003,20260902_002859
paper_main,raw_x,10,medium,10,0.5,1000,10,0.0,0.0,500,x_learner,true_y,frozen,1003,42,dd34b7e5891261e9fb24703963931ff3,0,2.0,10000,histgbr,,,,,,,69.65512617671192,8.345964664238156,0.896182978888352,0.5914627818511274,0.5974581911717025,1.3987686085700992,0.365655913509494,0.6067131835105682,9.789131164550781,0.5983251218433405,9.789131164550781,0.5969705567427046,8.07424545288086,0.6127310281539894,8.07424545288086,0.6111082217816209,4.616827487945557,0.6035657309024609,4.616827487945557,0.6006952449510612,paper_main_20260902_002859/task3_seed1003/results.parquet,3,1003,20260902_002859
paper_main,raw_x,10,medium,10,0.5,1000,10,0.0,0.0,500,dml_learner,h_y,frozen,1003,42,dd34b7e5891261e9fb24703963931ff3,0,2.0,10000,histgbr,,,,,,,383.82920673714847,19.591559578990857,2.103725923954815,-0.07449562598250392,-0.0601631201944659,4.161681905329227,1.0879166071539903,-0.05805516664983594,-0.5481920838356018,-0.03350625196874077,-0.5481920838356018,-0.036991537149209316,-1.0760035514831543,-0.08165478325437595,-1.0760035514831543,-0.08618733402032253,-0.5185812711715698,-0.06779501395367857,-0.5185812711715698,-0.0755266628686582,paper_main_20260902_002859/task3_seed1003/results.parquet,3,1003,20260902_002859
paper_main,raw_x,10,medium,10,0.5,1000,10,0.0,0.0,500,dml_learner,true_y,frozen,1003,42,dd34b7e5891261e9fb24703963931ff3,0,2.0,10000,histgbr,,,,,,,920.4013960028627,30.338117871793937,3.25768271757859,0.2592270529082116,0.23770689559478045,2.672095245987177,0.6985196995195876,0.2773782918711966,3.284106731414795,0.20072910733242416,3.284106731414795,0.19803373225163712,3.1914315223693848,0.24218846570817756,3.1914315223693848,0.23901294307066542,2.3984177112579346,0.3135492375845674,2.3984177112579346,0.30857881140439186,paper_main_20260902_002859/task3_seed1003/results.parquet,3,1003,20260902_002859
paper_main,encoder_pred,10,medium,10,0.5,1000,10,0.0,0.0,750,x_learner,h_y,frozen,1003,42,046578539f5ee11f7116ae6569884826,46,2.0,10000,histgbr,,,,,,,57.047365805486564,7.552970660970859,0.7996788874375231,0.8301993354654852,0.8073879985163548,0.5152621899793544,0.14221453187263808,0.8131532401552488,11.529878616333008,0.7261377552828374,11.529878616333008,0.7324700456699436,10.01375961303711,0.7881499794033826,10.01375961303711,0.7942365690610029,6.279332160949707,0.866754969781721,6.279332160949707,0.8733264463255945,paper_main_20260902_002859/task3_seed1003/results.parquet,3,1003,20260902_002859
paper_main,encoder_pred,10,medium,10,0.5,1000,10,0.0,0.0,750,x_learner,true_y,frozen,1003,42,046578539f5ee11f7116ae6569884826,46,2.0,10000,histgbr,,,,,,,9.746358579762603,3.1219158508458555,0.3305361964635354,0.9523098458841703,0.9444584487846815,0.10579654730856403,0.029200292087862487,0.9494253841495661,14.659822463989258,0.9232578183231259,14.659822463989258,0.925032264376542,11.871228218078613,0.934345204711161,11.871228218078613,0.9362315099229935,7.027190685272217,0.9699841151805403,7.027190685272217,0.9714644606967037,paper_main_20260902_002859/task3_seed1003/results.parquet,3,1003,20260902_002859
paper_main,encoder_pred,10,medium,10,0.5,1000,10,0.0,0.0,750,dml_learner,h_y,frozen,1003,42,046578539f5ee11f7116ae6569884826,46,2.0,10000,histgbr,,,,,,,55.97457504601831,7.481615804491588,0.792124115308265,0.902518240921317,0.8971616797987583,0.31666234286129447,0.08740013866244724,0.901558563837743,14.65710163116455,0.9230864635755544,14.65710163116455,0.9248648717232049,11.881997108459473,0.9351927885417955,11.881997108459473,0.9370547421157902,6.551624298095703,0.9043402666022164,6.551624298095703,0.9090580837934987,paper_main_20260902_002859/task3_seed1003/results.parquet,3,1003,20260902_002859
paper_main,encoder_pred,10,medium,10,0.5,1000,10,0.0,0.0,750,dml_learner,true_y,frozen,1003,42,046578539f5ee11f7116ae6569884826,46,2.0,10000,histgbr,,,,,,,7.293419075678983,2.7006330879404894,0.2859324311030242,0.9612223879509119,0.9596095832538075,0.1167220081438618,0.032215765236099835,0.9607664250957201,15.122947692871094,0.9524248828955769,15.122947692871094,0.9535249230161744,11.90916633605957,0.9373311888031264,11.90916633605957,0.939131704738938,7.012315273284912,0.9679308176423516,7.012315273284912,0.9695124291988896,paper_main_20260902_002859/task3_seed1003/results.parquet,3,1003,20260902_002859
paper_main,mi_mine_cond,10,medium,10,0.5,1000,10,0.0,0.0,750,x_learner,h_y,frozen,1003,42,170fb0fe08485992dcf5ba3960c91803,16,2.0,10000,histgbr,,,,,,,58.23319901451176,7.6310680127038415,0.8079475284992933,0.5850236035975174,0.5999524074136027,1.5595330296506482,0.4304376763227486,0.5700048535771862,9.56024169921875,0.6020924138436378,9.56024169921875,0.6112929021598595,7.923908710479736,0.6236647101881798,7.923908710479736,0.6344770692161154,4.064458847045898,0.5610293921157219,4.064458847045898,0.5826788678855559,paper_main_20260902_002859/task3_seed1003/results.parquet,3,1003,20260902_002859
paper_main,mi_mine_cond,10,medium,10,0.5,1000,10,0.0,0.0,750,x_learner,true_y,frozen,1003,42,170fb0fe08485992dcf5ba3960c91803,16,2.0,10000,histgbr,,,,,,,51.364730714254684,7.166919192669517,0.7588052732634206,0.6394386905576721,0.6519073897093377,1.3789096669107677,0.38058486841859585,0.6291643038676947,10.321290969848633,0.6500223728157976,10.321290969848633,0.6581146162961266,8.52856731414795,0.6712553938517596,8.52856731414795,0.6807004414101467,4.510649681091309,0.622618445372847,4.510649681091309,0.6412304268498316,paper_main_20260902_002859/task3_seed1003/results.parquet,3,1003,20260902_002859
paper_main,mi_mine_cond,10,medium,10,0.5,1000,10,0.0,0.0,750,dml_learner,h_y,frozen,1003,42,170fb0fe08485992dcf5ba3960c91803,16,2.0,10000,histgbr,,,,,,,57.83834000238015,7.605152201131819,0.8052036640921342,0.6084602177070536,0.6258067790962702,1.5817779009540875,0.43657735437502804,0.5977666713544949,9.879261016845703,0.6221838631035931,9.879261016845703,0.6309197934405167,8.373123168945312,0.6590208980605553,8.373123168945312,0.668817450685306,4.231637954711914,0.5841056235841455,4.231637954711914,0.6046170087732853,paper_main_20260902_002859/task3_seed1003/results.parquet,3,1003,20260902_002859
paper_main,mi_mine_cond,10,medium,10,0.5,1000,10,0.0,0.0,750,dml_learner,true_y,frozen,1003,42,170fb0fe08485992dcf5ba3960c91803,16,2.0,10000,histgbr,,,,,,,50.574762902878184,7.111593555798741,0.7529476119900604,0.6486630127342448,0.6622071289630818,1.3140098420182862,0.3626722437486773,0.641681133575975,10.590587615966797,0.6669823485991013,10.590587615966797,0.6746824405737378,8.418990135192871,0.6626309356388734,8.418990135192871,0.6723237695227624,4.767524242401123,0.6580756081600608,4.767524242401123,0.6749388871662158,paper_main_20260902_002859/task3_seed1003/results.parquet,3,1003,20260902_002859
paper_main,mi_infonce_cond,10,medium,10,0.5,1000,10,0.0,0.0,750,x_learner,h_y,frozen,1003,42,0a7d44039a1dfc1e2ce0c5895278fca7,34,2.0,10000,histgbr,,,,,,,21.247260989046936,4.609475131622573,0.4880331342969971,0.9009599377065558,0.8841429303420858,0.25042058493693675,0.06911713483092098,0.8922120284766842,13.719993591308594,0.8640685370941286,13.719993591308594,0.8672115679881939,11.59332275390625,0.9124721825568869,11.59332275390625,0.9149869140018166,6.723243713378906,0.9280294069908739,6.723243713378906,0.9315789057078869,paper_main_20260902_002859/task3_seed1003/results.parquet,3,1003,20260902_002859
paper_main,mi_infonce_cond,10,medium,10,0.5,1000,10,0.0,0.0,750,x_learner,true_y,frozen,1003,42,0a7d44039a1dfc1e2ce0c5895278fca7,34,2.0,10000,histgbr,,,,,,,11.59974883710576,3.405840401003218,0.360597013402662,0.9440829868141986,0.9328595444339653,0.139830486734708,0.03859380253244745,0.940541347597118,14.964314460754395,0.942434354554775,14.964314460754395,0.9437653974068367,12.099472999572754,0.9523095983839762,12.099472999572754,0.9536797748155214,6.9897589683532715,0.9648173035140506,6.9897589683532715,0.9665524696536724,paper_main_20260902_002859/task3_seed1003/results.parquet,3,1003,20260902_002859
paper_main,mi_infonce_cond,10,medium,10,0.5,1000,10,0.0,0.0,750,dml_learner,h_y,frozen,1003,42,0a7d44039a1dfc1e2ce0c5895278fca7,34,2.0,10000,histgbr,,,,,,,16.254266218203007,4.031657998665438,0.42685612424806535,0.9427136688243,0.9417397617333084,0.23742488350470836,0.06553026656951219,0.9409113597813111,14.667328834533691,0.9237305604255219,14.667328834533691,0.9254940756539399,11.85993480682373,0.933456337573154,11.85993480682373,0.9353681805192475,6.779221534729004,0.9357561928351527,6.779221534729004,0.9389246162366208,paper_main_20260902_002859/task3_seed1003/results.parquet,3,1003,20260902_002859
paper_main,mi_infonce_cond,10,medium,10,0.5,1000,10,0.0,0.0,750,dml_learner,true_y,frozen,1003,42,0a7d44039a1dfc1e2ce0c5895278fca7,34,2.0,10000,histgbr,,,,,,,5.762408616964863,2.400501742753973,0.25415570231946105,0.973643245587992,0.9725609257877088,0.11154641520977027,0.030787279815280094,0.973533586143244,15.450570106506348,0.973058144695961,15.450570106506348,0.9736810989535979,12.402926445007324,0.976193417849521,12.402926445007324,0.9768773965260031,7.038578987121582,0.9715560764930341,7.038578987121582,0.972958894863337,paper_main_20260902_002859/task3_seed1003/results.parquet,3,1003,20260902_002859
paper_main,autoencoder,10,medium,10,0.5,1000,10,0.0,0.0,750,x_learner,h_y,frozen,1003,42,b9f116f6359230079c37508f5f8441c8,54,2.0,10000,histgbr,,,,,,,204.0761140349584,14.285521132774905,1.5124949054752772,0.05459120105102409,0.06624595359052556,3.6582769057154656,1.0096998144336067,-0.007708837942677079,0.8875264525413513,0.05589533831601467,0.8875264525413513,0.07772509027681468,0.9915584325790405,0.07804229264670737,0.9915584325790405,0.10453074060879121,0.061464641243219376,0.0084841479790987,0.061464641243219376,0.057384457084513056,paper_main_20260902_002859/task3_seed1003/results.parquet,3,1003,20260902_002859
paper_main,autoencoder,10,medium,10,0.5,1000,10,0.0,0.0,750,x_learner,true_y,frozen,1003,42,b9f116f6359230079c37508f5f8441c8,54,2.0,10000,histgbr,,,,,,,209.937203805611,14.489209909640035,1.5340606736714535,0.04073853286850287,0.056133590886068147,3.736903759876887,1.0314011569241797,-0.020555472498596444,1.365326166152954,0.08598658411848403,1.365326166152954,0.10712056106755208,0.20375265181064606,0.01603669895559237,0.20375265181064606,0.04430660818075327,-0.31053492426872253,-0.042864062929264965,-0.31053492426872253,0.008568675063000977,paper_main_20260902_002859/task3_seed1003/results.parquet,3,1003,20260902_002859
paper_main,autoencoder,10,medium,10,0.5,1000,10,0.0,0.0,750,dml_learner,h_y,frozen,1003,42,b9f116f6359230079c37508f5f8441c8,54,2.0,10000,histgbr,,,,,,,129.1279617476438,11.363448497161581,1.2031173242364628,0.037251863558868545,0.044227243278742515,3.6380991142193477,1.0041306591032706,-0.02994438182511712,-0.5087152123451233,-0.03203826637404825,-0.5087152123451233,-0.008175298333180174,-0.8750084638595581,-0.06886902915772446,-0.8750084638595581,-0.038159722829122875,0.00019287109898868948,2.662257375319754e-05,0.00019287109898868948,0.04934404614662195,paper_main_20260902_002859/task3_seed1003/results.parquet,3,1003,20260902_002859
paper_main,autoencoder,10,medium,10,0.5,1000,10,0.0,0.0,750,dml_learner,true_y,frozen,1003,42,b9f116f6359230079c37508f5f8441c8,54,2.0,10000,histgbr,,,,,,,138.43844299358508,11.765986698682992,1.2457364890118714,0.035965262160466055,0.04175442718234945,3.687386503100395,1.017734185760687,-0.03270133756809968,-0.6837795972824097,-0.04306360876822183,-0.6837795972824097,-0.018945710845619662,-0.8188928365707397,-0.06445235328362924,-0.8188928365707397,-0.03386994094172929,0.12556615471839905,0.017332271306713658,0.12556615471839905,0.06579620214864254,paper_main_20260902_002859/task3_seed1003/results.parquet,3,1003,20260902_002859
paper_main,pca,10,medium,10,0.5,1000,10,0.0,0.0,750,x_learner,h_y,frozen,1003,42,b4bf743fbcae0dbf7e5acfca52574495,0,2.0,10000,histgbr,,,,,,,193.07225269725325,13.895044177592716,1.4711527381206981,0.10187587889045134,0.11561360307955096,3.355047413170338,0.9260071989633917,0.04772374274845418,2.0740246772766113,0.1306195558230283,2.0740246772766113,0.1507215214484305,0.6040210723876953,0.04754050567998261,0.6040210723876953,0.0749052899320879,0.6844578981399536,0.09447776763722426,0.6844578981399536,0.13913698006848568,paper_main_20260902_002859/task3_seed1003/results.parquet,3,1003,20260902_002859
paper_main,pca,10,medium,10,0.5,1000,10,0.0,0.0,750,x_learner,true_y,frozen,1003,42,b4bf743fbcae0dbf7e5acfca52574495,0,2.0,10000,histgbr,,,,,,,201.96610707845034,14.211478004713314,1.504655509702611,0.09369299500976891,0.10630701510693179,3.4385945151050885,0.9490665505363107,0.03427238882441027,1.868534803390503,0.11767805307852948,1.868534803390503,0.13807925437808724,1.2716518640518188,0.10008752248814344,1.2716518640518188,0.12594259657764106,0.42961999773979187,0.05930173123733226,0.42961999773979187,0.10569578134118568,paper_main_20260902_002859/task3_seed1003/results.parquet,3,1003,20260902_002859
paper_main,pca,10,medium,10,0.5,1000,10,0.0,0.0,750,dml_learner,h_y,frozen,1003,42,b4bf743fbcae0dbf7e5acfca52574495,0,2.0,10000,histgbr,,,,,,,109.49662429296757,10.464063469463838,1.1078939676777273,0.02590942206119477,0.017271866706514476,3.687348295604189,1.017723640331015,-0.048993746511635086,-1.110406756401062,-0.06993206922419483,-1.110406756401062,-0.04519291409238001,-0.3800891935825348,-0.029915566347679307,-0.3800891935825348,-0.0003254184841107238,-0.5350512862205505,-0.0738547268296799,-0.5350512862205505,-0.020893568448548255,paper_main_20260902_002859/task3_seed1003/results.parquet,3,1003,20260902_002859
paper_main,pca,10,medium,10,0.5,1000,10,0.0,0.0,750,dml_learner,true_y,frozen,1003,42,b4bf743fbcae0dbf7e5acfca52574495,0,2.0,10000,histgbr,,,,,,,118.81046045532955,10.900021121783643,1.1540514527290677,0.03516733718637721,0.028404214839140223,3.711967862442136,1.0245187443399197,-0.033290693474300116,-1.5236917734146118,-0.09596025777087473,-1.5236917734146118,-0.07061927434287346,-0.20537897944450378,-0.01616470183769265,-0.20537897944450378,0.013030374694402297,-0.1264270842075348,-0.01745110797504292,-0.1264270842075348,0.03272829518650846,paper_main_20260902_002859/task3_seed1003/results.parquet,3,1003,20260902_002859
paper_main,pls,10,medium,10,0.5,1000,10,0.0,0.0,750,x_learner,h_y,frozen,1003,42,2d76c26dca5bda0cb184a0dbfcc4efc8,0,2.0,10000,histgbr,,,,,,,17.66347842997093,4.20279412176839,0.44497534523624116,0.903972892396253,0.9053935474648513,0.3167932570775349,0.0874362715368172,0.9015432588778785,14.102225303649902,0.8881410262185376,14.102225303649902,0.8907274488381267,11.30888557434082,0.8900850706349883,11.30888557434082,0.8932429984482926,6.609759330749512,0.9123648187647015,6.609759330749512,0.9166868751818337,paper_main_20260902_002859/task3_seed1003/results.parquet,3,1003,20260902_002859
paper_main,pls,10,medium,10,0.5,1000,10,0.0,0.0,750,x_learner,true_y,frozen,1003,42,2d76c26dca5bda0cb184a0dbfcc4efc8,0,2.0,10000,histgbr,,,,,,,13.831396462963026,3.719058545245426,0.39375932110327977,0.9175878214894604,0.9194699946066478,0.2273478037913641,0.06274895017962934,0.9169299984635922,14.206795692443848,0.89472674233183,14.206795692443848,0.8971608888796316,11.594085693359375,0.912532231003974,11.594085693359375,0.9150452372177428,6.749584674835205,0.9316653285611739,6.749584674835205,0.9350355082200918,paper_main_20260902_002859/task3_seed1003/results.parquet,3,1003,20260902_002859
paper_main,pls,10,medium,10,0.5,1000,10,0.0,0.0,750,dml_learner,h_y,frozen,1003,42,2d76c26dca5bda0cb184a0dbfcc4efc8,0,2.0,10000,histgbr,,,,,,,7.212936951500737,2.685691149685819,0.28435043732918386,0.9631163362068197,0.9647011549421163,0.13081408027807884,0.03610523642311518,0.96266936366772,15.162988662719727,0.9549466145575257,15.162988662719727,0.955988346760658,12.17697811126709,0.958409770002438,12.17697811126709,0.9596046845134127,7.062106609344482,0.9748036644476362,7.062106609344482,0.9760463158831358,paper_main_20260902_002859/task3_seed1003/results.parquet,3,1003,20260902_002859
paper_main,pls,10,medium,10,0.5,1000,10,0.0,0.0,750,dml_learner,true_y,frozen,1003,42,2d76c26dca5bda0cb184a0dbfcc4efc8,0,2.0,10000,histgbr,,,,,,,4.014337374046135,2.0035811373753085,0.21213130657403406,0.9746467389275356,0.9777989942358916,0.06324713399012882,0.017456475028863626,0.975202089514572,15.627902030944824,0.9842262939745953,15.627902030944824,0.9845910163449128,12.39216136932373,0.9753461342611218,12.39216136932373,0.9760544559492861,7.110541820526123,0.9814893212863031,7.110541820526123,0.9824022445734153,paper_main_20260902_002859/task3_seed1003/results.parquet,3,1003,20260902_002859
paper_main,ica,10,medium,10,0.5,1000,10,0.0,0.0,750,x_learner,h_y,frozen,1003,42,2c668c4e1d12971d94a618fc9ef854ed,0,2.0,10000,histgbr,,,,,,,184.12729164103325,13.569351187180368,1.436669642672573,0.03727254270674259,0.04146900574353962,3.6030041152387855,0.994444291758344,-0.03298557136403911,1.1097712516784668,0.06989204590841741,1.1097712516784668,0.09139816356529923,0.10854461789131165,0.00854318873842416,0.10854461789131165,0.03702839141344473,-0.06856071949005127,-0.009463640850116256,-0.06856071949005127,0.040321830524482696,paper_main_20260902_002859/task3_seed1003/results.parquet,3,1003,20260902_002859
paper_main,ica,10,medium,10,0.5,1000,10,0.0,0.0,750,x_learner,true_y,frozen,1003,42,2c668c4e1d12971d94a618fc9ef854ed,0,2.0,10000,histgbr,,,,,,,200.45531816195577,14.158224400042393,1.4990172270656432,0.02121536927176759,0.03169753663641514,3.7978008751273156,1.0482090168955873,-0.05122637805891464,1.7444329261779785,0.10986226754043774,1.7444329261779785,0.1304441867906632,-0.05029551312327385,-0.003958593891207676,-0.05029551312327385,0.02488579317587025,-0.6279743313789368,-0.08668117224359813,-0.6279743313789368,-0.0330874297800376,paper_main_20260902_002859/task3_seed1003/results.parquet,3,1003,20260902_002859
paper_main,ica,10,medium,10,0.5,1000,10,0.0,0.0,750,dml_learner,h_y,frozen,1003,42,2c668c4e1d12971d94a618fc9ef854ed,0,2.0,10000,histgbr,,,,,,,111.78066993679118,10.572637794646669,1.1193893910632757,0.022121866883318898,0.025367873564411402,3.7250678910960753,1.028134407353371,-0.04663873686655448,-0.16672168672084808,-0.010499929390492425,-0.16672168672084808,0.012865025481835103,-0.29987069964408875,-0.023601833365409212,-0.29987069964408875,0.005806916819921549,-0.0020701091270893812,-0.0002857433446590997,-0.0020701091270893812,0.049047085720651584,paper_main_20260902_002859/task3_seed1003/results.parquet,3,1003,20260902_002859
paper_main,ica,10,medium,10,0.5,1000,10,0.0,0.0,750,dml_learner,true_y,frozen,1003,42,2c668c4e1d12971d94a618fc9ef854ed,0,2.0,10000,histgbr,,,,,,,115.67393778649458,10.755181903924013,1.1387164448501386,0.029797642306919652,0.02559333681131546,3.749911215956012,1.0349912695175776,-0.04155827432439276,-0.0794777050614357,-0.005005409360215548,-0.0794777050614357,0.01823250026567643,0.3219502866268158,0.02533964480668003,0.3219502866268158,0.05334227431271148,-0.07570450752973557,-0.01044971924631422,-0.07570450752973557,0.03938438426893883,paper_main_20260902_002859/task3_seed1003/results.parquet,3,1003,20260902_002859
paper_main,raw_x,10,medium,10,0.5,1000,10,0.0,0.0,750,x_learner,h_y,frozen,1003,42,dd34b7e5891261e9fb24703963931ff3,0,2.0,10000,histgbr,,,,,,,99.55141960952503,9.97754577085593,1.0563833833785123,-0.01985034640061582,-0.01723575769255426,3.7311514290521544,1.0298134894195086,-0.09652309410060797,0.0909704715013504,0.005729209835690437,0.0909704715013504,0.02871891173213186,-0.8946281671524048,-0.07041323126998862,-0.8946281671524048,-0.03965955900467714,-0.1426498293876648,-0.019690381937300314,-0.1426498293876648,0.030599459386891535,paper_main_20260902_002859/task3_seed1003/results.parquet,3,1003,20260902_002859
paper_main,raw_x,10,medium,10,0.5,1000,10,0.0,0.0,750,x_learner,true_y,frozen,1003,42,dd34b7e5891261e9fb24703963931ff3,0,2.0,10000,histgbr,,,,,,,59.93067443825821,7.74149045328212,0.8196386230888787,0.6495252222670618,0.6543470973405879,1.3748027070512374,0.379451330221535,0.6372560952659526,10.69884204864502,0.6738000813229331,10.69884204864502,0.6813425324974164,8.367693901062012,0.6585935782989716,8.367693901062012,0.668402408099972,4.55645751953125,0.6289414381060061,4.55645751953125,0.6472415775700844,paper_main_20260902_002859/task3_seed1003/results.parquet,3,1003,20260902_002859
paper_main,raw_x,10,medium,10,0.5,1000,10,0.0,0.0,750,dml_learner,h_y,frozen,1003,42,dd34b7e5891261e9fb24703963931ff3,0,2.0,10000,histgbr,,,,,,,274.2954410309219,16.561867075632563,1.7535054790253333,-0.03701759469794613,-0.04561513693990574,3.8245247811029355,1.055584927358343,-0.11077672474253018,-1.771356463432312,-0.1115578792252339,-1.771356463432312,-0.08585624488494946,-0.2965452969074249,-0.0233401018879532,-0.2965452969074249,0.006061128580838137,-0.4355631470680237,-0.060122081886790614,-0.4355631470680237,-0.007838200203932102,paper_main_20260902_002859/task3_seed1003/results.parquet,3,1003,20260902_002859
paper_main,raw_x,10,medium,10,0.5,1000,10,0.0,0.0,750,dml_learner,true_y,frozen,1003,42,dd34b7e5891261e9fb24703963931ff3,0,2.0,10000,histgbr,,,,,,,591.9100031502546,24.32920062702954,2.5758802679059336,0.3541769283145392,0.36184086486098455,2.4147995922714474,0.666494845264857,0.31875564370395004,5.4062113761901855,0.340476628065301,5.4062113761901855,0.35572624201806424,4.022735118865967,0.3166162084569831,4.022735118865967,0.3362502717725167,2.3981895446777344,0.33102926442636343,2.3981895446777344,0.3640220559035265,paper_main_20260902_002859/task3_seed1003/results.parquet,3,1003,20260902_002859
paper_main,encoder_pred,10,medium,10,0.5,1000,10,0.0,0.0,50,x_learner,h_y,frozen,1004,42,046578539f5ee11f7116ae6569884826,46,2.0,10000,histgbr,,,,,,,105.72174010915174,10.282107765879122,1.0000730403943225,,,4.053763448297977,0.9790757645843817,-0.4380437449921569,-6.591340065002441,-0.34359112407621173,-6.591340065002441,-0.34968640029302317,-5.732577323913574,-0.3934993276322272,-5.732577323913574,-0.4018358233001588,-3.371453285217285,-0.4077300466039806,-3.371453285217285,-0.422635372456648,paper_main_20260902_002859/task4_seed1004/results.parquet,4,1004,20260902_002859
paper_main,encoder_pred,10,medium,10,0.5,1000,10,0.0,0.0,50,x_learner,true_y,frozen,1004,42,046578539f5ee11f7116ae6569884826,46,2.0,10000,histgbr,,,,,,,105.71525702007388,10.281792500341265,1.000042376587625,,,4.053763448297977,0.9790757645843817,-0.6439149420427713,-8.712818145751953,-0.4541788090202898,-8.712818145751953,-0.4607757724497012,-6.791952610015869,-0.46621765993495884,-6.791952610015869,-0.4749891870738069,-6.471656322479248,-0.7826561754656938,-6.471656322479248,-0.8015312937759738,paper_main_20260902_002859/task4_seed1004/results.parquet,4,1004,20260902_002859
paper_main,encoder_pred,10,medium,10,0.5,1000,10,0.0,0.0,50,dml_learner,h_y,frozen,1004,42,046578539f5ee11f7116ae6569884826,46,2.0,10000,histgbr,,,,,,,283.97277461157586,16.851491762202414,1.6390338426262097,-0.1890516206482593,-0.1264668187536705,4.951258137822151,1.1958410767599705,-0.15769156202362591,-2.1297519207000732,-0.11101898084764317,-2.1297519207000732,-0.11605918054012238,-2.2465109825134277,-0.15420647837575951,-2.2465109825134277,-0.16111142415942736,-2.570998430252075,-0.3109262448872638,-2.570998430252075,-0.32480659282470836,paper_main_20260902_002859/task4_seed1004/results.parquet,4,1004,20260902_002859
paper_main,encoder_pred,10,medium,10,0.5,1000,10,0.0,0.0,50,dml_learner,true_y,frozen,1004,42,046578539f5ee11f7116ae6569884826,46,2.0,10000,histgbr,,,,,,,204.923248638312,14.315140538545613,1.3923396299699544,0.28585834333733495,0.34171397202120624,3.285199893116951,0.7934502439989384,0.3226332397823315,0.14012260735034943,0.0073042634264354825,0.14012260735034943,0.002800843743734641,3.3310494422912598,0.22865207772835924,3.3310494422912598,0.22403755191914212,2.1571881771087646,0.2608816915371932,2.1571881771087646,0.2530557598126502,paper_main_20260902_002859/task4_seed1004/results.parquet,4,1004,20260902_002859
paper_main,mi_mine_cond,10,medium,10,0.5,1000,10,0.0,0.0,50,x_learner,h_y,frozen,1004,42,170fb0fe08485992dcf5ba3960c91803,16,2.0,10000,histgbr,,,,,,,105.71144573573271,10.2816071572363,1.0000243494820238,,,4.053763448297977,0.9790757645843817,0.29932311534326467,4.151190757751465,0.21639185425795182,4.151190757751465,0.2128369721152723,2.7309212684631348,0.18745768652330413,2.7309212684631348,0.18259671864051422,2.447237491607666,0.29595909303542217,2.447237491607666,0.2885045678178705,paper_main_20260902_002859/task4_seed1004/results.parquet,4,1004,20260902_002859
paper_main,mi_mine_cond,10,medium,10,0.5,1000,10,0.0,0.0,50,x_learner,true_y,frozen,1004,42,170fb0fe08485992dcf5ba3960c91803,16,2.0,10000,histgbr,,,,,,,105.71525702007388,10.281792500341265,1.000042376587625,,,4.053763448297977,0.9790757645843817,0.2629492927567204,-0.011183452792465687,-0.0005829672082038314,-0.011183452792465687,-0.0051221677534322345,2.6428256034851074,0.18141056618328547,2.6428256034851074,0.17651342189802557,4.164308547973633,0.5036147841002092,4.164308547973633,0.4983589586603232,paper_main_20260902_002859/task4_seed1004/results.parquet,4,1004,20260902_002859
paper_main,mi_mine_cond,10,medium,10,0.5,1000,10,0.0,0.0,50,dml_learner,h_y,frozen,1004,42,170fb0fe08485992dcf5ba3960c91803,16,2.0,10000,histgbr,,,,,,,217.90175844677492,14.76149580654938,1.435753673095419,0.31102040816326526,0.3321567011006977,2.9267160505056378,0.7068682697983513,0.3458815727956704,7.07120418548584,0.3686053170832103,7.07120418548584,0.3657409598206168,4.498410224914551,0.30878282121615885,4.498410224914551,0.30464767102105794,3.1199676990509033,0.377316387836278,3.1199676990509033,0.37072328984507824,paper_main_20260902_002859/task4_seed1004/results.parquet,4,1004,20260902_002859
paper_main,mi_mine_cond,10,medium,10,0.5,1000,10,0.0,0.0,50,dml_learner,true_y,frozen,1004,42,170fb0fe08485992dcf5ba3960c91803,16,2.0,10000,histgbr,,,,,,,195.25632264652052,13.9734148527309,1.3591022185971962,0.34837935174069623,0.3827866029745818,2.9267160505056378,0.7068682697983513,0.37653788951150774,7.07120418548584,0.3686053170832103,7.07120418548584,0.3657409598206168,6.9005913734436035,0.47367491309494336,6.9005913734436035,0.47052621634288744,2.6913843154907227,0.325485231308353,2.6913843154907227,0.318343334718137,paper_main_20260902_002859/task4_seed1004/results.parquet,4,1004,20260902_002859
paper_main,mi_infonce_cond,10,medium,10,0.5,1000,10,0.0,0.0,50,x_learner,h_y,frozen,1004,42,0a7d44039a1dfc1e2ce0c5895278fca7,34,2.0,10000,histgbr,,,,,,,106.0352840091287,10.297343541376518,1.0015549241356123,,,4.140398113131523,1.0,0.45680648979961747,9.447000503540039,0.4924500162560886,9.447000503540039,0.4901474873919713,4.717009544372559,0.3237880588897546,4.717009544372559,0.31974267630083886,4.3794026374816895,0.5296274011291616,4.3794026374816895,0.5246470024545369,paper_main_20260902_002859/task4_seed1004/results.parquet,4,1004,20260902_002859
paper_main,mi_infonce_cond,10,medium,10,0.5,1000,10,0.0,0.0,50,x_learner,true_y,frozen,1004,42,0a7d44039a1dfc1e2ce0c5895278fca7,34,2.0,10000,histgbr,,,,,,,105.71525702007388,10.281792500341265,1.000042376587625,,,4.053763448297977,0.9790757645843817,-0.5451633269921947,-4.108140468597412,-0.21414774348588206,-4.108140468597412,-0.21965579257310197,-6.411049842834473,-0.4400714826904085,-6.411049842834473,-0.44868659246398773,-5.054088592529297,-0.6112212162061167,-5.054088592529297,-0.6282811470545199,paper_main_20260902_002859/task4_seed1004/results.parquet,4,1004,20260902_002859
paper_main,mi_infonce_cond,10,medium,10,0.5,1000,10,0.0,0.0,50,dml_learner,h_y,frozen,1004,42,0a7d44039a1dfc1e2ce0c5895278fca7,34,2.0,10000,histgbr,,,,,,,173.58678667387704,13.175233837540684,1.2814683975147876,0.38237695078031214,0.4464582619739759,2.7792496627569196,0.6712517943485582,0.4228102031253634,6.792508602142334,0.35407756888455394,6.792508602142334,0.35114730568041885,6.653237819671631,0.456695908434913,6.653237819671631,0.4534456361772307,3.1990420818328857,0.38687932673809966,3.1990420818328857,0.3803874830468878,paper_main_20260902_002859/task4_seed1004/results.parquet,4,1004,20260902_002859
paper_main,mi_infonce_cond,10,medium,10,0.5,1000,10,0.0,0.0,50,dml_learner,true_y,frozen,1004,42,0a7d44039a1dfc1e2ce0c5895278fca7,34,2.0,10000,histgbr,,,,,,,149.56830346298932,12.229812077991605,1.1895134370090454,0.4704441776710684,0.5251760187909786,2.4988466829061506,0.6035281184630307,0.5052575899425042,6.792508602142334,0.35407756888455394,6.792508602142334,0.35114730568041885,6.738577842712402,0.46255387419606847,6.738577842712402,0.4593386467390707,3.2617645263671875,0.3944647277713037,3.2617645263671875,0.38805319981562353,paper_main_20260902_002859/task4_seed1004/results.parquet,4,1004,20260902_002859
paper_main,autoencoder,10,medium,10,0.5,1000,10,0.0,0.0,50,x_learner,h_y,frozen,1004,42,b9f116f6359230079c37508f5f8441c8,54,2.0,10000,histgbr,,,,,,,106.31597104335229,10.310963633111713,1.0028796609368806,,,4.140398113131523,1.0,-0.17198751677624172,-7.487767696380615,-0.3903197975296711,-7.487767696380615,-0.3966270609848917,-3.9309921264648438,-0.2698337364310475,-3.9309921264648438,-0.2774304128217983,-0.33277541399002075,-0.040244524712750265,-0.33277541399002075,-0.051258840734988695,paper_main_20260902_002859/task4_seed1004/results.parquet,4,1004,20260902_002859
paper_main,autoencoder,10,medium,10,0.5,1000,10,0.0,0.0,50,x_learner,true_y,frozen,1004,42,b9f116f6359230079c37508f5f8441c8,54,2.0,10000,histgbr,,,,,,,105.71525702007388,10.281792500341265,1.000042376587625,,,4.053763448297977,0.9790757645843817,-0.15314225303948634,-7.710348606109619,-0.4019224191843719,-7.710348606109619,-0.40828231858110575,-4.129383563995361,-0.2834518514367696,-4.129383563995361,-0.2911299970858827,-1.235202431678772,-0.1493804310568336,-1.235202431678772,-0.16155029977201132,paper_main_20260902_002859/task4_seed1004/results.parquet,4,1004,20260902_002859
paper_main,autoencoder,10,medium,10,0.5,1000,10,0.0,0.0,50,dml_learner,h_y,frozen,1004,42,b9f116f6359230079c37508f5f8441c8,54,2.0,10000,histgbr,,,,,,,280.44787879529514,16.74657812197152,1.6288295824148233,-0.1328691476590636,-0.04169042828757866,4.916659548282623,1.1874847330958682,-0.0995400097656525,-6.1699538230896,-0.321625245954123,-6.1699538230896,-0.32762087273733836,-7.101484775543213,-0.48746476959145885,-7.101484775543213,-0.49636340582472493,-0.9666314721107483,-0.11690053571280286,-0.9666314721107483,-0.12872650083301843,paper_main_20260902_002859/task4_seed1004/results.parquet,4,1004,20260902_002859
paper_main,autoencoder,10,medium,10,0.5,1000,10,0.0,0.0,50,dml_learner,true_y,frozen,1004,42,b9f116f6359230079c37508f5f8441c8,54,2.0,10000,histgbr,,,,,,,285.91123209935927,16.908909843610832,1.6446185220086103,-0.13642256902761105,-0.05317525818157762,4.787302978038788,1.156242189091809,-0.10379185951935761,-6.1699538230896,-0.321625245954123,-6.1699538230896,-0.32762087273733836,-5.471591472625732,-0.375584565876658,-5.471591472625732,-0.3838138879487321,-1.2938096523284912,-0.1564681534083832,-1.2938096523284912,-0.1687130683381799,paper_main_20260902_002859/task4_seed1004/results.parquet,4,1004,20260902_002859
paper_main,pca,10,medium,10,0.5,1000,10,0.0,0.0,50,x_learner,h_y,frozen,1004,42,b4bf743fbcae0dbf7e5acfca52574495,0,2.0,10000,histgbr,,,,,,,106.58250862825554,10.323880502420373,1.0041359999148434,,,4.140398113131523,1.0,0.16239911702399146,1.577460527420044,0.08222932369700242,1.577460527420044,0.07806580573717456,4.01363468170166,0.27550654084030324,4.01363468170166,0.2711723180215581,1.1022288799285889,0.1332991427026618,1.1022288799285889,0.12412234156385851,paper_main_20260902_002859/task4_seed1004/results.parquet,4,1004,20260902_002859
paper_main,pca,10,medium,10,0.5,1000,10,0.0,0.0,50,x_learner,true_y,frozen,1004,42,b4bf743fbcae0dbf7e5acfca52574495,0,2.0,10000,histgbr,,,,,,,105.71525702007388,10.281792500341265,1.000042376587625,,,4.053763448297977,0.9790757645843817,-0.2053132882643534,-1.3686164617538452,-0.07134277155870536,-1.3686164617538452,-0.07620297791056291,0.006823062896728516,0.00046835315261340994,0.006823062896728516,-0.005511263111760507,-2.926858425140381,-0.35396252628451585,-2.926858425140381,-0.36829855093303204,paper_main_20260902_002859/task4_seed1004/results.parquet,4,1004,20260902_002859
paper_main,pca,10,medium,10,0.5,1000,10,0.0,0.0,50,dml_learner,h_y,frozen,1004,42,b4bf743fbcae0dbf7e5acfca52574495,0,2.0,10000,histgbr,,,,,,,258.8274766208002,16.088116005946755,1.5647853003131893,0.19154861944777912,0.16665195786032322,3.5307986694574356,0.852767915785512,0.18754597203857162,-1.1346203088760376,-0.05914510000725807,-1.1346203088760376,-0.06394997094049328,2.904650926589966,0.1993829515131908,2.904650926589966,0.19459332555210532,1.6699013710021973,0.20195117838593926,1.6699013710021973,0.19350127866177635,paper_main_20260902_002859/task4_seed1004/results.parquet,4,1004,20260902_002859
paper_main,pca,10,medium,10,0.5,1000,10,0.0,0.0,50,dml_learner,true_y,frozen,1004,42,b4bf743fbcae0dbf7e5acfca52574495,0,2.0,10000,histgbr,,,,,,,270.7056370712495,16.453134566739845,1.6002882565362406,0.1787755102040816,0.16275398746112496,3.5307986694574356,0.852767915785512,0.17690045656824083,0.30326634645462036,0.015808564547608466,0.30326634645462036,0.011343725102180425,2.904650926589966,0.1993829515131908,2.904650926589966,0.19459332555210532,1.6699011325836182,0.20195114955255197,1.6699011325836182,0.19350124952309541,paper_main_20260902_002859/task4_seed1004/results.parquet,4,1004,20260902_002859
paper_main,pls,10,medium,10,0.5,1000,10,0.0,0.0,50,x_learner,h_y,frozen,1004,42,2d76c26dca5bda0cb184a0dbfcc4efc8,0,2.0,10000,histgbr,,,,,,,107.08858532099441,10.348361480011915,1.006517103697187,,,4.140398113131523,1.0,0.1693127823568324,2.1877565383911133,0.11404262575103627,2.1877565383911133,0.11002343061376464,1.9484237432479858,0.13374497884440725,1.9484237432479858,0.1285626790843793,1.7112290859222412,0.20694918657554393,1.7112290859222412,0.19855220675662852,paper_main_20260902_002859/task4_seed1004/results.parquet,4,1004,20260902_002859
paper_main,pls,10,medium,10,0.5,1000,10,0.0,0.0,50,x_learner,true_y,frozen,1004,42,2d76c26dca5bda0cb184a0dbfcc4efc8,0,2.0,10000,histgbr,,,,,,,105.71525702007388,10.281792500341265,1.000042376587625,,,4.053763448297977,0.9790757645843817,-0.1561211603146993,2.634662628173828,0.1373387937882851,2.634662628173828,0.13342528301914883,-4.01708459854126,-0.27574335229177843,-4.01708459854126,-0.2833753824757067,-1.0859665870666504,-0.1313324461876726,-1.0859665870666504,-0.14331121924775092,paper_main_20260902_002859/task4_seed1004/results.parquet,4,1004,20260902_002859
paper_main,pls,10,medium,10,0.5,1000,10,0.0,0.0,50,dml_learner,h_y,frozen,1004,42,2d76c26dca5bda0cb184a0dbfcc4efc8,0,2.0,10000,histgbr,,,,,,,303.2617190939468,17.414411247410772,1.6937853210086575,0.34981992797118844,0.3571836484124946,2.9243502551317215,0.7062968765870528,0.37494168923053145,3.796626329421997,0.19790924081580707,3.796626329421997,0.19427051126440353,5.378213405609131,0.369174847435818,5.378213405609131,0.36540098759441486,2.691107749938965,0.3254517845790741,2.691107749938965,0.318309533848233,paper_main_20260902_002859/task4_seed1004/results.parquet,4,1004,20260902_002859
paper_main,pls,10,medium,10,0.5,1000,10,0.0,0.0,50,dml_learner,true_y,frozen,1004,42,2d76c26dca5bda0cb184a0dbfcc4efc8,0,2.0,10000,histgbr,,,,,,,265.09648337538675,16.281783789726074,1.5836220927064124,0.41512605042016804,0.3965411760953764,2.7009543734788894,0.6523417071688467,0.44078279985345264,3.796626329421997,0.19790924081580707,3.796626329421997,0.19427051126440353,5.378213882446289,0.3691748801671866,5.378213882446289,0.3654010205215961,3.3004117012023926,0.3991385621873884,3.3004117012023926,0.3927765217205355,paper_main_20260902_002859/task4_seed1004/results.parquet,4,1004,20260902_002859
paper_main,ica,10,medium,10,0.5,1000,10,0.0,0.0,50,x_learner,h_y,frozen,1004,42,2c668c4e1d12971d94a618fc9ef854ed,0,2.0,10000,histgbr,,,,,,,106.62603851221547,10.325988500488245,1.004341031031506,,,4.140398113131523,1.0,0.18886839980230916,-1.841815710067749,-0.09600954038519473,-1.841815710067749,-0.10098164891225983,2.0922858715057373,0.143620057285132,2.0922858715057373,0.1384968343735884,2.664625883102417,0.32224917375045325,2.664625883102417,0.3150730131388826,paper_main_20260902_002859/task4_seed1004/results.parquet,4,1004,20260902_002859
paper_main,ica,10,medium,10,0.5,1000,10,0.0,0.0,50,x_learner,true_y,frozen,1004,42,2c668c4e1d12971d94a618fc9ef854ed,0,2.0,10000,histgbr,,,,,,,105.71525702007388,10.281792500341265,1.000042376587625,,,4.053763448297977,0.9790757645843817,-0.21559171834289684,-1.0054268836975098,-0.05241054925694264,-1.0054268836975098,-0.05718486852435948,0.7096350193023682,0.04871123182148888,0.7096350193023682,0.04302022463001275,-3.1052658557891846,-0.37553840584122905,-3.1052658557891846,-0.3901028801957997,paper_main_20260902_002859/task4_seed1004/results.parquet,4,1004,20260902_002859
paper_main,ica,10,medium,10,0.5,1000,10,0.0,0.0,50,dml_learner,h_y,frozen,1004,42,2c668c4e1d12971d94a618fc9ef854ed,0,2.0,10000,histgbr,,,,,,,243.0122380470263,15.588849798719156,1.5162249579011822,0.19231692677070825,0.16967403191714975,3.5307986694574356,0.852767915785512,0.18812529924518515,-1.1346203088760376,-0.05914510000725807,-1.1346203088760376,-0.06394997094049328,2.904650926589966,0.1993829515131908,2.904650926589966,0.19459332555210532,2.0776734352111816,0.25126549736901105,2.0776734352111816,0.2433377474671229,paper_main_20260902_002859/task4_seed1004/results.parquet,4,1004,20260902_002859
paper_main,ica,10,medium,10,0.5,1000,10,0.0,0.0,50,dml_learner,true_y,frozen,1004,42,2c668c4e1d12971d94a618fc9ef854ed,0,2.0,10000,histgbr,,,,,,,250.6465705416709,15.831821453694799,1.539857213782363,0.17013205282112842,0.16441026178106236,3.5307986694574356,0.852767915785512,0.1672714100511341,0.30326634645462036,0.015808564547608466,0.30326634645462036,0.011343725102180425,2.904650926589966,0.1993829515131908,2.904650926589966,0.19459332555210532,1.6699013710021973,0.20195117838593926,1.6699013710021973,0.19350127866177635,paper_main_20260902_002859/task4_seed1004/results.parquet,4,1004,20260902_002859
paper_main,raw_x,10,medium,10,0.5,1000,10,0.0,0.0,50,x_learner,h_y,frozen,1004,42,dd34b7e5891261e9fb24703963931ff3,0,2.0,10000,histgbr,,,,,,,108.7546162593859,10.42854813765492,1.0143163328371707,,,4.140398113131523,1.0,-0.13906292025339387,-2.436997175216675,-0.12703495655597613,-2.436997175216675,-0.13214781361725952,-3.858311414718628,-0.26484473940790004,-3.858311414718628,-0.2724115695323153,-2.223374843597412,-0.2688860416880034,-2.223374843597412,-0.2823212595885428,paper_main_20260902_002859/task4_seed1004/results.parquet,4,1004,20260902_002859
paper_main,raw_x,10,medium,10,0.5,1000,10,0.0,0.0,50,x_learner,true_y,frozen,1004,42,dd34b7e5891261e9fb24703963931ff3,0,2.0,10000,histgbr,,,,,,,105.71525702007388,10.281792500341265,1.000042376587625,,,4.053763448297977,0.9790757645843817,0.06831639822420307,-3.4112815856933594,-0.1778221216034966,-3.4112815856933594,-0.1831653774771019,-0.7638069987297058,-0.05242974031717743,-0.7638069987297058,-0.05872581509596058,0.22742904722690582,0.02750435737357367,0.22742904722690582,0.01720737999597573,paper_main_20260902_002859/task4_seed1004/results.parquet,4,1004,20260902_002859
paper_main,raw_x,10,medium,10,0.5,1000,10,0.0,0.0,50,dml_learner,h_y,frozen,1004,42,dd34b7e5891261e9fb24703963931ff3,0,2.0,10000,histgbr,,,,,,,1143.6206063683196,33.817460081566146,3.2892020675387155,-0.0683313325330132,-0.04203141384427708,4.622328640222549,1.1163971468257012,-0.03765396102853888,0.12405143678188324,0.006466510935078054,0.12405143678188324,0.0019592907413849598,-1.9175522327423096,-0.13162587639875867,-1.9175522327423096,-0.13839573557934906,-0.9638611078262329,-0.11656549896061405,-0.9638611078262329,-0.1283879166450297,paper_main_20260902_002859/task4_seed1004/results.parquet,4,1004,20260902_002859
paper_main,raw_x,10,medium,10,0.5,1000,10,0.0,0.0,50,dml_learner,true_y,frozen,1004,42,dd34b7e5891261e9fb24703963931ff3,0,2.0,10000,histgbr,,,,,,,1575.0801772573777,39.68727979160801,3.860120849723468,0.20825930372148857,0.20036680181055716,4.041747366189957,0.9761736083714535,0.20516066083557233,6.998480319976807,0.3648143922559374,6.998480319976807,0.3619328372510209,1.8367564678192139,0.1260798405799056,1.8367564678192139,0.12085168475761121,0.8643985986709595,0.10453690177641346,0.8643985986709595,0.09505556030738642,paper_main_20260902_002859/task4_seed1004/results.parquet,4,1004,20260902_002859
paper_main,encoder_pred,10,medium,10,0.5,1000,10,0.0,0.0,100,x_learner,h_y,frozen,1004,42,046578539f5ee11f7116ae6569884826,46,2.0,10000,histgbr,,,,,,,61.236798146816824,7.825394440334418,0.8705911337186717,0.5484068406840684,0.5461659909768618,1.5856362226605416,0.41968720666287057,0.586670802880571,5.912766456604004,0.36246810272978897,5.912766456604004,0.34765926863219887,7.023532867431641,0.5539216121329964,7.023532867431641,0.540501883650184,4.449283123016357,0.5890166851878084,4.449283123016357,0.567830181587612,paper_main_20260902_002859/task4_seed1004/results.parquet,4,1004,20260902_002859
paper_main,encoder_pred,10,medium,10,0.5,1000,10,0.0,0.0,100,x_learner,true_y,frozen,1004,42,046578539f5ee11f7116ae6569884826,46,2.0,10000,histgbr,,,,,,,37.19600037518754,6.098852381816397,0.6785097990845114,0.7286408640864086,0.7420945166338898,0.6758659783005716,0.17888863817420528,0.7601794003931656,11.616366386413574,0.7121137483782436,11.616366386413574,0.7054266167107959,9.349082946777344,0.7373296595304093,9.349082946777344,0.7294275402045999,5.601813793182373,0.7415940276829837,5.601813793182373,0.7282730025574052,paper_main_20260902_002859/task4_seed1004/results.parquet,4,1004,20260902_002859
paper_main,encoder_pred,10,medium,10,0.5,1000,10,0.0,0.0,100,dml_learner,h_y,frozen,1004,42,046578539f5ee11f7116ae6569884826,46,2.0,10000,histgbr,,,,,,,43.76677346190465,6.615646110691279,0.7360041582187784,0.7396819681968195,0.7436521033758995,0.9810436314344408,0.25966325403456936,0.7744375109544336,11.994356155395508,0.7352855133075225,11.994356155395508,0.7291366242347673,9.637901306152344,0.7601077591361579,9.637901306152344,0.7528908913723559,5.594189643859863,0.74058470752125,5.594189643859863,0.7272116511708758,paper_main_20260902_002859/task4_seed1004/results.parquet,4,1004,20260902_002859
paper_main,encoder_pred,10,medium,10,0.5,1000,10,0.0,0.0,100,dml_learner,true_y,frozen,1004,42,046578539f5ee11f7116ae6569884826,46,2.0,10000,histgbr,,,,,,,9.242891746228228,3.040212450837643,0.33822985211813233,0.9417821782178217,0.9431676199958653,0.21642350777983665,0.057283112064566474,0.953169880793234,13.357670783996582,0.8188602782639279,13.357670783996582,0.8146526957113389,12.317949295043945,0.9714738238533143,12.317949295043945,0.9706156483645355,7.097333908081055,0.9395778997707015,7.097333908081055,0.9364630943810363,paper_main_20260902_002859/task4_seed1004/results.parquet,4,1004,20260902_002859
paper_main,mi_mine_cond,10,medium,10,0.5,1000,10,0.0,0.0,100,x_learner,h_y,frozen,1004,42,170fb0fe08485992dcf5ba3960c91803,16,2.0,10000,histgbr,,,,,,,88.53596689468128,9.409355285814287,1.0468100168365142,0.3961596159615961,0.4312066249172739,2.374477092176676,0.6284781110944302,0.47086807775541456,4.200917720794678,0.25752728222162147,4.200917720794678,0.24028084271538505,5.850395679473877,0.46140036183458893,5.850395679473877,0.4451972434999797,2.430978775024414,0.3218242175732936,2.430978775024414,0.28686373830781475,paper_main_20260902_002859/task4_seed1004/results.parquet,4,1004,20260902_002859
paper_main,mi_mine_cond,10,medium,10,0.5,1000,10,0.0,0.0,100,x_learner,true_y,frozen,1004,42,170fb0fe08485992dcf5ba3960c91803,16,2.0,10000,histgbr,,,,,,,84.22412213604387,9.177370110006672,1.021001191638989,0.4077287728772877,0.45456295045249423,2.213354070335627,0.5858319669163611,0.47891617903948824,7.5798163414001465,0.46466263608956304,7.5798163414001465,0.4522276155951598,5.850396156311035,0.4614003994410773,5.850396156311035,0.4451972822378138,2.5686845779418945,0.34005434888275976,2.5686845779418945,0.3060336468021444,paper_main_20260902_002859/task4_seed1004/results.parquet,4,1004,20260902_002859
paper_main,mi_mine_cond,10,medium,10,0.5,1000,10,0.0,0.0,100,dml_learner,h_y,frozen,1004,42,170fb0fe08485992dcf5ba3960c91803,16,2.0,10000,histgbr,,,,,,,65.6613408654585,8.103168569483081,0.9014940736097014,0.5174677467746774,0.5318310968681341,1.9675300879776478,0.5207671184901216,0.5821050850649787,5.378446102142334,0.3297128625975977,5.378446102142334,0.3141431772876662,7.103254795074463,0.5602090033242632,7.103254795074463,0.5469784233968324,4.381374359130859,0.5800266088332338,4.381374359130859,0.5583766599344386,paper_main_20260902_002859/task4_seed1004/results.parquet,4,1004,20260902_002859
paper_main,mi_mine_cond,10,medium,10,0.5,1000,10,0.0,0.0,100,dml_learner,true_y,frozen,1004,42,170fb0fe08485992dcf5ba3960c91803,16,2.0,10000,histgbr,,,,,,,58.48705065375238,7.647682698291841,0.850820339011823,0.5753735373537353,0.5970839275447064,1.6561846901476382,0.4383600200300666,0.634318533978006,8.633329391479492,0.5292457511620053,8.633329391479492,0.5183108918998612,7.751530647277832,0.6113362653357379,7.751530647277832,0.5996437872149076,4.578182220458984,0.6060809440807972,4.578182220458984,0.5857741160524331,paper_main_20260902_002859/task4_seed1004/results.parquet,4,1004,20260902_002859
paper_main,mi_infonce_cond,10,medium,10,0.5,1000,10,0.0,0.0,100,x_learner,h_y,frozen,1004,42,0a7d44039a1dfc1e2ce0c5895278fca7,34,2.0,10000,histgbr,,,,,,,31.984028413033233,5.655442371117686,0.6291795286604812,0.8009960996099609,0.7992393038334775,0.671784098148346,0.17780824353227048,0.8226305982506248,13.489100456237793,0.8269172621291475,13.489100456237793,0.8228968302711321,10.80831241607666,0.8524140131403087,10.80831241607666,0.8479740673249659,6.113807201385498,0.8093740838852431,6.113807201385498,0.7995471723963872,paper_main_20260902_002859/task4_seed1004/results.parquet,4,1004,20260902_002859
paper_main,mi_infonce_cond,10,medium,10,0.5,1000,10,0.0,0.0,100,x_learner,true_y,frozen,1004,42,0a7d44039a1dfc1e2ce0c5895278fca7,34,2.0,10000,histgbr,,,,,,,34.52726356054355,5.8759904323053105,0.6537159514686565,0.7622802280228023,0.7673839816558483,1.101771371215582,0.2916175491946871,0.791515050546967,13.072500228881836,0.8013785747626179,13.072500228881836,0.7967649205326702,10.702820777893066,0.8440942544957428,10.702820777893066,0.8394040188096299,6.0032782554626465,0.7947417506430636,6.0032782554626465,0.7841605312060702,paper_main_20260902_002859/task4_seed1004/results.parquet,4,1004,20260902_002859
paper_main,mi_infonce_cond,10,medium,10,0.5,1000,10,0.0,0.0,100,dml_learner,h_y,frozen,1004,42,0a7d44039a1dfc1e2ce0c5895278fca7,34,2.0,10000,histgbr,,,,,,,20.51508893061033,4.529358556198695,0.5039004015100963,0.9060426042604259,0.9099985366868253,0.36183031558990475,0.09576947868980526,0.9206831421348181,14.836349487304688,0.9095071637901441,14.836349487304688,0.9074051616719909,11.964165687561035,0.9435721410532133,11.964165687561035,0.9418745772022651,6.805695056915283,0.900969399336774,6.805695056915283,0.8958642962781745,paper_main_20260902_002859/task4_seed1004/results.parquet,4,1004,20260902_002859
paper_main,mi_infonce_cond,10,medium,10,0.5,1000,10,0.0,0.0,100,dml_learner,true_y,frozen,1004,42,0a7d44039a1dfc1e2ce0c5895278fca7,34,2.0,10000,histgbr,,,,,,,23.087798661501274,4.80497644754907,0.5345634555367528,0.8411401140114011,0.8495610509774756,0.5409149086475376,0.14316970299258042,0.8667929045458252,13.518867492675781,0.8287420595908357,13.518867492675781,0.824764014824333,11.964165687561035,0.9435721410532133,11.964165687561035,0.9418745772022651,6.386213302612305,0.8454364638986713,6.386213302612305,0.8374685956275073,paper_main_20260902_002859/task4_seed1004/results.parquet,4,1004,20260902_002859
paper_main,autoencoder,10,medium,10,0.5,1000,10,0.0,0.0,100,x_learner,h_y,frozen,1004,42,b9f116f6359230079c37508f5f8441c8,54,2.0,10000,histgbr,,,,,,,141.77559375811563,11.906955688089027,1.3246731689589335,-0.03331533153315331,-0.07042432236243712,3.997668535113335,1.0581054574110522,0.0035542283782853726,-3.4690442085266113,-0.21266151500808655,-3.4690442085266113,-0.24082967925081725,-1.524418830871582,-0.12022561185380583,-1.524418830871582,-0.15392624375945296,-0.17506666481494904,-0.023176135063816508,-0.17506666481494904,-0.07592164586167115,paper_main_20260902_002859/task4_seed1004/results.parquet,4,1004,20260902_002859
paper_main,autoencoder,10,medium,10,0.5,1000,10,0.0,0.0,100,x_learner,true_y,frozen,1004,42,b9f116f6359230079c37508f5f8441c8,54,2.0,10000,histgbr,,,,,,,132.63869944415327,11.516887576257453,1.2812772938632828,-0.017905790579057907,-0.045942243394838655,4.250138953775168,1.1249294888370005,0.024847911487951138,-2.619001865386963,-0.16055168831035202,-2.619001865386963,-0.18750942562115172,-1.9131416082382202,-0.1508828254777641,-1.9131416082382202,-0.18550574255584545,-0.02743244171142578,-0.0036316335546022704,-0.02743244171142578,-0.05536961038047989,paper_main_20260902_002859/task4_seed1004/results.parquet,4,1004,20260902_002859
paper_main,autoencoder,10,medium,10,0.5,1000,10,0.0,0.0,100,dml_learner,h_y,frozen,1004,42,b9f116f6359230079c37508f5f8441c8,54,2.0,10000,histgbr,,,,,,,178.34536635640535,13.354600943360508,1.4857266639129074,0.03157515751575157,0.04880879305987503,3.6832976125180723,0.9748975611265833,0.06017271790705774,1.9178569316864014,0.1175696636147558,1.9178569316864014,0.09707223515640988,2.4507007598876953,0.19327824634626642,2.4507007598876953,0.16900899863180632,-1.028139352798462,-0.13610984438453375,-1.028139352798462,-0.1946771741051354,paper_main_20260902_002859/task4_seed1004/results.parquet,4,1004,20260902_002859
paper_main,autoencoder,10,medium,10,0.5,1000,10,0.0,0.0,100,dml_learner,true_y,frozen,1004,42,b9f116f6359230079c37508f5f8441c8,54,2.0,10000,histgbr,,,,,,,182.15939081285225,13.496643686963521,1.5015292096034443,0.02588658865886588,0.04505382083785858,3.929157869666815,1.0399720107875765,0.0547012141623874,0.8052271008491516,0.049362534721020486,0.8052271008491516,0.027280765054987246,2.157473087310791,0.17015239954216357,2.157473087310791,0.14518743871205553,-1.028139352798462,-0.13610984438453375,-1.028139352798462,-0.1946771741051354,paper_main_20260902_002859/task4_seed1004/results.parquet,4,1004,20260902_002859
paper_main,pca,10,medium,10,0.5,1000,10,0.0,0.0,100,x_learner,h_y,frozen,1004,42,b4bf743fbcae0dbf7e5acfca52574495,0,2.0,10000,histgbr,,,,,,,164.02547186612853,12.807242945541734,1.424831967357437,0.013549354935493549,0.032350019242265826,3.9567023710906506,1.0472625069911095,0.07405932814233983,-0.2574349343776703,-0.015781437153842125,-0.2574349343776703,-0.039376395847881024,-1.522767186164856,-0.1200953523795656,-1.522767186164856,-0.15379206558656208,0.14562755823135376,0.019278849929261106,0.14562755823135376,-0.03127807398444435,paper_main_20260902_002859/task4_seed1004/results.parquet,4,1004,20260902_002859
paper_main,pca,10,medium,10,0.5,1000,10,0.0,0.0,100,x_learner,true_y,frozen,1004,42,b4bf743fbcae0dbf7e5acfca52574495,0,2.0,10000,histgbr,,,,,,,151.6255171746878,12.313631356130806,1.369916668643936,0.03275127512751275,0.05079753497968875,3.9584278494119647,1.0477192076936293,0.09331088631899942,-0.2574349343776703,-0.015781437153842125,-0.2574349343776703,-0.039376395847881024,-1.5227673053741455,-0.1200953617811877,-1.5227673053741455,-0.1537920752710206,0.21685560047626495,0.028708347710259145,0.21685560047626495,-0.021362478394885753,paper_main_20260902_002859/task4_seed1004/results.parquet,4,1004,20260902_002859
paper_main,pca,10,medium,10,0.5,1000,10,0.0,0.0,100,dml_learner,h_y,frozen,1004,42,b4bf743fbcae0dbf7e5acfca52574495,0,2.0,10000,histgbr,,,,,,,286.6246301609467,16.92999203074079,1.8834962337388361,-0.08799279927992798,-0.07607212762014398,3.450487395823002,0.9132772044956102,-0.008435272927038178,3.6948471069335938,0.22650382533391578,3.6948471069335938,0.208536761137133,2.0012266635894775,0.15782978746768286,2.0012266635894775,0.13249411576536854,0.200601726770401,0.026556584707773754,0.200601726770401,-0.023625166422684543,paper_main_20260902_002859/task4_seed1004/results.parquet,4,1004,20260902_002859
paper_main,pca,10,medium,10,0.5,1000,10,0.0,0.0,100,dml_learner,true_y,frozen,1004,42,b4bf743fbcae0dbf7e5acfca52574495,0,2.0,10000,histgbr,,,,,,,277.78495467898165,16.666881972312087,1.8542247017021145,-0.08909690969096908,-0.07733934113713234,3.3522907558083537,0.8872864551910328,-0.009725879097521381,3.6948471069335938,0.22650382533391578,3.6948471069335938,0.208536761137133,2.0012266635894775,0.15782978746768286,2.0012266635894775,0.13249411576536854,0.20451335608959198,0.027074424294864657,0.20451335608959198,-0.023080631809589386,paper_main_20260902_002859/task4_seed1004/results.parquet,4,1004,20260902_002859
paper_main,pls,10,medium,10,0.5,1000,10,0.0,0.0,100,x_learner,h_y,frozen,1004,42,2d76c26dca5bda0cb184a0dbfcc4efc8,0,2.0,10000,histgbr,,,,,,,64.33245273776322,8.020751382368314,0.8923249930074099,0.6625262526252624,0.6206586383246446,1.4117499729990959,0.37366288320547314,0.6593412200749655,8.164487838745117,0.5005045334346064,8.164487838745117,0.4889020622036961,6.9744367599487305,0.5500495728730259,6.9744367599487305,0.5365133587747771,4.661755561828613,0.6171447696775453,4.661755561828613,0.5974082903041981,paper_main_20260902_002859/task4_seed1004/results.parquet,4,1004,20260902_002859
paper_main,pls,10,medium,10,0.5,1000,10,0.0,0.0,100,x_learner,true_y,frozen,1004,42,2d76c26dca5bda0cb184a0dbfcc4efc8,0,2.0,10000,histgbr,,,,,,,56.154180833791685,7.4936093328776945,0.8336793620432523,0.6688868886888688,0.6340962233971467,1.5770756432414057,0.41742138704265247,0.6650651228405967,8.035528182983398,0.4925989680625074,8.035528182983398,0.48081286334354056,6.796270847320557,0.5359982469359361,6.796270847320557,0.5220393157009059,5.03453254699707,0.6664947116900851,5.03453254699707,0.6493022594984641,paper_main_20260902_002859/task4_seed1004/results.parquet,4,1004,20260902_002859
paper_main,pls,10,medium,10,0.5,1000,10,0.0,0.0,100,dml_learner,h_y,frozen,1004,42,2d76c26dca5bda0cb184a0dbfcc4efc8,0,2.0,10000,histgbr,,,,,,,106.58617107128906,10.324057878145059,1.1485725507182725,0.5707650765076506,0.5672314497410585,1.9536881978809835,0.5171034381915874,0.6253021058194907,10.907979965209961,0.6686878014923433,10.907979965209961,0.6609919553657169,7.621254920959473,0.6010618718494224,7.621254920959473,0.5890603010339847,4.76148796081543,0.6303478060842771,4.76148796081543,0.6112919533161549,paper_main_20260902_002859/task4_seed1004/results.parquet,4,1004,20260902_002859
paper_main,pls,10,medium,10,0.5,1000,10,0.0,0.0,100,dml_learner,true_y,frozen,1004,42,2d76c26dca5bda0cb184a0dbfcc4efc8,0,2.0,10000,histgbr,,,,,,,99.03558743861373,9.95166254645995,1.1071428085531703,0.6023282328232823,0.5833117084557711,1.9391241796314718,0.513248624553016,0.6532022878940048,10.907979965209961,0.6686878014923433,10.907979965209961,0.6609919553657169,8.414398193359375,0.6636143234991363,8.414398193359375,0.6534945674945154,4.990138053894043,0.6606175632944553,4.990138053894043,0.6431221396167539,paper_main_20260902_002859/task4_seed1004/results.parquet,4,1004,20260902_002859
paper_main,ica,10,medium,10,0.5,1000,10,0.0,0.0,100,x_learner,h_y,frozen,1004,42,2c668c4e1d12971d94a618fc9ef854ed,0,2.0,10000,histgbr,,,,,,,198.30825452246071,14.082196367131823,1.5666731426750076,-0.09542154215421542,-0.058293839115441004,3.8773076395690445,1.0262482588175013,-0.018851478465554756,3.4788436889648438,0.21326224887915238,3.4788436889648438,0.19498760429345294,1.0964796543121338,0.08647553720492633,1.0964796543121338,0.05899325923190802,-0.37706291675567627,-0.04991733346564524,-0.37706291675567627,-0.10404137345384623,paper_main_20260902_002859/task4_seed1004/results.parquet,4,1004,20260902_002859
paper_main,ica,10,medium,10,0.5,1000,10,0.0,0.0,100,x_learner,true_y,frozen,1004,42,2c668c4e1d12971d94a618fc9ef854ed,0,2.0,10000,histgbr,,,,,,,189.53121073498906,13.76703347620645,1.5316106265796465,-0.08979297929792979,-0.05724789746902875,3.6975246529281143,0.9786631832556942,-0.014158510400910868,5.182997703552246,0.31773136278046915,5.182997703552246,0.3018833666224187,1.4362952709197998,0.11327561313994773,1.4362952709197998,0.08659958301965877,-0.7619410753250122,-0.10086928480112435,-0.7619410753250122,-0.1576199367745332,paper_main_20260902_002859/task4_seed1004/results.parquet,4,1004,20260902_002859
paper_main,ica,10,medium,10,0.5,1000,10,0.0,0.0,100,dml_learner,h_y,frozen,1004,42,2c668c4e1d12971d94a618fc9ef854ed,0,2.0,10000,histgbr,,,,,,,358.03373126357275,18.921779283766437,2.1050866386646603,-0.11003900390039002,-0.08183964446185202,3.8245960050821304,1.0122965097843415,-0.028699200996566223,0.6167486906051636,0.037808313483284804,0.6167486906051636,0.015458157958960992,0.6588489413261414,0.0519611247814875,0.6588489413261414,0.02344052247789335,-1.0491410493850708,-0.13889014614657988,-1.0491410493850708,-0.19760080254534154,paper_main_20260902_002859/task4_seed1004/results.parquet,4,1004,20260902_002859
paper_main,ica,10,medium,10,0.5,1000,10,0.0,0.0,100,dml_learner,true_y,frozen,1004,42,2c668c4e1d12971d94a618fc9ef854ed,0,2.0,10000,histgbr,,,,,,,354.4108603072431,18.825803045481038,2.0944090858925897,-0.10154215421542154,-0.07192479578398728,3.8041818076372147,1.0068932669853436,-0.018458498719936416,0.6167486906051636,0.037808313483284804,0.6167486906051636,0.015458157958960992,0.008861517533659935,0.0006988770709611121,0.008861517533659935,-0.02936388792063807,-1.099472165107727,-0.14555321211138744,-1.099472165107727,-0.20460735464684604,paper_main_20260902_002859/task4_seed1004/results.parquet,4,1004,20260902_002859
paper_main,raw_x,10,medium,10,0.5,1000,10,0.0,0.0,100,x_learner,h_y,frozen,1004,42,dd34b7e5891261e9fb24703963931ff3,0,2.0,10000,histgbr,,,,,,,134.34890147027653,11.590897353970336,1.2895110329772146,-0.1315091509150915,-0.1844063172478833,4.303449182361365,1.1390396741381155,-0.10710906555133073,-0.03330998495221138,-0.002041989504608384,-0.03330998495221138,-0.025317803067711524,-0.7970207929611206,-0.06285825821186562,-0.7970207929611206,-0.09483306270557851,-0.8531471490859985,-0.11294356682597122,-0.8531471490859985,-0.17031665725459108,paper_main_20260902_002859/task4_seed1004/results.parquet,4,1004,20260902_002859
paper_main,raw_x,10,medium,10,0.5,1000,10,0.0,0.0,100,x_learner,true_y,frozen,1004,42,dd34b7e5891261e9fb24703963931ff3,0,2.0,10000,histgbr,,,,,,,81.37195113135726,9.020640283891009,1.0035646779851501,0.3777137713771377,0.4005005904439878,2.568244549483061,0.6797646052706505,0.42707447685680183,12.066215515136719,0.7396906806652966,12.066215515136719,0.7336441165002877,7.103951454162598,0.5602639464038344,7.103951454162598,0.547035019372464,2.556152582168579,0.3383953053008846,2.556152582168579,0.30428907825720264,paper_main_20260902_002859/task4_seed1004/results.parquet,4,1004,20260902_002859
paper_main,raw_x,10,medium,10,0.5,1000,10,0.0,0.0,100,dml_learner,h_y,frozen,1004,42,dd34b7e5891261e9fb24703963931ff3,0,2.0,10000,histgbr,,,,,,,856.9023385668719,29.27289426358234,3.2566693472731663,0.002304230423042304,0.06129544025749876,3.2860913829505445,0.869764762963978,0.097637042780527,-0.8697231411933899,-0.05331631127362713,-0.8697231411933899,-0.07778314434147204,0.4158955514431,0.032800235819006894,0.4158955514431,0.003703201358285983,0.9533528685569763,0.12620926358829382,0.9533528685569763,0.0811646841233961,paper_main_20260902_002859/task4_seed1004/results.parquet,4,1004,20260902_002859
paper_main,raw_x,10,medium,10,0.5,1000,10,0.0,0.0,100,dml_learner,true_y,frozen,1004,42,dd34b7e5891261e9fb24703963931ff3,0,2.0,10000,histgbr,,,,,,,1962.314652104888,44.29802085990849,4.928245406153994,0.181050105010501,0.21049268252277256,3.275665643066168,0.8670052714823027,0.2635428902402924,5.111241340637207,0.31333250939846985,5.111241340637207,0.29738233499611105,3.29784893989563,0.26008987725091753,3.29784893989563,0.2378305766009667,1.5986053943634033,0.21163077832478483,1.5986053943634033,0.17098974315054988,paper_main_20260902_002859/task4_seed1004/results.parquet,4,1004,20260902_002859
paper_main,encoder_pred,10,medium,10,0.5,1000,10,0.0,0.0,250,x_learner,h_y,frozen,1004,42,046578539f5ee11f7116ae6569884826,46,2.0,10000,histgbr,,,,,,,61.41370822720452,7.8366898769317475,0.8678879073205723,0.7225647770364325,0.7319528796632777,0.898231588661671,0.23942074940259858,0.7581216321628392,11.826266288757324,0.7117991004773132,11.826266288757324,0.7049134446051212,9.355437278747559,0.7253084167429137,9.355437278747559,0.7167961769894974,5.737768173217773,0.7660401691696667,5.737768173217773,0.7532693808965509,paper_main_20260902_002859/task4_seed1004/results.parquet,4,1004,20260902_002859
paper_main,encoder_pred,10,medium,10,0.5,1000,10,0.0,0.0,250,x_learner,true_y,frozen,1004,42,046578539f5ee11f7116ae6569884826,46,2.0,10000,histgbr,,,,,,,21.484707936719897,4.635159968838173,0.5133288861273753,0.8922832045312725,0.88090541297637,0.24325702846050268,0.0648393808307713,0.9054204954799283,14.661767959594727,0.8824622235140989,14.661767959594727,0.8796540272794413,11.477444648742676,0.8898234212253121,11.477444648742676,0.8864092305077773,6.980566501617432,0.931964168360653,6.980566501617432,0.9282504060546718,paper_main_20260902_002859/task4_seed1004/results.parquet,4,1004,20260902_002859
paper_main,encoder_pred,10,medium,10,0.5,1000,10,0.0,0.0,250,dml_learner,h_y,frozen,1004,42,046578539f5ee11f7116ae6569884826,46,2.0,10000,histgbr,,,,,,,62.45850181516369,7.903069138958845,0.8752391946261683,0.6678669418710698,0.6334023329803088,1.058137342751026,0.28204311535045373,0.7083237809360781,7.0652995109558105,0.4252461185726937,7.0652995109558105,0.4115141786472128,6.371680736541748,0.4939837154924631,6.371680736541748,0.47830310423460093,5.680405616760254,0.7583817868289804,5.680405616760254,0.7451929627800634,paper_main_20260902_002859/task4_seed1004/results.parquet,4,1004,20260902_002859
paper_main,encoder_pred,10,medium,10,0.5,1000,10,0.0,0.0,250,dml_learner,true_y,frozen,1004,42,046578539f5ee11f7116ae6569884826,46,2.0,10000,histgbr,,,,,,,11.04348848044662,3.3231744583224363,0.36803075936237595,0.9401764508232132,0.9382449825048838,0.24875733166933056,0.06630546901206227,0.9513179615288982,15.155373573303223,0.9121713492220385,15.155373573303223,0.9100729592934242,12.295750617980957,0.953265053003207,12.295750617980957,0.9518168139673295,7.031249046325684,0.9387307131129282,7.031249046325684,0.9353863052814531,paper_main_20260902_002859/task4_seed1004/results.parquet,4,1004,20260902_002859
paper_main,mi_mine_cond,10,medium,10,0.5,1000,10,0.0,0.0,250,x_learner,h_y,frozen,1004,42,170fb0fe08485992dcf5ba3960c91803,16,2.0,10000,histgbr,,,,,,,59.378684932834915,7.705756610017923,0.8533874739992303,0.5555697211155378,0.5529662767992185,1.7438033004999163,0.46480517751382694,0.5979106954833393,9.594484329223633,0.577472648453502,9.594484329223633,0.5673776836419544,7.517488479614258,0.5828159074315394,7.517488479614258,0.5698880594969685,4.131857395172119,0.5516376128189828,4.131857395172119,0.5271635776993817,paper_main_20260902_002859/task4_seed1004/results.parquet,4,1004,20260902_002859
paper_main,mi_mine_cond,10,medium,10,0.5,1000,10,0.0,0.0,250,x_learner,true_y,frozen,1004,42,170fb0fe08485992dcf5ba3960c91803,16,2.0,10000,histgbr,,,,,,,53.43677362960166,7.310046075750936,0.8095638197672801,0.5960462727403638,0.6041658096300802,1.447375358223915,0.3857932601203022,0.6380098938000828,9.225937843322754,0.5552905792574357,9.225937843322754,0.5446656435288292,8.412492752075195,0.6522038058797978,8.412492752075195,0.6414261746376126,4.58358097076416,0.6119464984026947,4.58358097076416,0.5907644472362521,paper_main_20260902_002859/task4_seed1004/results.parquet,4,1004,20260902_002859
paper_main,mi_mine_cond,10,medium,10,0.5,1000,10,0.0,0.0,250,dml_learner,h_y,frozen,1004,42,170fb0fe08485992dcf5ba3960c91803,16,2.0,10000,histgbr,,,,,,,63.351279838221544,7.95935172223351,0.881472307609321,0.5311953151250419,0.5370723473648915,1.6348238657712937,0.435757058675038,0.5842694682643481,7.494452953338623,0.45107599816412697,7.494452953338623,0.43796118213514096,7.758993148803711,0.6015392833707637,7.758993148803711,0.5891916420195116,4.5352044105529785,0.6054878219192149,4.5352044105529785,0.5839532213873435,paper_main_20260902_002859/task4_seed1004/results.parquet,4,1004,20260902_002859
paper_main,mi_mine_cond,10,medium,10,0.5,1000,10,0.0,0.0,250,dml_learner,true_y,frozen,1004,42,170fb0fe08485992dcf5ba3960c91803,16,2.0,10000,histgbr,,,,,,,55.91899162705854,7.477900215104407,0.8281531195898241,0.5858340133442134,0.5941002336715897,1.3274481278657912,0.35382704146515404,0.6381820613609496,9.756051063537598,0.5871970241223523,9.756051063537598,0.5773343927439707,8.648033142089844,0.6704647831350912,8.648033142089844,0.6602530295025715,4.807827472686768,0.6418852869843469,4.807827472686768,0.6223374562256252,paper_main_20260902_002859/task4_seed1004/results.parquet,4,1004,20260902_002859
paper_main,mi_infonce_cond,10,medium,10,0.5,1000,10,0.0,0.0,250,x_learner,h_y,frozen,1004,42,0a7d44039a1dfc1e2ce0c5895278fca7,34,2.0,10000,histgbr,,,,,,,30.843659499500696,5.5537068251304635,0.6150549619837198,0.8089715355445686,0.8097057729724333,0.7932396901249885,0.21143549554806917,0.8363702625869478,15.276079177856445,0.9194363759553899,15.276079177856445,0.9175115610366766,11.066633224487305,0.8579740298148816,11.066633224487305,0.8535728789128687,6.285443305969238,0.8391593923026694,6.285443305969238,0.8303798452354146,paper_main_20260902_002859/task4_seed1004/results.parquet,4,1004,20260902_002859
paper_main,mi_infonce_cond,10,medium,10,0.5,1000,10,0.0,0.0,250,x_learner,true_y,frozen,1004,42,0a7d44039a1dfc1e2ce0c5895278fca7,34,2.0,10000,histgbr,,,,,,,21.31900782639924,4.617251111473063,0.5113455384403804,0.8718333413334614,0.8698616861606197,0.4532580433487894,0.12081447789318142,0.8895819775212719,15.551597595214844,0.9360192734525549,15.551597595214844,0.9344906548181642,11.852237701416016,0.9188803800334563,11.852237701416016,0.916366616613137,6.566862106323242,0.8767311621829795,6.566862106323242,0.870002484773498,paper_main_20260902_002859/task4_seed1004/results.parquet,4,1004,20260902_002859
paper_main,mi_infonce_cond,10,medium,10,0.5,1000,10,0.0,0.0,250,dml_learner,h_y,frozen,1004,42,0a7d44039a1dfc1e2ce0c5895278fca7,34,2.0,10000,histgbr,,,,,,,24.502028408077685,4.9499523642230825,0.5481911197440518,0.8576105217683483,0.8608550308096883,0.5235760741829876,0.13955752350786874,0.8826427630828945,14.419747352600098,0.8678954916183763,14.419747352600098,0.8647392690479836,11.466419219970703,0.8889686416946239,11.466419219970703,0.8855279627672383,6.481532573699951,0.8653389539876357,6.481532573699951,0.8579884284672641,paper_main_20260902_002859/task4_seed1004/results.parquet,4,1004,20260902_002859
paper_main,mi_infonce_cond,10,medium,10,0.5,1000,10,0.0,0.0,250,dml_learner,true_y,frozen,1004,42,0a7d44039a1dfc1e2ce0c5895278fca7,34,2.0,10000,histgbr,,,,,,,11.264353782527524,3.3562410197313786,0.37169277345686885,0.9418430374885998,0.9434572282918898,0.18670173084735886,0.04976474762019728,0.9532746395746617,16.0338191986084,0.9650432185545323,16.0338191986084,0.9642080359862907,12.256364822387695,0.9502115507250395,12.256364822387695,0.9486686886826208,7.093518257141113,0.9470441749585577,7.093518257141113,0.9441535606721982,paper_main_20260902_002859/task4_seed1004/results.parquet,4,1004,20260902_002859
paper_main,autoencoder,10,medium,10,0.5,1000,10,0.0,0.0,250,x_learner,h_y,frozen,1004,42,b9f116f6359230079c37508f5f8441c8,54,2.0,10000,histgbr,,,,,,,126.0313299029851,11.226367618378845,1.2432836889215988,0.031472759564153026,0.06282174175880707,3.6221768422722818,0.9654796212830783,0.11362987205921558,0.5021514296531677,0.0302234811227204,0.5021514296531677,0.0070537151956171435,0.22761081159114838,0.017646212835371208,0.22761081159114838,-0.012795313111187109,0.5424503087997437,0.07242166531905332,0.5424503087997437,0.021789441501408935,paper_main_20260902_002859/task4_seed1004/results.parquet,4,1004,20260902_002859
paper_main,autoencoder,10,medium,10,0.5,1000,10,0.0,0.0,250,x_learner,true_y,frozen,1004,42,b9f116f6359230079c37508f5f8441c8,54,2.0,10000,histgbr,,,,,,,130.48803730846765,11.423136054011948,1.2650751529848951,0.05255162482599721,0.08355675904811491,3.520186167120934,0.938294333897232,0.13380746361636256,1.4361897706985474,0.08644136381993842,1.4361897706985474,0.06461474773989465,0.4076995849609375,0.03160813670853319,0.4076995849609375,0.0015992677877857866,0.2596605122089386,0.03466685594368786,0.2596605122089386,-0.018026228813688937,paper_main_20260902_002859/task4_seed1004/results.parquet,4,1004,20260902_002859
paper_main,autoencoder,10,medium,10,0.5,1000,10,0.0,0.0,250,dml_learner,h_y,frozen,1004,42,b9f116f6359230079c37508f5f8441c8,54,2.0,10000,histgbr,,,,,,,127.89903501434635,11.309245554604708,1.2524621507165261,-0.05049795996735947,0.0042702190947429015,3.6068501023054123,0.9613943278965096,0.04529814475539729,1.0175864696502686,0.06124647594342774,1.0175864696502686,0.03881790710076791,-0.2948834300041199,-0.022861724937847154,-0.2948834300041199,-0.054558525160208045,0.06984126567840576,0.009324394670568538,0.06984126567840576,-0.044752018182447666,paper_main_20260902_002859/task4_seed1004/results.parquet,4,1004,20260902_002859
paper_main,autoencoder,10,medium,10,0.5,1000,10,0.0,0.0,250,dml_learner,true_y,frozen,1004,42,b9f116f6359230079c37508f5f8441c8,54,2.0,10000,histgbr,,,,,,,125.35681602362159,11.196285813769743,1.239952226931828,-0.044893006288100605,0.007656540374798491,3.6544967653155327,0.9740943931229096,0.049144879047351465,0.7807844281196594,0.04699383897102025,0.7807844281196594,0.024224748104918384,-0.5989710688591003,-0.04643703385366124,-0.5989710688591003,-0.07886439407124574,0.36086761951446533,0.048178853511554,0.36086761951446533,-0.003776673608370014,paper_main_20260902_002859/task4_seed1004/results.parquet,4,1004,20260902_002859
paper_main,pca,10,medium,10,0.5,1000,10,0.0,0.0,250,x_learner,h_y,frozen,1004,42,b4bf743fbcae0dbf7e5acfca52574495,0,2.0,10000,histgbr,,,,,,,206.88407450961392,14.383465316453261,1.5929219874146838,0.08894311908990543,0.09161915978162105,3.0449473922848704,0.8116209625165242,0.15653999978456615,2.8085503578186035,0.16904097789857742,2.8085503578186035,0.14918782032842495,2.97078800201416,0.23031927616195783,2.97078800201416,0.20646813817947154,1.0767173767089844,0.14375079935296733,1.0767173767089844,0.09701210403215459,paper_main_20260902_002859/task4_seed1004/results.parquet,4,1004,20260902_002859
paper_main,pca,10,medium,10,0.5,1000,10,0.0,0.0,250,x_learner,true_y,frozen,1004,42,b4bf743fbcae0dbf7e5acfca52574495,0,2.0,10000,histgbr,,,,,,,201.41697125369976,14.19214470239434,1.5717338518663249,0.06195132722123553,0.07690710871308828,3.0797452514767647,0.8208962202902379,0.134895146544396,2.8346304893493652,0.17061068838121504,2.8346304893493652,0.15079503411594578,2.228670120239258,0.17278435504292936,2.228670120239258,0.14715030461386583,0.6144044399261475,0.08202814524583212,0.6144044399261475,0.03192029486767699,paper_main_20260902_002859/task4_seed1004/results.parquet,4,1004,20260902_002859
paper_main,pca,10,medium,10,0.5,1000,10,0.0,0.0,250,dml_learner,h_y,frozen,1004,42,b4bf743fbcae0dbf7e5acfca52574495,0,2.0,10000,histgbr,,,,,,,222.81924969044155,14.927131328237236,1.6531312294107767,-0.0061560024960399355,0.017050346693398038,3.494701217651367,0.9315014023442657,0.08511388484701055,0.30808916687965393,0.01854326517746505,0.30808916687965393,-0.004905562847102573,1.223538875579834,0.09485853180654523,1.223538875579834,0.06680968845770872,0.654111921787262,0.08732942706899285,0.654111921787262,0.03751094921901673,paper_main_20260902_002859/task4_seed1004/results.parquet,4,1004,20260902_002859
paper_main,pca,10,medium,10,0.5,1000,10,0.0,0.0,250,dml_learner,true_y,frozen,1004,42,b4bf743fbcae0dbf7e5acfca52574495,0,2.0,10000,histgbr,,,,,,,203.5504056379164,14.267109224994263,1.5800359288483483,-0.008576009216147458,0.01617819539616134,3.5196333307623866,0.9381469771387623,0.08284082197892159,-0.7193936705589294,-0.04329885317056606,-0.7193936705589294,-0.06822520449938829,1.2156394720077515,0.09424610678274692,1.2156394720077515,0.06617828539107508,0.5747459530830383,0.07673340466845688,0.5747459530830383,0.026336538818565625,paper_main_20260902_002859/task4_seed1004/results.parquet,4,1004,20260902_002859
paper_main,pls,10,medium,10,0.5,1000,10,0.0,0.0,250,x_learner,h_y,frozen,1004,42,2d76c26dca5bda0cb184a0dbfcc4efc8,0,2.0,10000,histgbr,,,,,,,34.81865749517365,5.900733640419101,0.6534870527305463,0.79308596937551,0.796270147353726,0.9402177830934524,0.25061203488210165,0.8193079007675729,13.795906066894531,0.8303477436509582,13.795906066894531,0.8262944354999597,11.205042839050293,0.8687046515281744,11.205042839050293,0.8646360249199302,6.154703140258789,0.8217044837677474,6.154703140258789,0.8119721537358487,paper_main_20260902_002859/task4_seed1004/results.parquet,4,1004,20260902_002859
paper_main,pls,10,medium,10,0.5,1000,10,0.0,0.0,250,x_learner,true_y,frozen,1004,42,2d76c26dca5bda0cb184a0dbfcc4efc8,0,2.0,10000,histgbr,,,,,,,27.021400601403155,5.198211288645658,0.5756849879172713,0.826484519752316,0.8282532886653833,0.6123076831102372,0.16320864931242143,0.8474192369871215,14.307117462158203,0.8611165258192033,14.307117462158203,0.8577983411392551,11.375650405883789,0.8819315163445809,11.375650405883789,0.8782727684926068,6.274445056915283,0.8376910338205007,6.274445056915283,0.8288313358349526,paper_main_20260902_002859/task4_seed1004/results.parquet,4,1004,20260902_002859
paper_main,pls,10,medium,10,0.5,1000,10,0.0,0.0,250,dml_learner,h_y,frozen,1004,42,2d76c26dca5bda0cb184a0dbfcc4efc8,0,2.0,10000,histgbr,,,,,,,32.44423057338772,5.695983723062042,0.6308116655339496,0.7645205203283252,0.796251836328183,0.7664863723516464,0.20430448449128474,0.8055621432437697,12.919593811035156,0.7776042775198999,12.919593811035156,0.7722908297999876,10.086041450500488,0.7819507028585688,10.086041450500488,0.7751937142631278,5.993424892425537,0.8001724851711072,5.993424892425537,0.7892648226293552,paper_main_20260902_002859/task4_seed1004/results.parquet,4,1004,20260902_002859
paper_main,pls,10,medium,10,0.5,1000,10,0.0,0.0,250,dml_learner,true_y,frozen,1004,42,2d76c26dca5bda0cb184a0dbfcc4efc8,0,2.0,10000,histgbr,,,,,,,20.57666898241479,4.536151340334094,0.5023640026435938,0.8438930542888686,0.8677117459394246,0.4958141040802002,0.13215765940733612,0.8721931436378342,14.688379287719727,0.8840639056476974,14.688379287719727,0.8812939765801683,11.572602272033691,0.8972008022107004,11.572602272033691,0.8940152243794991,6.539203643798828,0.8730385254866989,6.539203643798828,0.8661082840683428,paper_main_20260902_002859/task4_seed1004/results.parquet,4,1004,20260902_002859
paper_main,ica,10,medium,10,0.5,1000,10,0.0,0.0,250,x_learner,h_y,frozen,1004,42,2c668c4e1d12971d94a618fc9ef854ed,0,2.0,10000,histgbr,,,,,,,206.78617289383413,14.380061644298822,1.5925450417973745,0.08504545672730764,0.10822937266468131,3.2351207219958305,0.862311053680681,0.17486050657477215,2.38291335105896,0.14342274547052972,2.38291335105896,0.12295752064852093,2.0718765258789062,0.16062845999574865,2.0718765258789062,0.13461771839969686,0.7771099209785461,0.10375069144628504,0.7771099209785461,0.05482857469297656,paper_main_20260902_002859/task4_seed1004/results.parquet,4,1004,20260902_002859
paper_main,ica,10,medium,10,0.5,1000,10,0.0,0.0,250,x_learner,true_y,frozen,1004,42,2c668c4e1d12971d94a618fc9ef854ed,0,2.0,10000,histgbr,,,,,,,199.33581998429398,14.118633786039426,1.5635927570466504,0.08460308164930637,0.10735621005823143,3.1583598641753197,0.8418506931944107,0.1754095936289026,2.4232420921325684,0.14585005100540224,2.4232420921325684,0.12544281903018012,2.302919864654541,0.17854078982634172,2.302919864654541,0.15308512183047945,0.996071457862854,0.13298389287457482,0.996071457862854,0.08565748178005855,paper_main_20260902_002859/task4_seed1004/results.parquet,4,1004,20260902_002859
paper_main,ica,10,medium,10,0.5,1000,10,0.0,0.0,250,dml_learner,h_y,frozen,1004,42,2c668c4e1d12971d94a618fc9ef854ed,0,2.0,10000,histgbr,,,,,,,267.61883274172084,16.35905965334563,1.8117126326598159,-0.055500024000384,-0.03284543263442727,3.858417084693909,1.0284487002974456,0.035083547383331345,0.19731464982032776,0.011875970557725648,0.19731464982032776,-0.011732151544084883,-0.3116794526576996,-0.024163887117494294,-0.3116794526576996,-0.05590103920116654,0.051846276968717575,0.006921912768333521,0.051846276968717575,-0.0472856404928226,paper_main_20260902_002859/task4_seed1004/results.parquet,4,1004,20260902_002859
paper_main,ica,10,medium,10,0.5,1000,10,0.0,0.0,250,dml_learner,true_y,frozen,1004,42,2c668c4e1d12971d94a618fc9ef854ed,0,2.0,10000,histgbr,,,,,,,248.30615131086793,15.75773306382831,1.7451176692775552,-0.047534968559496946,-0.030806928004014193,3.807982373416424,1.0150054897464222,0.04291511524365121,1.5015772581100464,0.09037690472402093,1.5015772581100464,0.06864431604077338,0.35890820622444153,0.02782543830463674,0.35890820622444153,-0.002300650209616361,0.36422234773635864,0.04862673786258316,0.36422234773635864,-0.0033043413160103482,paper_main_20260902_002859/task4_seed1004/results.parquet,4,1004,20260902_002859
paper_main,raw_x,10,medium,10,0.5,1000,10,0.0,0.0,250,x_learner,h_y,frozen,1004,42,dd34b7e5891261e9fb24703963931ff3,0,2.0,10000,histgbr,,,,,,,103.91955078989557,10.194093917062741,1.1289627349874027,-0.08042586281380501,-0.1024677983371411,3.7294367508888246,0.9940694059510718,-0.023783384955176293,0.694841742515564,0.041821122171656885,0.694841742515564,0.01892844547406139,-1.2890396118164062,-0.09993667341336956,-1.2890396118164062,-0.13402189934803857,0.023722415789961815,0.003167141448774215,0.023722415789961815,-0.05124536746381095,paper_main_20260902_002859/task4_seed1004/results.parquet,4,1004,20260902_002859
paper_main,raw_x,10,medium,10,0.5,1000,10,0.0,0.0,250,x_learner,true_y,frozen,1004,42,dd34b7e5891261e9fb24703963931ff3,0,2.0,10000,histgbr,,,,,,,82.85288262298505,9.102355883120866,1.0080562996811915,0.5062833005328085,0.5031388899518258,1.598480818271637,0.4260699359131826,0.5437711338373887,8.732237815856934,0.5255757709759861,8.732237815856934,0.514240893174079,6.8000407218933105,0.5271936118889844,6.8000407218933105,0.5125421206243939,4.054471969604492,0.5413060095364043,4.054471969604492,0.5162680198371842,paper_main_20260902_002859/task4_seed1004/results.parquet,4,1004,20260902_002859
paper_main,raw_x,10,medium,10,0.5,1000,10,0.0,0.0,250,dml_learner,h_y,frozen,1004,42,dd34b7e5891261e9fb24703963931ff3,0,2.0,10000,histgbr,,,,,,,475.46148462187756,21.805079330786153,2.4148415933953484,-0.0952976527624442,-0.03467840353868424,4.076580950975418,1.0865995792211232,0.012197538432503225,-0.41242438554763794,-0.024822991422643183,-0.41242438554763794,-0.049307920028118304,0.17167669534683228,0.013309752220404618,0.17167669534683228,-0.017266153498544816,-0.6495953798294067,-0.08672643084101576,-0.6495953798294067,-0.1460458153260126,paper_main_20260902_002859/task4_seed1004/results.parquet,4,1004,20260902_002859
paper_main,raw_x,10,medium,10,0.5,1000,10,0.0,0.0,250,dml_learner,true_y,frozen,1004,42,dd34b7e5891261e9fb24703963931ff3,0,2.0,10000,histgbr,,,,,,,1489.674024908464,38.596295481671085,4.2744141521431445,0.20864244227907647,0.27939643615583554,2.697766290187836,0.7190809531339316,0.30240139188227255,2.3749892711639404,0.142945811093807,2.3749892711639404,0.12246919142189605,3.8286430835723877,0.29682707183852275,3.8286430835723877,0.275036900907001,2.096616744995117,0.2799159180945628,2.096616744995117,0.24060984868846805,paper_main_20260902_002859/task4_seed1004/results.parquet,4,1004,20260902_002859
paper_main,encoder_pred,10,medium,10,0.5,1000,10,0.0,0.0,500,x_learner,h_y,frozen,1004,42,046578539f5ee11f7116ae6569884826,46,2.0,10000,histgbr,,,,,,,60.747594057443386,7.794074291244816,0.8442498978623436,0.7372492529970119,0.7024871412306969,0.8826761039495468,0.22814625554196677,0.7443346397357493,9.726255416870117,0.5820332955763104,9.726255416870117,0.5714637112796986,9.305961608886719,0.7027629262396251,9.305961608886719,0.6932140742608763,5.899532318115234,0.7636725837502175,5.899532318115234,0.7503532119823679,paper_main_20260902_002859/task4_seed1004/results.parquet,4,1004,20260902_002859
paper_main,encoder_pred,10,medium,10,0.5,1000,10,0.0,0.0,500,x_learner,true_y,frozen,1004,42,046578539f5ee11f7116ae6569884826,46,2.0,10000,histgbr,,,,,,,12.492778059194436,3.5345124217060597,0.3828564675564492,0.9391898047592191,0.92839445223896,0.22211314234137536,0.05740982621496364,0.9437320529197398,15.563824653625488,0.9313619442081777,15.563824653625488,0.9296262181109338,12.530294418334961,0.9462564689353546,12.530294418334961,0.9445299379328146,7.267406463623047,0.9407388199563446,7.267406463623047,0.9373988702335047,paper_main_20260902_002859/task4_seed1004/results.parquet,4,1004,20260902_002859
paper_main,encoder_pred,10,medium,10,0.5,1000,10,0.0,0.0,500,dml_learner,h_y,frozen,1004,42,046578539f5ee11f7116ae6569884826,46,2.0,10000,histgbr,,,,,,,64.63096025954836,8.039338297369278,0.8708167619160369,0.7559243036972149,0.7599346123879611,0.8276050732601434,0.21391198616002113,0.7844600474063967,11.759631156921387,0.7037134625472705,11.759631156921387,0.6962209386203325,9.187447547912598,0.6938130410164602,9.187447547912598,0.6839766706331545,5.9761528968811035,0.7735908335706138,5.9761528968811035,0.7608304526246528,paper_main_20260902_002859/task4_seed1004/results.parquet,4,1004,20260902_002859
paper_main,encoder_pred,10,medium,10,0.5,1000,10,0.0,0.0,500,dml_learner,true_y,frozen,1004,42,046578539f5ee11f7116ae6569884826,46,2.0,10000,histgbr,,,,,,,7.569908732767217,2.7513467125695406,0.2980243829186986,0.9623688094752378,0.959229781075313,0.12178669767268024,0.03147834061046671,0.9677121366640794,15.607490539550781,0.933974974444385,15.607490539550781,0.9323053269200487,12.87084674835205,0.9719741284356891,12.87084674835205,0.9710737868472142,7.498188495635986,0.9706126982855258,7.498188495635986,0.9689564351104765,paper_main_20260902_002859/task4_seed1004/results.parquet,4,1004,20260902_002859
paper_main,mi_mine_cond,10,medium,10,0.5,1000,10,0.0,0.0,500,x_learner,h_y,frozen,1004,42,170fb0fe08485992dcf5ba3960c91803,16,2.0,10000,histgbr,,,,,,,56.52962489915386,7.518618549916857,0.8144126814346074,0.5809100356401425,0.5945964411565037,1.4086239601839332,0.36408857172486714,0.6335817064214435,9.923524856567383,0.5938381862749798,9.923524856567383,0.5835671252483587,8.707599639892578,0.6575761281467484,8.707599639892578,0.646575633407143,4.870105266571045,0.6304170689323455,4.870105266571045,0.6095874396999135,paper_main_20260902_002859/task4_seed1004/results.parquet,4,1004,20260902_002859
paper_main,mi_mine_cond,10,medium,10,0.5,1000,10,0.0,0.0,500,x_learner,true_y,frozen,1004,42,170fb0fe08485992dcf5ba3960c91803,16,2.0,10000,histgbr,,,,,,,52.351811323493465,7.235455156622385,0.7837405763283278,0.630122520490082,0.6298490074789487,1.3142811294365675,0.3397036773384306,0.6729223154648577,10.39062213897705,0.6217899682284013,10.39062213897705,0.6122257546909948,9.306844711303711,0.7028296159235953,9.306844711303711,0.693282906375845,5.109247207641602,0.6613731064913937,5.109247207641602,0.6422881541113193,paper_main_20260902_002859/task4_seed1004/results.parquet,4,1004,20260902_002859
paper_main,mi_mine_cond,10,medium,10,0.5,1000,10,0.0,0.0,500,dml_learner,h_y,frozen,1004,42,170fb0fe08485992dcf5ba3960c91803,16,2.0,10000,histgbr,,,,,,,51.829587938609116,7.19927690387091,0.7798217676220033,0.6349963639854559,0.6503213957996702,1.2848287081290035,0.33209107787199116,0.68146086187753,11.709665298461914,0.7007234327753786,11.709665298461914,0.6931552966731432,8.78796100616455,0.6636448173689321,8.78796100616455,0.6528392815365536,5.367803573608398,0.6948422693666659,5.367803573608398,0.677643633141393,paper_main_20260902_002859/task4_seed1004/results.parquet,4,1004,20260902_002859
paper_main,mi_mine_cond,10,medium,10,0.5,1000,10,0.0,0.0,500,dml_learner,true_y,frozen,1004,42,170fb0fe08485992dcf5ba3960c91803,16,2.0,10000,histgbr,,,,,,,48.09815753323428,6.935283522195346,0.7512261477718961,0.643630446521786,0.6601728939262945,1.218457007961348,0.3149359121215538,0.689076079957397,11.079129219055176,0.6629912350746763,11.079129219055176,0.654468923340571,8.900812149047852,0.6721670531931612,8.900812149047852,0.6616352973687205,5.275679588317871,0.6829171610566126,5.275679588317871,0.6650464278166387,paper_main_20260902_002859/task4_seed1004/results.parquet,4,1004,20260902_002859
paper_main,mi_infonce_cond,10,medium,10,0.5,1000,10,0.0,0.0,500,x_learner,h_y,frozen,1004,42,0a7d44039a1dfc1e2ce0c5895278fca7,34,2.0,10000,histgbr,,,,,,,25.030109809885595,5.0030100749334485,0.5419233364905796,0.8495490621962488,0.8578323953735354,0.4964338608384131,0.12831380159465564,0.8735333428470987,15.175135612487793,0.9081022256555089,15.175135612487793,0.9057783054429063,11.874642372131348,0.896743267618788,11.874642372131348,0.8934261065364112,6.69563102722168,0.8667246097958619,6.69563102722168,0.8592132321579923,paper_main_20260902_002859/task4_seed1004/results.parquet,4,1004,20260902_002859
paper_main,mi_infonce_cond,10,medium,10,0.5,1000,10,0.0,0.0,500,x_learner,true_y,frozen,1004,42,0a7d44039a1dfc1e2ce0c5895278fca7,34,2.0,10000,histgbr,,,,,,,15.195300020231363,3.8981149316344386,0.4222416941271467,0.910931899727599,0.9113656884869832,0.33503887698054324,0.08659786404330454,0.9233413852274428,15.780792236328125,0.944345600485043,15.780792236328125,0.9429382064009575,12.647326469421387,0.9550944364815329,12.647326469421387,0.9536518284863882,7.043694972991943,0.9117801969922368,7.043694972991943,0.9068081443536005,paper_main_20260902_002859/task4_seed1004/results.parquet,4,1004,20260902_002859
paper_main,mi_infonce_cond,10,medium,10,0.5,1000,10,0.0,0.0,500,dml_learner,h_y,frozen,1004,42,0a7d44039a1dfc1e2ce0c5895278fca7,34,2.0,10000,histgbr,,,,,,,18.94232936158961,4.352278640159613,0.4714364605878502,0.9471431485725943,0.9448685459682848,0.1800550893247128,0.046539035368579125,0.9554686167565254,15.831621170043945,0.9473872779378,15.831621170043945,0.9460568021007895,12.71130657196045,0.9599260536718001,12.71130657196045,0.9586386631829514,7.378872871398926,0.9551677331375094,7.378872871398926,0.9526409944331611,paper_main_20260902_002859/task4_seed1004/results.parquet,4,1004,20260902_002859
paper_main,mi_infonce_cond,10,medium,10,0.5,1000,10,0.0,0.0,500,dml_learner,true_y,frozen,1004,42,0a7d44039a1dfc1e2ce0c5895278fca7,34,2.0,10000,histgbr,,,,,,,7.921686446342694,2.8145490662524777,0.3048704275735998,0.9761454405817622,0.9743378393842187,0.10017986612208185,0.02589359928764416,0.9801865974250182,16.355731964111328,0.9787508314991273,16.355731964111328,0.978213480376835,12.978035926818848,0.9800687868800794,12.978035926818848,0.9794284892165637,7.622262954711914,0.986673676958187,7.622262954711914,0.9859226077267408,paper_main_20260902_002859/task4_seed1004/results.parquet,4,1004,20260902_002859
paper_main,autoencoder,10,medium,10,0.5,1000,10,0.0,0.0,500,x_learner,h_y,frozen,1004,42,b9f116f6359230079c37508f5f8441c8,54,2.0,10000,histgbr,,,,,,,164.47128203465277,12.824635746665587,1.3891575849368683,0.04143011772047088,0.054418779697139145,3.453482592539862,0.8926254132652593,0.12754728892493292,0.30832022428512573,0.01845033145255878,0.30832022428512573,-0.006371195844283113,1.2052456140518188,0.09101713183081331,1.2052456140518188,0.061815717789294955,0.7636616826057434,0.0988531732381257,0.7636616826057434,0.04806469599106254,paper_main_20260902_002859/task4_seed1004/results.parquet,4,1004,20260902_002859
paper_main,autoencoder,10,medium,10,0.5,1000,10,0.0,0.0,500,x_learner,true_y,frozen,1004,42,b9f116f6359230079c37508f5f8441c8,54,2.0,10000,histgbr,,,,,,,156.81297535176836,12.52249876629135,1.3564302711739085,0.07474743498973996,0.06986029417006234,3.240432275371626,0.8375580653598722,0.1531462428168171,1.0812469720840454,0.06470339421710333,1.0812469720840454,0.04105151904970658,1.1444898843765259,0.08642901120804401,1.1444898843765259,0.05708020207837865,1.2213749885559082,0.15810246354178273,1.2213749885559082,0.11065326591389653,paper_main_20260902_002859/task4_seed1004/results.parquet,4,1004,20260902_002859
paper_main,autoencoder,10,medium,10,0.5,1000,10,0.0,0.0,500,dml_learner,h_y,frozen,1004,42,b9f116f6359230079c37508f5f8441c8,54,2.0,10000,histgbr,,,,,,,110.40567952144929,10.50741069538301,1.138157024797618,-0.0675937743750975,-0.05522997076948417,3.9650008659530434,1.024838099434432,0.009122810891288987,-1.5974855422973633,-0.09559586243294932,-1.5974855422973633,-0.12330140141594385,-0.009045314975082874,-0.0006830795448992618,-0.009045314975082874,-0.03283039711644821,-0.1829449087381363,-0.023681540096153662,-0.1829449087381363,-0.08137605231480527,paper_main_20260902_002859/task4_seed1004/results.parquet,4,1004,20260902_002859
paper_main,autoencoder,10,medium,10,0.5,1000,10,0.0,0.0,500,dml_learner,true_y,frozen,1004,42,b9f116f6359230079c37508f5f8441c8,54,2.0,10000,histgbr,,,,,,,113.61229654115814,10.658906911178,1.154567012684842,-0.09204209616838467,-0.07973649434474198,4.1237294208277016,1.0658648421775558,-0.012313138263436163,-1.4508979320526123,-0.08682384625358566,-1.4508979320526123,-0.1143075576041929,-0.49009382724761963,-0.037010659042436965,-0.49009382724761963,-0.07032501366955815,-0.45118167996406555,-0.058403795538321444,-0.45118167996406555,-0.11805524798926358,paper_main_20260902_002859/task4_seed1004/results.parquet,4,1004,20260902_002859
paper_main,pca,10,medium,10,0.5,1000,10,0.0,0.0,500,x_learner,h_y,frozen,1004,42,b4bf743fbcae0dbf7e5acfca52574495,0,2.0,10000,histgbr,,,,,,,217.6641534109952,14.753445475921724,1.5980852081633479,0.07583243132972532,0.07233420942626302,3.366524607764557,0.8701492880737076,0.1448358527408346,0.7320629358291626,0.0438077127165379,0.7320629358291626,0.01962742544186597,0.8805068731307983,0.06649367499481103,0.8805068731307983,0.036504435745717774,1.1275413036346436,0.14595604095391237,1.1275413036346436,0.09782227307740865,paper_main_20260902_002859/task4_seed1004/results.parquet,4,1004,20260902_002859
paper_main,pca,10,medium,10,0.5,1000,10,0.0,0.0,500,x_learner,true_y,frozen,1004,42,b4bf743fbcae0dbf7e5acfca52574495,0,2.0,10000,histgbr,,,,,,,226.1025968812849,15.036708312702116,1.6287680849340604,0.07031442525770103,0.06602583432700457,3.5182930596936495,0.9093770454153776,0.13598090474168387,2.4406545162200928,0.14605232235366414,2.4406545162200928,0.12445760710900326,0.3546478748321533,0.02678211976113282,0.3546478748321533,-0.004482868027585734,1.2055351734161377,0.15605205820426626,1.2055351734161377,0.10848730009085307,paper_main_20260902_002859/task4_seed1004/results.parquet,4,1004,20260902_002859
paper_main,pca,10,medium,10,0.5,1000,10,0.0,0.0,500,dml_learner,h_y,frozen,1004,42,b4bf743fbcae0dbf7e5acfca52574495,0,2.0,10000,histgbr,,,,,,,141.95663508857544,11.914555597611496,1.290578197035916,0.062320953283813124,0.08274775768752818,3.6339303920269015,0.9392659528579217,0.13523048836942184,3.124229669570923,0.18695845551862034,3.124229669570923,0.16639817870687623,1.6558794975280762,0.12504787469483708,1.6558794975280762,0.09693971097443241,0.3326388895511627,0.04305887086325778,0.3326388895511627,-0.010874163488738238,paper_main_20260902_002859/task4_seed1004/results.parquet,4,1004,20260902_002859
paper_main,pca,10,medium,10,0.5,1000,10,0.0,0.0,500,dml_learner,true_y,frozen,1004,42,b4bf743fbcae0dbf7e5acfca52574495,0,2.0,10000,histgbr,,,,,,,145.96533088057842,12.081611270049141,1.3086735768235112,0.047618878475513896,0.06960283587762724,3.5650709660053255,0.9214677818920408,0.11884829561473427,1.7246103286743164,0.10320319487417598,1.7246103286743164,0.0805249065598487,1.4625505208969116,0.11044815431618371,1.4625505208969116,0.08187096912728191,0.2777414917945862,0.03595260627730126,0.2777414917945862,-0.018380935901518437,paper_main_20260902_002859/task4_seed1004/results.parquet,4,1004,20260902_002859
paper_main,pls,10,medium,10,0.5,1000,10,0.0,0.0,500,x_learner,h_y,frozen,1004,42,2d76c26dca5bda0cb184a0dbfcc4efc8,0,2.0,10000,histgbr,,,,,,,26.962985308812215,5.192589460838611,0.5624584726987406,0.8306797067188268,0.8418650096970406,0.6954137702584267,0.1797443558592703,0.85571678680696,14.566751480102539,0.8716956327405891,14.566751480102539,0.8684510589240176,11.599089622497559,0.8759342137235847,11.599089622497559,0.8719485540150127,6.3739013671875,0.8250778982433307,6.3739013671875,0.8152193192401727,paper_main_20260902_002859/task4_seed1004/results.parquet,4,1004,20260902_002859
paper_main,pls,10,medium,10,0.5,1000,10,0.0,0.0,500,x_learner,true_y,frozen,1004,42,2d76c26dca5bda0cb184a0dbfcc4efc8,0,2.0,10000,histgbr,,,,,,,22.65751637178676,4.759991215515713,0.5155996655098558,0.8553450853803415,0.8589145184038525,0.547539964437485,0.14152325194603224,0.8743556454335667,14.404680252075195,0.8619970543130436,14.404680252075195,0.8585072218642359,11.541459083557129,0.8715820996822086,11.541459083557129,0.8674566266850384,6.612411975860596,0.8559522121644401,6.612411975860596,0.8478337040837259,paper_main_20260902_002859/task4_seed1004/results.parquet,4,1004,20260902_002859
paper_main,pls,10,medium,10,0.5,1000,10,0.0,0.0,500,dml_learner,h_y,frozen,1004,42,2d76c26dca5bda0cb184a0dbfcc4efc8,0,2.0,10000,histgbr,,,,,,,13.154191482467137,3.6268707562397555,0.3928606722359449,0.9282962571850288,0.9379754315486882,0.30412020772695536,0.07860628187065538,0.941985029742119,15.689068794250488,0.9388567360674531,15.689068794250488,0.9373105390248055,12.619987487792969,0.9530298650232485,12.619987487792969,0.951520931899124,7.245325088500977,0.9378804678221508,7.245325088500977,0.934379421873901,paper_main_20260902_002859/task4_seed1004/results.parquet,4,1004,20260902_002859
paper_main,pls,10,medium,10,0.5,1000,10,0.0,0.0,500,dml_learner,true_y,frozen,1004,42,2d76c26dca5bda0cb184a0dbfcc4efc8,0,2.0,10000,histgbr,,,,,,,8.044112590362898,2.8362144824330366,0.30721721369778754,0.9587255949023795,0.9656762556194698,0.16294189208745946,0.04211576860905025,0.9669877272426671,16.17222023010254,0.967769221954225,16.17222023010254,0.9669541667790288,12.806392669677734,0.9671067177541335,12.806392669677734,0.9660500087800901,7.39772367477417,0.9576078997376881,7.39772367477417,0.9552186883953321,paper_main_20260902_002859/task4_seed1004/results.parquet,4,1004,20260902_002859
paper_main,ica,10,medium,10,0.5,1000,10,0.0,0.0,500,x_learner,h_y,frozen,1004,42,2c668c4e1d12971d94a618fc9ef854ed,0,2.0,10000,histgbr,,,,,,,213.3765854411908,14.607415426460316,1.5822673124472248,0.08560623042492169,0.10142475756341154,3.2238557317554952,0.8332735080472563,0.1723298116448488,1.1093049049377441,0.06638242180027494,1.1093049049377441,0.04277300605222628,1.3784489631652832,0.10409701519732585,1.3784489631652832,0.07531579729280356,1.5033245086669922,0.1945997834817393,1.5033245086669922,0.14920756841019195,paper_main_20260902_002859/task4_seed1004/results.parquet,4,1004,20260902_002859
paper_main,ica,10,medium,10,0.5,1000,10,0.0,0.0,500,x_learner,true_y,frozen,1004,42,2c668c4e1d12971d94a618fc9ef854ed,0,2.0,10000,histgbr,,,,,,,212.33532849559117,14.571730456455443,1.5784019358603378,0.0981071124284497,0.1100323661901168,3.2114711828697473,0.8300724601858527,0.18196367380431114,1.5962364673614502,0.09552111596884658,1.5962364673614502,0.07264856246615924,2.0952749252319336,0.15822991751076648,2.0952749252319336,0.13118773930553768,1.512142539024353,0.19574124481519378,1.512142539024353,0.15041336230438002,paper_main_20260902_002859/task4_seed1004/results.parquet,4,1004,20260902_002859
paper_main,ica,10,medium,10,0.5,1000,10,0.0,0.0,500,dml_learner,h_y,frozen,1004,42,2c668c4e1d12971d94a618fc9ef854ed,0,2.0,10000,histgbr,,,,,,,152.71585852946154,12.357825801064747,1.3385929849384646,0.05285934743738974,0.07594810844228497,3.5016300411224366,0.905070136826782,0.13317624380880116,2.434037685394287,0.1456563615561372,2.434037685394287,0.12405163321477909,1.6346240043640137,0.12344271305733599,1.6346240043640137,0.09528298291998152,0.7692532539367676,0.09957698141398312,0.7692532539367676,0.04882929786887735,paper_main_20260902_002859/task4_seed1004/results.parquet,4,1004,20260902_002859
paper_main,ica,10,medium,10,0.5,1000,10,0.0,0.0,500,dml_learner,true_y,frozen,1004,42,2c668c4e1d12971d94a618fc9ef854ed,0,2.0,10000,histgbr,,,,,,,144.2033648375317,12.008470545308079,1.3007510132085374,0.04629128916515666,0.07167171548248968,3.5672109530866147,0.9220209066875573,0.12576519824018545,2.323087215423584,0.13901692377509964,2.323087215423584,0.11724429665959024,1.6330010890960693,0.12332015455874404,1.6330010890960693,0.09515648718386066,0.6341456770896912,0.08208780655545792,0.6341456770896912,0.030354436179978565,paper_main_20260902_002859/task4_seed1004/results.parquet,4,1004,20260902_002859
paper_main,raw_x,10,medium,10,0.5,1000,10,0.0,0.0,500,x_learner,h_y,frozen,1004,42,dd34b7e5891261e9fb24703963931ff3,0,2.0,10000,histgbr,,,,,,,107.42645369787303,10.364673352203292,1.1226957932391781,-0.13955892623570493,-0.17471612871085726,3.9497581139374525,1.0208982886919056,-0.06633631349133146,-3.2557268142700195,-0.1948274362524945,-3.2557268142700195,-0.22504235331099226,-2.529505729675293,-0.19102194090602617,-2.529505729675293,-0.2292839654686896,-0.5960061550140381,-0.07715078684000061,-0.5960061550140381,-0.13785881643564352,paper_main_20260902_002859/task4_seed1004/results.parquet,4,1004,20260902_002859
paper_main,raw_x,10,medium,10,0.5,1000,10,0.0,0.0,500,x_learner,true_y,frozen,1004,42,dd34b7e5891261e9fb24703963931ff3,0,2.0,10000,histgbr,,,,,,,70.62998014286181,8.404164452392743,0.910334533059437,0.6308454993819974,0.6277421813522872,1.252295013189316,0.32368205824834606,0.6693241977981434,9.878211975097656,0.5911265974256741,9.878211975097656,0.5807869654659689,9.171372413635254,0.6925990871147321,9.171372413635254,0.6827237180090597,5.014246463775635,0.6490756124504604,5.014246463775635,0.6292975754611464,paper_main_20260902_002859/task4_seed1004/results.parquet,4,1004,20260902_002859
paper_main,raw_x,10,medium,10,0.5,1000,10,0.0,0.0,500,dml_learner,h_y,frozen,1004,42,dd34b7e5891261e9fb24703963931ff3,0,2.0,10000,histgbr,,,,,,,358.9746893586083,18.946627387443083,2.052288397437123,-0.04567717470869884,-0.08026401491248826,3.6617539062369615,0.9464575269298156,0.04857539883850848,-1.9584704637527466,-0.11719772609813812,-1.9584704637527466,-0.14544953519441345,-0.5950555801391602,-0.044937107883023124,-0.5950555801391602,-0.07850610263877408,0.4588468670845032,0.059396025589374644,0.4588468670845032,0.006383750414959793,paper_main_20260902_002859/task4_seed1004/results.parquet,4,1004,20260902_002859
paper_main,raw_x,10,medium,10,0.5,1000,10,0.0,0.0,500,dml_learner,true_y,frozen,1004,42,dd34b7e5891261e9fb24703963931ff3,0,2.0,10000,histgbr,,,,,,,669.2811597594285,25.870468873977305,2.802275150115096,0.3303447133788535,0.3083617929037904,2.287933519946411,0.591364672918076,0.3973463990978166,5.484911918640137,0.3282251208841079,5.484911918640137,0.3112372097945104,4.896119594573975,0.3697426959311947,4.896119594573975,0.34949544470865707,3.16658353805542,0.40990249765090836,3.16658353805542,0.3766447058221355,paper_main_20260902_002859/task4_seed1004/results.parquet,4,1004,20260902_002859
paper_main,encoder_pred,10,medium,10,0.5,1000,10,0.0,0.0,750,x_learner,h_y,frozen,1004,42,046578539f5ee11f7116ae6569884826,46,2.0,10000,histgbr,,,,,,,57.21948688967918,7.564356343383037,0.8213042554621366,0.8315639316692117,0.7969333963069453,0.5897441186817982,0.15066731836767225,0.8344829293894107,12.787617683410645,0.7654824384981214,12.787617683410645,0.7575902273702653,11.300630569458008,0.8486372897165205,11.300630569458008,0.8421918609306469,6.590465068817139,0.8440669898595001,6.590465068817139,0.8323919402527484,paper_main_20260902_002859/task4_seed1004/results.parquet,4,1004,20260902_002859
paper_main,encoder_pred,10,medium,10,0.5,1000,10,0.0,0.0,750,x_learner,true_y,frozen,1004,42,046578539f5ee11f7116ae6569884826,46,2.0,10000,histgbr,,,,,,,10.321038165722511,3.2126372602151196,0.34881390210800767,0.9546506856012188,0.9384666917101555,0.118148831307888,0.030184561435259934,0.9586037266288775,15.701360702514648,0.9399026602032269,15.701360702514648,0.9378802065717753,12.750743865966797,0.957535656950742,12.750743865966797,0.9557274117194674,7.5831756591796875,0.9712073708583412,7.5831756591796875,0.9690516029857478,paper_main_20260902_002859/task4_seed1004/results.parquet,4,1004,20260902_002859
paper_main,encoder_pred,10,medium,10,0.5,1000,10,0.0,0.0,750,dml_learner,h_y,frozen,1004,42,046578539f5ee11f7116ae6569884826,46,2.0,10000,histgbr,,,,,,,59.638575903554795,7.72260162792014,0.8384858264639878,0.9164188665224292,0.9130905530082151,0.24472573505962858,0.06252231954327701,0.9276177421870464,14.878409385681152,0.8906397876048238,14.878409385681152,0.8869594922798913,12.159808158874512,0.9131584804930954,12.159808158874512,0.9094605364711464,7.237525939941406,0.9269386409558548,7.237525939941406,0.9214683752923591,paper_main_20260902_002859/task4_seed1004/results.parquet,4,1004,20260902_002859
paper_main,encoder_pred,10,medium,10,0.5,1000,10,0.0,0.0,750,dml_learner,true_y,frozen,1004,42,046578539f5ee11f7116ae6569884826,46,2.0,10000,histgbr,,,,,,,6.781998298047465,2.6042270058594092,0.28275541566371787,0.9668098823286796,0.9622879370549959,0.08752491626267611,0.022360790054385807,0.9721102801631638,15.758010864257812,0.9432938081891982,15.758010864257812,0.9413854767398966,12.988000869750977,0.9753528167472794,12.988000869750977,0.974303273804171,7.605299472808838,0.9740408553816907,7.605299472808838,0.9720972367669117,paper_main_20260902_002859/task4_seed1004/results.parquet,4,1004,20260902_002859
paper_main,mi_mine_cond,10,medium,10,0.5,1000,10,0.0,0.0,750,x_learner,h_y,frozen,1004,42,170fb0fe08485992dcf5ba3960c91803,16,2.0,10000,histgbr,,,,,,,57.141906325990696,7.559226569298654,0.8207472873482867,0.5647358235303528,0.5849350304171688,1.4801301448705293,0.378142371748047,0.6273836751933387,9.932517051696777,0.5945726218434413,9.932517051696777,0.5809287887550647,8.743061065673828,0.6565728877689813,8.743061065673828,0.6419488433733858,4.873661041259766,0.6241890916250584,4.873661041259766,0.5960512971062294,paper_main_20260902_002859/task4_seed1004/results.parquet,4,1004,20260902_002859
paper_main,mi_mine_cond,10,medium,10,0.5,1000,10,0.0,0.0,750,x_learner,true_y,frozen,1004,42,170fb0fe08485992dcf5ba3960c91803,16,2.0,10000,histgbr,,,,,,,55.190042812855445,7.429000122012076,0.8066078774005068,0.6047420102080181,0.6201762863799662,1.4101073350273072,0.3602530047337061,0.6598468659955077,10.025312423706055,0.6001274663348554,10.025312423706055,0.5866705702299093,8.571087837219238,0.6436583080380112,8.571087837219238,0.6284843263176971,5.219334602355957,0.6684608750488106,5.219334602355957,0.6436378069447796,paper_main_20260902_002859/task4_seed1004/results.parquet,4,1004,20260902_002859
paper_main,mi_mine_cond,10,medium,10,0.5,1000,10,0.0,0.0,750,dml_learner,h_y,frozen,1004,42,170fb0fe08485992dcf5ba3960c91803,16,2.0,10000,histgbr,,,,,,,53.647790820026714,7.324465224166657,0.7952579419205574,0.6095668792300073,0.6249946819237518,1.4238502651018399,0.3637640366461099,0.6651036395368297,10.32759952545166,0.6182227420538773,10.32759952545166,0.6053748056169267,8.760160446166992,0.6578569906186726,8.760160446166992,0.6432876267547347,5.192287445068359,0.6649968383840814,5.192287445068359,0.6399144101877654,paper_main_20260902_002859/task4_seed1004/results.parquet,4,1004,20260902_002859
paper_main,mi_mine_cond,10,medium,10,0.5,1000,10,0.0,0.0,750,dml_learner,true_y,frozen,1004,42,170fb0fe08485992dcf5ba3960c91803,16,2.0,10000,histgbr,,,,,,,48.861397545393835,6.990092813789659,0.7589532689139789,0.634783805837877,0.6512177540907768,1.2357428793422875,0.3157065241084783,0.6888590486360702,10.69719409942627,0.6403471254023713,10.69719409942627,0.6282437400486817,9.406570434570312,0.7064000889203624,9.406570434570312,0.6938978199344379,5.190169811248779,0.6647256246252566,5.190169811248779,0.6396228900545209,paper_main_20260902_002859/task4_seed1004/results.parquet,4,1004,20260902_002859
paper_main,mi_infonce_cond,10,medium,10,0.5,1000,10,0.0,0.0,750,x_learner,h_y,frozen,1004,42,0a7d44039a1dfc1e2ce0c5895278fca7,34,2.0,10000,histgbr,,,,,,,22.846615289734036,4.779813311180054,0.5189709255594173,0.8730397885151795,0.8765494597960934,0.457916421279311,0.1169880920303012,0.8941983034696789,14.715306282043457,0.8808762362858658,14.715306282043457,0.876867368516834,12.297775268554688,0.9235193212717904,12.297775268554688,0.9202625695440053,6.9135942459106445,0.8854514246447747,6.9135942459106445,0.8768749192694857,paper_main_20260902_002859/task4_seed1004/results.parquet,4,1004,20260902_002859
paper_main,mi_infonce_cond,10,medium,10,0.5,1000,10,0.0,0.0,750,x_learner,true_y,frozen,1004,42,0a7d44039a1dfc1e2ce0c5895278fca7,34,2.0,10000,histgbr,,,,,,,13.306209304353455,3.6477677152408505,0.39605843662896845,0.9246945932348323,0.923328043495931,0.25377717443803904,0.06483477346237829,0.9373061348093823,15.465476989746094,0.9257823725841882,15.465476989746094,0.923284729417412,12.749181747436523,0.9574183473875633,12.749181747436523,0.9556051068015282,7.301136016845703,0.9350854356929033,7.301136016845703,0.930225138583246,paper_main_20260902_002859/task4_seed1004/results.parquet,4,1004,20260902_002859
paper_main,mi_infonce_cond,10,medium,10,0.5,1000,10,0.0,0.0,750,dml_learner,h_y,frozen,1004,42,0a7d44039a1dfc1e2ce0c5895278fca7,34,2.0,10000,histgbr,,,,,,,16.69017715589458,4.085361325010871,0.4435704095652435,0.9274110993975099,0.9278438914481374,0.2617082671175397,0.06686100217393683,0.9395777572602322,15.38294792175293,0.920842081610652,15.38294792175293,0.9181781830080507,12.446425437927246,0.9346824219569125,12.446425437927246,0.9319010248944922,7.326292514801025,0.9383073281212575,7.326292514801025,0.933688261228953,paper_main_20260902_002859/task4_seed1004/results.parquet,4,1004,20260902_002859
paper_main,mi_infonce_cond,10,medium,10,0.5,1000,10,0.0,0.0,750,dml_learner,true_y,frozen,1004,42,0a7d44039a1dfc1e2ce0c5895278fca7,34,2.0,10000,histgbr,,,,,,,5.431864290999385,2.330636027139241,0.2530501208734368,0.9765539992071095,0.974607268121945,0.06587132696807352,0.01682874975300043,0.9804754428886782,16.34372901916504,0.9783556134911081,16.34372901916504,0.9776272157243604,12.934792518615723,0.9713570582256492,12.934792518615723,0.9701373652043049,7.6874494552612305,0.9845621293254198,7.6874494552612305,0.9834062617782856,paper_main_20260902_002859/task4_seed1004/results.parquet,4,1004,20260902_002859
paper_main,autoencoder,10,medium,10,0.5,1000,10,0.0,0.0,750,x_learner,h_y,frozen,1004,42,b9f116f6359230079c37508f5f8441c8,54,2.0,10000,histgbr,,,,,,,188.28202506912817,13.721589742778647,1.4898293438155983,0.06862415044293411,0.0794907677269039,3.537666400145739,0.903799958159423,0.1681404197039781,2.150935649871826,0.12875763938833057,2.150935649871826,0.09943775131920628,1.774469017982483,0.1332563319233268,1.774469017982483,0.09634806979104647,1.0741937160491943,0.13757624795276666,1.0741937160491943,0.0730046727736557,paper_main_20260902_002859/task4_seed1004/results.parquet,4,1004,20260902_002859
paper_main,autoencoder,10,medium,10,0.5,1000,10,0.0,0.0,750,x_learner,true_y,frozen,1004,42,b9f116f6359230079c37508f5f8441c8,54,2.0,10000,histgbr,,,,,,,191.57577015127512,13.841089919196216,1.502804142855318,0.0653582388590913,0.0766641279382602,3.422167899758865,0.8742925009800712,0.16674805693656852,1.1524217128753662,0.0689853735691864,1.1524217128753662,0.03765397157157856,1.0445623397827148,0.07844292825295551,1.0445623397827148,0.03920056487997295,1.077031135559082,0.1379396475186048,1.077031135559082,0.07339528086932604,paper_main_20260902_002859/task4_seed1004/results.parquet,4,1004,20260902_002859
paper_main,autoencoder,10,medium,10,0.5,1000,10,0.0,0.0,750,dml_learner,h_y,frozen,1004,42,b9f116f6359230079c37508f5f8441c8,54,2.0,10000,histgbr,,,,,,,133.6641039490446,11.5613192996753,1.2552767622966325,-0.01399996799994311,0.006597841043639932,3.5819042606862883,0.9151018085837491,0.09491914670285445,0.9422555565834045,0.05640457034288604,0.9422555565834045,0.024649787023282067,0.6766291260719299,0.050812448399548064,0.6766291260719299,0.010393505340055412,0.785103976726532,0.10055137891524023,0.785103976726532,0.03320766984153491,paper_main_20260902_002859/task4_seed1004/results.parquet,4,1004,20260902_002859
paper_main,autoencoder,10,medium,10,0.5,1000,10,0.0,0.0,750,dml_learner,true_y,frozen,1004,42,b9f116f6359230079c37508f5f8441c8,54,2.0,10000,histgbr,,,,,,,131.07050100255145,11.448602578592352,1.2430384807450048,-0.014006965345716167,0.007150577207397563,3.5489262666019297,0.9066766191220188,0.09548325982688606,0.25185075402259827,0.01507609424208168,0.25185075402259827,-0.01806951480882895,0.5425620675086975,0.04074448763222034,0.5425620675086975,-0.0001031761077044137,0.7050074934959412,0.0902931047581312,0.7050074934959412,0.0221813359929212,paper_main_20260902_002859/task4_seed1004/results.parquet,4,1004,20260902_002859
paper_main,pca,10,medium,10,0.5,1000,10,0.0,0.0,750,x_learner,h_y,frozen,1004,42,b4bf743fbcae0dbf7e5acfca52574495,0,2.0,10000,histgbr,,,,,,,184.6503330951915,13.588610418110878,1.4753910386538303,0.08475044400078934,0.10970667745895916,3.37969241226837,0.8634409001012745,0.1857031999781416,1.9822509288787842,0.11865996562610644,1.9822509288787842,0.08900026090222365,1.8063331842422485,0.13564921783598088,1.8063331842422485,0.09884285118187908,1.005230188369751,0.12874381555070438,1.005230188369751,0.06351093660820527,paper_main_20260902_002859/task4_seed1004/results.parquet,4,1004,20260902_002859
paper_main,pca,10,medium,10,0.5,1000,10,0.0,0.0,750,x_learner,true_y,frozen,1004,42,b4bf743fbcae0dbf7e5acfca52574495,0,2.0,10000,histgbr,,,,,,,193.91250953951734,13.925247198506652,1.5119415669120573,0.07982223612841977,0.11104640315150906,3.354452095519751,0.8569925257660369,0.18199081605817977,3.122692584991455,0.18692819834145336,3.122692584991455,0.15956592201681144,1.8233078718185425,0.13692395668971033,1.8233078718185425,0.10017187182328866,1.1196938753128052,0.1434036337391626,1.1196938753128052,0.07926836783204318,paper_main_20260902_002859/task4_seed1004/results.parquet,4,1004,20260902_002859
paper_main,pca,10,medium,10,0.5,1000,10,0.0,0.0,750,dml_learner,h_y,frozen,1004,42,b4bf743fbcae0dbf7e5acfca52574495,0,2.0,10000,histgbr,,,,,,,116.61738828691621,10.79895311069162,1.1725024234356054,0.053111973532397376,0.07378115135286788,3.5203553990920384,0.8993773585532568,0.15019198673468576,2.6662206649780273,0.15960323077606378,2.6662206649780273,0.13132138829310605,1.0756504535675049,0.08077753537620991,1.0756504535675049,0.041634585814778066,0.7943184971809387,0.1017315190816376,0.7943184971809387,0.03447616971427794,paper_main_20260902_002859/task4_seed1004/results.parquet,4,1004,20260902_002859
paper_main,pca,10,medium,10,0.5,1000,10,0.0,0.0,750,dml_learner,true_y,frozen,1004,42,b4bf743fbcae0dbf7e5acfca52574495,0,2.0,10000,histgbr,,,,,,,110.2926957952048,10.50203293630356,1.1402641480705384,0.044565967228386176,0.06156310878192173,3.5556892491579055,0.9084044200675438,0.14425304907551506,1.8481594324111938,0.11063308460423839,1.8481594324111938,0.0807032515397867,1.1111761331558228,0.08344538795805159,1.1111761331558228,0.04441604269053907,0.7509692311286926,0.09617960671623224,0.7509692311286926,0.02850857338163535,paper_main_20260902_002859/task4_seed1004/results.parquet,4,1004,20260902_002859
paper_main,pls,10,medium,10,0.5,1000,10,0.0,0.0,750,x_learner,h_y,frozen,1004,42,2d76c26dca5bda0cb184a0dbfcc4efc8,0,2.0,10000,histgbr,,,,,,,18.491498425409187,4.3001742319828375,0.4668938420709845,0.8903620024213376,0.8972322978482556,0.3559666297684112,0.09094204729919901,0.9092730261697373,15.35925579071045,0.9194238416622413,15.35925579071045,0.9167122150812697,12.099489212036133,0.9086287414445663,12.099489212036133,0.9047379090262532,7.128594398498535,0.9129873465742973,7.128594398498535,0.9064725166210703,paper_main_20260902_002859/task4_seed1004/results.parquet,4,1004,20260902_002859
paper_main,pls,10,medium,10,0.5,1000,10,0.0,0.0,750,x_learner,true_y,frozen,1004,42,2d76c26dca5bda0cb184a0dbfcc4efc8,0,2.0,10000,histgbr,,,,,,,13.927063140473313,3.7318980613721635,0.40519293640059706,0.9095758036903175,0.9144570547484882,0.22307749412457145,0.05699164563617155,0.9250206345537985,15.922794342041016,0.9531579487602232,15.922794342041016,0.951581574881531,12.15237808227539,0.9126005080836173,12.15237808227539,0.9088788041050511,7.315187454223633,0.9368850589860916,7.315187454223633,0.9321595036556287,paper_main_20260902_002859/task4_seed1004/results.parquet,4,1004,20260902_002859
paper_main,pls,10,medium,10,0.5,1000,10,0.0,0.0,750,dml_learner,h_y,frozen,1004,42,2d76c26dca5bda0cb184a0dbfcc4efc8,0,2.0,10000,histgbr,,,,,,,10.85295567188303,3.294382441654738,0.3576894312782604,0.9330124462443488,0.9410242285318957,0.22913466817637262,0.058539127234311136,0.9462604496226581,15.796048164367676,0.9455707675074109,15.796048164367676,0.9437390624887859,12.693488121032715,0.9532359535047342,12.693488121032715,0.9512446154079202,7.410394668579102,0.9490786243862269,7.410394668579102,0.9452660282861506,paper_main_20260902_002859/task4_seed1004/results.parquet,4,1004,20260902_002859
paper_main,pls,10,medium,10,0.5,1000,10,0.0,0.0,750,dml_learner,true_y,frozen,1004,42,2d76c26dca5bda0cb184a0dbfcc4efc8,0,2.0,10000,histgbr,,,,,,,5.475135524483655,2.339900750990019,0.2540560434898379,0.9630730721299059,0.9684219726757342,0.14073245103781407,0.03595420510944997,0.9707901241033219,16.20439338684082,0.9700148120813514,16.20439338684082,0.9690057216224243,12.877487182617188,0.9670536306665246,12.877487182617188,0.9656506861969502,7.565828800201416,0.9689856898557992,7.565828800201416,0.9666635798091423,paper_main_20260902_002859/task4_seed1004/results.parquet,4,1004,20260902_002859
paper_main,ica,10,medium,10,0.5,1000,10,0.0,0.0,750,x_learner,h_y,frozen,1004,42,2c668c4e1d12971d94a618fc9ef854ed,0,2.0,10000,histgbr,,,,,,,175.23682451836913,13.237704654447052,1.43729124749111,0.1488887411355398,0.17081474695930873,3.0595001193881033,0.7816384495094852,0.24745759528040792,2.9892921447753906,0.17894268479221812,2.9892921447753906,0.15131167226508752,2.777196168899536,0.20855758581788972,2.777196168899536,0.17485585235145717,1.819164514541626,0.2329876116199431,1.819164514541626,0.17555969641929614,paper_main_20260902_002859/task4_seed1004/results.parquet,4,1004,20260902_002859
paper_main,ica,10,medium,10,0.5,1000,10,0.0,0.0,750,x_learner,true_y,frozen,1004,42,2c668c4e1d12971d94a618fc9ef854ed,0,2.0,10000,histgbr,,,,,,,173.54328177631893,13.173582723629853,1.4303291726947949,0.16767584653483827,0.1855926144541949,2.9172835920055706,0.7453050938565565,0.265822974312969,2.8849124908447266,0.17269439101314385,2.8849124908447266,0.14485310487845263,3.1266748905181885,0.23480219874503117,3.1266748905181885,0.20221803104706235,2.048042058944702,0.2623008661374141,2.048042058944702,0.20706769918358445,paper_main_20260902_002859/task4_seed1004/results.parquet,4,1004,20260902_002859
paper_main,ica,10,medium,10,0.5,1000,10,0.0,0.0,750,dml_learner,h_y,frozen,1004,42,2c668c4e1d12971d94a618fc9ef854ed,0,2.0,10000,histgbr,,,,,,,104.51712737516942,10.223361843110583,1.1100072769867368,0.028840826383691343,0.04589956153298184,3.6165382645924886,0.9239500740052788,0.13456996451425976,0.8585174679756165,0.05139190591628074,0.8585174679756165,0.019468431579618133,1.2146068811416626,0.09121267042114563,1.2146068811416626,0.05251407680231776,0.6470063328742981,0.08286466616645917,0.6470063328742981,0.014196713762003483,paper_main_20260902_002859/task4_seed1004/results.parquet,4,1004,20260902_002859
paper_main,ica,10,medium,10,0.5,1000,10,0.0,0.0,750,dml_learner,true_y,frozen,1004,42,2c668c4e1d12971d94a618fc9ef854ed,0,2.0,10000,histgbr,,,,,,,101.81057156150403,10.090122475049746,1.0955407374669301,0.038570806348100166,0.05690540269956174,3.5150811824401216,0.8980299062357828,0.1419277056311555,0.5703573822975159,0.03414229066160668,0.5703573822975159,0.0016383156383757247,1.710690975189209,0.12846682703270687,1.710690975189209,0.09135461498017029,0.7537133097648621,0.09653105174631492,0.7537133097648621,0.028886331878998403,paper_main_20260902_002859/task4_seed1004/results.parquet,4,1004,20260902_002859
paper_main,raw_x,10,medium,10,0.5,1000,10,0.0,0.0,750,x_learner,h_y,frozen,1004,42,dd34b7e5891261e9fb24703963931ff3,0,2.0,10000,histgbr,,,,,,,88.75142836417479,9.420797650102394,1.0228684171714193,0.09450633690015448,0.09513178035065756,3.1794408556669946,0.8122808052799465,0.18567233353180454,1.3272995948791504,0.07945377752603189,1.3272995948791504,0.04847466835319167,1.4498775005340576,0.1088806597925268,1.4498775005340576,0.07093441638643978,1.094486117362976,0.1401751762400869,1.094486117362976,0.07579818857423894,paper_main_20260902_002859/task4_seed1004/results.parquet,4,1004,20260902_002859
paper_main,raw_x,10,medium,10,0.5,1000,10,0.0,0.0,750,x_learner,true_y,frozen,1004,42,dd34b7e5891261e9fb24703963931ff3,0,2.0,10000,histgbr,,,,,,,57.63804763102741,7.591972578390113,0.8243027037506013,0.7063508095125501,0.7066294212524078,0.8970770449638366,0.22918446908128287,0.7467830019091943,11.504799842834473,0.6886913932022446,11.504799842834473,0.6782149357675337,9.83141803741455,0.7383046376094173,9.83141803741455,0.7271609495853136,5.872579574584961,0.752124548491078,5.872579574584961,0.7335655647963806,paper_main_20260902_002859/task4_seed1004/results.parquet,4,1004,20260902_002859
paper_main,raw_x,10,medium,10,0.5,1000,10,0.0,0.0,750,dml_learner,h_y,frozen,1004,42,dd34b7e5891261e9fb24703963931ff3,0,2.0,10000,histgbr,,,,,,,268.63656159557144,16.39013610668232,1.7795682700481374,0.003492628431339433,0.010784681278902034,3.6512074675075707,0.9328073320392135,0.1113811873776869,-0.8190782070159912,-0.04903102350648652,-0.8190782070159912,-0.08433402710316118,0.3323172628879547,0.02495584822190787,0.3323172628879547,-0.016564137986043632,0.5510079860687256,0.07056977729692282,0.5510079860687256,0.0009812793496600035,paper_main_20260902_002859/task4_seed1004/results.parquet,4,1004,20260902_002859
paper_main,raw_x,10,medium,10,0.5,1000,10,0.0,0.0,750,dml_learner,true_y,frozen,1004,42,dd34b7e5891261e9fb24703963931ff3,0,2.0,10000,histgbr,,,,,,,563.0194077198016,23.72803000081974,2.5762842373830885,0.3918511784020949,0.3973528278364256,2.1001504308544097,0.536544619203358,0.4675952690233509,6.251912593841553,0.37424713626053,6.251912593841553,0.35318869746871734,5.025513648986816,0.3773982572296494,5.025513648986816,0.35088621085130783,3.6270813941955566,0.46453469404755116,3.6270813941955566,0.4244432214077524,paper_main_20260902_002859/task4_seed1004/results.parquet,4,1004,20260902_002859
paper_main,encoder_pred,10,medium,10,0.5,1000,10,0.0,0.0,50,x_learner,h_y,frozen,1005,42,046578539f5ee11f7116ae6569884826,46,2.0,10000,histgbr,,,,,,,207.03832622626382,14.388826436727348,1.4337862005663211,,,3.0923350644111633,0.5671121370385492,0.34925750416134677,6.478065490722656,0.359545865818333,6.478065490722656,0.26299085664274513,6.117120265960693,0.40139790703498623,6.117120265960693,0.2916880581116943,3.903242826461792,0.3726519792767513,3.903242826461792,0.19014574791359998,paper_main_20260902_002859/task5_seed1005/results.parquet,5,1005,20260902_002859
paper_main,encoder_pred,10,medium,10,0.5,1000,10,0.0,0.0,50,x_learner,true_y,frozen,1005,42,046578539f5ee11f7116ae6569884826,46,2.0,10000,histgbr,,,,,,,221.85434321483208,14.894775702065207,1.4842019226558207,,,3.0923350644111633,0.5671121370385492,0.527051364291472,11.006159782409668,0.6108643473840452,11.006159782409668,0.5521981689591211,4.203994274139404,0.2758609328341537,4.203994274139404,0.14314307469117873,4.932188034057617,0.4708878526839641,4.932188034057617,0.3169601111669251,paper_main_20260902_002859/task5_seed1005/results.parquet,5,1005,20260902_002859
paper_main,encoder_pred,10,medium,10,0.5,1000,10,0.0,0.0,50,dml_learner,h_y,frozen,1005,42,046578539f5ee11f7116ae6569884826,46,2.0,10000,histgbr,,,,,,,254.26447629404979,15.945672651037642,1.588919395639436,0.5628331332533013,0.5283435871792693,2.589094259738922,0.4748213722158123,0.6942046296597615,10.297454833984375,0.5715297752565744,10.297454833984375,0.5069335078994609,8.509172439575195,0.5583614281464282,8.509172439575195,0.47741934397034486,7.809453010559082,0.7455872593229534,7.809453010559082,0.6715742570053426,paper_main_20260902_002859/task5_seed1005/results.parquet,5,1005,20260902_002859
paper_main,encoder_pred,10,medium,10,0.5,1000,10,0.0,0.0,50,dml_learner,true_y,frozen,1005,42,046578539f5ee11f7116ae6569884826,46,2.0,10000,histgbr,,,,,,,260.9852393314922,16.155037583722677,1.6097817330014381,0.8662184873949579,0.8434961564808726,0.5428939366340639,0.09956286565875132,0.9138521004655541,16.881820678710938,0.936975527834599,16.881820678710938,0.9274739442497069,13.07429313659668,0.8579190326197708,13.07429313659668,0.8318788940212725,9.636129379272461,0.9199844450896825,9.636129379272461,0.8967065564302464,paper_main_20260902_002859/task5_seed1005/results.parquet,5,1005,20260902_002859
paper_main,mi_mine_cond,10,medium,10,0.5,1000,10,0.0,0.0,50,x_learner,h_y,frozen,1005,42,170fb0fe08485992dcf5ba3960c91803,16,2.0,10000,histgbr,,,,,,,192.97756959566138,13.89163667807582,1.3842433265764116,,,3.0923350644111633,0.5671121370385492,0.15427225759416732,3.280301570892334,0.18206343701538477,3.280301570892334,0.05875113699418368,1.6699556112289429,0.10958043295612002,1.6699556112289429,-0.05361277556551582,0.4756271243095398,0.04540926536008698,0.4756271243095398,-0.2322974488054595,paper_main_20260902_002859/task5_seed1005/results.parquet,5,1005,20260902_002859
paper_main,mi_mine_cond,10,medium,10,0.5,1000,10,0.0,0.0,50,x_learner,true_y,frozen,1005,42,170fb0fe08485992dcf5ba3960c91803,16,2.0,10000,histgbr,,,,,,,221.8543432148321,14.894775702065209,1.484201922655821,,,3.0923350644111633,0.5671121370385492,0.2699601938915903,4.745080471038818,0.2633616577017648,4.745080471038818,0.15230589569848488,2.903557538986206,0.19052787397203147,2.903557538986206,0.04217044973673921,1.7803659439086914,0.16997581814193846,1.7803659439086914,-0.07149236278346913,paper_main_20260902_002859/task5_seed1005/results.parquet,5,1005,20260902_002859
paper_main,mi_mine_cond,10,medium,10,0.5,1000,10,0.0,0.0,50,dml_learner,h_y,frozen,1005,42,170fb0fe08485992dcf5ba3960c91803,16,2.0,10000,histgbr,,,,,,,216.62104767160199,14.718051762091408,1.4665921233050285,0.5673469387755101,0.5194190902199941,2.7784529542922978,0.5095484026630912,0.6848543743926407,10.757732391357422,0.5970761197817173,10.757732391357422,0.5363312250653309,9.727338790893555,0.638296005624094,9.727338790893555,0.5720040713921648,7.394547939300537,0.7059752743938442,7.394547939300537,0.6204384705379881,paper_main_20260902_002859/task5_seed1005/results.parquet,5,1005,20260902_002859
paper_main,mi_mine_cond,10,medium,10,0.5,1000,10,0.0,0.0,50,dml_learner,true_y,frozen,1005,42,170fb0fe08485992dcf5ba3960c91803,16,2.0,10000,histgbr,,,,,,,228.1365128157135,15.104188585147945,1.5050690380738263,0.6633853541416566,0.63699645525537,2.4831116580963135,0.45538492097281286,0.7651535630510055,14.446365356445312,0.8018027831687872,14.446365356445312,0.771922526225539,12.66666316986084,0.8311708556380304,12.66666316986084,0.8002283979696058,8.109847068786621,0.7742666024585025,8.109847068786621,0.7085969098521511,paper_main_20260902_002859/task5_seed1005/results.parquet,5,1005,20260902_002859
paper_main,mi_infonce_cond,10,medium,10,0.5,1000,10,0.0,0.0,50,x_learner,h_y,frozen,1005,42,0a7d44039a1dfc1e2ce0c5895278fca7,34,2.0,10000,histgbr,,,,,,,190.94281052926436,13.81820576374749,1.376926243969161,,,3.0923350644111633,0.5671121370385492,0.31530391721036694,1.2711560726165771,0.07055175829477055,1.2711560726165771,-0.0695720674663831,2.7348849773406982,0.17945978796504441,2.7348849773406982,0.02907384084624208,1.4531772136688232,0.13873832323274812,1.4531772136688232,-0.11181737735444051,paper_main_20260902_002859/task5_seed1005/results.parquet,5,1005,20260902_002859
paper_main,mi_infonce_cond,10,medium,10,0.5,1000,10,0.0,0.0,50,x_learner,true_y,frozen,1005,42,0a7d44039a1dfc1e2ce0c5895278fca7,34,2.0,10000,histgbr,,,,,,,221.8543432148321,14.894775702065209,1.484201922655821,,,3.0923350644111633,0.5671121370385492,0.29513812333225087,2.724970579147339,0.1512414327413227,2.724970579147339,0.023282400430236938,2.658010482788086,0.17441537819767408,2.658010482788086,0.023104908027600502,2.2630889415740967,0.21606254359567723,2.2630889415740967,-0.011998223421365459,paper_main_20260902_002859/task5_seed1005/results.parquet,5,1005,20260902_002859
paper_main,mi_infonce_cond,10,medium,10,0.5,1000,10,0.0,0.0,50,dml_learner,h_y,frozen,1005,42,0a7d44039a1dfc1e2ce0c5895278fca7,34,2.0,10000,histgbr,,,,,,,128.62710679256955,11.341389103305183,1.1301218527499808,0.9030012004801921,0.9131222325527097,0.8193232750892641,0.15025802954175443,0.9380403834878919,17.60312843322754,0.9770095814406576,17.60312843322754,0.9735435407728364,13.84178352355957,0.9082808077038174,13.84178352355957,0.8914708118009653,9.916471481323242,0.9467493797474958,9.916471481323242,0.9312578667451425,paper_main_20260902_002859/task5_seed1005/results.parquet,5,1005,20260902_002859
paper_main,mi_infonce_cond,10,medium,10,0.5,1000,10,0.0,0.0,50,dml_learner,true_y,frozen,1005,42,0a7d44039a1dfc1e2ce0c5895278fca7,34,2.0,10000,histgbr,,,,,,,168.33264977805177,12.974307294728755,1.292835301258943,0.9414165666266506,0.949523590302412,0.6089889168739324,0.11168421237914301,0.966069124121575,17.60312843322754,0.9770095814406576,17.60312843322754,0.9735435407728364,14.384366989135742,0.9438844672699026,14.384366989135742,0.9335997945458651,10.001688003540039,0.9548852060547607,10.001688003540039,0.9417605435872226,paper_main_20260902_002859/task5_seed1005/results.parquet,5,1005,20260902_002859
paper_main,autoencoder,10,medium,10,0.5,1000,10,0.0,0.0,50,x_learner,h_y,frozen,1005,42,b9f116f6359230079c37508f5f8441c8,54,2.0,10000,histgbr,,,,,,,210.17872195319043,14.497541927968012,1.4446192432619216,,,3.0923350644111633,0.5671121370385492,0.2683745151890967,1.579472541809082,0.08766395205394545,1.579472541809082,-0.04988003553106348,4.202637672424316,0.27577191429839815,4.202637672424316,0.14303774112708653,1.855193018913269,0.17711973893900107,1.855193018913269,-0.06227015366993808,paper_main_20260902_002859/task5_seed1005/results.parquet,5,1005,20260902_002859
paper_main,autoencoder,10,medium,10,0.5,1000,10,0.0,0.0,50,x_learner,true_y,frozen,1005,42,b9f116f6359230079c37508f5f8441c8,54,2.0,10000,histgbr,,,,,,,221.85434321483208,14.894775702065207,1.4842019226558207,,,3.0923350644111633,0.5671121370385492,0.354646277712367,5.304830551147461,0.29442893040574797,5.304830551147461,0.18805687741595797,4.612534999847412,0.3026688726993011,4.612534999847412,0.17486428677357166,4.0412397384643555,0.38582687632471446,4.0412397384643555,0.20715344705767755,paper_main_20260902_002859/task5_seed1005/results.parquet,5,1005,20260902_002859
paper_main,autoencoder,10,medium,10,0.5,1000,10,0.0,0.0,50,dml_learner,h_y,frozen,1005,42,b9f116f6359230079c37508f5f8441c8,54,2.0,10000,histgbr,,,,,,,759.706274135741,27.56276971089337,2.7465143898041675,-0.22074429771908766,-0.21102144157472766,4.873816171288491,0.8938230323882357,0.15679568257938034,-0.5796108245849609,-0.03216958458686872,-0.5796108245849609,-0.18777970308175312,-0.3684352934360504,-0.024176270734122252,-0.3684352934360504,-0.21188397382033303,0.867699146270752,0.0828413241631838,0.867699146270752,-0.1839757661274979,paper_main_20260902_002859/task5_seed1005/results.parquet,5,1005,20260902_002859
paper_main,autoencoder,10,medium,10,0.5,1000,10,0.0,0.0,50,dml_learner,true_y,frozen,1005,42,b9f116f6359230079c37508f5f8441c8,54,2.0,10000,histgbr,,,,,,,741.1485957441234,27.22404444134125,2.7127618374745834,-0.23793517406962783,-0.22021680884079575,4.920686669945717,0.9024187466636624,0.1423361123658513,-2.6864705085754395,-0.1491046001903606,-2.6864705085754395,-0.3223438679122528,-0.3684353232383728,-0.02417627268971399,-0.3684353232383728,-0.2118839761343393,0.8676990270614624,0.08284131278198624,0.8676990270614624,-0.18397578081967977,paper_main_20260902_002859/task5_seed1005/results.parquet,5,1005,20260902_002859
paper_main,pca,10,medium,10,0.5,1000,10,0.0,0.0,50,x_learner,h_y,frozen,1005,42,b4bf743fbcae0dbf7e5acfca52574495,0,2.0,10000,histgbr,,,,,,,210.6612939815927,14.514175621839248,1.4462767210862526,,,3.0923350644111633,0.5671121370385492,0.24872139709982652,5.19122314453125,0.2881234873018308,5.19122314453125,0.18080082429289746,3.1443886756896973,0.20633091691031774,3.1443886756896973,0.06086982309829552,1.756441354751587,0.1676916800805461,1.756441354751587,-0.07444099553636822,paper_main_20260902_002859/task5_seed1005/results.parquet,5,1005,20260902_002859
paper_main,pca,10,medium,10,0.5,1000,10,0.0,0.0,50,x_learner,true_y,frozen,1005,42,b4bf743fbcae0dbf7e5acfca52574495,0,2.0,10000,histgbr,,,,,,,221.8543432148321,14.894775702065209,1.484201922655821,,,3.0923350644111633,0.5671121370385492,0.18392649751896775,-3.3449177742004395,-0.18564976827393379,-3.3449177742004395,-0.3643985937475945,-3.0281243324279785,-0.19870179372505994,-3.0281243324279785,-0.4183959682680509,0.9775515794754028,0.09332920013763055,0.9775515794754028,-0.17043678828316125,paper_main_20260902_002859/task5_seed1005/results.parquet,5,1005,20260902_002859
paper_main,pca,10,medium,10,0.5,1000,10,0.0,0.0,50,dml_learner,h_y,frozen,1005,42,b4bf743fbcae0dbf7e5acfca52574495,0,2.0,10000,histgbr,,,,,,,421.82475572373835,20.538372762313433,2.046562697672645,0.0672749099639856,0.07632647635700492,3.05718590259552,0.5606660321187452,0.3447580062818217,3.068758964538574,0.1703223902989144,3.068758964538574,0.045240007436592566,2.225698232650757,0.14604758014140085,2.225698232650757,-0.010462047992896704,1.8776214122772217,0.17926103158992507,1.8776214122772217,-0.05950592249198211,paper_main_20260902_002859/task5_seed1005/results.parquet,5,1005,20260902_002859
paper_main,pca,10,medium,10,0.5,1000,10,0.0,0.0,50,dml_learner,true_y,frozen,1005,42,b4bf743fbcae0dbf7e5acfca52574495,0,2.0,10000,histgbr,,,,,,,421.2933640878032,20.52543212913685,2.0452732178560136,0.06352941176470588,0.0822237792450838,2.970689368247986,0.5448031862697302,0.3445240365075157,3.068758964538574,0.1703223902989144,3.068758964538574,0.045240007436592566,1.5429937839508057,0.10124935402893825,1.5429937839508057,-0.06347074760117617,2.399994373321533,0.22913323439885927,2.399994373321533,0.004874954105296811,paper_main_20260902_002859/task5_seed1005/results.parquet,5,1005,20260902_002859
paper_main,pls,10,medium,10,0.5,1000,10,0.0,0.0,50,x_learner,h_y,frozen,1005,42,2d76c26dca5bda0cb184a0dbfcc4efc8,0,2.0,10000,histgbr,,,,,,,195.27608379273258,13.974121932798948,1.392462636225623,,,3.0923350644111633,0.5671121370385492,0.3264495665957619,5.958883285522461,0.330730193029364,5.958883285522461,0.22983092654939533,3.1179964542388916,0.20459909180442482,3.1179964542388916,0.058820594707379006,2.535884141921997,0.24210695739890287,2.535884141921997,0.021622954242227946,paper_main_20260902_002859/task5_seed1005/results.parquet,5,1005,20260902_002859
paper_main,pls,10,medium,10,0.5,1000,10,0.0,0.0,50,x_learner,true_y,frozen,1005,42,2d76c26dca5bda0cb184a0dbfcc4efc8,0,2.0,10000,histgbr,,,,,,,221.8543432148321,14.894775702065209,1.484201922655821,,,3.0923350644111633,0.5671121370385492,0.24051829868459448,-2.1994197368621826,-0.12207228758655653,-2.1994197368621826,-0.2912361577862941,-1.2267348766326904,-0.0804968335684424,-1.2267348766326904,-0.2785267866307975,2.5905661582946777,0.24732758100294208,2.5905661582946777,0.028362346229787783,paper_main_20260902_002859/task5_seed1005/results.parquet,5,1005,20260902_002859
paper_main,pls,10,medium,10,0.5,1000,10,0.0,0.0,50,dml_learner,h_y,frozen,1005,42,2d76c26dca5bda0cb184a0dbfcc4efc8,0,2.0,10000,histgbr,,,,,,,283.79199808940166,16.84612709465893,1.678645903995073,0.8229051620648258,0.8181793858472466,0.7894253647327423,0.14477496658702813,0.8782457876104698,17.67312240600586,0.9808943898885942,17.67312240600586,0.978014023815278,13.794301986694336,0.9051651276629058,13.794301986694336,0.8877841000336383,8.879212379455566,0.8477197588606492,8.879212379455566,0.8034188413422131,paper_main_20260902_002859/task5_seed1005/results.parquet,5,1005,20260902_002859
paper_main,pls,10,medium,10,0.5,1000,10,0.0,0.0,50,dml_learner,true_y,frozen,1005,42,2d76c26dca5bda0cb184a0dbfcc4efc8,0,2.0,10000,histgbr,,,,,,,314.68592846061784,17.73938917946776,1.7676557239633583,0.8536374549819928,0.852097334719586,0.7189176535606387,0.13184435656979754,0.9012787019753222,17.67312240600586,0.9808943898885942,17.67312240600586,0.978014023815278,13.606622695922852,0.8928498434713086,13.606622695922852,0.8732117105228545,8.850183486938477,0.8449483006824986,8.850183486938477,0.7998411187450056,paper_main_20260902_002859/task5_seed1005/results.parquet,5,1005,20260902_002859
paper_main,ica,10,medium,10,0.5,1000,10,0.0,0.0,50,x_learner,h_y,frozen,1005,42,2c668c4e1d12971d94a618fc9ef854ed,0,2.0,10000,histgbr,,,,,,,207.47345988143786,14.403939040465211,1.4352921081390657,,,3.0923350644111633,0.5671121370385492,0.3402376264094107,2.3914883136749268,0.13273248588889408,2.3914883136749268,0.0019830405914822934,5.222074508666992,0.3426661054587731,5.222074508666992,0.22219208254804446,3.233091354370117,0.3086710066359666,3.233091354370117,0.10755161987916856,paper_main_20260902_002859/task5_seed1005/results.parquet,5,1005,20260902_002859
paper_main,ica,10,medium,10,0.5,1000,10,0.0,0.0,50,x_learner,true_y,frozen,1005,42,2c668c4e1d12971d94a618fc9ef854ed,0,2.0,10000,histgbr,,,,,,,221.8543432148321,14.894775702065209,1.484201922655821,,,3.0923350644111633,0.5671121370385492,0.2711590603499502,6.637228488922119,0.36837973729984586,6.637228488922119,0.273156524573731,2.112523317337036,0.13862118141771076,2.112523317337036,-0.019249532973376397,1.4549384117126465,0.13890646904537338,1.4549384117126465,-0.11160031505914852,paper_main_20260902_002859/task5_seed1005/results.parquet,5,1005,20260902_002859
paper_main,ica,10,medium,10,0.5,1000,10,0.0,0.0,50,dml_learner,h_y,frozen,1005,42,2c668c4e1d12971d94a618fc9ef854ed,0,2.0,10000,histgbr,,,,,,,402.5001625273589,20.062406698284203,1.999134675829177,0.05786314525810324,0.07262059408935792,2.970689368247986,0.5448031862697302,0.34001482164224983,3.068758964538574,0.1703223902989144,3.068758964538574,0.045240007436592566,2.225698471069336,0.14604759578613474,2.225698471069336,-0.010462029480846777,1.8776216506958008,0.17926105435232018,1.8776216506958008,-0.05950589310761832,paper_main_20260902_002859/task5_seed1005/results.parquet,5,1005,20260902_002859
paper_main,ica,10,medium,10,0.5,1000,10,0.0,0.0,50,dml_learner,true_y,frozen,1005,42,2c668c4e1d12971d94a618fc9ef854ed,0,2.0,10000,histgbr,,,,,,,401.9336779618941,20.04828366623672,1.9977273749246258,0.05939975990396158,0.08074753882881347,2.970689368247986,0.5448031862697302,0.34291783781748725,3.068758964538574,0.1703223902989144,3.068758964538574,0.045240007436592566,1.5429937839508057,0.10124935402893825,1.5429937839508057,-0.06347074760117617,2.399994373321533,0.22913323439885927,2.399994373321533,0.004874954105296811,paper_main_20260902_002859/task5_seed1005/results.parquet,5,1005,20260902_002859
paper_main,raw_x,10,medium,10,0.5,1000,10,0.0,0.0,50,x_learner,h_y,frozen,1005,42,dd34b7e5891261e9fb24703963931ff3,0,2.0,10000,histgbr,,,,,,,114.81469846147775,10.715162082837466,1.067720956866175,,,3.0923350644111633,0.5671121370385492,0.3519098983161264,4.644333839416504,0.2577700138774161,4.644333839416504,0.14587125439476717,5.861401081085205,0.3846179286898011,5.861401081085205,0.2718326997923633,2.2464640140533447,0.21447532178515086,2.2464640140533447,-0.014047195108208654,paper_main_20260902_002859/task5_seed1005/results.parquet,5,1005,20260902_002859
paper_main,raw_x,10,medium,10,0.5,1000,10,0.0,0.0,50,x_learner,true_y,frozen,1005,42,dd34b7e5891261e9fb24703963931ff3,0,2.0,10000,histgbr,,,,,,,221.85434321483206,14.894775702065207,1.4842019226558207,,,3.0923350644111633,0.5671121370385492,0.3252522053175461,1.192063570022583,0.06616196285883029,1.192063570022583,-0.07462366944860749,3.0243477821350098,0.19845398114046106,3.0243477821350098,0.051549228103979744,2.624309778213501,0.25054916554425294,2.624309778213501,0.032521144620876324,paper_main_20260902_002859/task5_seed1005/results.parquet,5,1005,20260902_002859
paper_main,raw_x,10,medium,10,0.5,1000,10,0.0,0.0,50,dml_learner,h_y,frozen,1005,42,dd34b7e5891261e9fb24703963931ff3,0,2.0,10000,histgbr,,,,,,,907.2477171864662,30.120553069066744,3.001386772837879,0.1714765906362545,0.12197774818838651,2.9602637428045275,0.5428912011186874,0.4119204780177776,-1.650373101234436,-0.09159907791244451,-1.650373101234436,-0.256168800174558,3.2589645385742188,0.21384924409026435,3.2589645385742188,0.06976608488415409,3.473330020904541,0.33160716986309874,3.473330020904541,0.13716030389896716,paper_main_20260902_002859/task5_seed1005/results.parquet,5,1005,20260902_002859
paper_main,raw_x,10,medium,10,0.5,1000,10,0.0,0.0,50,dml_learner,true_y,frozen,1005,42,dd34b7e5891261e9fb24703963931ff3,0,2.0,10000,histgbr,,,,,,,1799.8436480888743,42.42456420623404,4.2274298735493785,0.3871788715486194,0.46501964497579323,2.637344970107079,0.4836702074489127,0.5941966121938796,9.78662395477295,0.5431776181170943,9.78662395477295,0.4743069731790661,9.135843276977539,0.5994827976138402,9.135843276977539,0.526077304580368,5.750067710876465,0.5489727922912326,5.750067710876465,0.41776129053775,paper_main_20260902_002859/task5_seed1005/results.parquet,5,1005,20260902_002859
paper_main,encoder_pred,10,medium,10,0.5,1000,10,0.0,0.0,100,x_learner,h_y,frozen,1005,42,046578539f5ee11f7116ae6569884826,46,2.0,10000,histgbr,,,,,,,126.17369374553955,11.23270643013248,1.175091386925482,0.059873987398739864,0.08826354161118621,2.9903421142697333,0.6616579457985386,0.2858913864912744,2.027264356613159,0.11224222852178915,2.027264356613159,0.04042461103618062,5.305245876312256,0.36485814750204204,5.305245876312256,0.29975953490558194,2.61067271232605,0.2932466073236646,2.61067271232605,0.16672149133885955,paper_main_20260902_002859/task5_seed1005/results.parquet,5,1005,20260902_002859
paper_main,encoder_pred,10,medium,10,0.5,1000,10,0.0,0.0,100,x_learner,true_y,frozen,1005,42,046578539f5ee11f7116ae6569884826,46,2.0,10000,histgbr,,,,,,,99.84845768416433,9.992420011396856,1.045340832413777,0.29750975097509746,0.32387683422017904,2.5681614392995833,0.5682441531680567,0.48040078478586734,10.23094367980957,0.5664500116902447,10.23094367980957,0.5313767876400913,8.785280227661133,0.6041908601187888,8.785280227661133,0.5636225591039412,3.676224708557129,0.41293587604985393,3.676224708557129,0.30783789259054184,paper_main_20260902_002859/task5_seed1005/results.parquet,5,1005,20260902_002859
paper_main,encoder_pred,10,medium,10,0.5,1000,10,0.0,0.0,100,dml_learner,h_y,frozen,1005,42,046578539f5ee11f7116ae6569884826,46,2.0,10000,histgbr,,,,,,,99.84060026378508,9.992026834620946,1.0452997008622862,0.15385538553855382,0.14583955342694718,2.936435199081897,0.6497302340503361,0.3262405480671377,3.6393306255340576,0.20149645427593665,3.6393306255340576,0.13689930396068264,1.4365051984786987,0.09879290004901982,1.4365051984786987,0.006424035301476197,3.243211269378662,0.3642971779223122,3.243211269378662,0.25049174857634776,paper_main_20260902_002859/task5_seed1005/results.parquet,5,1005,20260902_002859
paper_main,encoder_pred,10,medium,10,0.5,1000,10,0.0,0.0,100,dml_learner,true_y,frozen,1005,42,046578539f5ee11f7116ae6569884826,46,2.0,10000,histgbr,,,,,,,21.522445010503738,4.639228924132085,0.48532541864524514,0.8697269726972696,0.8797365100774177,0.5517461097240446,0.12208208412685213,0.9043660463956533,16.593791961669922,0.9187376985783945,16.593791961669922,0.9121637602057915,12.902467727661133,0.8873425630164412,12.902467727661133,0.8757957836356471,7.935678005218506,0.8913835276463861,7.935678005218506,0.8719386803986631,paper_main_20260902_002859/task5_seed1005/results.parquet,5,1005,20260902_002859
paper_main,mi_mine_cond,10,medium,10,0.5,1000,10,0.0,0.0,100,x_learner,h_y,frozen,1005,42,170fb0fe08485992dcf5ba3960c91803,16,2.0,10000,histgbr,,,,,,,113.42947138703194,10.650327290136765,1.114166736611625,0.17087308730873088,0.21050059570574492,3.3576193085312838,0.7429235216448975,0.38163846066865176,11.361766815185547,0.6290595615324,11.361766815185547,0.5990513099848506,6.474661350250244,0.44528246211982586,6.474661350250244,0.38842690779459776,3.3944571018218994,0.3812860279709672,3.3944571018218994,0.27052199360821577,paper_main_20260902_002859/task5_seed1005/results.parquet,5,1005,20260902_002859
paper_main,mi_mine_cond,10,medium,10,0.5,1000,10,0.0,0.0,100,x_learner,true_y,frozen,1005,42,170fb0fe08485992dcf5ba3960c91803,16,2.0,10000,histgbr,,,,,,,114.72304431663576,10.710884385364066,1.120501819030225,0.21059705970597056,0.2531072025717278,3.400867575705051,0.7524928480042427,0.41392928772727405,12.650328636169434,0.7004025266980054,12.650328636169434,0.6761657614129993,7.0450544357299805,0.4845101566259987,7.0450544357299805,0.4316752293113609,3.602126121520996,0.4046126729331894,3.602126121520996,0.29802464464266226,paper_main_20260902_002859/task5_seed1005/results.parquet,5,1005,20260902_002859
paper_main,mi_mine_cond,10,medium,10,0.5,1000,10,0.0,0.0,100,dml_learner,h_y,frozen,1005,42,170fb0fe08485992dcf5ba3960c91803,16,2.0,10000,histgbr,,,,,,,95.40548847710669,9.767573315676042,1.021818859578147,0.1664206420642064,0.1487950857433759,2.424815981984138,0.5365268254501705,0.3250605967474913,1.0072277784347534,0.0557665260141208,1.0072277784347534,-0.02061984944830968,3.0504629611968994,0.20978976111462438,3.0504629611968994,0.1287974756769069,2.4857664108276367,0.2792163732867365,2.4857664108276367,0.15017952264708379,paper_main_20260902_002859/task5_seed1005/results.parquet,5,1005,20260902_002859
paper_main,mi_mine_cond,10,medium,10,0.5,1000,10,0.0,0.0,100,dml_learner,true_y,frozen,1005,42,170fb0fe08485992dcf5ba3960c91803,16,2.0,10000,histgbr,,,,,,,85.83904751187524,9.264936454821223,0.9692363186192452,0.3359615961596159,0.34832432886792075,2.370006966292858,0.5243995104648788,0.47349549184843276,4.336665153503418,0.24010532202875062,4.336665153503418,0.1786315427330564,5.188250541687012,0.3568120169262015,5.188250541687012,0.29088871936338756,3.3266568183898926,0.3736702885494201,3.3266568183898926,0.2615428616319157,paper_main_20260902_002859/task5_seed1005/results.parquet,5,1005,20260902_002859
paper_main,mi_infonce_cond,10,medium,10,0.5,1000,10,0.0,0.0,100,x_learner,h_y,frozen,1005,42,0a7d44039a1dfc1e2ce0c5895278fca7,34,2.0,10000,histgbr,,,,,,,95.95590281993775,9.795708387857294,1.024762164577379,0.3127632763276327,0.31681578566189933,2.5718812698125832,0.5690672213394894,0.48597513286344274,6.415308475494385,0.35519221634577103,6.415308475494385,0.30302870931038484,8.33875560760498,0.5734819826254449,8.33875560760498,0.5297661873754922,3.9680919647216797,0.4457201780632854,3.9680919647216797,0.3464913388595424,paper_main_20260902_002859/task5_seed1005/results.parquet,5,1005,20260902_002859
paper_main,mi_infonce_cond,10,medium,10,0.5,1000,10,0.0,0.0,100,x_learner,true_y,frozen,1005,42,0a7d44039a1dfc1e2ce0c5895278fca7,34,2.0,10000,histgbr,,,,,,,93.73782286302634,9.681829520448412,1.0128489113398484,0.34948694869486946,0.3671817133965807,2.4070906919240946,0.532604839750325,0.5154945285341096,8.94044303894043,0.4949997011437009,8.94044303894043,0.45414630682985585,8.528742790222168,0.5865479880689143,8.528742790222168,0.5441713878715351,4.229401588439941,0.4750720612980589,4.229401588439941,0.3810978844265177,paper_main_20260902_002859/task5_seed1005/results.parquet,5,1005,20260902_002859
paper_main,mi_infonce_cond,10,medium,10,0.5,1000,10,0.0,0.0,100,dml_learner,h_y,frozen,1005,42,0a7d44039a1dfc1e2ce0c5895278fca7,34,2.0,10000,histgbr,,,,,,,36.067505157784794,6.005622795163279,0.6282684999928797,0.7727212721272126,0.7886377024386424,0.7248974168300624,0.16039440218082765,0.8320528706621861,14.77623176574707,0.8181060240770462,14.77623176574707,0.8033912083858025,12.158025741577148,0.8361449879562356,12.158025741577148,0.8193507333986528,7.341856479644775,0.824681889057952,7.341856479644775,0.7932959140473755,paper_main_20260902_002859/task5_seed1005/results.parquet,5,1005,20260902_002859
paper_main,mi_infonce_cond,10,medium,10,0.5,1000,10,0.0,0.0,100,dml_learner,true_y,frozen,1005,42,0a7d44039a1dfc1e2ce0c5895278fca7,34,2.0,10000,histgbr,,,,,,,36.99420870597269,6.0822864702324475,0.636288546170012,0.7907350735073506,0.8048774198174371,0.6769916960597033,0.14979454451047716,0.8452169885446053,15.991439819335938,0.8853876588611315,15.991439819335938,0.8761157768911934,11.686788558959961,0.8037365511952795,11.686788558959961,0.7836206067486415,7.290299892425537,0.8188907402035412,7.290299892425537,0.7864680163240066,paper_main_20260902_002859/task5_seed1005/results.parquet,5,1005,20260902_002859
paper_main,autoencoder,10,medium,10,0.5,1000,10,0.0,0.0,100,x_learner,h_y,frozen,1005,42,b9f116f6359230079c37508f5f8441c8,54,2.0,10000,histgbr,,,,,,,116.79646983298207,10.807241545971944,1.130582067294808,0.09056105610561055,0.058765696268356316,3.2752480444312093,0.7246976467066402,0.30303520120149724,0.602587103843689,0.03336304867851658,0.602587103843689,-0.044835717975890546,1.959790825843811,0.13478086913964246,1.959790825843811,0.046100577029455254,2.707718849182129,0.30414741854084604,2.707718849182129,0.17957379853451724,paper_main_20260902_002859/task5_seed1005/results.parquet,5,1005,20260902_002859
paper_main,autoencoder,10,medium,10,0.5,1000,10,0.0,0.0,100,x_learner,true_y,frozen,1005,42,b9f116f6359230079c37508f5f8441c8,54,2.0,10000,histgbr,,,,,,,114.40496805960746,10.696025806794196,1.118947412903081,0.09224122412241223,0.08396907718476282,3.259887025356292,0.7212987913455826,0.30835578680817505,1.7803432941436768,0.09857111048030959,1.7803432941436768,0.02564753013225409,3.7096264362335205,0.25512246953379486,3.7096264362335205,0.17877654208952634,2.1438474655151367,0.24080996170585278,2.1438474655151367,0.1048974798627474,paper_main_20260902_002859/task5_seed1005/results.parquet,5,1005,20260902_002859
paper_main,autoencoder,10,medium,10,0.5,1000,10,0.0,0.0,100,dml_learner,h_y,frozen,1005,42,b9f116f6359230079c37508f5f8441c8,54,2.0,10000,histgbr,,,,,,,474.9310149152059,21.792912033851874,2.279830189303896,-0.09315331533153315,-0.10760961851143362,3.627019465565681,0.8025323381915331,0.13819679237713212,0.2491171807050705,0.01379270909301443,0.2491171807050705,-0.06598925424811362,-0.951424241065979,-0.06543238413017104,-0.951424241065979,-0.17463345433115562,0.6071090698242188,0.06819417622163557,0.6071090698242188,-0.09862050220873227,paper_main_20260902_002859/task5_seed1005/results.parquet,5,1005,20260902_002859
paper_main,autoencoder,10,medium,10,0.5,1000,10,0.0,0.0,100,dml_learner,true_y,frozen,1005,42,b9f116f6359230079c37508f5f8441c8,54,2.0,10000,histgbr,,,,,,,465.71820210026067,21.580505140062424,2.257609586195636,-0.08477647764776478,-0.09417556913335952,3.8759024840593335,0.8576014307795781,0.14526740579960162,-0.5451325178146362,-0.030181997942010052,-0.5451325178146362,-0.11352141669535536,-0.81048583984375,-0.055739614901238244,-0.81048583984375,-0.16394722855934257,1.3970035314559937,0.15691991726287474,1.3970035314559937,0.00598918759371451,paper_main_20260902_002859/task5_seed1005/results.parquet,5,1005,20260902_002859
paper_main,pca,10,medium,10,0.5,1000,10,0.0,0.0,100,x_learner,h_y,frozen,1005,42,b4bf743fbcae0dbf7e5acfca52574495,0,2.0,10000,histgbr,,,,,,,174.60713763866966,13.213899410797316,1.382350681192377,0.15384338433843384,0.1570612204382621,3.1676882943511004,0.7008984422781567,0.33884699103806,3.8462634086608887,0.2129535672353807,3.8462634086608887,0.14928327172494657,2.378465414047241,0.16357441391013802,2.378465414047241,0.07784530476627777,3.1285812854766846,0.3514212422609358,3.1285812854766846,0.23531072422371044,paper_main_20260902_002859/task5_seed1005/results.parquet,5,1005,20260902_002859
paper_main,pca,10,medium,10,0.5,1000,10,0.0,0.0,100,x_learner,true_y,frozen,1005,42,b4bf743fbcae0dbf7e5acfca52574495,0,2.0,10000,histgbr,,,,,,,193.80835760460965,13.921507016289926,1.4563759045621223,0.1617401740174017,0.16842283352035173,3.1676882943511004,0.7008984422781567,0.34704512935521004,5.099614143371582,0.2823470230638917,5.099614143371582,0.2242905028723693,0.16739407181739807,0.011512207420737627,0.16739407181739807,-0.0898024573464599,2.7956557273864746,0.31402502252785935,2.7956557273864746,0.19121972086716485,paper_main_20260902_002859/task5_seed1005/results.parquet,5,1005,20260902_002859
paper_main,pca,10,medium,10,0.5,1000,10,0.0,0.0,100,dml_learner,h_y,frozen,1005,42,b4bf743fbcae0dbf7e5acfca52574495,0,2.0,10000,histgbr,,,,,,,266.6958442870862,16.33082497264257,1.7084227996256396,0.06787878787878787,0.05813798289462877,3.3124357920885084,0.732925992422131,0.2571671419210619,1.3051235675811768,0.07225992862931406,1.3051235675811768,-0.0027921674631011728,1.4280728101730347,0.09821297865650538,1.4280728101730347,0.005784675095538868,2.4409847259521484,0.2741862225911045,2.4409847259521484,0.14424885925949876,paper_main_20260902_002859/task5_seed1005/results.parquet,5,1005,20260902_002859
paper_main,pca,10,medium,10,0.5,1000,10,0.0,0.0,100,dml_learner,true_y,frozen,1005,42,b4bf743fbcae0dbf7e5acfca52574495,0,2.0,10000,histgbr,,,,,,,287.93368431842157,16.968608791483806,1.7751435206649002,0.07698769876987699,0.05864817006174243,3.4968641966581337,0.773733537061297,0.26600121537794685,2.6142849922180176,0.144743418666839,2.6142849922180176,0.07555507474734931,0.8167427182197571,0.0561699197554597,0.8167427182197571,-0.04056757047460311,2.2629234790802,0.25418530240892767,2.2629234790802,0.12066731424824291,paper_main_20260902_002859/task5_seed1005/results.parquet,5,1005,20260902_002859
paper_main,pls,10,medium,10,0.5,1000,10,0.0,0.0,100,x_learner,h_y,frozen,1005,42,2d76c26dca5bda0cb184a0dbfcc4efc8,0,2.0,10000,histgbr,,,,,,,80.19344450759955,8.95507925747168,0.9368211098672774,0.45302130213021297,0.41458694305538163,2.0079990610480305,0.4442998436728674,0.5934270378193289,8.82935619354248,0.4888492279475204,8.82935619354248,0.44749827411288035,6.427121639251709,0.44201300933816423,6.427121639251709,0.3848223537450875,5.448362350463867,0.6119931338769729,5.448362350463867,0.5425309788341612,paper_main_20260902_002859/task5_seed1005/results.parquet,5,1005,20260902_002859
paper_main,pls,10,medium,10,0.5,1000,10,0.0,0.0,100,x_learner,true_y,frozen,1005,42,2d76c26dca5bda0cb184a0dbfcc4efc8,0,2.0,10000,histgbr,,,,,,,82.03855180715593,9.057513555449747,0.9475371080132704,0.453033303330333,0.41870247943496086,2.1173613294959064,0.4684978822664418,0.5938686474892941,8.82935619354248,0.4888492279475204,8.82935619354248,0.44749827411288035,7.505341529846191,0.5161655219745084,7.505341529846191,0.46657509879279363,5.448362350463867,0.6119931338769729,5.448362350463867,0.5425309788341612,paper_main_20260902_002859/task5_seed1005/results.parquet,5,1005,20260902_002859
paper_main,pls,10,medium,10,0.5,1000,10,0.0,0.0,100,dml_learner,h_y,frozen,1005,42,2d76c26dca5bda0cb184a0dbfcc4efc8,0,2.0,10000,histgbr,,,,,,,101.62744839261437,10.08104401302833,1.0546120887792643,0.8237623762376236,0.8667314825326021,0.5704176929593081,0.1262134513537983,0.8766801825440776,17.564006805419922,0.9724549534850763,17.564006805419922,0.9702266208499949,13.137593269348145,0.9035128728513493,13.137593269348145,0.8936234629721356,7.475666046142578,0.8397121918675178,7.475666046142578,0.8110169868284383,paper_main_20260902_002859/task5_seed1005/results.parquet,5,1005,20260902_002859
paper_main,pls,10,medium,10,0.5,1000,10,0.0,0.0,100,dml_learner,true_y,frozen,1005,42,2d76c26dca5bda0cb184a0dbfcc4efc8,0,2.0,10000,histgbr,,,,,,,120.35777467088388,10.970769101156213,1.147689237576276,0.8233903390339034,0.8683289478872218,0.7230384257435793,0.15998307258155853,0.8771168995340719,17.371929168701172,0.9618203157654407,17.371929168701172,0.9587316647322729,13.137593269348145,0.9035128728513493,13.137593269348145,0.8936234629721356,7.241051197052002,0.8133588277714623,7.241051197052002,0.7799457643062399,paper_main_20260902_002859/task5_seed1005/results.parquet,5,1005,20260902_002859
paper_main,ica,10,medium,10,0.5,1000,10,0.0,0.0,100,x_learner,h_y,frozen,1005,42,2c668c4e1d12971d94a618fc9ef854ed,0,2.0,10000,histgbr,,,,,,,141.16125239436428,11.881130097527098,1.2429251784852835,0.20601260126012597,0.22164786425580182,3.248156996667385,0.7187033469482932,0.3810748964201529,2.165902614593506,0.11991812287830508,2.165902614593506,0.048721468072458037,2.419503688812256,0.16639674283824626,2.419503688812256,0.08095690717996738,4.006216526031494,0.45000256022747676,4.006216526031494,0.35154036594631954,paper_main_20260902_002859/task5_seed1005/results.parquet,5,1005,20260902_002859
paper_main,ica,10,medium,10,0.5,1000,10,0.0,0.0,100,x_learner,true_y,frozen,1005,42,2c668c4e1d12971d94a618fc9ef854ed,0,2.0,10000,histgbr,,,,,,,148.38914145958336,12.181508176723577,1.2743487446472312,0.2027242724272427,0.22491725861153028,3.1676882943511004,0.7008984422781567,0.38148044522662894,4.001158237457275,0.22152952858639705,4.001158237457275,0.15855300916181242,2.4195034503936768,0.16639672644146408,2.4195034503936768,0.0809568891026035,3.711862087249756,0.41693888276386304,3.711862087249756,0.3125575295945875,paper_main_20260902_002859/task5_seed1005/results.parquet,5,1005,20260902_002859
paper_main,ica,10,medium,10,0.5,1000,10,0.0,0.0,100,dml_learner,h_y,frozen,1005,42,2c668c4e1d12971d94a618fc9ef854ed,0,2.0,10000,histgbr,,,,,,,269.49417416008737,16.41627771938838,1.7173623002984921,0.006108610861086108,0.009072688847530378,3.5582967072725293,0.7873263994245702,0.20095527764327942,2.806199550628662,0.1553690273357415,2.806199550628662,0.08704027138433497,2.368673086166382,0.16290096527200884,2.368673086166382,0.0771028312767319,0.8502902388572693,0.09550976137608692,0.8502902388572693,-0.06641479892301567,paper_main_20260902_002859/task5_seed1005/results.parquet,5,1005,20260902_002859
paper_main,ica,10,medium,10,0.5,1000,10,0.0,0.0,100,dml_learner,true_y,frozen,1005,42,2c668c4e1d12971d94a618fc9ef854ed,0,2.0,10000,histgbr,,,,,,,265.59854886845517,16.29719450913117,1.704904603164585,0.04811281128112811,0.04029989573367202,3.4124126881361003,0.7550473769120518,0.23817464167461577,3.927814483642578,0.21746875262027276,3.927814483642578,0.15416372550541554,2.623972177505493,0.18045867243518582,2.623972177505493,0.09646010868111168,1.6642543077468872,0.18693914682079735,1.6642543077468872,0.041382549827828005,paper_main_20260902_002859/task5_seed1005/results.parquet,5,1005,20260902_002859
paper_main,raw_x,10,medium,10,0.5,1000,10,0.0,0.0,100,x_learner,h_y,frozen,1005,42,dd34b7e5891261e9fb24703963931ff3,0,2.0,10000,histgbr,,,,,,,105.55075063119985,10.273789497123243,1.0747758453625513,-0.11657965796579656,-0.13060133116488376,3.7536243951320643,0.8305455736086851,0.12430773108671134,-1.7482627630233765,-0.09679492855644804,-1.7482627630233765,-0.18552318435990134,-1.122793197631836,-0.0772179566539913,-1.122793197631836,-0.18762698444262063,1.678163766860962,0.18850154170685546,1.678163766860962,0.04322464934101775,paper_main_20260902_002859/task5_seed1005/results.parquet,5,1005,20260902_002859
paper_main,raw_x,10,medium,10,0.5,1000,10,0.0,0.0,100,x_learner,true_y,frozen,1005,42,dd34b7e5891261e9fb24703963931ff3,0,2.0,10000,histgbr,,,,,,,103.21812823617707,10.15963228843333,1.0628334739028007,0.4137653765376538,0.33083174057469883,2.7936280584335322,0.618132016951409,0.5375558943384082,6.24582576751709,0.34580857736587,6.24582576751709,0.292885954931517,8.86348819732666,0.6095694637871818,8.86348819732666,0.5695524406248983,5.014325141906738,0.5632394397579545,5.014325141906738,0.4850492519005606,paper_main_20260902_002859/task5_seed1005/results.parquet,5,1005,20260902_002859
paper_main,raw_x,10,medium,10,0.5,1000,10,0.0,0.0,100,dml_learner,h_y,frozen,1005,42,dd34b7e5891261e9fb24703963931ff3,0,2.0,10000,histgbr,,,,,,,1800.8355391295815,42.436252651825676,4.439399827167553,0.0983138313831383,0.07672206609252326,3.2725236696004862,0.7240948380027533,0.3153525003769176,2.5842161178588867,0.14307861483590253,2.5842161178588867,0.07375559201124292,5.324204444885254,0.3661619868282681,5.324204444885254,0.30119701072710775,2.6612296104431152,0.2989254650294351,2.6612296104431152,0.1734169952147502,paper_main_20260902_002859/task5_seed1005/results.parquet,5,1005,20260902_002859
paper_main,raw_x,10,medium,10,0.5,1000,10,0.0,0.0,100,dml_learner,true_y,frozen,1005,42,dd34b7e5891261e9fb24703963931ff3,0,2.0,10000,histgbr,,,,,,,4194.8553446601945,64.76770294413872,6.775568323982982,0.3901590159015901,0.28502275729649,1.7981514921784396,0.39786792851289293,0.5441333777177931,8.620538711547852,0.47728776609034923,8.620538711547852,0.4350015158585284,8.546479225158691,0.5877677774896316,8.546479225158691,0.5455161991257786,5.071714401245117,0.5696857497524399,5.071714401245117,0.49264959967990557,paper_main_20260902_002859/task5_seed1005/results.parquet,5,1005,20260902_002859
paper_main,encoder_pred,10,medium,10,0.5,1000,10,0.0,0.0,250,x_learner,h_y,frozen,1005,42,046578539f5ee11f7116ae6569884826,46,2.0,10000,histgbr,,,,,,,63.70898555729218,7.9817908740640515,0.8171146687879609,0.7632256516104258,0.745569153036644,0.8203660527467727,0.20984101258155724,0.7684367016328488,10.358210563659668,0.6232888118745518,10.358210563659668,0.6214101456441711,10.209961891174316,0.7760581608634156,10.209961891174316,0.7746455833626836,6.173813343048096,0.7898687934773511,6.173813343048096,0.7876281410641222,paper_main_20260902_002859/task5_seed1005/results.parquet,5,1005,20260902_002859
paper_main,encoder_pred,10,medium,10,0.5,1000,10,0.0,0.0,250,x_learner,true_y,frozen,1005,42,046578539f5ee11f7116ae6569884826,46,2.0,10000,histgbr,,,,,,,17.210622199457326,4.148568692869545,0.4246987157272143,0.9081495703931264,0.9076677625278766,0.2540832150578498,0.06499181548188035,0.9199124923644688,15.477402687072754,0.9313280389929842,15.477402687072754,0.9309855705498252,11.925005912780762,0.9064184818317254,11.925005912780762,0.9058281895149412,7.243851661682129,0.9267679559157016,7.243851661682129,0.925987074489194,paper_main_20260902_002859/task5_seed1005/results.parquet,5,1005,20260902_002859
paper_main,encoder_pred,10,medium,10,0.5,1000,10,0.0,0.0,250,dml_learner,h_y,frozen,1005,42,046578539f5ee11f7116ae6569884826,46,2.0,10000,histgbr,,,,,,,63.477305144244966,7.9672645960985236,0.8156275796126364,0.7720854413670618,0.646262709428308,0.7157506971359253,0.1830815043358691,0.7871367737611726,9.860062599182129,0.5933135520544587,9.860062599182129,0.5912853986037724,9.489368438720703,0.72128592611837,9.489368438720703,0.719527857008013,6.46988582611084,0.8277478808394504,6.46988582611084,0.8259111373453836,paper_main_20260902_002859/task5_seed1005/results.parquet,5,1005,20260902_002859
paper_main,encoder_pred,10,medium,10,0.5,1000,10,0.0,0.0,250,dml_learner,true_y,frozen,1005,42,046578539f5ee11f7116ae6569884826,46,2.0,10000,histgbr,,,,,,,16.97464674440634,4.120029944600687,0.4217771370730924,0.9200729611673785,0.9072799962677427,0.22718115675449368,0.05811055176307694,0.9307579486876528,13.103873252868652,0.788504688192934,13.103873252868652,0.7874499568424983,11.661669731140137,0.8864023255530742,11.661669731140137,0.8856857755788582,7.347057819366455,0.9399720031908505,7.347057819366455,0.9393319179881929,paper_main_20260902_002859/task5_seed1005/results.parquet,5,1005,20260902_002859
paper_main,mi_mine_cond,10,medium,10,0.5,1000,10,0.0,0.0,250,x_learner,h_y,frozen,1005,42,170fb0fe08485992dcf5ba3960c91803,16,2.0,10000,histgbr,,,,,,,62.962415098363465,7.93488595370869,0.8123129019833162,0.5791538424614793,0.5842181362612178,1.3419981619119645,0.3432690226945804,0.5990929571850162,10.639830589294434,0.6402348480744529,10.639830589294434,0.6384406920655656,8.983238220214844,0.6828150198879963,8.983238220214844,0.6808142844818577,4.935553073883057,0.6314475568007258,4.935553073883057,0.62751764113079,paper_main_20260902_002859/task5_seed1005/results.parquet,5,1005,20260902_002859
paper_main,mi_mine_cond,10,medium,10,0.5,1000,10,0.0,0.0,250,x_learner,true_y,frozen,1005,42,170fb0fe08485992dcf5ba3960c91803,16,2.0,10000,histgbr,,,,,,,67.334500053612,8.205760175243485,0.8400429319107859,0.5801991071857149,0.5909935623861999,1.3690487121343615,0.35018826908532324,0.6058312011403796,12.243690490722656,0.7367445614299264,12.243690490722656,0.7354317012919871,8.908365249633789,0.67712393303901,8.908365249633789,0.67508729946722,5.215654373168945,0.6672833138968665,5.215654373168945,0.6637355188883313,paper_main_20260902_002859/task5_seed1005/results.parquet,5,1005,20260902_002859
paper_main,mi_mine_cond,10,medium,10,0.5,1000,10,0.0,0.0,250,dml_learner,h_y,frozen,1005,42,170fb0fe08485992dcf5ba3960c91803,16,2.0,10000,histgbr,,,,,,,55.12538630781793,7.424647217734855,0.7600785648118432,0.6433174290788652,0.6519026211059408,1.3409219666719436,0.34299374326517773,0.6679045963772106,10.845943450927734,0.652637361022992,10.845943450927734,0.6509050565942615,9.713150978088379,0.7382956140864657,9.713150978088379,0.7366448384707538,5.246113300323486,0.6711801851991488,5.246113300323486,0.6676739429624841,paper_main_20260902_002859/task5_seed1005/results.parquet,5,1005,20260902_002859
paper_main,mi_mine_cond,10,medium,10,0.5,1000,10,0.0,0.0,250,dml_learner,true_y,frozen,1005,42,170fb0fe08485992dcf5ba3960c91803,16,2.0,10000,histgbr,,,,,,,62.517351506570506,7.906791479896919,0.8094368047482869,0.635703355253684,0.6487616393660292,1.2856882803440093,0.32886554692055947,0.6644214180363583,11.954198837280273,0.7193248625724095,11.954198837280273,0.7179251300478287,8.787046432495117,0.6679025021355167,8.787046432495117,0.6658077017384965,5.193145275115967,0.6644035322880834,5.193145275115967,0.6608250298481387,paper_main_20260902_002859/task5_seed1005/results.parquet,5,1005,20260902_002859
paper_main,mi_infonce_cond,10,medium,10,0.5,1000,10,0.0,0.0,250,x_learner,h_y,frozen,1005,42,0a7d44039a1dfc1e2ce0c5895278fca7,34,2.0,10000,histgbr,,,,,,,17.903276191851297,4.2312263224568,0.43316057130431973,0.9205552728843661,0.9062697064978121,0.2072864091992379,0.05302168447258951,0.9225635084675181,14.6431303024292,0.8811270279005324,14.6431303024292,0.8805342060109052,12.156521797180176,0.9240159805660728,12.156521797180176,0.923536689529251,7.3560638427734375,0.9411242208636624,7.3560638427734375,0.94049642188613,paper_main_20260902_002859/task5_seed1005/results.parquet,5,1005,20260902_002859
paper_main,mi_infonce_cond,10,medium,10,0.5,1000,10,0.0,0.0,250,x_learner,true_y,frozen,1005,42,0a7d44039a1dfc1e2ce0c5895278fca7,34,2.0,10000,histgbr,,,,,,,13.779255374709168,3.712041941399527,0.3800104474460268,0.9422808044928718,0.9274594115923974,0.15809966146945964,0.04044023145579062,0.943516834719204,15.167980194091797,0.9127090336317703,15.167980194091797,0.9122737118364466,12.355425834655762,0.9391346561455619,12.355425834655762,0.9387507304993559,7.626772880554199,0.9757583455406059,7.626772880554199,0.9754998540844154,paper_main_20260902_002859/task5_seed1005/results.parquet,5,1005,20260902_002859
paper_main,mi_infonce_cond,10,medium,10,0.5,1000,10,0.0,0.0,250,dml_learner,h_y,frozen,1005,42,0a7d44039a1dfc1e2ce0c5895278fca7,34,2.0,10000,histgbr,,,,,,,10.54312990315507,3.247018617617563,0.3324049181624332,0.9477920606729707,0.9534675673781854,0.2346182709336282,0.060012887390945686,0.9543582590787332,15.8922700881958,0.9562920236447991,15.8922700881958,0.956074051092443,12.667662620544434,0.9628677423601273,12.667662620544434,0.962633519974995,7.511478424072266,0.9610077387153191,7.511478424072266,0.9605919598988806,paper_main_20260902_002859/task5_seed1005/results.parquet,5,1005,20260902_002859
paper_main,mi_infonce_cond,10,medium,10,0.5,1000,10,0.0,0.0,250,dml_learner,true_y,frozen,1005,42,0a7d44039a1dfc1e2ce0c5895278fca7,34,2.0,10000,histgbr,,,,,,,6.795466799807088,2.606811615711248,0.26686542451092193,0.9600948495175922,0.9650282306280817,0.13687682431936254,0.035011652807858035,0.9658714436437101,16.08641815185547,0.9679745739446286,16.08641815185547,0.967814862504299,12.724462509155273,0.9671850960939036,12.724462509155273,0.9669781066580521,7.61616325378418,0.9744009651615056,7.61616325378418,0.9741279998074471,paper_main_20260902_002859/task5_seed1005/results.parquet,5,1005,20260902_002859
paper_main,autoencoder,10,medium,10,0.5,1000,10,0.0,0.0,250,x_learner,h_y,frozen,1005,42,b9f116f6359230079c37508f5f8441c8,54,2.0,10000,histgbr,,,,,,,240.61614331908896,15.511806578187112,1.5879800529006647,0.19394345509528152,0.19892168019359197,3.2582545901536943,0.8334272732972345,0.21320322595658994,3.5908756256103516,0.21607521767593807,3.5908756256103516,0.2121657691059627,3.5743470191955566,0.2716857519715473,3.5743470191955566,0.26709170056876286,1.738612174987793,0.2224355393784284,1.738612174987793,0.21414428310115105,paper_main_20260902_002859/task5_seed1005/results.parquet,5,1005,20260902_002859
paper_main,autoencoder,10,medium,10,0.5,1000,10,0.0,0.0,250,x_learner,true_y,frozen,1005,42,b9f116f6359230079c37508f5f8441c8,54,2.0,10000,histgbr,,,,,,,266.891541436592,16.336815523124205,1.6724381552771475,0.17902251236019776,0.18472938701579827,3.269533166050911,0.8363122144510348,0.1977352547802216,4.265988349914551,0.2566990498742562,4.265988349914551,0.2529921931680356,3.441640615463257,0.26159875177379815,3.441640615463257,0.2569410737187358,1.4975969791412354,0.1916004021018227,1.4975969791412354,0.18298034732814675,paper_main_20260902_002859/task5_seed1005/results.parquet,5,1005,20260902_002859
paper_main,autoencoder,10,medium,10,0.5,1000,10,0.0,0.0,250,dml_learner,h_y,frozen,1005,42,b9f116f6359230079c37508f5f8441c8,54,2.0,10000,histgbr,,,,,,,199.82637254536476,14.135995633324338,1.4471350568009365,0.10953583257332115,0.07636243450558743,3.316274497151375,0.8482681556003437,0.11111621802159782,-1.3627955913543701,-0.08200405270222996,-1.3627955913543701,-0.08740002855593844,0.8087605834007263,0.06147380936606033,0.8087605834007263,0.05555378573024182,1.1729310750961304,0.1500631136121887,1.1729310750961304,0.14100014211408393,paper_main_20260902_002859/task5_seed1005/results.parquet,5,1005,20260902_002859
paper_main,autoencoder,10,medium,10,0.5,1000,10,0.0,0.0,250,dml_learner,true_y,frozen,1005,42,b9f116f6359230079c37508f5f8441c8,54,2.0,10000,histgbr,,,,,,,218.39419805843073,14.778166261699411,1.5128755715036077,0.1241925790812653,0.09873680585257406,3.369428058743477,0.8618642779038658,0.12763336530563643,-1.0344754457473755,-0.06224791121309976,-1.0344754457473755,-0.06754536279402795,2.106870651245117,0.16014302307981818,2.106870651245117,0.154845383862402,1.236212968826294,0.15815930801785374,1.236212968826294,0.14918266714066544,paper_main_20260902_002859/task5_seed1005/results.parquet,5,1005,20260902_002859
paper_main,pca,10,medium,10,0.5,1000,10,0.0,0.0,250,x_learner,h_y,frozen,1005,42,b4bf743fbcae0dbf7e5acfca52574495,0,2.0,10000,histgbr,,,,,,,157.32360765996881,12.542870790212614,1.2840431267997319,0.27624749195987136,0.28946307106415403,2.617471394300461,0.6695216677289917,0.2977900325125278,2.3047990798950195,0.1386876112711283,2.3047990798950195,0.13439222916005966,1.9806649684906006,0.15055014201983638,1.9806649684906006,0.14519199294859042,2.3213248252868652,0.29698695719121215,2.3213248252868652,0.28949065096917015,paper_main_20260902_002859/task5_seed1005/results.parquet,5,1005,20260902_002859
paper_main,pca,10,medium,10,0.5,1000,10,0.0,0.0,250,x_learner,true_y,frozen,1005,42,b4bf743fbcae0dbf7e5acfca52574495,0,2.0,10000,histgbr,,,,,,,174.91375566532915,13.225496424154715,1.3539251153891882,0.2892583881342101,0.30080256349086765,2.5839324538707737,0.6609427593293647,0.30612995211692556,2.9871721267700195,0.17974832180872796,2.9871721267700195,0.17565771028243085,2.5050606727600098,0.19040940595810618,2.5050606727600098,0.18530268064783326,2.6236143112182617,0.33566143895253425,2.6236143112182617,0.328577523028549,paper_main_20260902_002859/task5_seed1005/results.parquet,5,1005,20260902_002859
paper_main,pca,10,medium,10,0.5,1000,10,0.0,0.0,250,dml_learner,h_y,frozen,1005,42,b4bf743fbcae0dbf7e5acfca52574495,0,2.0,10000,histgbr,,,,,,,175.64926937962565,13.253273911740663,1.3567687620001645,0.13693927902846442,0.14409309230546355,3.354395003139973,0.8580189803083937,0.14401361208460148,1.5229665040969849,0.09164208209800766,1.5229665040969849,0.08711208299192025,0.6381485462188721,0.04850560584015259,0.6381485462188721,0.04250378153414114,0.8989593386650085,0.11501156396574204,0.8989593386650085,0.10557483389744482,paper_main_20260902_002859/task5_seed1005/results.parquet,5,1005,20260902_002859
paper_main,pca,10,medium,10,0.5,1000,10,0.0,0.0,250,dml_learner,true_y,frozen,1005,42,b4bf743fbcae0dbf7e5acfca52574495,0,2.0,10000,histgbr,,,,,,,204.33365429245694,14.294532321571662,1.4633648297368433,0.1315754812076993,0.13751593905749593,3.2898865843415264,0.8415184048940675,0.13901956492833228,0.818875253200531,0.0492745132476341,0.818875253200531,0.04453322622822881,0.8069348335266113,0.06133503430454643,0.8069348335266113,0.055414135305149985,0.8643767833709717,0.1105871216142053,0.8643767833709717,0.10110321322529488,paper_main_20260902_002859/task5_seed1005/results.parquet,5,1005,20260902_002859
paper_main,pls,10,medium,10,0.5,1000,10,0.0,0.0,250,x_learner,h_y,frozen,1005,42,2d76c26dca5bda0cb184a0dbfcc4efc8,0,2.0,10000,histgbr,,,,,,,24.24103454795438,4.9235185130102215,0.5040321479860231,0.876710987375798,0.8748306049140516,0.5290800089836121,0.13533310459404224,0.8843190184307195,14.045157432556152,0.8451449634980199,14.045157432556152,0.8443726983334829,10.88885498046875,0.8276607552625337,10.88885498046875,0.8265736759541388,7.126976013183594,0.9118150536595341,7.126976013183594,0.9108747277741119,paper_main_20260902_002859/task5_seed1005/results.parquet,5,1005,20260902_002859
paper_main,pls,10,medium,10,0.5,1000,10,0.0,0.0,250,x_learner,true_y,frozen,1005,42,2d76c26dca5bda0cb184a0dbfcc4efc8,0,2.0,10000,histgbr,,,,,,,22.234355524942153,4.715331963387324,0.4827196021895674,0.8829833437334997,0.88318831083178,0.30777282381057747,0.07872505301414773,0.8936290854638682,14.104816436767578,0.8487348489926262,14.104816436767578,0.8479804866588577,10.928293228149414,0.8306584524419119,10.928293228149414,0.8295902819698734,7.170943260192871,0.9174401599622447,7.170943260192871,0.9165598152106124,paper_main_20260902_002859/task5_seed1005/results.parquet,5,1005,20260902_002859
paper_main,pls,10,medium,10,0.5,1000,10,0.0,0.0,250,dml_learner,h_y,frozen,1005,42,2d76c26dca5bda0cb184a0dbfcc4efc8,0,2.0,10000,histgbr,,,,,,,12.432381501035287,3.5259582386970054,0.36096062197456735,0.935262708203331,0.9486946762399866,0.3495766882896425,0.08941804210449097,0.9462598847752439,15.945084571838379,0.959470051022891,15.945084571838379,0.9592679273566382,12.204973220825195,0.9276987683302144,12.204973220825195,0.9272427075354753,7.284319877624512,0.931945401219678,7.284319877624512,0.9312197274679689,paper_main_20260902_002859/task5_seed1005/results.parquet,5,1005,20260902_002859
paper_main,pls,10,medium,10,0.5,1000,10,0.0,0.0,250,dml_learner,true_y,frozen,1005,42,2d76c26dca5bda0cb184a0dbfcc4efc8,0,2.0,10000,histgbr,,,,,,,15.927601209611847,3.9909398905034696,0.4085618852002053,0.9276025536408581,0.9424477195644373,0.3291711492538454,0.08419851972273552,0.940151810443715,15.737439155578613,0.9469753190422718,15.737439155578613,0.9467108838977046,12.138106346130371,0.9226162240120807,12.138106346130371,0.9221281036085702,7.160587787628174,0.9161152957063832,7.160587787628174,0.9152208237799193,paper_main_20260902_002859/task5_seed1005/results.parquet,5,1005,20260902_002859
paper_main,ica,10,medium,10,0.5,1000,10,0.0,0.0,250,x_learner,h_y,frozen,1005,42,2c668c4e1d12971d94a618fc9ef854ed,0,2.0,10000,histgbr,,,,,,,190.65690074062533,13.807856486096071,1.4135426820025638,0.25342063073009163,0.23293194299930686,3.3574429930448533,0.8587986240855063,0.2558912248080062,3.423043727874756,0.20597620071819517,3.423043727874756,0.20201638814864503,3.0677835941314697,0.23318191775491517,3.0677835941314697,0.22834499235361377,2.0681889057159424,0.26460111196600655,2.0681889057159424,0.25675947187633413,paper_main_20260902_002859/task5_seed1005/results.parquet,5,1005,20260902_002859
paper_main,ica,10,medium,10,0.5,1000,10,0.0,0.0,250,x_learner,true_y,frozen,1005,42,2c668c4e1d12971d94a618fc9ef854ed,0,2.0,10000,histgbr,,,,,,,214.06160642198344,14.630844350958814,1.497793881667412,0.2591930110881774,0.238755598715046,3.342290634274483,0.854922809994068,0.26939782096906845,2.8480541706085205,0.17137712052126536,2.8480541706085205,0.16724476164670193,2.9788167476654053,0.2264195568389597,2.9788167476654053,0.22153997590299568,2.0199356079101562,0.25842765449306937,2.0199356079101562,0.25052018614012467,paper_main_20260902_002859/task5_seed1005/results.parquet,5,1005,20260902_002859
paper_main,ica,10,medium,10,0.5,1000,10,0.0,0.0,250,dml_learner,h_y,frozen,1005,42,2c668c4e1d12971d94a618fc9ef854ed,0,2.0,10000,histgbr,,,,,,,194.7145565385404,13.954015785376638,1.4285053525744016,0.09465636250180001,0.09647963469997539,3.785161854982376,0.9682046127763934,0.10591587237713095,1.300278902053833,0.07824221056193124,1.300278902053833,0.07364538602846131,1.7559595108032227,0.1334703031244944,1.7559595108032227,0.1280044180614717,0.6086387038230896,0.07786835978669424,0.6086387038230896,0.06803556760341617,paper_main_20260902_002859/task5_seed1005/results.parquet,5,1005,20260902_002859
paper_main,ica,10,medium,10,0.5,1000,10,0.0,0.0,250,dml_learner,true_y,frozen,1005,42,2c668c4e1d12971d94a618fc9ef854ed,0,2.0,10000,histgbr,,,,,,,231.3527774089698,15.210285250742992,1.5571126067981131,0.08986626986031776,0.09731411918267151,3.7389073588848114,0.9563731989032029,0.10177002766190021,1.0792183876037598,0.06494024642853535,1.0792183876037598,0.06027708473385845,1.8179701566696167,0.13818372598522274,1.8179701566696167,0.1327475721913107,0.7335139513015747,0.0938447192229708,0.7335139513015747,0.08418228473628574,paper_main_20260902_002859/task5_seed1005/results.parquet,5,1005,20260902_002859
paper_main,raw_x,10,medium,10,0.5,1000,10,0.0,0.0,250,x_learner,h_y,frozen,1005,42,dd34b7e5891261e9fb24703963931ff3,0,2.0,10000,histgbr,,,,,,,114.03222238951072,10.678587097060674,1.0931920287828008,-0.031942015072241155,-0.010566203980341419,4.0453854020237925,1.0347670606323272,-0.006123133934908154,1.3378427028656006,0.08050255240703724,1.3378427028656006,0.07591700024356154,0.2895655930042267,0.022009851158253244,0.2895655930042267,0.01584089726594891,0.1568484902381897,0.020066970097611814,0.1568484902381897,0.009617835270906018,paper_main_20260902_002859/task5_seed1005/results.parquet,5,1005,20260902_002859
paper_main,raw_x,10,medium,10,0.5,1000,10,0.0,0.0,250,x_learner,true_y,frozen,1005,42,dd34b7e5891261e9fb24703963931ff3,0,2.0,10000,histgbr,,,,,,,99.19825258036666,9.959831955428097,1.0196113776781557,0.5120418566697067,0.5205148836192679,1.8509958030581477,0.473465268702225,0.5368599487782844,7.633568286895752,0.4593378053729666,7.633568286895752,0.45664151219371785,7.832025527954102,0.5953114606934442,7.832025527954102,0.5927587714432684,3.9321937561035156,0.5030792097642562,3.9321937561035156,0.4977804881405105,paper_main_20260902_002859/task5_seed1005/results.parquet,5,1005,20260902_002859
paper_main,raw_x,10,medium,10,0.5,1000,10,0.0,0.0,250,dml_learner,h_y,frozen,1005,42,dd34b7e5891261e9fb24703963931ff3,0,2.0,10000,histgbr,,,,,,,689.138564431628,26.251448806335013,2.687422438777918,0.10589161426582826,0.09915638273800945,3.2378290650844574,0.8282026386982189,0.14114031207223385,2.5841143131256104,0.15549496026145904,2.5841143131256104,0.15128339673599564,2.4688239097595215,0.18765505330238164,2.4688239097595215,0.182530954121261,1.1089222431182861,0.14187391577335787,1.1089222431182861,0.1327236219483906,paper_main_20260902_002859/task5_seed1005/results.parquet,5,1005,20260902_002859
paper_main,raw_x,10,medium,10,0.5,1000,10,0.0,0.0,250,dml_learner,true_y,frozen,1005,42,dd34b7e5891261e9fb24703963931ff3,0,2.0,10000,histgbr,,,,,,,1295.8542255927166,35.997975298518064,3.6851972354556257,0.329254164066625,0.3580357882508196,2.4191781758069992,0.6188003469022656,0.3741777971506814,5.757594585418701,0.3464540777913157,5.757594585418701,0.3431948312046505,5.7916083335876465,0.44021955808576513,5.7916083335876465,0.43668858209375494,3.277017116546631,0.4192568534592885,3.277017116546631,0.4130643247326124,paper_main_20260902_002859/task5_seed1005/results.parquet,5,1005,20260902_002859
paper_main,encoder_pred,10,medium,10,0.5,1000,10,0.0,0.0,500,x_learner,h_y,frozen,1005,42,046578539f5ee11f7116ae6569884826,46,2.0,10000,histgbr,,,,,,,62.9621785193788,7.934871046172004,0.8042734049055585,0.846310777243109,0.8264830136538324,0.49461186799406986,0.13813680065607364,0.8267926425828269,13.9515380859375,0.8380585921862572,13.9515380859375,0.8436201160804219,10.786153793334961,0.8315117313042963,10.786153793334961,0.8388661634775424,6.379917144775391,0.8926282091909978,6.379917144775391,0.9008420055267852,paper_main_20260902_002859/task5_seed1005/results.parquet,5,1005,20260902_002859
paper_main,encoder_pred,10,medium,10,0.5,1000,10,0.0,0.0,500,x_learner,true_y,frozen,1005,42,046578539f5ee11f7116ae6569884826,46,2.0,10000,histgbr,,,,,,,10.958701992147217,3.3103930268394444,0.33553929935083454,0.9482403369613478,0.9429415634772583,0.15764189837872955,0.04402673874305149,0.9460077872890926,15.303816795349121,0.9192889758523602,15.303816795349121,0.9220608196653761,12.098840713500977,0.9327076343631071,12.098840713500977,0.9356449138703683,6.837955474853516,0.9567133571702772,6.837955474853516,0.9600247266238776,paper_main_20260902_002859/task5_seed1005/results.parquet,5,1005,20260902_002859
paper_main,encoder_pred,10,medium,10,0.5,1000,10,0.0,0.0,500,dml_learner,h_y,frozen,1005,42,046578539f5ee11f7116ae6569884826,46,2.0,10000,histgbr,,,,,,,65.61420079238454,8.100259304021355,0.821037051913542,0.7695045180180721,0.6940635036042162,0.871418431341648,0.24337255518444792,0.7613425336857516,11.197907447814941,0.6726500328022568,11.197907447814941,0.6838921523373553,9.817691802978516,0.7568523557999993,9.817691802978516,0.7674656339302592,5.6353888511657715,0.7884596216786939,5.6353888511657715,0.8046421736435525,paper_main_20260902_002859/task5_seed1005/results.parquet,5,1005,20260902_002859
paper_main,encoder_pred,10,medium,10,0.5,1000,10,0.0,0.0,500,dml_learner,true_y,frozen,1005,42,046578539f5ee11f7116ae6569884826,46,2.0,10000,histgbr,,,,,,,11.727455637668196,3.424537288111811,0.3471088879591137,0.9408852675410702,0.9385444253625664,0.17709386175870856,0.04945934592792725,0.9424479597345943,14.844482421875,0.8916970991714308,14.844482421875,0.8954165257152472,11.674030303955078,0.8999587188659194,11.674030303955078,0.9043254728382926,6.800544738769531,0.9514791389825832,6.800544738769531,0.955190919026776,paper_main_20260902_002859/task5_seed1005/results.parquet,5,1005,20260902_002859
paper_main,mi_mine_cond,10,medium,10,0.5,1000,10,0.0,0.0,500,x_learner,h_y,frozen,1005,42,170fb0fe08485992dcf5ba3960c91803,16,2.0,10000,histgbr,,,,,,,63.04471350875299,7.940070119888929,0.8048003796599478,0.600873315493262,0.6072539090145715,1.4638235619962212,0.4088213742205637,0.5719380545260045,11.133440971374512,0.6687775791590752,11.133440971374512,0.6801526896552649,8.511580467224121,0.6561633688934341,8.511580467224121,0.671171673042595,4.270831108093262,0.597541353165756,4.270831108093262,0.6283288936711892,paper_main_20260902_002859/task5_seed1005/results.parquet,5,1005,20260902_002859
paper_main,mi_mine_cond,10,medium,10,0.5,1000,10,0.0,0.0,500,x_learner,true_y,frozen,1005,42,170fb0fe08485992dcf5ba3960c91803,16,2.0,10000,histgbr,,,,,,,58.88097830704288,7.673394184260501,0.7777702790437918,0.6249133476533906,0.6301165954601345,1.306923355311155,0.36500177753023194,0.6021082804945813,10.554983139038086,0.6340300442549763,10.554983139038086,0.6465984829322742,8.276208877563477,0.6380184173408701,8.276208877563477,0.6538187399285442,4.707362651824951,0.6586174394681774,4.707362651824951,0.6847327422275954,paper_main_20260902_002859/task5_seed1005/results.parquet,5,1005,20260902_002859
paper_main,mi_mine_cond,10,medium,10,0.5,1000,10,0.0,0.0,500,dml_learner,h_y,frozen,1005,42,170fb0fe08485992dcf5ba3960c91803,16,2.0,10000,histgbr,,,,,,,61.472653711708176,7.8404498411575965,0.7947029325424495,0.6353291013164053,0.6617475211318373,1.3509579655528068,0.37729990576073347,0.6253527648266685,11.2969331741333,0.6785984350699777,11.2969331741333,0.6896362697233364,8.485245704650879,0.6541332046253985,8.485245704650879,0.6692301244718147,4.518444538116455,0.6321854915765888,4.518444538116455,0.6603228024920023,paper_main_20260902_002859/task5_seed1005/results.parquet,5,1005,20260902_002859
paper_main,mi_mine_cond,10,medium,10,0.5,1000,10,0.0,0.0,500,dml_learner,true_y,frozen,1005,42,170fb0fe08485992dcf5ba3960c91803,16,2.0,10000,histgbr,,,,,,,56.515775267474424,7.517697471132662,0.7619889607499877,0.6171812847251389,0.6484194702325978,1.3554503011107442,0.378554539750742,0.6059886196692028,10.953699111938477,0.6579806183689431,10.953699111938477,0.6697265268977628,8.420344352722168,0.649129916470952,8.420344352722168,0.6644452274472666,4.341893672943115,0.6074838725689099,4.341893672943115,0.6375108238280727,paper_main_20260902_002859/task5_seed1005/results.parquet,5,1005,20260902_002859
paper_main,mi_infonce_cond,10,medium,10,0.5,1000,10,0.0,0.0,500,x_learner,h_y,frozen,1005,42,0a7d44039a1dfc1e2ce0c5895278fca7,34,2.0,10000,histgbr,,,,,,,16.738675608949737,4.091292657455555,0.4146907816056223,0.9307163308653235,0.9264182557277285,0.2601010111272335,0.07264185081170883,0.9279863019720138,15.546584129333496,0.9338718303659302,15.546584129333496,0.9361428578965804,11.960017204284668,0.9220056382015541,11.960017204284668,0.9254100547118705,6.65925931930542,0.9317115858781786,6.65925931930542,0.9369355569180983,paper_main_20260902_002859/task5_seed1005/results.parquet,5,1005,20260902_002859
paper_main,mi_infonce_cond,10,medium,10,0.5,1000,10,0.0,0.0,500,x_learner,true_y,frozen,1005,42,0a7d44039a1dfc1e2ce0c5895278fca7,34,2.0,10000,histgbr,,,,,,,9.459719588603079,3.0756657147035793,0.3117474905794851,0.9597372469489878,0.9537159870896945,0.14058794167637823,0.039263854611411,0.9581050312242578,15.747450828552246,0.9459377446850147,15.747450828552246,0.9477943947460821,12.543670654296875,0.9669998687678997,12.543670654296875,0.9684403086794345,6.900919437408447,0.9655227833530299,6.900919437408447,0.9681602436545609,paper_main_20260902_002859/task5_seed1005/results.parquet,5,1005,20260902_002859
paper_main,mi_infonce_cond,10,medium,10,0.5,1000,10,0.0,0.0,500,dml_learner,h_y,frozen,1005,42,0a7d44039a1dfc1e2ce0c5895278fca7,34,2.0,10000,histgbr,,,,,,,7.95239794599012,2.8199996358138275,0.2858333419322033,0.9744635138540555,0.9772641393866294,0.1117832576483484,0.031219189383950564,0.9746890436079122,15.85382080078125,0.9523273103822179,15.85382080078125,0.9539645247672709,12.712438583374023,0.9800103000656896,12.712438583374023,0.9808828408868903,6.995702266693115,0.9787840570101203,6.995702266693115,0.9804070478671931,paper_main_20260902_002859/task5_seed1005/results.parquet,5,1005,20260902_002859
paper_main,mi_infonce_cond,10,medium,10,0.5,1000,10,0.0,0.0,500,dml_learner,true_y,frozen,1005,42,0a7d44039a1dfc1e2ce0c5895278fca7,34,2.0,10000,histgbr,,,,,,,3.99322878574571,1.9983064794334502,0.20254705425038128,0.9787613550454201,0.9805705435371446,0.08933568413555593,0.0249499585219318,0.979453943603753,15.996176719665527,0.9608785253260232,15.996176719665527,0.9622220669137592,12.747836112976074,0.9827391190392781,12.747836112976074,0.9834925482201866,6.969516754150391,0.9751203844831343,6.969516754150391,0.9770236413183653,paper_main_20260902_002859/task5_seed1005/results.parquet,5,1005,20260902_002859
paper_main,autoencoder,10,medium,10,0.5,1000,10,0.0,0.0,500,x_learner,h_y,frozen,1005,42,b9f116f6359230079c37508f5f8441c8,54,2.0,10000,histgbr,,,,,,,205.85370124640002,14.347602630627879,1.4542637369682205,0.1784880419521678,0.19182606833950194,3.2942233631610867,0.9200213449771476,0.10176491566661193,1.8605544567108154,0.11176213253853262,1.8605544567108154,0.14226672176175614,3.110244035720825,0.23977077023685373,3.110244035720825,0.27295441174313456,0.9894611239433289,0.13843767733769527,0.9894611239433289,0.2043460262216626,paper_main_20260902_002859/task5_seed1005/results.parquet,5,1005,20260902_002859
paper_main,autoencoder,10,medium,10,0.5,1000,10,0.0,0.0,500,x_learner,true_y,frozen,1005,42,b9f116f6359230079c37508f5f8441c8,54,2.0,10000,histgbr,,,,,,,224.29575192442093,14.976506666256352,1.5180090438737153,0.1716008784035136,0.176847805972625,3.3703834584206342,0.941291582465549,0.09070308836402866,1.667128324508667,0.10014316758664986,1.667128324508667,0.13104678477978998,3.2381751537323,0.24963306475477057,3.2381751537323,0.2823862218322774,1.0038095712661743,0.1404452000919604,1.0038095712661743,0.20619997620864175,paper_main_20260902_002859/task5_seed1005/results.parquet,5,1005,20260902_002859
paper_main,autoencoder,10,medium,10,0.5,1000,10,0.0,0.0,500,dml_learner,h_y,frozen,1005,42,b9f116f6359230079c37508f5f8441c8,54,2.0,10000,histgbr,,,,,,,187.9164782761667,13.708263138565977,1.3894606989378442,0.06554733418933675,0.058755383425399196,3.8063049580305814,1.0630371474022116,-0.05261680687243145,1.5076568126678467,0.09056383161065153,1.5076568126678467,0.12179643017205308,1.3696660995483398,0.10558846569089289,1.3696660995483398,0.144629100477907,-0.03936706483364105,-0.005507932436447974,-0.03936706483364105,0.07141206031791668,paper_main_20260902_002859/task5_seed1005/results.parquet,5,1005,20260902_002859
paper_main,autoencoder,10,medium,10,0.5,1000,10,0.0,0.0,500,dml_learner,true_y,frozen,1005,42,b9f116f6359230079c37508f5f8441c8,54,2.0,10000,histgbr,,,,,,,194.37170199280237,13.941725215797447,1.4131242643163722,0.06731345325381301,0.060972660000368745,3.7547156147807836,1.0486291089267568,-0.05063371822159811,1.8732577562332153,0.11252521036180099,1.8732577562332153,0.14300359334410992,1.594541311264038,0.12292424452400058,1.594541311264038,0.16120818087387456,0.03749099746346474,0.005245447733439953,0.03749099746346474,0.08134282149289679,paper_main_20260902_002859/task5_seed1005/results.parquet,5,1005,20260902_002859
paper_main,pca,10,medium,10,0.5,1000,10,0.0,0.0,500,x_learner,h_y,frozen,1005,42,b4bf743fbcae0dbf7e5acfca52574495,0,2.0,10000,histgbr,,,,,,,176.8701964862871,13.299255486164897,1.3480039474273402,0.19773410293641175,0.2038106003749573,3.0478792508393524,0.8512215653143741,0.10963666922983975,2.181654453277588,0.13105037225921276,2.181654453277588,0.16089254902393574,1.8470669984817505,0.14239161680520782,1.8470669984817505,0.17982581168559086,1.46603262424469,0.20511584183609136,1.46603262424469,0.26592340159185845,paper_main_20260902_002859/task5_seed1005/results.parquet,5,1005,20260902_002859
paper_main,pca,10,medium,10,0.5,1000,10,0.0,0.0,500,x_learner,true_y,frozen,1005,42,b4bf743fbcae0dbf7e5acfca52574495,0,2.0,10000,histgbr,,,,,,,201.28814818947106,14.187605442408914,1.4380465252964238,0.18664557858231431,0.19375078457289613,3.2071715269833803,0.895709226892328,0.09817644460362707,3.1741456985473633,0.19066858859095576,3.1741456985473633,0.2184633079503571,1.3020298480987549,0.10037434232316107,1.3020298480987549,0.13964257109608155,0.8528559803962708,0.119324951908252,0.8528559803962708,0.1866953983591541,paper_main_20260902_002859/task5_seed1005/results.parquet,5,1005,20260902_002859
paper_main,pca,10,medium,10,0.5,1000,10,0.0,0.0,500,dml_learner,h_y,frozen,1005,42,b4bf743fbcae0dbf7e5acfca52574495,0,2.0,10000,histgbr,,,,,,,165.22647368873987,12.85404503215777,1.3028777033257926,0.11062863451453805,0.09184855362362587,3.44963213481009,0.9634244088715648,0.012927594606613382,-0.1260465681552887,-0.007571524286960513,-0.1260465681552887,0.027031318698366547,1.0278176069259644,0.07923513925122713,1.0278176069259644,0.11942608410635625,0.21774815022945404,0.030465621572082782,0.21774815022945404,0.10463368624669575,paper_main_20260902_002859/task5_seed1005/results.parquet,5,1005,20260902_002859
paper_main,pca,10,medium,10,0.5,1000,10,0.0,0.0,500,dml_learner,true_y,frozen,1005,42,b4bf743fbcae0dbf7e5acfca52574495,0,2.0,10000,histgbr,,,,,,,180.08970880265093,13.419750698230237,1.3602172643065555,0.10697505190020759,0.09134376166117333,3.643778507724404,1.0176462352141666,0.009187939717894581,-0.2897788882255554,-0.017406803867481176,-0.2897788882255554,0.017533810310101837,0.8647987842559814,0.06666791036957827,0.8647987842559814,0.10740740874200103,0.1490241438150406,0.02085029501186799,0.1490241438150406,0.09575391912413792,paper_main_20260902_002859/task5_seed1005/results.parquet,5,1005,20260902_002859
paper_main,pls,10,medium,10,0.5,1000,10,0.0,0.0,500,x_learner,h_y,frozen,1005,42,2d76c26dca5bda0cb184a0dbfcc4efc8,0,2.0,10000,histgbr,,,,,,,20.02866664580923,4.475339835790041,0.4536175555841938,0.9216781827127309,0.9040852189118699,0.27993579702079296,0.07818137390513243,0.9090427051180738,15.000399589538574,0.9010629283169291,15.000399589538574,0.904460705918177,11.876496315002441,0.9155669575951222,11.876496315002441,0.9192524194278919,6.834382057189941,0.9562133924626884,6.834382057189941,0.9595630085381649,paper_main_20260902_002859/task5_seed1005/results.parquet,5,1005,20260902_002859
paper_main,pls,10,medium,10,0.5,1000,10,0.0,0.0,500,x_learner,true_y,frozen,1005,42,2d76c26dca5bda0cb184a0dbfcc4efc8,0,2.0,10000,histgbr,,,,,,,16.501365453216394,4.0621872745131276,0.41174067878681475,0.9247797631190525,0.9121910072446346,0.22254051156342003,0.06215183313010471,0.9164030396170891,15.247493743896484,0.9159056917357791,15.247493743896484,0.9187937270510742,12.033103942871094,0.9276399432283318,12.033103942871094,0.9307984250247148,6.712127208709717,0.9391084483094267,6.712127208709717,0.9437665694079761,paper_main_20260902_002859/task5_seed1005/results.parquet,5,1005,20260902_002859
paper_main,pls,10,medium,10,0.5,1000,10,0.0,0.0,500,dml_learner,h_y,frozen,1005,42,2d76c26dca5bda0cb184a0dbfcc4efc8,0,2.0,10000,histgbr,,,,,,,9.609697370142941,3.0999511883484456,0.31420905050458603,0.9516580466321863,0.9583744125555762,0.1756417930573222,0.04905380748915947,0.952919287249965,15.906759262084961,0.9555072846674484,15.906759262084961,0.9570352897822542,12.469991683959961,0.9613199082036972,12.469991683959961,0.9630082756714917,6.8935041427612305,0.9644852932052168,6.8935041427612305,0.9672021200955911,paper_main_20260902_002859/task5_seed1005/results.parquet,5,1005,20260902_002859
paper_main,pls,10,medium,10,0.5,1000,10,0.0,0.0,500,dml_learner,true_y,frozen,1005,42,2d76c26dca5bda0cb184a0dbfcc4efc8,0,2.0,10000,histgbr,,,,,,,8.506386906773917,2.9165710872142165,0.29562176188036776,0.9477370069480278,0.9562997933805844,0.17493858788907524,0.048857414077613556,0.9495326266439772,15.701070785522461,0.9431517297433175,15.701070785522461,0.9451040594015733,12.312853813171387,0.9492060457930187,12.312853813171387,0.9514231775489446,6.77747106552124,0.9482508507205722,6.77747106552124,0.9522095904372972,paper_main_20260902_002859/task5_seed1005/results.parquet,5,1005,20260902_002859
paper_main,ica,10,medium,10,0.5,1000,10,0.0,0.0,500,x_learner,h_y,frozen,1005,42,2c668c4e1d12971d94a618fc9ef854ed,0,2.0,10000,histgbr,,,,,,,163.1990909740038,12.774939959702504,1.29485966426773,0.2046306745226981,0.21297453243232062,3.0729253471195697,0.8582165200110833,0.11865217964656596,3.0488927364349365,0.18314473563305836,3.0488927364349365,0.21119784528661875,1.831093430519104,0.14116020388395553,1.831093430519104,0.17864814934814313,1.1324124336242676,0.15843830879832474,1.1324124336242676,0.22281663650850927,paper_main_20260902_002859/task5_seed1005/results.parquet,5,1005,20260902_002859
paper_main,ica,10,medium,10,0.5,1000,10,0.0,0.0,500,x_learner,true_y,frozen,1005,42,2c668c4e1d12971d94a618fc9ef854ed,0,2.0,10000,histgbr,,,,,,,176.96657905196838,13.302878600211624,1.3483711839273118,0.18124267697070787,0.20473222247193085,3.41165956941247,0.9528193081124506,0.10259745002058883,3.89107608795166,0.23373406776169453,3.89107608795166,0.2600497973145037,2.7196764945983887,0.20966166011915285,2.7196764945983887,0.2441595498509725,0.9377784132957458,0.13120663586731068,0.9377784132957458,0.19766814961409587,paper_main_20260902_002859/task5_seed1005/results.parquet,5,1005,20260902_002859
paper_main,ica,10,medium,10,0.5,1000,10,0.0,0.0,500,dml_learner,h_y,frozen,1005,42,2c668c4e1d12971d94a618fc9ef854ed,0,2.0,10000,histgbr,,,,,,,155.5620739436507,12.472452603383614,1.2641997411773804,0.06664308257233029,0.05847764902128606,3.6574012805372473,1.0214508472224924,-0.03599221310514063,0.6311637759208679,0.037913542021604345,0.6311637759208679,0.07095429976562183,0.5744107961654663,0.044281708266997406,0.5744107961654663,0.08599835363163807,0.1569037288427353,0.02195274504575271,0.1569037288427353,0.09677203322601961,paper_main_20260902_002859/task5_seed1005/results.parquet,5,1005,20260902_002859
paper_main,ica,10,medium,10,0.5,1000,10,0.0,0.0,500,dml_learner,true_y,frozen,1005,42,2c668c4e1d12971d94a618fc9ef854ed,0,2.0,10000,histgbr,,,,,,,171.00470982284193,13.076876913959309,1.3254637989605156,0.08117552470209881,0.06903497399633515,3.6724827515035865,1.025662849164392,-0.020365454455318493,0.46731239557266235,0.028071110578091942,0.46731239557266235,0.061449885129476745,0.32047104835510254,0.024705325119257632,0.32047104835510254,0.06727647022546518,0.10031294822692871,0.014035004734787204,0.10031294822692871,0.08945998930759738,paper_main_20260902_002859/task5_seed1005/results.parquet,5,1005,20260902_002859
paper_main,raw_x,10,medium,10,0.5,1000,10,0.0,0.0,500,x_learner,h_y,frozen,1005,42,dd34b7e5891261e9fb24703963931ff3,0,2.0,10000,histgbr,,,,,,,103.73787604789936,10.185179234942277,1.0323631896717842,0.058770667082668336,0.06686333469323547,3.458242584198713,0.9658291629984305,-0.04617531916629921,1.4710122346878052,0.08836261886664823,1.4710122346878052,0.11967081327124507,0.8095529675483704,0.06240897381276304,0.8095529675483704,0.10333437272461045,0.1990683376789093,0.027852088003128682,0.1990683376789093,0.1022200844502341,paper_main_20260902_002859/task5_seed1005/results.parquet,5,1005,20260902_002859
paper_main,raw_x,10,medium,10,0.5,1000,10,0.0,0.0,500,x_learner,true_y,frozen,1005,42,dd34b7e5891261e9fb24703963931ff3,0,2.0,10000,histgbr,,,,,,,66.3934791990933,8.14821938825246,0.8258982550786164,0.6370296521186085,0.6428429320075754,1.319946895390749,0.368639033884608,0.6137723113835438,10.699824333190918,0.6427305478492467,10.699824333190918,0.6550001867366448,7.646438121795654,0.5894689731657925,7.646438121795654,0.6073884557222787,4.65984582901001,0.65196925650698,4.65984582901001,0.6785931362439718,paper_main_20260902_002859/task5_seed1005/results.parquet,5,1005,20260902_002859
paper_main,raw_x,10,medium,10,0.5,1000,10,0.0,0.0,500,dml_learner,h_y,frozen,1005,42,dd34b7e5891261e9fb24703963931ff3,0,2.0,10000,histgbr,,,,,,,364.68791546751265,19.096803802404022,1.9356397007084973,0.03552244608978436,0.03902775873940763,3.912789656460285,1.0927765380471655,-0.07352048209205385,-0.24295330047607422,-0.014594025383424355,-0.24295330047607422,0.020249990061572198,0.6441448330879211,0.04965755130458309,0.6441448330879211,0.09113954369723942,-0.5483092665672302,-0.07671515281347234,-0.5483092665672302,0.005652095699668096,paper_main_20260902_002859/task5_seed1005/results.parquet,5,1005,20260902_002859
paper_main,raw_x,10,medium,10,0.5,1000,10,0.0,0.0,500,dml_learner,true_y,frozen,1005,42,dd34b7e5891261e9fb24703963931ff3,0,2.0,10000,histgbr,,,,,,,878.3171759313032,29.636416381393065,3.0039280252400444,0.33072391489565955,0.3414886294114218,2.570735980182886,0.7179634509663182,0.2697432989713075,5.765335559844971,0.3463194504436153,5.765335559844971,0.3687686809683357,3.914475202560425,0.301769482912441,3.914475202560425,0.33224691032600856,2.222008228302002,0.31088604767557776,2.222008228302002,0.36360233017300736,paper_main_20260902_002859/task5_seed1005/results.parquet,5,1005,20260902_002859
paper_main,encoder_pred,10,medium,10,0.5,1000,10,0.0,0.0,750,x_learner,h_y,frozen,1005,42,046578539f5ee11f7116ae6569884826,46,2.0,10000,histgbr,,,,,,,55.4838024239859,7.448745023424141,0.7748818726197939,0.868308757882236,0.8453602491077609,0.4168290788829325,0.11652177324460643,0.8541952125426708,12.965934753417969,0.7773219372958752,12.965934753417969,0.782462135253383,11.284728050231934,0.8696920970136068,11.284728050231934,0.8735335682183782,6.474456310272217,0.9064422875941304,6.474456310272217,0.9113348641311251,paper_main_20260902_002859/task5_seed1005/results.parquet,5,1005,20260902_002859
paper_main,encoder_pred,10,medium,10,0.5,1000,10,0.0,0.0,750,x_learner,true_y,frozen,1005,42,046578539f5ee11f7116ae6569884826,46,2.0,10000,histgbr,,,,,,,8.783380797616035,2.9636769050650638,0.30830690308434877,0.9586795354302851,0.9521482153931515,0.13469159699479727,0.03765213253605447,0.9575418887552085,15.718613624572754,0.9423480394298078,15.718613624572754,0.9436788507651075,12.375438690185547,0.9537510499164917,12.375438690185547,0.9551144669151926,6.893799304962158,0.9651514988664731,6.893799304962158,0.9669738922813064,paper_main_20260902_002859/task5_seed1005/results.parquet,5,1005,20260902_002859
paper_main,encoder_pred,10,medium,10,0.5,1000,10,0.0,0.0,750,dml_learner,h_y,frozen,1005,42,046578539f5ee11f7116ae6569884826,46,2.0,10000,histgbr,,,,,,,56.196248890380396,7.496415736228908,0.779840986012871,0.8678770273369373,0.8482210978461273,0.42151573917269713,0.11783189769422964,0.8696568300993702,13.6297025680542,0.8171155421072577,13.6297025680542,0.8213371627981529,10.947646141052246,0.8437138482552057,10.947646141052246,0.8483211570820145,6.269650936126709,0.8777689530382253,6.269650936126709,0.8841609942401643,paper_main_20260902_002859/task5_seed1005/results.parquet,5,1005,20260902_002859
paper_main,encoder_pred,10,medium,10,0.5,1000,10,0.0,0.0,750,dml_learner,true_y,frozen,1005,42,046578539f5ee11f7116ae6569884826,46,2.0,10000,histgbr,,,,,,,8.301872583860597,2.8812970315225392,0.29973704729306155,0.9578068583233035,0.9551112978797046,0.1454472039441268,0.04065879031870373,0.9591643355014536,15.938623428344727,0.9555378672474306,15.938623428344727,0.9565642106653042,12.234630584716797,0.9428992424137745,12.234630584716797,0.9445825702167017,6.877187728881836,0.9628258309955042,6.877187728881836,0.9647698446142282,paper_main_20260902_002859/task5_seed1005/results.parquet,5,1005,20260902_002859
paper_main,mi_mine_cond,10,medium,10,0.5,1000,10,0.0,0.0,750,x_learner,h_y,frozen,1005,42,170fb0fe08485992dcf5ba3960c91803,16,2.0,10000,histgbr,,,,,,,61.94968063816271,7.870811942751695,0.8187888668572016,0.5803330210364818,0.5909958992902528,1.410374118467172,0.3942606251524227,0.5695762054850242,9.717668533325195,0.5825848327928883,9.717668533325195,0.5922202524828902,8.645496368408203,0.6662916317429481,8.645496368408203,0.6761293396491568,4.200896263122559,0.5881374182182635,4.200896263122559,0.6096756661325524,paper_main_20260902_002859/task5_seed1005/results.parquet,5,1005,20260902_002859
paper_main,mi_mine_cond,10,medium,10,0.5,1000,10,0.0,0.0,750,x_learner,true_y,frozen,1005,42,170fb0fe08485992dcf5ba3960c91803,16,2.0,10000,histgbr,,,,,,,58.89893001023963,7.674563831921631,0.7983734676000269,0.5911905692276785,0.6077443080899899,1.4523987219532328,0.40600832118941765,0.5848863591116094,9.926231384277344,0.5950884032976942,9.926231384277344,0.6044351963183696,8.240447998046875,0.6350753396849177,8.240447998046875,0.645833302497486,4.29960298538208,0.6019566399162901,4.29960298538208,0.6227722151817868,paper_main_20260902_002859/task5_seed1005/results.parquet,5,1005,20260902_002859
paper_main,mi_mine_cond,10,medium,10,0.5,1000,10,0.0,0.0,750,dml_learner,h_y,frozen,1005,42,170fb0fe08485992dcf5ba3960c91803,16,2.0,10000,histgbr,,,,,,,60.03207165284578,7.748036632131122,0.8060167337923738,0.6374285180951432,0.657325838691631,1.521248522957166,0.42525482127049696,0.6328520840213622,10.048670768737793,0.6024287780057361,10.048670768737793,0.6116061291935546,8.769800186157227,0.675871485811538,8.769800186157227,0.6854267800443854,4.5150227546691895,0.6321160199642801,4.5150227546691895,0.651354418197562,paper_main_20260902_002859/task5_seed1005/results.parquet,5,1005,20260902_002859
paper_main,mi_mine_cond,10,medium,10,0.5,1000,10,0.0,0.0,750,dml_learner,true_y,frozen,1005,42,170fb0fe08485992dcf5ba3960c91803,16,2.0,10000,histgbr,,,,,,,53.596313024995574,7.320950281554682,0.7615875755832647,0.6360022257817346,0.6598148702107101,1.3780789658824601,0.3852327318575007,0.6323596961248396,10.334402084350586,0.6195586821755598,10.334402084350586,0.6283406145360507,8.703686714172363,0.6707762487942681,8.703686714172363,0.6804817503885628,4.585798263549805,0.6420247923925686,4.585798263549805,0.6607450139170961,paper_main_20260902_002859/task5_seed1005/results.parquet,5,1005,20260902_002859
paper_main,mi_infonce_cond,10,medium,10,0.5,1000,10,0.0,0.0,750,x_learner,h_y,frozen,1005,42,0a7d44039a1dfc1e2ce0c5895278fca7,34,2.0,10000,histgbr,,,,,,,16.899074392442802,4.1108483786735315,0.42764544627388407,0.9248034503172449,0.9238311928773404,0.27993403084079427,0.07825368074726056,0.9255174822426759,15.250553131103516,0.91428730208426,15.250553131103516,0.9162658545712393,11.97164535522461,0.9226314810018401,11.97164535522461,0.9249123015129205,6.6479597091674805,0.9307332566366519,6.6479597091674805,0.9343555431874748,paper_main_20260902_002859/task5_seed1005/results.parquet,5,1005,20260902_002859
paper_main,mi_infonce_cond,10,medium,10,0.5,1000,10,0.0,0.0,750,x_learner,true_y,frozen,1005,42,0a7d44039a1dfc1e2ce0c5895278fca7,34,2.0,10000,histgbr,,,,,,,9.547818122772439,3.089954388461493,0.32144336197725354,0.954784317838787,0.9509526086474518,0.14999023003379497,0.04192876279107367,0.9547552257007744,15.84782886505127,0.9500946341001562,15.84782886505127,0.9512466266078685,12.510370254516602,0.9641499637949693,12.510370254516602,0.9652068212734142,6.853752613067627,0.959544848165338,6.853752613067627,0.9616604399383408,paper_main_20260902_002859/task5_seed1005/results.parquet,5,1005,20260902_002859
paper_main,mi_infonce_cond,10,medium,10,0.5,1000,10,0.0,0.0,750,dml_learner,h_y,frozen,1005,42,0a7d44039a1dfc1e2ce0c5895278fca7,34,2.0,10000,histgbr,,,,,,,12.955906878591797,3.599431466022349,0.37444350504507684,0.9616310215662603,0.9644129704859803,0.14521195424596467,0.04059302784344991,0.9631722740851721,15.934996604919434,0.9553204352253826,15.934996604919434,0.9563517977440246,12.605563163757324,0.9714862966237156,12.605563163757324,0.9723268793355164,6.8937530517578125,0.9651450232863863,6.8937530517578125,0.9669677553400168,paper_main_20260902_002859/task5_seed1005/results.parquet,5,1005,20260902_002859
paper_main,mi_infonce_cond,10,medium,10,0.5,1000,10,0.0,0.0,750,dml_learner,true_y,frozen,1005,42,0a7d44039a1dfc1e2ce0c5895278fca7,34,2.0,10000,histgbr,,,,,,,4.4207593257491515,2.102560183621185,0.21872621055717817,0.9790245173769195,0.9784270628654208,0.07871921489636113,0.022005428538548186,0.9798044840089744,16.335777282714844,0.9793476742034716,16.335777282714844,0.9798244029911571,12.816025733947754,0.9877062385839497,12.816025733947754,0.9880686581256333,6.9950456619262695,0.9793262766422555,6.9950456619262695,0.9804074036945463,paper_main_20260902_002859/task5_seed1005/results.parquet,5,1005,20260902_002859
paper_main,autoencoder,10,medium,10,0.5,1000,10,0.0,0.0,750,x_learner,h_y,frozen,1005,42,b9f116f6359230079c37508f5f8441c8,54,2.0,10000,histgbr,,,,,,,181.23497874763368,13.462354130969578,1.4004686891646512,0.17266959052371647,0.16074514515637978,3.168035805076361,0.8856031606508366,0.10722333629755011,1.4653887748718262,0.08785165613105703,1.4653887748718262,0.10890726887154127,2.47438907623291,0.1906963654735421,2.47438907623291,0.21455460075091337,0.8506302237510681,0.11909064930908565,0.8506302237510681,0.16515757751391813,paper_main_20260902_002859/task5_seed1005/results.parquet,5,1005,20260902_002859
paper_main,autoencoder,10,medium,10,0.5,1000,10,0.0,0.0,750,x_learner,true_y,frozen,1005,42,b9f116f6359230079c37508f5f8441c8,54,2.0,10000,histgbr,,,,,,,182.3396744230976,13.503320866479386,1.4047303977648427,0.19806731034188502,0.18117803442251712,3.1142216070393722,0.8705597625323299,0.1322777995518021,1.7244300842285156,0.10338146530086806,1.7244300842285156,0.12407859507088918,1.9683483839035034,0.15169679109947168,1.9683483839035034,0.17670473210092305,1.0927566289901733,0.15298903430608785,1.0927566289901733,0.19728325517537906,paper_main_20260902_002859/task5_seed1005/results.parquet,5,1005,20260902_002859
paper_main,autoencoder,10,medium,10,0.5,1000,10,0.0,0.0,750,dml_learner,h_y,frozen,1005,42,b9f116f6359230079c37508f5f8441c8,54,2.0,10000,histgbr,,,,,,,119.75109116829377,10.943084170757976,1.1383927799658993,0.05047579462363488,0.057490489137966,3.6837294012804827,1.0297618466082252,-0.02829023995842289,2.0551459789276123,0.12320824407547767,2.0551459789276123,0.14344770160547834,0.6273319721221924,0.04834725798708261,0.6273319721221924,0.0764019386442191,-0.1905650794506073,-0.02667965281945088,-0.1905650794506073,0.027010295889460908,paper_main_20260902_002859/task5_seed1005/results.parquet,5,1005,20260902_002859
paper_main,autoencoder,10,medium,10,0.5,1000,10,0.0,0.0,750,dml_learner,true_y,frozen,1005,42,b9f116f6359230079c37508f5f8441c8,54,2.0,10000,histgbr,,,,,,,125.04531598229964,11.182366296195973,1.163284943794942,0.04605204987031087,0.053514122959246735,3.8065927884479365,1.0641074824212466,-0.03124260938324252,1.1147948503494263,0.0668331677770203,1.1147948503494263,0.08837396163321631,0.5994680523872375,0.04619983975268274,0.5994680523872375,0.07431782620419541,-0.20246930420398712,-0.028346278123627902,-0.20246930420398712,0.025430826327440172,paper_main_20260902_002859/task5_seed1005/results.parquet,5,1005,20260902_002859
paper_main,pca,10,medium,10,0.5,1000,10,0.0,0.0,750,x_learner,h_y,frozen,1005,42,b4bf743fbcae0dbf7e5acfca52574495,0,2.0,10000,histgbr,,,,,,,181.01172249312194,13.454059703045841,1.3996058321569749,0.13498663642068695,0.13681483676488876,3.0283662031292913,0.8465594602188625,0.07832474387111096,0.07033952325582504,0.00421693117584699,0.07033952325582504,0.027203129431450954,1.2633575201034546,0.09736451299897309,1.2633575201034546,0.12397416715081176,1.2536563873291016,0.17551545784387348,1.2536563873291016,0.21863166518088364,paper_main_20260902_002859/task5_seed1005/results.parquet,5,1005,20260902_002859
paper_main,pca,10,medium,10,0.5,1000,10,0.0,0.0,750,x_learner,true_y,frozen,1005,42,b4bf743fbcae0dbf7e5acfca52574495,0,2.0,10000,histgbr,,,,,,,179.46888170014788,13.396599632001692,1.3936283463776202,0.13864525270267145,0.14367658127435906,3.2945416926443576,0.9209670330198412,0.07961892930876495,0.017535299062728882,0.001051260313870528,0.017535299062728882,0.024110533459300955,1.473496675491333,0.11355953000784075,1.473496675491333,0.1396917557760238,0.9441283941268921,0.13218065893767242,0.9441283941268921,0.17756304845156273,paper_main_20260902_002859/task5_seed1005/results.parquet,5,1005,20260902_002859
paper_main,pca,10,medium,10,0.5,1000,10,0.0,0.0,750,dml_learner,h_y,frozen,1005,42,b4bf743fbcae0dbf7e5acfca52574495,0,2.0,10000,histgbr,,,,,,,120.86219236285078,10.993734231954617,1.1436618305435386,0.020713835935708327,0.032172865427075883,3.6379190063774587,1.0169558579726887,-0.04191499138971799,1.3242050409317017,0.0793875372172955,1.3242050409317017,0.10063853178490849,-0.13309982419013977,-0.010257745219627683,-0.13309982419013977,0.019524608334659348,-0.262112557888031,-0.03669650318007727,-0.262112557888031,0.017517274145297274,paper_main_20260902_002859/task5_seed1005/results.parquet,5,1005,20260902_002859
paper_main,pca,10,medium,10,0.5,1000,10,0.0,0.0,750,dml_learner,true_y,frozen,1005,42,b4bf743fbcae0dbf7e5acfca52574495,0,2.0,10000,histgbr,,,,,,,124.35574255372602,11.151490597840542,1.1600729907901253,0.012631474900399819,0.020717335832435672,3.6301390973627568,1.0147810365890553,-0.053165026848412976,0.8216121196746826,0.04925654314301847,0.8216121196746826,0.07120306771622556,0.32686224579811096,0.025190639129038964,0.32686224579811096,0.05392797588380546,-0.16468684375286102,-0.023056626260827152,-0.16468684375286102,0.030443857204890862,paper_main_20260902_002859/task5_seed1005/results.parquet,5,1005,20260902_002859
paper_main,pls,10,medium,10,0.5,1000,10,0.0,0.0,750,x_learner,h_y,frozen,1005,42,2d76c26dca5bda0cb184a0dbfcc4efc8,0,2.0,10000,histgbr,,,,,,,16.526964681078866,4.0653369701758875,0.422910962098185,0.918335172151417,0.9154917589616072,0.3149940637747446,0.08805447779919932,0.9161615917141422,15.338554382324219,0.9195630731246245,15.338554382324219,0.9214198421400007,11.997827529907227,0.9246492904078571,11.997827529907227,0.9268706259870778,6.6372785568237305,0.9292378649465034,6.6372785568237305,0.9329383526216238,paper_main_20260902_002859/task5_seed1005/results.parquet,5,1005,20260902_002859
paper_main,pls,10,medium,10,0.5,1000,10,0.0,0.0,750,x_learner,true_y,frozen,1005,42,2d76c26dca5bda0cb184a0dbfcc4efc8,0,2.0,10000,histgbr,,,,,,,13.574323850755187,3.684334926517293,0.38327588583584515,0.9273552912982955,0.9244066727635748,0.24925762958327935,0.06967829852856317,0.925771158300887,14.944372177124023,0.8959314197790758,14.944372177124023,0.898333691008654,11.734901428222656,0.9043860858613402,11.734901428222656,0.9072047798125237,6.688169956207275,0.9363628055230423,6.688169956207275,0.9396906962609799,paper_main_20260902_002859/task5_seed1005/results.parquet,5,1005,20260902_002859
paper_main,pls,10,medium,10,0.5,1000,10,0.0,0.0,750,dml_learner,h_y,frozen,1005,42,2d76c26dca5bda0cb184a0dbfcc4efc8,0,2.0,10000,histgbr,,,,,,,5.905653816541431,2.4301551013343636,0.2528054228942952,0.9772068288121399,0.9811976776013832,0.0968281401197113,0.027067657124503833,0.978827580696833,16.265491485595703,0.9751339639681464,16.265491485595703,0.9757079601044074,12.774643898010254,0.9845170207743085,12.774643898010254,0.9849734583156737,6.984597682952881,0.9778635298867715,6.984597682952881,0.9790211509048873,paper_main_20260902_002859/task5_seed1005/results.parquet,5,1005,20260902_002859
paper_main,pls,10,medium,10,0.5,1000,10,0.0,0.0,750,dml_learner,true_y,frozen,1005,42,2d76c26dca5bda0cb184a0dbfcc4efc8,0,2.0,10000,histgbr,,,,,,,6.179107276087222,2.4857810193352154,0.25859210445892755,0.9611138153134493,0.9676126093348012,0.13643324951330804,0.03813899981598771,0.9639029183872266,15.805755615234375,0.9475722968620037,15.805755615234375,0.9487825138421326,12.603642463684082,0.9713382719954748,12.603642463684082,0.9721832184667558,6.886235237121582,0.9640925078673291,6.886235237121582,0.9659702809444272,paper_main_20260902_002859/task5_seed1005/results.parquet,5,1005,20260902_002859
paper_main,ica,10,medium,10,0.5,1000,10,0.0,0.0,750,x_learner,h_y,frozen,1005,42,2c668c4e1d12971d94a618fc9ef854ed,0,2.0,10000,histgbr,,,,,,,157.6245869864952,12.554863081152865,1.3060637441898504,0.13665666961185707,0.15456105598218586,3.1446445240279037,0.8790642849238034,0.08673495263108721,1.8354042768478394,0.11003448924686304,1.8354042768478394,0.13057804367280595,2.334108352661133,0.17988520227043614,2.334108352661133,0.20406215015988247,0.8821803331375122,0.12350775430687827,0.8821803331375122,0.16934369114052492,paper_main_20260902_002859/task5_seed1005/results.parquet,5,1005,20260902_002859
paper_main,ica,10,medium,10,0.5,1000,10,0.0,0.0,750,x_learner,true_y,frozen,1005,42,2c668c4e1d12971d94a618fc9ef854ed,0,2.0,10000,histgbr,,,,,,,166.8870234089316,12.918476048239267,1.3438898606643312,0.14289338114378866,0.16436322410849868,3.098059851258993,0.8660418521040968,0.09276163767381591,2.3799643516540527,0.14268145997226842,2.3799643516540527,0.16247140674506536,1.6632771492004395,0.12818554291817547,1.6632771492004395,0.15388659447398909,1.0875855684280396,0.15226507112823898,1.0875855684280396,0.19659715146594287,paper_main_20260902_002859/task5_seed1005/results.parquet,5,1005,20260902_002859
paper_main,ica,10,medium,10,0.5,1000,10,0.0,0.0,750,dml_learner,h_y,frozen,1005,42,2c668c4e1d12971d94a618fc9ef854ed,0,2.0,10000,histgbr,,,,,,,114.49091487975667,10.700042751305093,1.1131095423684805,0.004176178090983272,0.03308862642784946,3.738765487323205,1.0451468153232841,-0.05072981964341435,1.7766185998916626,0.1065102237645939,1.7766185998916626,0.1271351307136084,0.3992142379283905,0.030766666790388014,0.3992142379283905,0.05933962249682839,-0.3282691538333893,-0.04595861466780308,-0.3282691538333893,0.008739522398554541,paper_main_20260902_002859/task5_seed1005/results.parquet,5,1005,20260902_002859
paper_main,ica,10,medium,10,0.5,1000,10,0.0,0.0,750,dml_learner,true_y,frozen,1005,42,2c668c4e1d12971d94a618fc9ef854ed,0,2.0,10000,histgbr,,,,,,,122.36317171691275,11.061788811802218,1.1507414473255373,-0.0013002120892659362,0.03097006286704125,3.9598639004826546,1.1069533937701377,-0.056880911029514904,1.9569169282913208,0.11731930529925805,1.9569169282913208,0.1376947003827915,0.08703023195266724,0.006707251126795221,0.08703023195266724,0.03598947734068111,-0.2534850537776947,-0.03548862808026488,-0.2534850537776947,0.01866198372704606,paper_main_20260902_002859/task5_seed1005/results.parquet,5,1005,20260902_002859
paper_main,raw_x,10,medium,10,0.5,1000,10,0.0,0.0,750,x_learner,h_y,frozen,1005,42,dd34b7e5891261e9fb24703963931ff3,0,2.0,10000,histgbr,,,,,,,94.57828612535614,9.725136817821955,1.0116915272545342,0.13438392601586846,0.13697215640670923,3.099560223231713,0.8664612710257716,0.08146984878850977,1.3267087936401367,0.07953763992433846,1.3267087936401367,0.10078516959011609,1.1697942018508911,0.09015376958606905,1.1697942018508911,0.11697599613413881,1.0173566341400146,0.14243282069659485,1.0173566341400146,0.18727907604489571,paper_main_20260902_002859/task5_seed1005/results.parquet,5,1005,20260902_002859
paper_main,raw_x,10,medium,10,0.5,1000,10,0.0,0.0,750,x_learner,true_y,frozen,1005,42,dd34b7e5891261e9fb24703963931ff3,0,2.0,10000,histgbr,,,,,,,60.305520950692475,7.765662943412654,0.8078503727544086,0.6767968369721546,0.6824495906527013,1.1851218884686627,0.3312928750687015,0.667325482713203,12.096294403076172,0.7251860493144745,12.096294403076172,0.7315297281252846,9.120841026306152,0.7029255222976245,9.120841026306152,0.7116832647339013,4.900630950927734,0.6861022635623848,4.900630950927734,0.7025174650547853,paper_main_20260902_002859/task5_seed1005/results.parquet,5,1005,20260902_002859
paper_main,raw_x,10,medium,10,0.5,1000,10,0.0,0.0,750,dml_learner,h_y,frozen,1005,42,dd34b7e5891261e9fb24703963931ff3,0,2.0,10000,histgbr,,,,,,,276.04301055259776,16.614542140925757,1.7283861222789973,0.06943365232649301,0.06741842751787651,3.4259905546605585,0.9577126807423098,0.00950920668749686,0.9081323146820068,0.05444352324721661,0.9081323146820068,0.07627031395794322,0.6793064475059509,0.05235282996776973,0.6793064475059509,0.08028942654044316,0.34399938583374023,0.04816089186228537,0.34399938583374023,0.09793707351223699,paper_main_20260902_002859/task5_seed1005/results.parquet,5,1005,20260902_002859
paper_main,raw_x,10,medium,10,0.5,1000,10,0.0,0.0,750,dml_learner,true_y,frozen,1005,42,dd34b7e5891261e9fb24703963931ff3,0,2.0,10000,histgbr,,,,,,,678.2237326044254,26.04272897767101,2.709186384402624,0.4157326075246356,0.42602132100805284,2.246702071229617,0.6280504949260732,0.3873658782995129,7.784520626068115,0.4666905062421229,7.784520626068115,0.4790011772496043,5.7713117599487305,0.4447838002552433,5.7713117599487305,0.4611515492164464,2.832733154296875,0.39659069387042284,2.832733154296875,0.42814582852962146,paper_main_20260902_002859/task5_seed1005/results.parquet,5,1005,20260902_002859
paper_main,encoder_pred,10,medium,10,0.5,1000,10,0.0,0.0,50,x_learner,h_y,frozen,1006,42,046578539f5ee11f7116ae6569884826,46,2.0,10000,histgbr,,,,,,,119.13049271451877,10.914691599606412,1.063609875525144,,,3.527276229858398,0.8603012322260328,-0.03565663663726862,-2.215102434158325,-0.12507401472109456,-2.215102434158325,-0.16267624891457763,-3.94854736328125,-0.2885451931029066,-3.94854736328125,-0.34483463605382947,0.5758664011955261,0.07062541696433125,0.5758664011955261,0.00040821218183616654,paper_main_20260902_002859/task6_seed1006/results.parquet,6,1006,20260902_002859
paper_main,encoder_pred,10,medium,10,0.5,1000,10,0.0,0.0,50,x_learner,true_y,frozen,1006,42,046578539f5ee11f7116ae6569884826,46,2.0,10000,histgbr,,,,,,,127.53086379312377,11.292956379669754,1.100470848825867,,,3.527276229858398,0.8603012322260328,-0.044216413870864245,-3.819061756134033,-0.21564031484123047,-3.819061756134033,-0.2562694567604234,-3.434288740158081,-0.25096508070668605,-3.434288740158081,-0.3056128555157858,-0.3480251431465149,-0.04268250552170717,-0.3480251431465149,-0.12146048412124981,paper_main_20260902_002859/task6_seed1006/results.parquet,6,1006,20260902_002859
paper_main,encoder_pred,10,medium,10,0.5,1000,10,0.0,0.0,50,dml_learner,h_y,frozen,1006,42,046578539f5ee11f7116ae6569884826,46,2.0,10000,histgbr,,,,,,,297.1853818566506,17.239065573767352,1.679904578315862,0.11990396158463384,0.09278191158759204,3.0813368254899975,0.7515367935839026,0.22518340347185425,-3.6538314819335938,-0.2063107175146993,-3.6538314819335938,-0.2466280455451943,0.8588045239448547,0.06275824864194927,0.8588045239448547,0.021815318291753392,2.485955238342285,0.3048825645984768,2.485955238342285,0.2523642321624387,paper_main_20260902_002859/task6_seed1006/results.parquet,6,1006,20260902_002859
paper_main,encoder_pred,10,medium,10,0.5,1000,10,0.0,0.0,50,dml_learner,true_y,frozen,1006,42,046578539f5ee11f7116ae6569884826,46,2.0,10000,histgbr,,,,,,,304.62593923846856,17.453536582551646,1.7008042510986494,0.3883313325330132,0.43233133509166716,2.6186077243089674,0.638677354744641,0.4959126474661854,15.918210983276367,0.8988092487976983,15.918210983276367,0.8954272505690158,8.183175086975098,0.5979960776522001,8.183175086975098,0.580434740281834,3.1835451126098633,0.3904363938164365,3.1835451126098633,0.3443819252042852,paper_main_20260902_002859/task6_seed1006/results.parquet,6,1006,20260902_002859
paper_main,mi_mine_cond,10,medium,10,0.5,1000,10,0.0,0.0,50,x_learner,h_y,frozen,1006,42,170fb0fe08485992dcf5ba3960c91803,16,2.0,10000,histgbr,,,,,,,118.53383235396198,10.887324389121599,1.0609430081133087,,,3.527276229858398,0.8603012322260328,-0.03565663663726862,-2.215102434158325,-0.12507401472109456,-2.215102434158325,-0.16267624891457763,-3.94854736328125,-0.2885451931029066,-3.94854736328125,-0.34483463605382947,0.5758664011955261,0.07062541696433125,0.5758664011955261,0.00040821218183616654,paper_main_20260902_002859/task6_seed1006/results.parquet,6,1006,20260902_002859
paper_main,mi_mine_cond,10,medium,10,0.5,1000,10,0.0,0.0,50,x_learner,true_y,frozen,1006,42,170fb0fe08485992dcf5ba3960c91803,16,2.0,10000,histgbr,,,,,,,127.53086379312379,11.292956379669754,1.100470848825867,,,3.527276229858398,0.8603012322260328,-0.21533971087476073,-2.215102434158325,-0.12507401472109456,-2.215102434158325,-0.16267624891457763,-3.94854736328125,-0.2885451931029066,-3.94854736328125,-0.34483463605382947,-1.756983995437622,-0.21548006103468909,-1.756983995437622,-0.3073134443793644,paper_main_20260902_002859/task6_seed1006/results.parquet,6,1006,20260902_002859
paper_main,mi_mine_cond,10,medium,10,0.5,1000,10,0.0,0.0,50,dml_learner,h_y,frozen,1006,42,170fb0fe08485992dcf5ba3960c91803,16,2.0,10000,histgbr,,,,,,,297.63188447404553,17.25201102695119,1.6811660809175457,0.20528211284513803,0.18556001612115708,2.6043557029962536,0.6352012925657706,0.3456025661663431,4.77978515625,0.2698868051326207,4.77978515625,0.24548495513703517,6.917682647705078,0.5055185848772383,6.917682647705078,0.4839174151582175,2.466636896133423,0.30251332414491316,2.466636896133423,0.24981598805938485,paper_main_20260902_002859/task6_seed1006/results.parquet,6,1006,20260902_002859
paper_main,mi_mine_cond,10,medium,10,0.5,1000,10,0.0,0.0,50,dml_learner,true_y,frozen,1006,42,170fb0fe08485992dcf5ba3960c91803,16,2.0,10000,histgbr,,,,,,,336.5350249432754,18.344890976598236,1.7876645464582428,0.27078031212484993,0.27194685583969286,2.79142726957798,0.6808279712711054,0.403850488949452,8.465163230895996,0.4779787761642981,8.465163230895996,0.4605317779616912,6.917682647705078,0.5055185848772383,6.917682647705078,0.4839174151582175,2.8168294429779053,0.34546164442778926,2.8168294429779053,0.29600919049786767,paper_main_20260902_002859/task6_seed1006/results.parquet,6,1006,20260902_002859
paper_main,mi_infonce_cond,10,medium,10,0.5,1000,10,0.0,0.0,50,x_learner,h_y,frozen,1006,42,0a7d44039a1dfc1e2ce0c5895278fca7,34,2.0,10000,histgbr,,,,,,,116.66511116997768,10.801162491601433,1.0525467429270585,,,3.527276229858398,0.8603012322260328,0.1821516047342161,-0.6385475397109985,-0.03605508402245912,-0.6385475397109985,-0.07068212668544248,4.639726638793945,0.33905401044068467,4.639726638793945,0.31018092025177957,2.119720697402954,0.2599668218031292,2.119720697402954,0.2040549621850617,paper_main_20260902_002859/task6_seed1006/results.parquet,6,1006,20260902_002859
paper_main,mi_infonce_cond,10,medium,10,0.5,1000,10,0.0,0.0,50,x_learner,true_y,frozen,1006,42,0a7d44039a1dfc1e2ce0c5895278fca7,34,2.0,10000,histgbr,,,,,,,127.53086379312377,11.292956379669754,1.100470848825867,,,3.527276229858398,0.8603012322260328,0.04055739673459006,0.4323047697544098,0.024409748417258865,0.4323047697544098,-0.008196438053048484,-1.8130168914794922,-0.1324885485522082,-1.8130168914794922,-0.181960736169311,0.25965747237205505,0.03184491614046119,0.25965747237205505,-0.041302278785537626,paper_main_20260902_002859/task6_seed1006/results.parquet,6,1006,20260902_002859
paper_main,mi_infonce_cond,10,medium,10,0.5,1000,10,0.0,0.0,50,dml_learner,h_y,frozen,1006,42,0a7d44039a1dfc1e2ce0c5895278fca7,34,2.0,10000,histgbr,,,,,,,231.0354383872595,15.199849946208662,1.481188026409362,0.433469387755102,0.40276209189287693,2.168530359864235,0.5289036693294807,0.5278649738448897,13.764198303222656,0.7771846189386143,13.764198303222656,0.7697376811985606,10.14676284790039,0.7414877867600934,10.14676284790039,0.7301948118941957,3.961796760559082,0.4858827456533954,3.961796760559082,0.4470395524032049,paper_main_20260902_002859/task6_seed1006/results.parquet,6,1006,20260902_002859
paper_main,mi_infonce_cond,10,medium,10,0.5,1000,10,0.0,0.0,50,dml_learner,true_y,frozen,1006,42,0a7d44039a1dfc1e2ce0c5895278fca7,34,2.0,10000,histgbr,,,,,,,237.40210367591695,15.407858503890699,1.501457949212525,0.5087635054021609,0.5192956495167201,2.2953046709299088,0.5598238720346667,0.5933871143498527,16.31824493408203,0.9213968508338166,16.31824493408203,0.9187697756506565,11.283524513244629,0.8245581121382245,11.283524513244629,0.8168940222864618,3.8651514053344727,0.4740299643551053,3.8651514053344727,0.4342912557907929,paper_main_20260902_002859/task6_seed1006/results.parquet,6,1006,20260902_002859
paper_main,autoencoder,10,medium,10,0.5,1000,10,0.0,0.0,50,x_learner,h_y,frozen,1006,42,b9f116f6359230079c37508f5f8441c8,54,2.0,10000,histgbr,,,,,,,117.15388766002224,10.823764948483602,1.0547492968088257,,,3.527276229858398,0.8603012322260328,-0.0276736044747948,-4.5346784591674805,-0.2560470484846233,-4.5346784591674805,-0.2980266646317977,-3.934330701828003,-0.2875062922244588,-3.934330701828003,-0.3437503513176465,0.6736502647399902,0.08261782721933797,0.6736502647399902,0.013306687162608249,paper_main_20260902_002859/task6_seed1006/results.parquet,6,1006,20260902_002859
paper_main,autoencoder,10,medium,10,0.5,1000,10,0.0,0.0,50,x_learner,true_y,frozen,1006,42,b9f116f6359230079c37508f5f8441c8,54,2.0,10000,histgbr,,,,,,,127.53086379312379,11.292956379669754,1.100470848825867,,,3.527276229858398,0.8603012322260328,0.027873833274464396,-4.213484764099121,-0.23791109940804378,-4.213484764099121,-0.2792845756963506,-5.346329689025879,-0.3906899400162756,-5.346329689025879,-0.4514415244077101,1.0738019943237305,0.13169324244095715,1.0738019943237305,0.06608990604413251,paper_main_20260902_002859/task6_seed1006/results.parquet,6,1006,20260902_002859
paper_main,autoencoder,10,medium,10,0.5,1000,10,0.0,0.0,50,dml_learner,h_y,frozen,1006,42,b9f116f6359230079c37508f5f8441c8,54,2.0,10000,histgbr,,,,,,,220.67724412299617,14.855209326125168,1.4476036448734575,0.0974309723889556,0.048644235937589986,3.440772116780281,0.8392029143671245,0.18899461296092684,-4.704148292541504,-0.2656160291815625,-4.704148292541504,-0.30791545989066904,3.207981586456299,0.2344273934618291,3.207981586456299,0.20098374259790625,1.5914654731750488,0.19518053561378318,1.5914654731750488,0.13437386608000265,paper_main_20260902_002859/task6_seed1006/results.parquet,6,1006,20260902_002859
paper_main,autoencoder,10,medium,10,0.5,1000,10,0.0,0.0,50,dml_learner,true_y,frozen,1006,42,b9f116f6359230079c37508f5f8441c8,54,2.0,10000,histgbr,,,,,,,262.6783708924898,16.20735545647376,1.5793669626243438,0.053829531812725095,0.03266005744576503,3.7062198668718334,0.9039455122284091,0.15319559940940172,-4.704148292541504,-0.2656160291815625,-4.704148292541504,-0.30791545989066904,3.207981586456299,0.2344273934618291,3.207981586456299,0.20098374259790625,1.0326100587844849,0.12664138038234868,1.0326100587844849,0.06065635974412424,paper_main_20260902_002859/task6_seed1006/results.parquet,6,1006,20260902_002859
paper_main,pca,10,medium,10,0.5,1000,10,0.0,0.0,50,x_learner,h_y,frozen,1006,42,b4bf743fbcae0dbf7e5acfca52574495,0,2.0,10000,histgbr,,,,,,,117.4871192546633,10.83914753357769,1.0562482919263578,,,3.527276229858398,0.8603012322260328,-0.03565663663726862,-2.215102434158325,-0.12507401472109456,-2.215102434158325,-0.16267624891457763,-3.94854736328125,-0.2885451931029066,-3.94854736328125,-0.34483463605382947,0.5758664011955261,0.07062541696433125,0.5758664011955261,0.00040821218183616654,paper_main_20260902_002859/task6_seed1006/results.parquet,6,1006,20260902_002859
paper_main,pca,10,medium,10,0.5,1000,10,0.0,0.0,50,x_learner,true_y,frozen,1006,42,b4bf743fbcae0dbf7e5acfca52574495,0,2.0,10000,histgbr,,,,,,,127.53086379312377,11.292956379669754,1.100470848825867,,,3.527276229858398,0.8603012322260328,0.17712907332668457,0.654021143913269,0.03692878889946114,0.654021143913269,0.00474101391669149,-0.18320122361183167,-0.013387665787003872,-0.18320122361183167,-0.05765699177247655,1.9878283739089966,0.24379128122320143,1.9878283739089966,0.18665730808266331,paper_main_20260902_002859/task6_seed1006/results.parquet,6,1006,20260902_002859
paper_main,pca,10,medium,10,0.5,1000,10,0.0,0.0,50,dml_learner,h_y,frozen,1006,42,b4bf743fbcae0dbf7e5acfca52574495,0,2.0,10000,histgbr,,,,,,,535.2150375401826,23.134714987226072,2.2544211261782716,0.07812725090036014,0.1045764018365823,3.2383852922916407,0.7898408505117284,0.1925288234363872,2.634737968444824,0.14876840473371125,2.634737968444824,0.12031853443248486,4.8957366943359375,0.35776227556106643,4.8957366943359375,0.3297064464413432,1.905450463294983,0.23368828810937026,1.905450463294983,0.17579100171566264,paper_main_20260902_002859/task6_seed1006/results.parquet,6,1006,20260902_002859
paper_main,pca,10,medium,10,0.5,1000,10,0.0,0.0,50,dml_learner,true_y,frozen,1006,42,b4bf743fbcae0dbf7e5acfca52574495,0,2.0,10000,histgbr,,,,,,,602.1600307790734,24.538949259882205,2.3912603053999537,0.0710204081632653,0.10824408206815044,3.2383852922916407,0.7898408505117284,0.1862726117178496,2.634737968444824,0.14876840473371125,2.634737968444824,0.12031853443248486,4.8957366943359375,0.35776227556106643,4.8957366943359375,0.3297064464413432,1.905450701713562,0.2336883173495057,1.905450701713562,0.1757910331649833,paper_main_20260902_002859/task6_seed1006/results.parquet,6,1006,20260902_002859
paper_main,pls,10,medium,10,0.5,1000,10,0.0,0.0,50,x_learner,h_y,frozen,1006,42,2d76c26dca5bda0cb184a0dbfcc4efc8,0,2.0,10000,histgbr,,,,,,,113.60405322255669,10.658520217298305,1.038646603813495,,,3.527276229858398,0.8603012322260328,0.016687164030953695,-1.9713118076324463,-0.111308568960773,-1.9713118076324463,-0.14845073429791014,-0.45136189460754395,-0.03298385280874516,-0.45136189460754395,-0.07810922828112771,-0.30120670795440674,-0.036940598197029856,-0.30120670795440674,-0.11528475744125717,paper_main_20260902_002859/task6_seed1006/results.parquet,6,1006,20260902_002859
paper_main,pls,10,medium,10,0.5,1000,10,0.0,0.0,50,x_learner,true_y,frozen,1006,42,2d76c26dca5bda0cb184a0dbfcc4efc8,0,2.0,10000,histgbr,,,,,,,127.53086379312377,11.292956379669754,1.100470848825867,,,3.527276229858398,0.8603012322260328,0.10671230350025503,3.493068218231201,0.19723334641851137,3.493068218231201,0.17040327184944146,-1.9952106475830078,-0.14580259235117787,-1.9952106475830078,-0.1958563972160727,1.5326234102249146,0.18796402632922146,1.5326234102249146,0.12661212657342033,paper_main_20260902_002859/task6_seed1006/results.parquet,6,1006,20260902_002859
paper_main,pls,10,medium,10,0.5,1000,10,0.0,0.0,50,dml_learner,h_y,frozen,1006,42,2d76c26dca5bda0cb184a0dbfcc4efc8,0,2.0,10000,histgbr,,,,,,,378.18324378229977,19.446934045815546,1.8950559354843732,0.3804561824729892,0.44736142139434354,2.5022128707170483,0.6102886974792257,0.48470421064847535,12.317761421203613,0.6955126993537645,12.317761421203613,0.6853361219570503,8.583173751831055,0.6272264961765088,8.583173751831055,0.6109420748078187,2.6935575008392334,0.3303433248045706,2.6935575008392334,0.2797486337569916,paper_main_20260902_002859/task6_seed1006/results.parquet,6,1006,20260902_002859
paper_main,pls,10,medium,10,0.5,1000,10,0.0,0.0,50,dml_learner,true_y,frozen,1006,42,2d76c26dca5bda0cb184a0dbfcc4efc8,0,2.0,10000,histgbr,,,,,,,431.00991283227654,20.760778232818648,2.0230868229762557,0.424921968787515,0.4972732257686847,2.265256808400154,0.5524952106326237,0.5163302874264547,12.317761421203613,0.6955126993537645,12.317761421203613,0.6853361219570503,8.583173751831055,0.6272264961765088,8.583173751831055,0.6109420748078187,3.3542938232421875,0.4113773600882912,3.3542938232421875,0.36690504806175595,paper_main_20260902_002859/task6_seed1006/results.parquet,6,1006,20260902_002859
paper_main,ica,10,medium,10,0.5,1000,10,0.0,0.0,50,x_learner,h_y,frozen,1006,42,2c668c4e1d12971d94a618fc9ef854ed,0,2.0,10000,histgbr,,,,,,,117.053109264081,10.819108524461754,1.0542955397302063,,,3.527276229858398,0.8603012322260328,0.0011899534770548237,-5.491894721984863,-0.31009551103005123,-5.491894721984863,-0.3538815353955638,-1.0333983898162842,-0.07551692065660891,-1.0333983898162842,-0.12250033161658251,0.9891886711120605,0.12131609381732542,0.9891886711120605,0.05492873084686251,paper_main_20260902_002859/task6_seed1006/results.parquet,6,1006,20260902_002859
paper_main,ica,10,medium,10,0.5,1000,10,0.0,0.0,50,x_learner,true_y,frozen,1006,42,2c668c4e1d12971d94a618fc9ef854ed,0,2.0,10000,histgbr,,,,,,,127.53086379312377,11.292956379669754,1.100470848825867,,,3.527276229858398,0.8603012322260328,0.07994817543557534,-6.349294662475586,-0.35850792353301963,-6.349294662475586,-0.4039119879998845,-4.767458915710449,-0.3483882113802724,-4.767458915710449,-0.4072918662202041,1.6539076566696167,0.20283857094335225,1.6539076566696167,0.14261049032816636,paper_main_20260902_002859/task6_seed1006/results.parquet,6,1006,20260902_002859
paper_main,ica,10,medium,10,0.5,1000,10,0.0,0.0,50,dml_learner,h_y,frozen,1006,42,2c668c4e1d12971d94a618fc9ef854ed,0,2.0,10000,histgbr,,,,,,,500.45017754016544,22.37074378602923,2.1799740099410094,0.07505402160864347,0.1057773943501612,3.2383852922916407,0.7898408505117284,0.18869826156364872,2.634737968444824,0.14876840473371125,2.634737968444824,0.12031853443248486,4.8957366943359375,0.35776227556106643,4.8957366943359375,0.3297064464413432,1.1519745588302612,0.14128048342598948,1.1519745588302612,0.07640149356912106,paper_main_20260902_002859/task6_seed1006/results.parquet,6,1006,20260902_002859
paper_main,ica,10,medium,10,0.5,1000,10,0.0,0.0,50,dml_learner,true_y,frozen,1006,42,2c668c4e1d12971d94a618fc9ef854ed,0,2.0,10000,histgbr,,,,,,,558.6159290816521,23.63505720495832,2.3031782457968744,0.08388955582232892,0.1098137193567311,3.439020248651504,0.8387756344458281,0.19832148652855755,2.634737968444824,0.14876840473371125,2.634737968444824,0.12031853443248486,4.8957366943359375,0.35776227556106643,4.8957366943359375,0.3297064464413432,1.9054505825042725,0.233688302729438,1.9054505825042725,0.17579101744032297,paper_main_20260902_002859/task6_seed1006/results.parquet,6,1006,20260902_002859
paper_main,raw_x,10,medium,10,0.5,1000,10,0.0,0.0,50,x_learner,h_y,frozen,1006,42,dd34b7e5891261e9fb24703963931ff3,0,2.0,10000,histgbr,,,,,,,106.05163193128804,10.298137303963665,1.00352817448407,,,4.100047864317894,1.0,-0.07171792345189784,-6.393141746520996,-0.3609837146074204,-6.393141746520996,-0.4064705249866214,-4.053609371185303,-0.2962227348845663,-4.053609371185303,-0.3528475673526246,-1.0303786993026733,-0.12636772195485044,-1.0303786993026733,-0.2114683847409563,paper_main_20260902_002859/task6_seed1006/results.parquet,6,1006,20260902_002859
paper_main,raw_x,10,medium,10,0.5,1000,10,0.0,0.0,50,x_learner,true_y,frozen,1006,42,dd34b7e5891261e9fb24703963931ff3,0,2.0,10000,histgbr,,,,,,,127.53086379312377,11.292956379669754,1.100470848825867,,,3.527276229858398,0.8603012322260328,0.10628939063009528,-3.431492328643799,-0.19375651229925964,-3.431492328643799,-0.23365425356617534,-2.5580649375915527,-0.18693389580459596,-2.5580649375915527,-0.23878450079076785,1.3635073900222778,0.16722329650479795,1.3635073900222778,0.10430436866365476,paper_main_20260902_002859/task6_seed1006/results.parquet,6,1006,20260902_002859
paper_main,raw_x,10,medium,10,0.5,1000,10,0.0,0.0,50,dml_learner,h_y,frozen,1006,42,dd34b7e5891261e9fb24703963931ff3,0,2.0,10000,histgbr,,,,,,,1073.022241028089,32.75701819500806,3.1920909287280064,-0.13786314525810325,-0.16875702850273316,4.8513054198026655,1.1832314110337234,-0.08357260538408466,-1.988771677017212,-0.11229442673727277,-1.988771677017212,-0.14946954142219357,-2.0087108612060547,-0.14678913788005193,-2.0087108612060547,-0.19688603948580094,-1.7790910005569458,-0.21819130873232082,-1.7790910005569458,-0.31022953546122006,paper_main_20260902_002859/task6_seed1006/results.parquet,6,1006,20260902_002859
paper_main,raw_x,10,medium,10,0.5,1000,10,0.0,0.0,50,dml_learner,true_y,frozen,1006,42,dd34b7e5891261e9fb24703963931ff3,0,2.0,10000,histgbr,,,,,,,1654.4155059236978,40.67450683073733,3.9636307405009217,0.30602641056422564,0.30032620308116237,2.408558728098869,0.5874464903349537,0.40887252711251043,7.5708794593811035,0.4274837471857444,7.5708794593811035,0.40834910365455074,3.203503131866455,0.23410012461444335,3.203503131866455,0.20064217717697916,3.268375873565674,0.4008402094435813,3.268375873565674,0.35557178218197383,paper_main_20260902_002859/task6_seed1006/results.parquet,6,1006,20260902_002859
paper_main,encoder_pred,10,medium,10,0.5,1000,10,0.0,0.0,100,x_learner,h_y,frozen,1006,42,046578539f5ee11f7116ae6569884826,46,2.0,10000,histgbr,,,,,,,94.94136937052488,9.743786192775623,1.0568411250293652,0.13142514251425141,0.09225482110075256,3.629037039875984,0.9552524139050314,0.24728590796767227,9.531903266906738,0.5530879917304563,9.531903266906738,0.5340639565146051,3.823634624481201,0.28837289540197536,3.823634624481201,0.24849117662125675,0.16028118133544922,0.021115877250826285,0.16028118133544922,-0.07890014445627776,paper_main_20260902_002859/task6_seed1006/results.parquet,6,1006,20260902_002859
paper_main,encoder_pred,10,medium,10,0.5,1000,10,0.0,0.0,100,x_learner,true_y,frozen,1006,42,046578539f5ee11f7116ae6569884826,46,2.0,10000,histgbr,,,,,,,52.65308624733012,7.256244638056942,0.7870346901144274,0.6069126912691268,0.6404722343469458,1.4329267168045043,0.3771817950977129,0.6921581551706256,14.491963386535645,0.8408951183462241,14.491963386535645,0.8341223827392414,10.423789978027344,0.7861468974519735,10.423789978027344,0.7741619277380638,5.2414231300354,0.6905192893595853,5.2414231300354,0.6588985604561366,paper_main_20260902_002859/task6_seed1006/results.parquet,6,1006,20260902_002859
paper_main,encoder_pred,10,medium,10,0.5,1000,10,0.0,0.0,100,dml_learner,h_y,frozen,1006,42,046578539f5ee11f7116ae6569884826,46,2.0,10000,histgbr,,,,,,,79.36815360710689,8.90888060348251,0.9662846878472715,0.23615961596159615,0.2872569426998307,2.5295777255296708,0.665847496710916,0.3760519460399065,7.591423034667969,0.4404917678086539,7.591423034667969,0.4166747655446489,5.145386695861816,0.38805749114948423,5.145386695861816,0.35376239630240214,2.5389139652252197,0.3344834071811723,2.5389139652252197,0.2664852443272616,paper_main_20260902_002859/task6_seed1006/results.parquet,6,1006,20260902_002859
paper_main,encoder_pred,10,medium,10,0.5,1000,10,0.0,0.0,100,dml_learner,true_y,frozen,1006,42,046578539f5ee11f7116ae6569884826,46,2.0,10000,histgbr,,,,,,,24.491616709694068,4.948900555648099,0.5367730292324598,0.8439243924392438,0.8733328825356113,0.34681995093822504,0.09129159930962998,0.8878359220246906,16.539953231811523,0.95972957972191,16.539953231811523,0.9580153588476625,12.451810836791992,0.9390972455927592,12.451810836791992,0.9356840724455493,6.9044294357299805,0.9096082474382234,6.9044294357299805,0.900372605265408,paper_main_20260902_002859/task6_seed1006/results.parquet,6,1006,20260902_002859
paper_main,mi_mine_cond,10,medium,10,0.5,1000,10,0.0,0.0,100,x_learner,h_y,frozen,1006,42,170fb0fe08485992dcf5ba3960c91803,16,2.0,10000,histgbr,,,,,,,74.11492866229565,8.609002768166338,0.9337590122447125,0.3443744374437443,0.35824112189266266,2.5354314067959787,0.6673883305735713,0.47260434979004473,9.139680862426758,0.5303293153222848,9.139680862426758,0.5103364946331329,6.296402931213379,0.4748654414483566,6.296402931213379,0.4454353246767032,2.5813708305358887,0.3400767896911168,2.5813708305358887,0.27265012233246416,paper_main_20260902_002859/task6_seed1006/results.parquet,6,1006,20260902_002859
paper_main,mi_mine_cond,10,medium,10,0.5,1000,10,0.0,0.0,100,x_learner,true_y,frozen,1006,42,170fb0fe08485992dcf5ba3960c91803,16,2.0,10000,histgbr,,,,,,,75.38573621723921,8.68249596701543,0.9417303114313951,0.34184218421842183,0.37372919929730397,2.1091980069875715,0.5551931450243373,0.4702690311885809,9.967912673950195,0.578387405768206,9.967912673950195,0.5604403094904205,5.937253475189209,0.447778918104148,5.937253475189209,0.4168307912682612,2.7508764266967773,0.3624079163526461,2.7508764266967773,0.29726289847325044,paper_main_20260902_002859/task6_seed1006/results.parquet,6,1006,20260902_002859
paper_main,mi_mine_cond,10,medium,10,0.5,1000,10,0.0,0.0,100,dml_learner,h_y,frozen,1006,42,170fb0fe08485992dcf5ba3960c91803,16,2.0,10000,histgbr,,,,,,,53.46562349069472,7.312019111756665,0.7930841616819007,0.5085028502850284,0.6160019051653829,1.5975471329689026,0.4205139650896913,0.6126995732323514,14.085240364074707,0.8172950446374964,14.085240364074707,0.8095177071737188,8.35555648803711,0.6301637718527957,8.35555648803711,0.609437039621004,4.339324474334717,0.5716743674342558,4.339324474334717,0.5279108363187536,paper_main_20260902_002859/task6_seed1006/results.parquet,6,1006,20260902_002859
paper_main,mi_mine_cond,10,medium,10,0.5,1000,10,0.0,0.0,100,dml_learner,true_y,frozen,1006,42,170fb0fe08485992dcf5ba3960c91803,16,2.0,10000,histgbr,,,,,,,64.97615003447022,8.060778500521536,0.874296916061228,0.4947254725472547,0.5997572665264419,1.5302878367900847,0.4028096528089423,0.6009342667250661,14.940402030944824,0.8669157379754338,14.940402030944824,0.8612506414003068,8.147919654846191,0.614504107512486,8.147919654846191,0.5928997606909949,4.373938083648682,0.5762344581410497,4.373938083648682,0.5329368474756986,paper_main_20260902_002859/task6_seed1006/results.parquet,6,1006,20260902_002859
paper_main,mi_infonce_cond,10,medium,10,0.5,1000,10,0.0,0.0,100,x_learner,h_y,frozen,1006,42,0a7d44039a1dfc1e2ce0c5895278fca7,34,2.0,10000,histgbr,,,,,,,76.8054208740243,8.763870199519406,0.9505564118533918,0.2645544554455445,0.3120631722255768,2.6519057527184486,0.6980472626478086,0.3908819129030571,7.331895351409912,0.4254326929195905,7.331895351409912,0.4009746598358567,4.611746311187744,0.34781111879826465,4.611746311187744,0.31126049645133824,2.707371234893799,0.35667642446924946,2.707371234893799,0.2909457999758514,paper_main_20260902_002859/task6_seed1006/results.parquet,6,1006,20260902_002859
paper_main,mi_infonce_cond,10,medium,10,0.5,1000,10,0.0,0.0,100,x_learner,true_y,frozen,1006,42,0a7d44039a1dfc1e2ce0c5895278fca7,34,2.0,10000,histgbr,,,,,,,64.12374400148052,8.007730265279951,0.8685431407315612,0.528016801680168,0.5687713586495515,1.340501211285591,0.3528531133335962,0.6361842223683162,7.908668518066406,0.45889991384047374,7.908668518066406,0.43586650479367456,7.69524621963501,0.5803641433151697,7.69524621963501,0.5568464904342219,4.517656326293945,0.5951682889570986,4.517656326293945,0.5538052141473074,paper_main_20260902_002859/task6_seed1006/results.parquet,6,1006,20260902_002859
paper_main,mi_infonce_cond,10,medium,10,0.5,1000,10,0.0,0.0,100,dml_learner,h_y,frozen,1006,42,0a7d44039a1dfc1e2ce0c5895278fca7,34,2.0,10000,histgbr,,,,,,,32.52725299998345,5.703266870836701,0.6185939281576932,0.78001800180018,0.790063210778666,0.4146496206521988,0.10914604802886065,0.8301683970799115,15.426737785339355,0.8951353346470309,15.426737785339355,0.8906714825919075,10.871213912963867,0.8198909520652714,10.871213912963867,0.8097971004494686,6.2921953201293945,0.8289508656665374,6.2921953201293945,0.811474176102475,paper_main_20260902_002859/task6_seed1006/results.parquet,6,1006,20260902_002859
paper_main,mi_infonce_cond,10,medium,10,0.5,1000,10,0.0,0.0,100,dml_learner,true_y,frozen,1006,42,0a7d44039a1dfc1e2ce0c5895278fca7,34,2.0,10000,histgbr,,,,,,,23.405733968611518,4.837947288738429,0.5247386954420243,0.8559255925592558,0.8572171700644856,0.40992160558700563,0.10790151738495202,0.8876057812059379,15.426737785339355,0.8951353346470309,15.426737785339355,0.8906714825919075,12.59981918334961,0.9502598172378651,12.59981918334961,0.9474722281083848,6.956475257873535,0.9164649051109766,6.956475257873535,0.9079298316844496,paper_main_20260902_002859/task6_seed1006/results.parquet,6,1006,20260902_002859
paper_main,autoencoder,10,medium,10,0.5,1000,10,0.0,0.0,100,x_learner,h_y,frozen,1006,42,b9f116f6359230079c37508f5f8441c8,54,2.0,10000,histgbr,,,,,,,130.69327777764838,11.432116067362523,1.2399625943204347,-0.12633663366336634,-0.12288923274833752,4.132814193964005,1.0878590357788147,0.0015490118800688837,-3.048586130142212,-0.1768939878137117,-3.048586130142212,-0.22699170784630465,-0.08154990524053574,-0.006150373820605524,-0.08154990524053574,-0.06253806057474447,-0.35720086097717285,-0.047058609572496676,-0.35720086097717285,-0.15404025754274045,paper_main_20260902_002859/task6_seed1006/results.parquet,6,1006,20260902_002859
paper_main,autoencoder,10,medium,10,0.5,1000,10,0.0,0.0,100,x_learner,true_y,frozen,1006,42,b9f116f6359230079c37508f5f8441c8,54,2.0,10000,histgbr,,,,,,,140.53067117963425,11.854563306154903,1.2857825257390765,-0.13087308730873085,-0.1293651279420823,4.060322772264481,1.0687774984990948,-0.00489857826437823,-2.020235300064087,-0.11722400591440602,-2.020235300064087,-0.16478170953218618,-0.5002523064613342,-0.03772829263605297,-0.5002523064613342,-0.09588570073686464,-0.6623861789703369,-0.08726455053078665,-0.6623861789703369,-0.1983541804063302,paper_main_20260902_002859/task6_seed1006/results.parquet,6,1006,20260902_002859
paper_main,autoencoder,10,medium,10,0.5,1000,10,0.0,0.0,100,dml_learner,h_y,frozen,1006,42,b9f116f6359230079c37508f5f8441c8,54,2.0,10000,histgbr,,,,,,,160.24328586570883,12.658723706034065,1.3730042447811548,-0.008868886888688867,-0.03783546375237776,3.6608206227421762,0.9636186399649666,0.1230375352389736,-3.6073105335235596,-0.20931393056217293,-3.6073105335235596,-0.2607916943643005,-0.9870034456253052,-0.07443834710679605,-0.9870034456253052,-0.13465309683971718,0.6347113251686096,0.08361859028178646,0.6347113251686096,-0.01001131016951372,paper_main_20260902_002859/task6_seed1006/results.parquet,6,1006,20260902_002859
paper_main,autoencoder,10,medium,10,0.5,1000,10,0.0,0.0,100,dml_learner,true_y,frozen,1006,42,b9f116f6359230079c37508f5f8441c8,54,2.0,10000,histgbr,,,,,,,168.43079465919578,12.978089021855096,1.4076435926681092,-0.0123012301230123,-0.045487054414708225,3.532362196147442,0.9298052010987554,0.11773220276477551,-1.3957115411758423,-0.08098606036257833,-1.3957115411758423,-0.12700119645124372,-1.2502083778381348,-0.09428887568510987,-1.2502083778381348,-0.15561610861786096,1.0399380922317505,0.13700426289014014,1.0399380922317505,0.048828963720399,paper_main_20260902_002859/task6_seed1006/results.parquet,6,1006,20260902_002859
paper_main,pca,10,medium,10,0.5,1000,10,0.0,0.0,100,x_learner,h_y,frozen,1006,42,b4bf743fbcae0dbf7e5acfca52574495,0,2.0,10000,histgbr,,,,,,,121.69321145955725,11.031464610810174,1.1965067007170447,0.1491029102910291,0.15094278995010227,2.6272667610645293,0.6915616699148128,0.2874310702533778,4.137908935546875,0.24010186413356552,4.137908935546875,0.20775471608274906,2.869935989379883,0.21644634808382135,2.869935989379883,0.1725336497149503,2.3391165733337402,0.3081615572480471,2.3391165733337402,0.2374739987311555,paper_main_20260902_002859/task6_seed1006/results.parquet,6,1006,20260902_002859
paper_main,pca,10,medium,10,0.5,1000,10,0.0,0.0,100,x_learner,true_y,frozen,1006,42,b4bf743fbcae0dbf7e5acfca52574495,0,2.0,10000,histgbr,,,,,,,123.78682871255006,11.12595293503213,1.2067551960039087,0.16728472847284728,0.16352353867528602,2.691000149250031,0.7083378759004721,0.29861585511671185,4.086923122406006,0.2371434160453718,4.086923122406006,0.2046703335386163,3.0850682258605957,0.2326713047078249,3.0850682258605957,0.189667901604869,2.622417688369751,0.3454844139944215,2.622417688369751,0.27861026256399146,paper_main_20260902_002859/task6_seed1006/results.parquet,6,1006,20260902_002859
paper_main,pca,10,medium,10,0.5,1000,10,0.0,0.0,100,dml_learner,h_y,frozen,1006,42,b4bf743fbcae0dbf7e5acfca52574495,0,2.0,10000,histgbr,,,,,,,274.4074729988631,16.56524895674264,1.7967180311094655,0.16504050405040505,0.14019698989783913,2.6302560353279114,0.6923485209236462,0.2822859015391578,1.6934372186660767,0.09826157108050243,1.6934372186660767,0.05987660198183297,2.348423480987549,0.17711464231084897,2.348423480987549,0.1309976771024093,2.1947484016418457,0.28914210301784526,2.1947484016418457,0.21651126020106867,paper_main_20260902_002859/task6_seed1006/results.parquet,6,1006,20260902_002859
paper_main,pca,10,medium,10,0.5,1000,10,0.0,0.0,100,dml_learner,true_y,frozen,1006,42,b4bf743fbcae0dbf7e5acfca52574495,0,2.0,10000,histgbr,,,,,,,294.65082670379655,17.165396200023945,1.8618118534926935,0.17084908490849085,0.14166542838709012,2.8253796279430388,0.7437098823006003,0.2856786036323678,2.2347922325134277,0.12967365626831304,2.2347922325134277,0.09262582871822289,2.3066554069519043,0.17396455564516575,2.3066554069519043,0.12767105012548172,2.5907626152038574,0.3413140888585092,2.5907626152038574,0.27401384069239243,paper_main_20260902_002859/task6_seed1006/results.parquet,6,1006,20260902_002859
paper_main,pls,10,medium,10,0.5,1000,10,0.0,0.0,100,x_learner,h_y,frozen,1006,42,2d76c26dca5bda0cb184a0dbfcc4efc8,0,2.0,10000,histgbr,,,,,,,77.03895058251024,8.777183522207466,0.9520004159242077,0.3892109210921092,0.4694895286184104,2.334948172569275,0.6146161788048776,0.5059701078361878,14.956631660461426,0.867857461044218,14.956631660461426,0.862232451494037,8.103893280029297,0.6111837031258552,8.103893280029297,0.5893932708768556,2.8864550590515137,0.38026941284764565,2.8864550590515137,0.3169493666678094,paper_main_20260902_002859/task6_seed1006/results.parquet,6,1006,20260902_002859
paper_main,pls,10,medium,10,0.5,1000,10,0.0,0.0,100,x_learner,true_y,frozen,1006,42,2d76c26dca5bda0cb184a0dbfcc4efc8,0,2.0,10000,histgbr,,,,,,,70.10070080972874,8.3726161269778,0.9081197875251845,0.4306750675067506,0.5082417213124264,1.9191474908590318,0.5051671430020794,0.5346362467932427,15.082235336303711,0.8751456051724491,15.082235336303711,0.869830835463642,8.156923294067383,0.6151831487301656,8.156923294067383,0.5936168574165509,3.510538339614868,0.4624878357271768,3.510538339614868,0.40756833397986075,paper_main_20260902_002859/task6_seed1006/results.parquet,6,1006,20260902_002859
paper_main,pls,10,medium,10,0.5,1000,10,0.0,0.0,100,dml_learner,h_y,frozen,1006,42,2d76c26dca5bda0cb184a0dbfcc4efc8,0,2.0,10000,histgbr,,,,,,,59.221483386291595,7.6955495831221565,0.8346830603873624,0.6757635763576356,0.7174400884354633,0.7570641368627546,0.199278027827401,0.7422419080002435,13.626482009887695,0.7906756246012286,13.626482009887695,0.7817651585241557,10.74914264678955,0.8106845168460984,10.74914264678955,0.8000747089689173,5.979300022125244,0.787729191044683,5.979300022125244,0.7660407385068747,paper_main_20260902_002859/task6_seed1006/results.parquet,6,1006,20260902_002859
paper_main,pls,10,medium,10,0.5,1000,10,0.0,0.0,100,dml_learner,true_y,frozen,1006,42,2d76c26dca5bda0cb184a0dbfcc4efc8,0,2.0,10000,histgbr,,,,,,,56.92961028672899,7.545171322556499,0.8183725700982792,0.7219081908190818,0.7748784696805715,0.8157122138142587,0.21471565396987952,0.7790807781416793,14.491706848144531,0.8408802327247936,14.491706848144531,0.8341068634705134,11.225109100341797,0.8465812062018954,11.225109100341797,0.8379831565345921,5.8701276779174805,0.7733465305210407,5.8701276779174805,0.7501885511478207,paper_main_20260902_002859/task6_seed1006/results.parquet,6,1006,20260902_002859
paper_main,ica,10,medium,10,0.5,1000,10,0.0,0.0,100,x_learner,h_y,frozen,1006,42,2c668c4e1d12971d94a618fc9ef854ed,0,2.0,10000,histgbr,,,,,,,136.39233855490815,11.67871305216924,1.2667092644233982,0.23959195919591958,0.18852460813424335,2.853438173532486,0.7510955863070548,0.31397893332944765,1.5711933374404907,0.09116837878981558,1.5711933374404907,0.05248146850936108,3.5688648223876953,0.26915853192166217,3.5688648223876953,0.22819998254255708,2.454890251159668,0.32341389535461884,2.454890251159668,0.25428472167991534,paper_main_20260902_002859/task6_seed1006/results.parquet,6,1006,20260902_002859
paper_main,ica,10,medium,10,0.5,1000,10,0.0,0.0,100,x_learner,true_y,frozen,1006,42,2c668c4e1d12971d94a618fc9ef854ed,0,2.0,10000,histgbr,,,,,,,150.14740249221842,12.253464917818896,1.3290486257649137,0.23888388838883887,0.18696348036933502,2.850126725435257,0.7502239311672364,0.3134969018845833,1.5711930990219116,0.09116836495559492,1.5711930990219116,0.05248145408624888,3.7045655250549316,0.27939287918007555,3.7045655250549316,0.2390078933381474,2.454890012741089,0.323413863944709,2.454890012741089,0.2542846870607449,paper_main_20260902_002859/task6_seed1006/results.parquet,6,1006,20260902_002859
paper_main,ica,10,medium,10,0.5,1000,10,0.0,0.0,100,dml_learner,h_y,frozen,1006,42,2c668c4e1d12971d94a618fc9ef854ed,0,2.0,10000,histgbr,,,,,,,265.3997386005152,16.291093842971847,1.7669823212798614,0.14276627662766272,0.1470527602538562,2.5796415823698045,0.6790255435510133,0.25407707103165655,4.066843509674072,0.23597829798136585,4.066843509674072,0.20345561902906817,2.183603525161743,0.16468416383960588,2.183603525161743,0.11787055730947299,1.6471692323684692,0.21700253911428954,1.6471692323684692,0.13700094421190795,paper_main_20260902_002859/task6_seed1006/results.parquet,6,1006,20260902_002859
paper_main,ica,10,medium,10,0.5,1000,10,0.0,0.0,100,dml_learner,true_y,frozen,1006,42,2c668c4e1d12971d94a618fc9ef854ed,0,2.0,10000,histgbr,,,,,,,279.2868538055544,16.711877626573095,1.8126218292141563,0.13557755775577557,0.14070092245697327,2.8587973231077193,0.7525062471826447,0.24836536269250187,4.6081976890563965,0.26739033474940416,4.6081976890563965,0.2362047952845654,1.5207064151763916,0.11468943951732188,1.5207064151763916,0.06507397858471066,1.6471689939498901,0.21700250770437973,1.6471689939498901,0.13700090959273756,paper_main_20260902_002859/task6_seed1006/results.parquet,6,1006,20260902_002859
paper_main,raw_x,10,medium,10,0.5,1000,10,0.0,0.0,100,x_learner,h_y,frozen,1006,42,dd34b7e5891261e9fb24703963931ff3,0,2.0,10000,histgbr,,,,,,,121.24370223488286,11.011071802276238,1.1942948337602868,-0.1675247524752475,-0.14671410662252515,4.097974445521832,1.078688351260156,-0.030903044367678458,-0.7851039171218872,-0.045555597519358226,-0.7851039171218872,-0.0900625387947914,-1.294122338294983,-0.09760080194616766,-1.294122338294983,-0.15911364516682452,-1.2266411781311035,-0.16160103346141666,-1.2266411781311035,-0.28028588233953133,paper_main_20260902_002859/task6_seed1006/results.parquet,6,1006,20260902_002859
paper_main,raw_x,10,medium,10,0.5,1000,10,0.0,0.0,100,x_learner,true_y,frozen,1006,42,dd34b7e5891261e9fb24703963931ff3,0,2.0,10000,histgbr,,,,,,,120.96202838281532,10.99827388196963,1.192906731822572,0.23924392439243922,0.1862764610536263,2.754788536131382,0.7251285589047991,0.29516047500722137,3.148303985595703,0.1826801091021978,3.148303985595703,0.1478886465786007,4.990303993225098,0.3763613819815791,4.990303993225098,0.34141080207265906,2.062513828277588,0.27172116191789664,2.062513828277588,0.1973103604903733,paper_main_20260902_002859/task6_seed1006/results.parquet,6,1006,20260902_002859
paper_main,raw_x,10,medium,10,0.5,1000,10,0.0,0.0,100,dml_learner,h_y,frozen,1006,42,dd34b7e5891261e9fb24703963931ff3,0,2.0,10000,histgbr,,,,,,,946.6726612242246,30.768046106703373,3.337197247459406,-0.07455145514551455,-0.02430551723943301,3.982439607977867,1.0482767210559711,0.05953557759559844,1.8700602054595947,0.10851010700492997,1.8700602054595947,0.07056139494283499,0.7144296169281006,0.05388123014563244,0.7144296169281006,0.0008578946533659124,-0.5698241591453552,-0.07507017916149739,-0.5698241591453552,-0.1849138673742525,paper_main_20260902_002859/task6_seed1006/results.parquet,6,1006,20260902_002859
paper_main,raw_x,10,medium,10,0.5,1000,10,0.0,0.0,100,dml_learner,true_y,frozen,1006,42,dd34b7e5891261e9fb24703963931ff3,0,2.0,10000,histgbr,,,,,,,1964.6755204632216,44.324660410015795,4.80758947779432,0.31150315031503145,0.338849640102575,2.4369348824024204,0.6414616063064038,0.4405253928465205,10.048056602478027,0.5830377513747065,10.048056602478027,0.5652886098104819,6.170660972595215,0.4653821680079307,6.170660972595215,0.43542058013009266,2.8447484970092773,0.37477487732388576,2.8447484970092773,0.3108934351918182,paper_main_20260902_002859/task6_seed1006/results.parquet,6,1006,20260902_002859
paper_main,encoder_pred,10,medium,10,0.5,1000,10,0.0,0.0,250,x_learner,h_y,frozen,1006,42,046578539f5ee11f7116ae6569884826,46,2.0,10000,histgbr,,,,,,,51.88062171208393,7.202820399821443,0.8282904781870958,0.7775690491047856,0.7463457518624779,0.6018500502109525,0.1780047779504519,0.7802388236226594,11.924483299255371,0.7620089881726968,11.924483299255371,0.7608322030127735,9.075438499450684,0.7420204601526523,9.075438499450684,0.7403860909338075,5.4603424072265625,0.8085787884601521,5.4603424072265625,0.8063710546823988,paper_main_20260902_002859/task6_seed1006/results.parquet,6,1006,20260902_002859
paper_main,encoder_pred,10,medium,10,0.5,1000,10,0.0,0.0,250,x_learner,true_y,frozen,1006,42,046578539f5ee11f7116ae6569884826,46,2.0,10000,histgbr,,,,,,,16.44551397631263,4.055306890521681,0.4663412242833233,0.9091595065521049,0.8871618030457101,0.3724623125791551,0.11016044814206741,0.9130879825331452,14.279149055480957,0.9124789435877378,14.279149055480957,0.9120461815284652,11.425503730773926,0.9341650583933621,11.425503730773926,0.9337479764722532,6.288432598114014,0.9312040953268701,6.288432598114014,0.9304106459421537,paper_main_20260902_002859/task6_seed1006/results.parquet,6,1006,20260902_002859
paper_main,encoder_pred,10,medium,10,0.5,1000,10,0.0,0.0,250,dml_learner,h_y,frozen,1006,42,046578539f5ee11f7116ae6569884826,46,2.0,10000,histgbr,,,,,,,50.889802352429754,7.133708877745836,0.8203429781120334,0.743398646378342,0.7386344004594824,0.8912955901622772,0.2636119637432007,0.7693326706331515,8.946338653564453,0.5716969275875154,8.946338653564453,0.5695791135755716,8.688715934753418,0.710401485992291,8.688715934753418,0.7085668021355888,5.051906108856201,0.7480966972890236,5.051906108856201,0.7451914005058254,paper_main_20260902_002859/task6_seed1006/results.parquet,6,1006,20260902_002859
paper_main,encoder_pred,10,medium,10,0.5,1000,10,0.0,0.0,250,dml_learner,true_y,frozen,1006,42,046578539f5ee11f7116ae6569884826,46,2.0,10000,histgbr,,,,,,,8.994142420296992,2.9990235778161183,0.3448736099855089,0.9369822877166033,0.9403892216007104,0.20660727077722552,0.061106718101557524,0.9484816825423888,14.506221771240234,0.9269895471950369,14.506221771240234,0.9266285351689084,11.494165420532227,0.9397789335391632,11.494165420532227,0.9393974170149929,6.348963737487793,0.9401676715440296,6.348963737487793,0.9394776024995842,paper_main_20260902_002859/task6_seed1006/results.parquet,6,1006,20260902_002859
paper_main,mi_mine_cond,10,medium,10,0.5,1000,10,0.0,0.0,250,x_learner,h_y,frozen,1006,42,170fb0fe08485992dcf5ba3960c91803,16,2.0,10000,histgbr,,,,,,,59.091366734123625,7.687090914912066,0.883979310373758,0.4585528728459655,0.4893754930376002,1.969671201109886,0.5825552139873937,0.5021503150155097,11.937851905822754,0.7628632808164986,11.937851905822754,0.761690719845118,7.892744064331055,0.6453217200289033,7.892744064331055,0.6430747384902875,2.77579402923584,0.4110453165361928,2.77579402923584,0.4042526777382802,paper_main_20260902_002859/task6_seed1006/results.parquet,6,1006,20260902_002859
paper_main,mi_mine_cond,10,medium,10,0.5,1000,10,0.0,0.0,250,x_learner,true_y,frozen,1006,42,170fb0fe08485992dcf5ba3960c91803,16,2.0,10000,histgbr,,,,,,,56.652697585092156,7.526798627908957,0.865546451065646,0.47733230931694903,0.5207064084945272,1.8570796320438385,0.5492548308709182,0.5210084209773956,11.696106910705566,0.7474150761017027,11.696106910705566,0.746166128976424,7.372368812561035,0.6027751164908138,7.372368812561035,0.6002585908665306,2.7964835166931152,0.4141090585974827,2.7964835166931152,0.40735175510426613,paper_main_20260902_002859/task6_seed1006/results.parquet,6,1006,20260902_002859
paper_main,mi_mine_cond,10,medium,10,0.5,1000,10,0.0,0.0,250,dml_learner,h_y,frozen,1006,42,170fb0fe08485992dcf5ba3960c91803,16,2.0,10000,histgbr,,,,,,,51.41531834877297,7.170447569627225,0.8245677549323964,0.5168619017904287,0.5799847524527945,1.7157722936868667,0.5074613951502006,0.5583802391031306,10.645984649658203,0.6803092249284032,10.645984649658203,0.6787284620374852,7.724511623382568,0.6315668019329066,7.724511623382568,0.6292326793180755,3.2809507846832275,0.48584997288183324,3.2809507846832275,0.4799200846914368,paper_main_20260902_002859/task6_seed1006/results.parquet,6,1006,20260902_002859
paper_main,mi_mine_cond,10,medium,10,0.5,1000,10,0.0,0.0,250,dml_learner,true_y,frozen,1006,42,170fb0fe08485992dcf5ba3960c91803,16,2.0,10000,histgbr,,,,,,,50.91588291373193,7.135536624090155,0.8205531603475335,0.5058163490615849,0.5822973597970724,1.8510182791948318,0.5474621089668682,0.5446697223547112,10.906002044677734,0.6969250888709948,10.906002044677734,0.6954264858144201,7.739712715148926,0.6328096643144849,7.739712715148926,0.6304834155644607,3.020120620727539,0.4472257031499511,3.020120620727539,0.4408503465381495,paper_main_20260902_002859/task6_seed1006/results.parquet,6,1006,20260902_002859
paper_main,mi_infonce_cond,10,medium,10,0.5,1000,10,0.0,0.0,250,x_learner,h_y,frozen,1006,42,0a7d44039a1dfc1e2ce0c5895278fca7,34,2.0,10000,histgbr,,,,,,,41.17385639288441,6.416685779503654,0.7378886932698161,0.7179920318725099,0.7284590230558483,1.0170878555178642,0.30081662004364823,0.7435716152428495,11.826748847961426,0.7557634739251518,11.826748847961426,0.7545558068070142,10.000646591186523,0.8176667591175275,10.000646591186523,0.8165116293865153,4.954807281494141,0.7337181022607322,4.954807281494141,0.7306469716618078,paper_main_20260902_002859/task6_seed1006/results.parquet,6,1006,20260902_002859
paper_main,mi_infonce_cond,10,medium,10,0.5,1000,10,0.0,0.0,250,x_learner,true_y,frozen,1006,42,0a7d44039a1dfc1e2ce0c5895278fca7,34,2.0,10000,histgbr,,,,,,,35.810843989340924,5.984216238517867,0.6881567295360889,0.8459398070369125,0.8481463823226932,0.8298275356292724,0.24543200779842891,0.8598131568812576,14.037242889404297,0.8970204395822583,14.037242889404297,0.8965112404425741,10.969265937805176,0.8968624225925472,10.969265937805176,0.8962090185205781,5.74914026260376,0.8513445717380899,5.74914026260376,0.849630072035679,paper_main_20260902_002859/task6_seed1006/results.parquet,6,1006,20260902_002859
paper_main,mi_infonce_cond,10,medium,10,0.5,1000,10,0.0,0.0,250,dml_learner,h_y,frozen,1006,42,0a7d44039a1dfc1e2ce0c5895278fca7,34,2.0,10000,histgbr,,,,,,,31.713086718019554,5.631437358083597,0.6475888170588523,0.823773436374982,0.8350110778328557,0.6416324486732483,0.18977092634926862,0.843890184497248,12.467838287353516,0.7967309441944818,12.467838287353516,0.7957258473779805,10.425610542297363,0.8524124021595294,10.425610542297363,0.8514773953479953,5.691908359527588,0.8428695532503564,5.691908359527588,0.8410573079301432,paper_main_20260902_002859/task6_seed1006/results.parquet,6,1006,20260902_002859
paper_main,mi_infonce_cond,10,medium,10,0.5,1000,10,0.0,0.0,250,dml_learner,true_y,frozen,1006,42,0a7d44039a1dfc1e2ce0c5895278fca7,34,2.0,10000,histgbr,,,,,,,21.74526485237909,4.663181837799068,0.5362439849811778,0.9455179762876205,0.9518390756923436,0.3957755954861639,0.117055646947324,0.9538322644481184,15.067218780517578,0.9628388794201097,15.067218780517578,0.9626551302318997,11.844460487365723,0.9684195448657374,11.844460487365723,0.9682194742561879,6.398738384246826,0.9475384041045346,6.398738384246826,0.9469333445274816,paper_main_20260902_002859/task6_seed1006/results.parquet,6,1006,20260902_002859
paper_main,autoencoder,10,medium,10,0.5,1000,10,0.0,0.0,250,x_learner,h_y,frozen,1006,42,b9f116f6359230079c37508f5f8441c8,54,2.0,10000,histgbr,,,,,,,126.97254432429277,11.268209455112768,1.2957911040124062,0.142070369125906,0.15618878985390178,2.732534729659557,0.8081817682402113,0.19124751612212185,1.096847653388977,0.0700917389511312,1.096847653388977,0.06549365672403233,1.1426762342453003,0.0934267964232823,1.1426762342453003,0.08768341328742553,1.3586658239364624,0.2011940431403748,1.3586658239364624,0.19198110963816278,paper_main_20260902_002859/task6_seed1006/results.parquet,6,1006,20260902_002859
paper_main,autoencoder,10,medium,10,0.5,1000,10,0.0,0.0,250,x_learner,true_y,frozen,1006,42,b9f116f6359230079c37508f5f8441c8,54,2.0,10000,histgbr,,,,,,,124.34319592732292,11.150928029869215,1.28230429156879,0.16737867805884893,0.1786170934446407,2.5402359315752983,0.7513069622297617,0.225781953605264,1.7147959470748901,0.1095804230473261,1.7147959470748901,0.10517759902377241,2.2212936878204346,0.1816160579425959,2.2212936878204346,0.17643137730905814,1.450344204902649,0.2147699672640195,1.450344204902649,0.2057136100681159,paper_main_20260902_002859/task6_seed1006/results.parquet,6,1006,20260902_002859
paper_main,autoencoder,10,medium,10,0.5,1000,10,0.0,0.0,250,dml_learner,h_y,frozen,1006,42,b9f116f6359230079c37508f5f8441c8,54,2.0,10000,histgbr,,,,,,,123.931962964165,11.132473353400178,1.2801820905490744,0.02883770940335045,0.020246742819829792,2.938007184922695,0.8689528502750624,0.05613057396370908,-0.6121791005134583,-0.03912001595841573,-0.6121791005134583,-0.04425811342172023,-1.4884767532348633,-0.12169992727389546,-1.4884767532348633,-0.12880619560432874,0.5661670565605164,0.08383918782343824,0.5661670565605164,0.07327275605432905,paper_main_20260902_002859/task6_seed1006/results.parquet,6,1006,20260902_002859
paper_main,autoencoder,10,medium,10,0.5,1000,10,0.0,0.0,250,dml_learner,true_y,frozen,1006,42,b9f116f6359230079c37508f5f8441c8,54,2.0,10000,histgbr,,,,,,,132.34317849822855,11.504050525716085,1.3229117182027894,0.03607468919502712,0.026016157338730105,3.0273334919810293,0.8953722373756856,0.06247954225971445,-0.35627707839012146,-0.022767136252363582,-0.35627707839012146,-0.02782437424953808,-1.2600818872451782,-0.10302604572333156,-1.2600818872451782,-0.1100140100315906,0.9336451292037964,0.13825610028122257,0.9336451292037964,0.12831727950019386,paper_main_20260902_002859/task6_seed1006/results.parquet,6,1006,20260902_002859
paper_main,pca,10,medium,10,0.5,1000,10,0.0,0.0,250,x_learner,h_y,frozen,1006,42,b4bf743fbcae0dbf7e5acfca52574495,0,2.0,10000,histgbr,,,,,,,170.3406543499294,13.051461770619007,1.5008567354108406,0.07049699995199922,0.11371390825445199,2.9670752255320547,0.8775500915851032,0.13972687774978482,1.3115862607955933,0.08381415734403111,1.3115862607955933,0.07928392784044072,0.7901854515075684,0.0646066603138864,0.7901854515075684,0.05868069392600899,1.1432697772979736,0.16929775139875158,1.1432697772979736,0.15971694580913304,paper_main_20260902_002859/task6_seed1006/results.parquet,6,1006,20260902_002859
paper_main,pca,10,medium,10,0.5,1000,10,0.0,0.0,250,x_learner,true_y,frozen,1006,42,b4bf743fbcae0dbf7e5acfca52574495,0,2.0,10000,histgbr,,,,,,,174.0539246835839,13.19294980978795,1.5171271946359386,0.06628906062496999,0.10829663296726358,2.945052839457989,0.8710366918741965,0.1333679457419051,0.43032360076904297,0.027498923297525728,0.43032360076904297,0.022690233984908503,1.8858582973480225,0.15419039439973906,1.8858582973480225,0.14883196486996186,0.9103019833564758,0.13479939900126345,0.9103019833564758,0.12482071076712452,paper_main_20260902_002859/task6_seed1006/results.parquet,6,1006,20260902_002859
paper_main,pca,10,medium,10,0.5,1000,10,0.0,0.0,250,dml_learner,h_y,frozen,1006,42,b4bf743fbcae0dbf7e5acfca52574495,0,2.0,10000,histgbr,,,,,,,203.5751962930087,14.267978002962042,1.6407503820488656,0.026704171266740264,0.08402317149503502,3.200698941886425,0.9466472657716681,0.07435801502195835,2.466732978820801,0.15763137522284404,2.466732978820801,0.1534661469261465,0.404488205909729,0.03307151766756225,0.404488205909729,0.026945767736836712,0.33114805817604065,0.049037088832844127,0.33114805817604065,0.03806927119400727,paper_main_20260902_002859/task6_seed1006/results.parquet,6,1006,20260902_002859
paper_main,pca,10,medium,10,0.5,1000,10,0.0,0.0,250,dml_learner,true_y,frozen,1006,42,b4bf743fbcae0dbf7e5acfca52574495,0,2.0,10000,histgbr,,,,,,,212.32655004584845,14.571429238267894,1.6756458472758176,0.029853021648346374,0.08647762576840975,3.1617314195036887,0.9351221272980783,0.07710968403416307,2.2872514724731445,0.1461619876095267,2.2872514724731445,0.14194004706545002,0.7685054540634155,0.06283407360299718,0.7685054540634155,0.05689687740534601,0.3481542468070984,0.05155540039173588,0.3481542468070984,0.040616627399763114,paper_main_20260902_002859/task6_seed1006/results.parquet,6,1006,20260902_002859
paper_main,pls,10,medium,10,0.5,1000,10,0.0,0.0,250,x_learner,h_y,frozen,1006,42,2d76c26dca5bda0cb184a0dbfcc4efc8,0,2.0,10000,histgbr,,,,,,,30.808321154116143,5.5505244035240615,0.638284207738688,0.7726122977967648,0.7896388024872172,0.6991818872690199,0.2067919019806952,0.7934630463458221,14.049073219299316,0.8977764318954529,14.049073219299316,0.8972709708823826,10.071808815002441,0.8234850814018524,10.071808815002441,0.8223668122949518,5.6073079109191895,0.830341743978097,5.6073079109191895,0.8283850106595625,paper_main_20260902_002859/task6_seed1006/results.parquet,6,1006,20260902_002859
paper_main,pls,10,medium,10,0.5,1000,10,0.0,0.0,250,x_learner,true_y,frozen,1006,42,2d76c26dca5bda0cb184a0dbfcc4efc8,0,2.0,10000,histgbr,,,,,,,26.712450066585404,5.168408852498552,0.5943427160850171,0.7964091585465367,0.8105844442694293,0.5904796695709229,0.1746418438104096,0.8141824760057347,14.4674711227417,0.9245132686249417,14.4674711227417,0.924140012237773,9.950042724609375,0.8135293166826136,9.950042724609375,0.8123479751498268,5.564401149749756,0.8239880221094439,5.564401149749756,0.8219580088953793,paper_main_20260902_002859/task6_seed1006/results.parquet,6,1006,20260902_002859
paper_main,pls,10,medium,10,0.5,1000,10,0.0,0.0,250,dml_learner,h_y,frozen,1006,42,2d76c26dca5bda0cb184a0dbfcc4efc8,0,2.0,10000,histgbr,,,,,,,24.178934778917466,4.917208026809265,0.5654558022815949,0.8145734171746748,0.8356889134271037,0.4917994715571403,0.1454559249434208,0.8368894072653316,13.3469820022583,0.8529107715162085,13.3469820022583,0.8521834649682205,9.77358627319336,0.7991019920652366,9.77358627319336,0.7978292495815105,5.694938659667969,0.8433182863578145,5.694938659667969,0.8415112164475287,paper_main_20260902_002859/task6_seed1006/results.parquet,6,1006,20260902_002859
paper_main,pls,10,medium,10,0.5,1000,10,0.0,0.0,250,dml_learner,true_y,frozen,1006,42,2d76c26dca5bda0cb184a0dbfcc4efc8,0,2.0,10000,histgbr,,,,,,,12.306852753579614,3.508112420316603,0.40341643312807884,0.9163972543560698,0.9305644336876906,0.23636078476905809,0.06990669684959525,0.9284786918066819,14.400420188903809,0.9202285199303768,14.400420188903809,0.9198340769083051,11.460576057434082,0.9370326205468127,11.460576057434082,0.9366337053970667,6.287290573120117,0.93103498190557,6.287290573120117,0.9302395820713215,paper_main_20260902_002859/task6_seed1006/results.parquet,6,1006,20260902_002859
paper_main,ica,10,medium,10,0.5,1000,10,0.0,0.0,250,x_learner,h_y,frozen,1006,42,2c668c4e1d12971d94a618fc9ef854ed,0,2.0,10000,histgbr,,,,,,,183.16768858030417,13.533945787548587,1.5563401287091299,0.08405932894926318,0.10186304208516711,3.0124684136509896,0.8909757021150715,0.12980806184953245,-0.8945390582084656,-0.05716363430765639,-0.8945390582084656,-0.06239095136854852,2.210956335067749,0.1807708616199309,2.210956335067749,0.1755808264421744,0.9010443091392517,0.13342850347049692,0.9010443091392517,0.12343400417579319,paper_main_20260902_002859/task6_seed1006/results.parquet,6,1006,20260902_002859
paper_main,ica,10,medium,10,0.5,1000,10,0.0,0.0,250,x_learner,true_y,frozen,1006,42,2c668c4e1d12971d94a618fc9ef854ed,0,2.0,10000,histgbr,,,,,,,190.81651011825102,13.813634935028904,1.5885030655659138,0.08393030288484614,0.11070926255347709,2.9335928314328195,0.8676472492993963,0.13095070057684463,1.1737825870513916,0.07500810383537662,1.1737825870513916,0.07043433137187818,1.4913274049758911,0.12193300052063064,1.4913274049758911,0.11637021179373508,0.7875819206237793,0.11662675848831101,0.7875819206237793,0.10643847826607071,paper_main_20260902_002859/task6_seed1006/results.parquet,6,1006,20260902_002859
paper_main,ica,10,medium,10,0.5,1000,10,0.0,0.0,250,dml_learner,h_y,frozen,1006,42,2c668c4e1d12971d94a618fc9ef854ed,0,2.0,10000,histgbr,,,,,,,260.8379942070765,16.150479689689607,1.857229224465406,0.029204051264820237,0.0835826816716537,3.2062594646811484,0.9482918608415136,0.07155364502402871,1.8105474710464478,0.11569922250106146,1.8105474710464478,0.11132665387387093,0.2625877857208252,0.021469542171744797,0.2625877857208252,0.015270290630622654,-0.023403694853186607,-0.003465667501883373,-0.023403694853186607,-0.015039019436804213,paper_main_20260902_002859/task6_seed1006/results.parquet,6,1006,20260902_002859
paper_main,ica,10,medium,10,0.5,1000,10,0.0,0.0,250,dml_learner,true_y,frozen,1006,42,2c668c4e1d12971d94a618fc9ef854ed,0,2.0,10000,histgbr,,,,,,,263.3252331343248,16.227299009210522,1.8660630850044753,0.02485633370133922,0.07909790683415015,3.0852654950022695,0.9125063612831378,0.07034329423349021,1.5312234163284302,0.09784960713690871,1.5312234163284302,0.09338877819135744,0.3956672251224518,0.03235030202347306,0.3956672251224518,0.026219982999207987,0.19817234575748444,0.029345770519230454,0.19817234575748444,0.018150845402493187,paper_main_20260902_002859/task6_seed1006/results.parquet,6,1006,20260902_002859
paper_main,raw_x,10,medium,10,0.5,1000,10,0.0,0.0,250,x_learner,h_y,frozen,1006,42,dd34b7e5891261e9fb24703963931ff3,0,2.0,10000,histgbr,,,,,,,89.41111919130267,9.455745300678455,1.0873662484918405,0.03860452167234675,0.01902724612757383,3.4546632028222084,1.0217604137383078,0.03214138099117932,0.8754100203514099,0.05594123343573916,0.8754100203514099,0.05127318173891927,1.5268309116363525,0.12483581654994128,1.5268309116363525,0.11929141793711864,-0.127420574426651,-0.018868701999061863,-0.127420574426651,-0.030619703000487747,paper_main_20260902_002859/task6_seed1006/results.parquet,6,1006,20260902_002859
paper_main,raw_x,10,medium,10,0.5,1000,10,0.0,0.0,250,x_learner,true_y,frozen,1006,42,dd34b7e5891261e9fb24703963931ff3,0,2.0,10000,histgbr,,,,,,,72.31935118355919,8.504078502904308,0.9779290415023854,0.5411295540728651,0.5356668425811459,1.4210573650002478,0.4202957208744287,0.5600242453233818,5.965458869934082,0.38121008377345533,5.965458869934082,0.37815037666546597,5.071841716766357,0.41468082503387377,5.071841716766357,0.4109726718860297,3.8173294067382812,0.5652780277604448,3.8173294067382812,0.5602642135946883,paper_main_20260902_002859/task6_seed1006/results.parquet,6,1006,20260902_002859
paper_main,raw_x,10,medium,10,0.5,1000,10,0.0,0.0,250,dml_learner,h_y,frozen,1006,42,dd34b7e5891261e9fb24703963931ff3,0,2.0,10000,histgbr,,,,,,,525.7546428557848,22.929340218501377,2.636766310953405,0.026915374645994333,0.04855054951042808,3.295395440340042,0.9746549550192026,0.05514198283181943,1.5741504430770874,0.1005927683621879,1.5741504430770874,0.09614550342225348,0.8510267734527588,0.06958113132251022,0.8510267734527588,0.06368667953575716,0.2540511190891266,0.03762041475790337,0.2540511190891266,0.026520924266397312,paper_main_20260902_002859/task6_seed1006/results.parquet,6,1006,20260902_002859
paper_main,raw_x,10,medium,10,0.5,1000,10,0.0,0.0,250,dml_learner,true_y,frozen,1006,42,dd34b7e5891261e9fb24703963931ff3,0,2.0,10000,histgbr,,,,,,,1336.2818921078076,36.555189674077845,4.203674929353024,0.23392617481879707,0.22629694118922888,2.36394264960289,0.6991659904035473,0.27639329252649486,2.012270450592041,0.12858990461089492,2.012270450592041,0.12428107605225434,2.7896547317504883,0.22808604651398526,2.7896547317504883,0.2231957656571356,2.3150932788848877,0.3428237973017124,2.3150932788848877,0.33524433372522894,paper_main_20260902_002859/task6_seed1006/results.parquet,6,1006,20260902_002859
paper_main,encoder_pred,10,medium,10,0.5,1000,10,0.0,0.0,500,x_learner,h_y,frozen,1006,42,046578539f5ee11f7116ae6569884826,46,2.0,10000,histgbr,,,,,,,55.799419954364396,7.469900933370161,0.8512729265366286,0.7397232788931155,0.7245669548469298,0.801081524580717,0.25835582361963605,0.7062906557004754,12.004891395568848,0.8072393383095829,12.004891395568848,0.814813961863866,8.873824119567871,0.7617754995077254,8.873824119567871,0.7735978922061465,4.5152177810668945,0.7310621615668487,4.5152177810668945,0.7551745836292357,paper_main_20260902_002859/task6_seed1006/results.parquet,6,1006,20260902_002859
paper_main,encoder_pred,10,medium,10,0.5,1000,10,0.0,0.0,500,x_learner,true_y,frozen,1006,42,046578539f5ee11f7116ae6569884826,46,2.0,10000,histgbr,,,,,,,12.230751784725616,3.4972491739545264,0.39854792797056626,0.9275986223944896,0.9206861824146167,0.268313980549574,0.08653361400368118,0.9212583866417355,14.300952911376953,0.961632336768792,14.300952911376953,0.9631400126767564,10.826244354248047,0.9293814695474953,10.826244354248047,0.9328860628914617,5.675722599029541,0.9189603321237618,5.675722599029541,0.926226184660586,paper_main_20260902_002859/task6_seed1006/results.parquet,6,1006,20260902_002859
paper_main,encoder_pred,10,medium,10,0.5,1000,10,0.0,0.0,500,dml_learner,h_y,frozen,1006,42,046578539f5ee11f7116ae6569884826,46,2.0,10000,histgbr,,,,,,,55.16930974336863,7.4276045764007,0.8464528166181178,0.7317251029004116,0.7420978801230419,0.8323738766610624,0.2684478818517176,0.716820916276789,10.085856437683105,0.6781985616334654,10.085856437683105,0.6908439050011288,8.161554336547852,0.7006305339964236,8.161554336547852,0.7154873744208857,4.539545059204102,0.7350010086839466,4.539545059204102,0.7587602816889901,paper_main_20260902_002859/task6_seed1006/results.parquet,6,1006,20260902_002859
paper_main,encoder_pred,10,medium,10,0.5,1000,10,0.0,0.0,500,dml_learner,true_y,frozen,1006,42,046578539f5ee11f7116ae6569884826,46,2.0,10000,histgbr,,,,,,,10.150691193740668,3.186014939346749,0.3630795489256227,0.9364153936615744,0.9414332219425117,0.24555957347154633,0.07919511798144771,0.9372341399923144,14.1578369140625,0.9520088542093181,14.1578369140625,0.9538946895250682,10.740551948547363,0.9220251850102901,10.740551948547363,0.9258948494717125,5.72391414642334,0.9267630602567639,5.72391414642334,0.9333293359877465,paper_main_20260902_002859/task6_seed1006/results.parquet,6,1006,20260902_002859
paper_main,mi_mine_cond,10,medium,10,0.5,1000,10,0.0,0.0,500,x_learner,h_y,frozen,1006,42,170fb0fe08485992dcf5ba3960c91803,16,2.0,10000,histgbr,,,,,,,58.38168085591717,7.6407905910263745,0.8707475809243428,0.46061109044436177,0.5050268371615948,1.8213906172700227,0.5874144623472211,0.4235413052050361,8.969890594482422,0.6031581885757024,8.969890594482422,0.6187522797444,5.9815826416015625,0.5134903558213259,5.9815826416015625,0.5376344218311775,2.5820631980895996,0.41806371130376857,2.5820631980895996,0.4702389406735492,paper_main_20260902_002859/task6_seed1006/results.parquet,6,1006,20260902_002859
paper_main,mi_mine_cond,10,medium,10,0.5,1000,10,0.0,0.0,500,x_learner,true_y,frozen,1006,42,170fb0fe08485992dcf5ba3960c91803,16,2.0,10000,histgbr,,,,,,,54.96014963783505,7.413511289384744,0.8448467399392426,0.5104813699254797,0.5493556031276975,1.71064040883258,0.5516965479540789,0.4793089866884786,8.90422534942627,0.5987426909903906,8.90422534942627,0.6145102912751094,6.039896011352539,0.518496280636995,6.039896011352539,0.5423919170820147,2.8421120643615723,0.4601684104584737,2.8421120643615723,0.5085686177534768,paper_main_20260902_002859/task6_seed1006/results.parquet,6,1006,20260902_002859
paper_main,mi_mine_cond,10,medium,10,0.5,1000,10,0.0,0.0,500,dml_learner,h_y,frozen,1006,42,170fb0fe08485992dcf5ba3960c91803,16,2.0,10000,histgbr,,,,,,,57.06546615225423,7.554168792941698,0.8608761258387746,0.5243982575930304,0.5649884719641322,1.6037302178926767,0.5172170729118003,0.4901156795083236,9.198948860168457,0.6185606471847812,9.198948860168457,0.6335494912830907,6.304841995239258,0.5412406303669849,6.304841995239258,0.5640075305417112,3.0494441986083984,0.4937377055787055,3.0494441986083984,0.5391281578426141,paper_main_20260902_002859/task6_seed1006/results.parquet,6,1006,20260902_002859
paper_main,mi_mine_cond,10,medium,10,0.5,1000,10,0.0,0.0,500,dml_learner,true_y,frozen,1006,42,170fb0fe08485992dcf5ba3960c91803,16,2.0,10000,histgbr,,,,,,,48.9390994707252,6.9956486097234185,0.7972269402419463,0.5633416773667095,0.6105923387965313,1.508509788591415,0.4865076486114225,0.5361089974560477,10.420601844787598,0.7007076916230082,10.420601844787598,0.7124685278266577,6.9906158447265625,0.600111046289536,6.9906158447265625,0.6199563780532988,3.105882167816162,0.5028756178044413,3.105882167816162,0.5474467833601661,paper_main_20260902_002859/task6_seed1006/results.parquet,6,1006,20260902_002859
paper_main,mi_infonce_cond,10,medium,10,0.5,1000,10,0.0,0.0,500,x_learner,h_y,frozen,1006,42,0a7d44039a1dfc1e2ce0c5895278fca7,34,2.0,10000,histgbr,,,,,,,20.425249594279972,4.519430228942579,0.5150360937295992,0.8796653426613705,0.8823491774366495,0.43183415952324866,0.13927030711276966,0.875496902213705,13.561339378356934,0.9118988473662748,13.561339378356934,0.9153608248260258,10.119525909423828,0.8687130599573007,10.119525909423828,0.8752284509357748,5.329768180847168,0.8629466032133821,5.329768180847168,0.8752345332705882,paper_main_20260902_002859/task6_seed1006/results.parquet,6,1006,20260902_002859
paper_main,mi_infonce_cond,10,medium,10,0.5,1000,10,0.0,0.0,500,x_learner,true_y,frozen,1006,42,0a7d44039a1dfc1e2ce0c5895278fca7,34,2.0,10000,histgbr,,,,,,,13.079180714044423,3.6165149956891405,0.41213950917216796,0.9295673022692089,0.9245653702486976,0.19188824841380114,0.061885644520168544,0.9263151519202488,13.835606575012207,0.9303412691302692,13.835606575012207,0.9330785426952185,10.893777847290039,0.935178897995747,10.893777847290039,0.938395781739674,5.740962028503418,0.9295232951176068,5.740962028503418,0.9358420937797481,paper_main_20260902_002859/task6_seed1006/results.parquet,6,1006,20260902_002859
paper_main,mi_infonce_cond,10,medium,10,0.5,1000,10,0.0,0.0,500,dml_learner,h_y,frozen,1006,42,0a7d44039a1dfc1e2ce0c5895278fca7,34,2.0,10000,histgbr,,,,,,,14.775576192239768,3.8439011683756603,0.43805252922469573,0.935944511778047,0.9384642917965396,0.23418744060397145,0.0755275053063807,0.9346749602803309,13.76661491394043,0.9257020948972546,13.76661491394043,0.9286216670604224,11.086880683898926,0.9517558560052841,11.086880683898926,0.9541500732857322,5.776764392852783,0.9353200817045577,5.776764392852783,0.9411191522183489,paper_main_20260902_002859/task6_seed1006/results.parquet,6,1006,20260902_002859
paper_main,mi_infonce_cond,10,medium,10,0.5,1000,10,0.0,0.0,500,dml_learner,true_y,frozen,1006,42,0a7d44039a1dfc1e2ce0c5895278fca7,34,2.0,10000,histgbr,,,,,,,6.3710860730778425,2.5241010425650243,0.28764757398316193,0.9718634394537577,0.9724099358630693,0.09883079008758067,0.031873797345932306,0.9716052130090942,14.477887153625488,0.97352984387075,14.477887153625488,0.9745700014752315,11.33395004272461,0.9729655826909257,11.33395004272461,0.9743072226026074,5.992985725402832,0.9703286333216522,5.992985725402832,0.9729889079809728,paper_main_20260902_002859/task6_seed1006/results.parquet,6,1006,20260902_002859
paper_main,autoencoder,10,medium,10,0.5,1000,10,0.0,0.0,500,x_learner,h_y,frozen,1006,42,b9f116f6359230079c37508f5f8441c8,54,2.0,10000,histgbr,,,,,,,127.32851538426802,11.283993769240926,1.285928486153165,0.13732499729998918,0.16068071346293944,2.8985329510718585,0.9348023202192448,0.04123858497944637,1.6671851873397827,0.11210575948770865,1.6671851873397827,0.14699599367199498,1.9727873802185059,0.16935439239488467,1.9727873802185059,0.21057693057224883,0.7753456234931946,0.12553676809325381,0.7753456234931946,0.20393937089775155,paper_main_20260902_002859/task6_seed1006/results.parquet,6,1006,20260902_002859
paper_main,autoencoder,10,medium,10,0.5,1000,10,0.0,0.0,500,x_learner,true_y,frozen,1006,42,b9f116f6359230079c37508f5f8441c8,54,2.0,10000,histgbr,,,,,,,133.59528973845676,11.558342862991077,1.3171934196526238,0.12752211008844033,0.14927641343943793,2.831146862283349,0.9130697150657638,0.031244157823819528,1.6217033863067627,0.10904744785778628,1.6217033863067627,0.14405785987869757,1.9578070640563965,0.16806840366292294,1.9578070640563965,0.20935476174027043,0.3901636302471161,0.06317167426325732,0.3901636302471161,0.14716580510691207,paper_main_20260902_002859/task6_seed1006/results.parquet,6,1006,20260902_002859
paper_main,autoencoder,10,medium,10,0.5,1000,10,0.0,0.0,500,dml_learner,h_y,frozen,1006,42,b9f116f6359230079c37508f5f8441c8,54,2.0,10000,histgbr,,,,,,,94.5506374084753,9.723715206055518,1.1081185110888827,-0.01632006528026112,-0.00913880968787046,3.4435771151632073,1.1105838475695338,-0.15664282307868754,-0.11223697662353516,-0.007547098908107823,-0.11223697662353516,0.032044952294206,-0.5415912866592407,-0.046493030216150574,-0.5415912866592407,0.005441391028557766,-0.685772716999054,-0.11103395431669248,-0.685772716999054,-0.011420899537173271,paper_main_20260902_002859/task6_seed1006/results.parquet,6,1006,20260902_002859
paper_main,autoencoder,10,medium,10,0.5,1000,10,0.0,0.0,500,dml_learner,true_y,frozen,1006,42,b9f116f6359230079c37508f5f8441c8,54,2.0,10000,histgbr,,,,,,,93.11831311416015,9.649783060471368,1.0996931739260567,-0.024571874287497145,-0.017089130568903987,3.536129947379232,1.140432948393593,-0.1603169566287106,-0.36142754554748535,-0.024303304636500118,-0.36142754554748535,0.01594718978486914,-0.4149883985519409,-0.0356247757829361,-0.4149883985519409,0.015770285439648965,-0.6684634685516357,-0.1082314014391484,-0.6684634685516357,-0.008869617876164606,paper_main_20260902_002859/task6_seed1006/results.parquet,6,1006,20260902_002859
paper_main,pca,10,medium,10,0.5,1000,10,0.0,0.0,500,x_learner,h_y,frozen,1006,42,b4bf743fbcae0dbf7e5acfca52574495,0,2.0,10000,histgbr,,,,,,,229.05064921225153,15.134419354975318,1.7247245406144676,0.029687542750171,0.04464934632846004,3.178680195242167,1.0251522656137206,-0.08483082198413677,-1.4074876308441162,-0.09464303727236588,-1.4074876308441162,-0.05162850899184077,-0.8209874629974365,-0.07047786008462245,-0.8209874629974365,-0.01735314112946056,-0.08444183319807053,-0.013672038005188333,-0.08444183319807053,0.07721174449125146,paper_main_20260902_002859/task6_seed1006/results.parquet,6,1006,20260902_002859
paper_main,pca,10,medium,10,0.5,1000,10,0.0,0.0,500,x_learner,true_y,frozen,1006,42,b4bf743fbcae0dbf7e5acfca52574495,0,2.0,10000,histgbr,,,,,,,217.9593187072588,14.763445353550058,1.6824481936214954,0.047612254449017795,0.06906269747598393,3.1091205287873747,1.0027186625830666,-0.054570758955075856,-1.4421989917755127,-0.09697711719918874,-1.4421989917755127,-0.053870870117554266,-0.8227331042289734,-0.07062771506294943,-0.8227331042289734,-0.017495559238792396,-0.012826843187212944,-0.002076803414852599,-0.012826843187212944,0.08776737382565344,paper_main_20260902_002859/task6_seed1006/results.parquet,6,1006,20260902_002859
paper_main,pca,10,medium,10,0.5,1000,10,0.0,0.0,500,dml_learner,h_y,frozen,1006,42,b4bf743fbcae0dbf7e5acfca52574495,0,2.0,10000,histgbr,,,,,,,138.01663431284683,11.748048106508877,1.3388123058024142,0.012455953823815294,0.03419118809216275,3.2751996526755396,1.0562806378896523,-0.1146842139452111,-0.12713202834129333,-0.008548679955077418,-0.12713202834129333,0.031082728859538465,-0.14343252778053284,-0.012312998772956512,-0.14343252778053284,0.03792516640518102,-0.7971251606941223,-0.12906310864116724,-0.7971251606941223,-0.027833596389421757,paper_main_20260902_002859/task6_seed1006/results.parquet,6,1006,20260902_002859
paper_main,pca,10,medium,10,0.5,1000,10,0.0,0.0,500,dml_learner,true_y,frozen,1006,42,b4bf743fbcae0dbf7e5acfca52574495,0,2.0,10000,histgbr,,,,,,,144.92182491806793,12.038348097561721,1.3718950099990839,0.011785199140796563,0.033597577441209184,3.411500817477703,1.1002389599982663,-0.11443957682768935,-0.3377963900566101,-0.022714285819638,-0.3377963900566101,0.01747376733776769,-0.13287325203418732,-0.011406535285768998,-0.13287325203418732,0.03878664473219329,-0.6118245720863342,-0.09906095693649136,-0.6118245720863342,-0.0005213768597705251,paper_main_20260902_002859/task6_seed1006/results.parquet,6,1006,20260902_002859
paper_main,pls,10,medium,10,0.5,1000,10,0.0,0.0,500,x_learner,h_y,frozen,1006,42,2d76c26dca5bda0cb184a0dbfcc4efc8,0,2.0,10000,histgbr,,,,,,,27.683859856781872,5.261545386745407,0.5996078367614021,0.7924746258985035,0.8050143882600364,0.6656841424703601,0.21468897936258918,0.7766297440181534,13.604208946228027,0.9147815058145348,13.604208946228027,0.9181302078145023,9.900396347045898,0.8499018316088301,9.900396347045898,0.8573507694232331,4.751283645629883,0.7692837556488038,4.751283645629883,0.7899693069749244,paper_main_20260902_002859/task6_seed1006/results.parquet,6,1006,20260902_002859
paper_main,pls,10,medium,10,0.5,1000,10,0.0,0.0,500,x_learner,true_y,frozen,1006,42,2d76c26dca5bda0cb184a0dbfcc4efc8,0,2.0,10000,histgbr,,,,,,,21.546109180999178,4.641778665662461,0.5289789709796092,0.8317236148944595,0.8497145096155282,0.5215095771253111,0.16819141646570573,0.8198527512108668,14.006485939025879,0.9418316308663257,14.006485939025879,0.9441173851021241,10.301148414611816,0.8843044862406246,10.301148414611816,0.8900461198437278,5.069329738616943,0.8207788275348097,5.069329738616943,0.836847434980209,paper_main_20260902_002859/task6_seed1006/results.parquet,6,1006,20260902_002859
paper_main,pls,10,medium,10,0.5,1000,10,0.0,0.0,500,dml_learner,h_y,frozen,1006,42,2d76c26dca5bda0cb184a0dbfcc4efc8,0,2.0,10000,histgbr,,,,,,,16.71391488142967,4.088265510143595,0.4659003882811256,0.8806706586826347,0.8928870220803018,0.40736748129501965,0.13137958861417595,0.881249795399077,13.23188591003418,0.8897455607592155,13.23188591003418,0.894078062344932,10.476629257202148,0.8993686800669946,10.476629257202148,0.9043627213161104,5.409234046936035,0.8758129788015785,5.409234046936035,0.8869473356747236,paper_main_20260902_002859/task6_seed1006/results.parquet,6,1006,20260902_002859
paper_main,pls,10,medium,10,0.5,1000,10,0.0,0.0,500,dml_learner,true_y,frozen,1006,42,2d76c26dca5bda0cb184a0dbfcc4efc8,0,2.0,10000,histgbr,,,,,,,10.768762494031831,3.281579268284073,0.37397009843794166,0.9155393421573687,0.9282039287321521,0.2835753023363652,0.09145552424473237,0.9172935486862368,13.517243385314941,0.9089337209796704,13.517243385314941,0.9125122145167809,10.501797676086426,0.9015292688513848,10.501797676086426,0.9064160863304179,5.644077301025391,0.9138366191415556,5.644077301025391,0.9215618534101333,paper_main_20260902_002859/task6_seed1006/results.parquet,6,1006,20260902_002859
paper_main,ica,10,medium,10,0.5,1000,10,0.0,0.0,500,x_learner,h_y,frozen,1006,42,2c668c4e1d12971d94a618fc9ef854ed,0,2.0,10000,histgbr,,,,,,,196.1427422173869,14.005097008496119,1.5960265100159778,0.11798149592598368,0.13557941036238283,3.05851083406806,0.9863965917811086,0.020984016804023512,-0.6167373657226562,-0.041470984335644764,-0.6167373657226562,-0.0005458776262642973,0.5559499859809875,0.04772565610558927,0.5559499859809875,0.0949842765534728,0.11939996480941772,0.01933213426173947,0.11939996480941772,0.10725682949788025,paper_main_20260902_002859/task6_seed1006/results.parquet,6,1006,20260902_002859
paper_main,ica,10,medium,10,0.5,1000,10,0.0,0.0,500,x_learner,true_y,frozen,1006,42,2c668c4e1d12971d94a618fc9ef854ed,0,2.0,10000,histgbr,,,,,,,204.4430402823048,14.298357957552497,1.6294466461822954,0.08445268981075925,0.11259564668946372,3.0244885655343534,0.9754241115294454,-0.01433560961721862,-0.22425608336925507,-0.015079547693177459,-0.22425608336925507,0.02480849473207818,0.0055603026412427425,0.000477325476015078,0.0055603026412427425,0.050080743868246826,0.0828099474310875,0.013407818205814914,0.0828099474310875,0.10186367562427885,paper_main_20260902_002859/task6_seed1006/results.parquet,6,1006,20260902_002859
paper_main,ica,10,medium,10,0.5,1000,10,0.0,0.0,500,dml_learner,h_y,frozen,1006,42,2c668c4e1d12971d94a618fc9ef854ed,0,2.0,10000,histgbr,,,,,,,149.71053937944782,12.235625827044885,1.394376859707078,0.04400542402169609,0.058584290344961126,3.3486201369166375,1.0799593885468834,-0.07857377644085531,0.18199682235717773,0.012237927825676374,0.18199682235717773,0.05105251682068293,0.623609721660614,0.0535339218824884,0.623609721660614,0.10050429490506764,-0.4411914050579071,-0.07143361801922575,-0.4411914050579071,0.024628950788590627,paper_main_20260902_002859/task6_seed1006/results.parquet,6,1006,20260902_002859
paper_main,ica,10,medium,10,0.5,1000,10,0.0,0.0,500,dml_learner,true_y,frozen,1006,42,2c668c4e1d12971d94a618fc9ef854ed,0,2.0,10000,histgbr,,,,,,,162.2277598891314,12.736866172223504,1.4514984118326595,0.04501957207828831,0.0593507806355391,3.2554357599914074,1.0499066090103675,-0.07765812671444167,-0.2810651659965515,-0.01889953446015147,-0.2810651659965515,0.021138616195115544,0.49803411960601807,0.0427538550598679,0.49803411960601807,0.09025921160861208,-0.5397963523864746,-0.08739881602971344,-0.5397963523864746,0.010095160106209911,paper_main_20260902_002859/task6_seed1006/results.parquet,6,1006,20260902_002859
paper_main,raw_x,10,medium,10,0.5,1000,10,0.0,0.0,500,x_learner,h_y,frozen,1006,42,dd34b7e5891261e9fb24703963931ff3,0,2.0,10000,histgbr,,,,,,,85.02232242188757,9.220754981122075,1.0508009607719946,0.047701822807291225,0.03516357277093062,3.2504478849954905,1.0482979755403141,-0.08851961978846518,-1.0379780530929565,-0.06979627629683559,-1.0379780530929565,-0.027758113522023245,-1.277522087097168,-0.10966918128167591,-1.277522087097168,-0.05459951044875136,-0.3106319010257721,-0.05029463472786495,-0.3106319010257721,0.043872655639176215,paper_main_20260902_002859/task6_seed1006/results.parquet,6,1006,20260902_002859
paper_main,raw_x,10,medium,10,0.5,1000,10,0.0,0.0,500,x_learner,true_y,frozen,1006,42,dd34b7e5891261e9fb24703963931ff3,0,2.0,10000,histgbr,,,,,,,65.08894382221641,8.06777192428098,0.9194065460670264,0.6087073308293233,0.6119181838840342,1.1128712479956449,0.35891074633010944,0.5823235980744758,6.51689338684082,0.4382124362548808,6.51689338684082,0.46028815064354234,6.205790996551514,0.5327375743017077,6.205790996551514,0.555926456546845,3.7477471828460693,0.6068004444848999,3.7477471828460693,0.6420539205021087,paper_main_20260902_002859/task6_seed1006/results.parquet,6,1006,20260902_002859
paper_main,raw_x,10,medium,10,0.5,1000,10,0.0,0.0,500,dml_learner,h_y,frozen,1006,42,dd34b7e5891261e9fb24703963931ff3,0,2.0,10000,histgbr,,,,,,,327.1751035542344,18.087982296382158,2.0613137659962257,-0.023173148692594767,-0.017922747385130455,3.543240266803652,1.142726088822785,-0.17449129509333053,0.2551087439060211,0.017154158820936776,0.2551087439060211,0.05577556213807509,-0.3047752380371094,-0.02616350133437295,-0.3047752380371094,0.024762024211876094,-0.7214693427085876,-0.11681362068434399,-0.7214693427085876,-0.016682372720672915,paper_main_20260902_002859/task6_seed1006/results.parquet,6,1006,20260902_002859
paper_main,raw_x,10,medium,10,0.5,1000,10,0.0,0.0,500,dml_learner,true_y,frozen,1006,42,dd34b7e5891261e9fb24703963931ff3,0,2.0,10000,histgbr,,,,,,,771.005322382954,27.76698259413424,3.1643365480800236,0.27912850851403403,0.2893578133740543,2.276589873299003,0.7342202181833276,0.21257904724578927,2.939950466156006,0.19768972419348313,2.939950466156006,0.2292168950367106,2.3713393211364746,0.20356817664186655,2.3713393211364746,0.24309278369866574,1.7295074462890625,0.2800257957504952,1.7295074462890625,0.34457722513669714,paper_main_20260902_002859/task6_seed1006/results.parquet,6,1006,20260902_002859
paper_main,encoder_pred,10,medium,10,0.5,1000,10,0.0,0.0,750,x_learner,h_y,frozen,1006,42,046578539f5ee11f7116ae6569884826,46,2.0,10000,histgbr,,,,,,,57.05570785906809,7.553522877377687,0.8374069499061126,0.7881688394112699,0.7677213744036089,0.6467443111240865,0.19288126467174793,0.7706944800013167,11.531158447265625,0.7294929475427109,11.531158447265625,0.7352614573434639,9.438569068908691,0.7603602229024988,9.438569068908691,0.7668299259118405,5.383542537689209,0.8047153305513303,5.383542537689209,0.8142770919971032,paper_main_20260902_002859/task6_seed1006/results.parquet,6,1006,20260902_002859
paper_main,encoder_pred,10,medium,10,0.5,1000,10,0.0,0.0,750,x_learner,true_y,frozen,1006,42,046578539f5ee11f7116ae6569884826,46,2.0,10000,histgbr,,,,,,,10.728845541145777,3.2754916487675216,0.36313115291571046,0.9405103297961417,0.9385997783095641,0.2339175918002927,0.06976222312182596,0.9408725981476863,14.889817237854004,0.9419709836516976,14.889817237854004,0.9432084410358673,11.852934837341309,0.9548587406810889,11.852934837341309,0.9560774471278998,6.240536689758301,0.9328161726148632,6.240536689758301,0.9361057074886671,paper_main_20260902_002859/task6_seed1006/results.parquet,6,1006,20260902_002859
paper_main,encoder_pred,10,medium,10,0.5,1000,10,0.0,0.0,750,dml_learner,h_y,frozen,1006,42,046578539f5ee11f7116ae6569884826,46,2.0,10000,histgbr,,,,,,,59.586206497893386,7.719210225009641,0.8557755626277407,0.7714521519149365,0.7799811014221172,0.7584093446160356,0.22618359529774995,0.7769631853941543,10.436022758483887,0.6602116376706704,10.436022758483887,0.6674575578064792,9.047252655029297,0.7288362245601161,9.047252655029297,0.736157000414761,5.1717529296875,0.773057673308487,5.1717529296875,0.7841694948144925,paper_main_20260902_002859/task6_seed1006/results.parquet,6,1006,20260902_002859
paper_main,encoder_pred,10,medium,10,0.5,1000,10,0.0,0.0,750,dml_learner,true_y,frozen,1006,42,046578539f5ee11f7116ae6569884826,46,2.0,10000,histgbr,,,,,,,8.514065039618485,2.9178870847958605,0.3234860029572879,0.9580611805532098,0.9589760931882935,0.1611076244885723,0.04804780161978852,0.9599331332559081,15.00439453125,0.9492194598445411,15.00439453125,0.9503023448965697,11.629493713378906,0.9368585818030567,11.629493713378906,0.9385632496519033,6.381412982940674,0.9538739263228443,6.381412982940674,0.9561324062853334,paper_main_20260902_002859/task6_seed1006/results.parquet,6,1006,20260902_002859
paper_main,mi_mine_cond,10,medium,10,0.5,1000,10,0.0,0.0,750,x_learner,h_y,frozen,1006,42,170fb0fe08485992dcf5ba3960c91803,16,2.0,10000,histgbr,,,,,,,59.02107772627191,7.682517668464675,0.8517077121215085,0.5175454676363869,0.5475956438871448,1.5710569357499482,0.4685428900210785,0.5113878576819648,9.3355073928833,0.5905899945773533,9.3355073928833,0.5993205825873639,6.72206449508667,0.541521751923784,6.72206449508667,0.5538995722390215,3.578237295150757,0.53486387218077,3.578237295150757,0.5576384233351147,paper_main_20260902_002859/task6_seed1006/results.parquet,6,1006,20260902_002859
paper_main,mi_mine_cond,10,medium,10,0.5,1000,10,0.0,0.0,750,x_learner,true_y,frozen,1006,42,170fb0fe08485992dcf5ba3960c91803,16,2.0,10000,histgbr,,,,,,,56.89605675678828,7.542947484689807,0.836234529106099,0.5332001799114309,0.5716268810314127,1.6585052091901502,0.4946229548695667,0.5291659941404119,10.384590148925781,0.6569578686657659,10.384590148925781,0.6642731747869812,7.828529357910156,0.6306572833362297,7.828529357910156,0.6406286566800875,3.5228359699249268,0.5265826529965668,3.5228359699249268,0.549762679104696,paper_main_20260902_002859/task6_seed1006/results.parquet,6,1006,20260902_002859
paper_main,mi_mine_cond,10,medium,10,0.5,1000,10,0.0,0.0,750,dml_learner,h_y,frozen,1006,42,170fb0fe08485992dcf5ba3960c91803,16,2.0,10000,histgbr,,,,,,,61.294766835212755,7.829097447037733,0.8679580005346669,0.5367968440832783,0.5847110761360461,1.8334060931081575,0.5467843780194324,0.5342572772181575,10.669631958007812,0.6749904011672567,10.669631958007812,0.6819211670721549,7.502211093902588,0.6043694608764382,7.502211093902588,0.6150505427926252,3.4025676250457764,0.5086053118263736,3.4025676250457764,0.5326655660045502,paper_main_20260902_002859/task6_seed1006/results.parquet,6,1006,20260902_002859
paper_main,mi_mine_cond,10,medium,10,0.5,1000,10,0.0,0.0,750,dml_learner,true_y,frozen,1006,42,170fb0fe08485992dcf5ba3960c91803,16,2.0,10000,histgbr,,,,,,,54.80922945670403,7.403325567385513,0.8207556107513269,0.5514097767284918,0.5916491323032914,1.648161584896346,0.4915381324741277,0.54773916382131,10.805852890014648,0.683608113746711,10.805852890014648,0.6903551086222661,7.15981912612915,0.5767867594059559,7.15981912612915,0.5882125085425467,3.5148379802703857,0.5253871381764382,3.5148379802703857,0.5486257005104126,paper_main_20260902_002859/task6_seed1006/results.parquet,6,1006,20260902_002859
paper_main,mi_infonce_cond,10,medium,10,0.5,1000,10,0.0,0.0,750,x_learner,h_y,frozen,1006,42,0a7d44039a1dfc1e2ce0c5895278fca7,34,2.0,10000,histgbr,,,,,,,18.658772796022536,4.319580164324137,0.4788820407382414,0.9015692756787121,0.9038594749158522,0.36157264346381046,0.10783332383827667,0.9045230554447933,14.2628173828125,0.9023052402266266,14.2628173828125,0.9043885618040701,11.569416046142578,0.9320187943185585,11.569416046142578,0.9338541248980764,6.018264293670654,0.8995915805478556,6.018264293670654,0.9045078976180025,paper_main_20260902_002859/task6_seed1006/results.parquet,6,1006,20260902_002859
paper_main,mi_infonce_cond,10,medium,10,0.5,1000,10,0.0,0.0,750,x_learner,true_y,frozen,1006,42,0a7d44039a1dfc1e2ce0c5895278fca7,34,2.0,10000,histgbr,,,,,,,10.69039194885052,3.269616483450394,0.3624798138851311,0.9436517682698101,0.9408711227441341,0.1835003477533661,0.05472607726669903,0.9440621360319028,15.063645362854004,0.9529678311802425,15.063645362854004,0.9539707829492368,11.970624923706055,0.9643397181098062,11.970624923706055,0.9653024607556779,6.299239158630371,0.9415908365674291,6.299239158630371,0.9444507358547933,paper_main_20260902_002859/task6_seed1006/results.parquet,6,1006,20260902_002859
paper_main,mi_infonce_cond,10,medium,10,0.5,1000,10,0.0,0.0,750,dml_learner,h_y,frozen,1006,42,0a7d44039a1dfc1e2ce0c5895278fca7,34,2.0,10000,histgbr,,,,,,,16.775196612837934,4.0957534853599205,0.45406792160710174,0.9569322469906612,0.9595300231304857,0.14376068335274894,0.04287435071049707,0.9589628974353548,15.057297706604004,0.9525662609053238,15.057297706604004,0.9535777760816136,11.831745147705078,0.9531517237575055,11.831745147705078,0.9544165155940678,6.438190937042236,0.9623609197445548,6.438190937042236,0.9642038493890422,paper_main_20260902_002859/task6_seed1006/results.parquet,6,1006,20260902_002859
paper_main,mi_infonce_cond,10,medium,10,0.5,1000,10,0.0,0.0,750,dml_learner,true_y,frozen,1006,42,0a7d44039a1dfc1e2ce0c5895278fca7,34,2.0,10000,histgbr,,,,,,,7.947428484977835,2.819118387896797,0.31253619919563436,0.970985363529535,0.9720875780933715,0.12463764647642783,0.03717120732967867,0.9725141112951078,15.355284690856934,0.9714177409596613,15.355284690856934,0.9720272520238058,12.010100364685059,0.9675198140420216,12.010100364685059,0.968396701674707,6.490440845489502,0.9701710748706748,6.490440845489502,0.9716315943629404,paper_main_20260902_002859/task6_seed1006/results.parquet,6,1006,20260902_002859
paper_main,autoencoder,10,medium,10,0.5,1000,10,0.0,0.0,750,x_learner,h_y,frozen,1006,42,b9f116f6359230079c37508f5f8441c8,54,2.0,10000,histgbr,,,,,,,144.99145835679928,12.04123990113972,1.3349291638343188,0.1451513336023708,0.15782348471655522,3.099348824774226,0.9243317810439176,0.10315522348548817,1.2728281021118164,0.08052262295857383,1.2728281021118164,0.1001302975565277,1.6901013851165771,0.13615261556417757,1.6901013851165771,0.15947443671752695,0.6865009665489197,0.10261604665565545,0.6865009665489197,0.146554832589892,paper_main_20260902_002859/task6_seed1006/results.parquet,6,1006,20260902_002859
paper_main,autoencoder,10,medium,10,0.5,1000,10,0.0,0.0,750,x_learner,true_y,frozen,1006,42,b9f116f6359230079c37508f5f8441c8,54,2.0,10000,histgbr,,,,,,,152.47609099130196,12.348120949816694,1.3689509477262067,0.1524748808442326,0.16355262283811,2.9836861547579367,0.8898372185339234,0.11142343241909872,1.5666472911834717,0.09911043677283261,1.5666472911834717,0.11832172988946058,1.9869589805603027,0.16006712059073128,1.9869589805603027,0.1827433070877178,0.8864684104919434,0.1325065632858418,0.8864684104919434,0.17498181401111573,paper_main_20260902_002859/task6_seed1006/results.parquet,6,1006,20260902_002859
paper_main,autoencoder,10,medium,10,0.5,1000,10,0.0,0.0,750,dml_learner,h_y,frozen,1006,42,b9f116f6359230079c37508f5f8441c8,54,2.0,10000,histgbr,,,,,,,102.4027823574681,10.119425989524707,1.1218709190737803,-0.024579727252848446,-0.020613502401848442,3.6128070987463,1.0774625926126722,-0.09418744029384522,0.8511877059936523,0.053848486376897355,0.8511877059936523,0.07402498170207542,-0.5788367986679077,-0.04663042396003649,-0.5788367986679077,-0.01837389624340526,-0.4227306842803955,-0.0631884785814108,-0.4227306842803955,-0.011131373265410504,paper_main_20260902_002859/task6_seed1006/results.parquet,6,1006,20260902_002859
paper_main,autoencoder,10,medium,10,0.5,1000,10,0.0,0.0,750,dml_learner,true_y,frozen,1006,42,b9f116f6359230079c37508f5f8441c8,54,2.0,10000,histgbr,,,,,,,104.35972035365111,10.215660544167035,1.1325397799731043,-0.020208718593277497,-0.019417056458090567,3.7151570016940436,1.1079868328418279,-0.09006324651278713,0.5876253247261047,0.03717480183327449,0.5876253247261047,0.057706860208771686,-0.7738759517669678,-0.062342552868816375,-0.7738759517669678,-0.0336618351077964,-0.3797917068004608,-0.05677009269249139,-0.3797917068004608,-0.005027252059479409,paper_main_20260902_002859/task6_seed1006/results.parquet,6,1006,20260902_002859
paper_main,pca,10,medium,10,0.5,1000,10,0.0,0.0,750,x_learner,h_y,frozen,1006,42,b4bf743fbcae0dbf7e5acfca52574495,0,2.0,10000,histgbr,,,,,,,185.53689225503848,13.621192761833983,1.5100876332727196,0.07139253936451441,0.08180076688261295,3.0886388200819495,0.9211376914877277,0.02198888125655151,-0.6556459665298462,-0.04147797559591798,-0.6556459665298462,-0.019268662179063287,-0.5648853182792664,-0.045506508813505306,-0.5648853182792664,-0.017280324127959434,0.5026392340660095,0.0751329620891438,0.5026392340660095,0.12041740766558824,paper_main_20260902_002859/task6_seed1006/results.parquet,6,1006,20260902_002859
paper_main,pca,10,medium,10,0.5,1000,10,0.0,0.0,750,x_learner,true_y,frozen,1006,42,b4bf743fbcae0dbf7e5acfca52574495,0,2.0,10000,histgbr,,,,,,,182.2114826759721,13.498573357061556,1.4964936661375556,0.09326066713007489,0.10401158810332578,3.0161692542831107,0.8995247893545838,0.04333631250362196,-0.8639125823974609,-0.054653497220984074,-0.8639125823974609,-0.03216321839145783,0.6219751834869385,0.05010560241740455,0.6219751834869385,0.07575048790774856,0.671248197555542,0.10033610980061995,0.671248197555542,0.14438652872878693,paper_main_20260902_002859/task6_seed1006/results.parquet,6,1006,20260902_002859
paper_main,pca,10,medium,10,0.5,1000,10,0.0,0.0,750,dml_learner,h_y,frozen,1006,42,b4bf743fbcae0dbf7e5acfca52574495,0,2.0,10000,histgbr,,,,,,,120.87762423569981,10.99443605810229,1.2188772463941355,0.0761165726516847,0.09330850620025583,3.2454145330091317,0.9678935689791774,0.020084402304306616,0.5892353057861328,0.03727665368400908,0.5892353057861328,0.05780654008878001,-0.7352317571640015,-0.05922942118458785,-0.7352317571640015,-0.030632750561609298,0.45472419261932373,0.06797076950940414,0.45472419261932373,0.11360589892124386,paper_main_20260902_002859/task6_seed1006/results.parquet,6,1006,20260902_002859
paper_main,pca,10,medium,10,0.5,1000,10,0.0,0.0,750,dml_learner,true_y,frozen,1006,42,b4bf743fbcae0dbf7e5acfca52574495,0,2.0,10000,histgbr,,,,,,,119.35963209542679,10.925183389555839,1.2111996809876644,0.07506458144814479,0.09093342101038049,3.20369031115373,0.9554499795412945,0.01960860294547828,-0.08618980646133423,-0.005452605325922302,-0.08618980646133423,0.01598847414068801,-0.509089469909668,-0.04101165971152728,-0.509089469909668,-0.012906825242184337,0.23182950913906097,0.03465315984267644,0.23182950913906097,0.08191962588977807,paper_main_20260902_002859/task6_seed1006/results.parquet,6,1006,20260902_002859
paper_main,pls,10,medium,10,0.5,1000,10,0.0,0.0,750,x_learner,h_y,frozen,1006,42,2d76c26dca5bda0cb184a0dbfcc4efc8,0,2.0,10000,histgbr,,,,,,,18.89858234129505,4.34724997455806,0.48194960163249195,0.8782506493344876,0.8821125357186691,0.39379659211138884,0.1174436070073077,0.879172792015049,14.148879051208496,0.8950971865223942,14.148879051208496,0.897334218430343,11.301244735717773,0.9104152232812555,11.301244735717773,0.912833798805521,5.896122932434082,0.8813342666707247,5.896122932434082,0.8871445201692999,paper_main_20260902_002859/task6_seed1006/results.parquet,6,1006,20260902_002859
paper_main,pls,10,medium,10,0.5,1000,10,0.0,0.0,750,x_learner,true_y,frozen,1006,42,2d76c26dca5bda0cb184a0dbfcc4efc8,0,2.0,10000,histgbr,,,,,,,14.707311236138684,3.835011243287128,0.42516122877112783,0.9092767951587468,0.9075633452586007,0.2692944795042278,0.08031282051111822,0.9076737285726911,14.422900199890137,0.9124325215934521,14.422900199890137,0.9142998808834475,11.491564750671387,0.9257471838715134,11.491564750671387,0.9277518329901909,6.132924556732178,0.9167306429486258,6.132924556732178,0.9208077767559849,paper_main_20260902_002859/task6_seed1006/results.parquet,6,1006,20260902_002859
paper_main,pls,10,medium,10,0.5,1000,10,0.0,0.0,750,dml_learner,h_y,frozen,1006,42,2d76c26dca5bda0cb184a0dbfcc4efc8,0,2.0,10000,histgbr,,,,,,,13.741121235186506,3.7069018378136893,0.4109586231481154,0.9328697971018612,0.9423690713497799,0.25402688228338954,0.07575950104652825,0.9378189486018439,14.688852310180664,0.9292573869986315,14.688852310180664,0.9307659593361076,11.828065872192383,0.9528553255716651,11.828065872192383,0.9541281194530388,6.241663455963135,0.9329845981511395,6.241663455963135,0.9362658863724858,paper_main_20260902_002859/task6_seed1006/results.parquet,6,1006,20260902_002859
paper_main,pls,10,medium,10,0.5,1000,10,0.0,0.0,750,dml_learner,true_y,frozen,1006,42,2d76c26dca5bda0cb184a0dbfcc4efc8,0,2.0,10000,histgbr,,,,,,,7.768357468205337,2.7871773298814944,0.30899511453837114,0.9715265769361366,0.976750980502471,0.1040762856851023,0.031039106583543082,0.9738976827891783,15.394983291625977,0.9739291841438625,15.394983291625977,0.9744851391750294,12.109710693359375,0.9755443070728228,12.109710693359375,0.9762045525130534,6.490444183349609,0.9701715738037064,6.490444183349609,0.9716320688666166,paper_main_20260902_002859/task6_seed1006/results.parquet,6,1006,20260902_002859
paper_main,ica,10,medium,10,0.5,1000,10,0.0,0.0,750,x_learner,h_y,frozen,1006,42,2c668c4e1d12971d94a618fc9ef854ed,0,2.0,10000,histgbr,,,,,,,161.69116329739725,12.715784022127666,1.4097112150842541,0.14443803100094396,0.14866776547736846,2.814557192881902,0.83939717986923,0.10268087636844397,-0.06766540557146072,-0.004280700536961479,-0.06766540557146072,0.017135388290036073,1.3827110528945923,0.11138960542778986,1.3827110528945923,0.1353799688537961,1.0882056951522827,0.16266163024657485,1.0882056951522827,0.20366039253333557,paper_main_20260902_002859/task6_seed1006/results.parquet,6,1006,20260902_002859
paper_main,ica,10,medium,10,0.5,1000,10,0.0,0.0,750,x_learner,true_y,frozen,1006,42,2c668c4e1d12971d94a618fc9ef854ed,0,2.0,10000,histgbr,,,,,,,162.90046247983582,12.763246549363364,1.4149730579107738,0.15193295632525566,0.15606976997239888,2.847947277923425,0.849355244779167,0.1130155821394177,-0.06868988275527954,-0.004345511794558192,-0.06868988275527954,0.017071959119786987,1.0757609605789185,0.08666206050978952,1.0757609605789185,0.11132000873205657,0.8580567836761475,0.12825968095798562,0.8580567836761475,0.17094287261288746,paper_main_20260902_002859/task6_seed1006/results.parquet,6,1006,20260902_002859
paper_main,ica,10,medium,10,0.5,1000,10,0.0,0.0,750,dml_learner,h_y,frozen,1006,42,2c668c4e1d12971d94a618fc9ef854ed,0,2.0,10000,histgbr,,,,,,,105.90178063941636,10.290859081700438,1.1408765228380586,0.08113236112419754,0.09959466778269602,3.1266248104373617,0.9324664124884989,0.025733851918501298,0.6064529418945312,0.03836588892189723,0.6064529418945312,0.05887254759900633,-0.15533843636512756,-0.012513885021934849,-0.15533843636512756,0.01482157743036693,0.3135913908481598,0.046874673688887744,0.3135913908481598,0.09354273536439378,paper_main_20260902_002859/task6_seed1006/results.parquet,6,1006,20260902_002859
paper_main,ica,10,medium,10,0.5,1000,10,0.0,0.0,750,dml_learner,true_y,frozen,1006,42,2c668c4e1d12971d94a618fc9ef854ed,0,2.0,10000,histgbr,,,,,,,117.17308558624765,10.824651753578387,1.2000544323375173,0.0795290587183266,0.09254033704746029,3.0455889238913856,0.9082987406405354,0.023581981849467255,-0.20769242942333221,-0.013139197003945476,-0.20769242942333221,0.008465797521537706,-0.41729605197906494,-0.03361688798192171,-0.41729605197906494,-0.005711694730292633,0.21295008063316345,0.03183112111178815,0.21295008063316345,0.07923576319294134,paper_main_20260902_002859/task6_seed1006/results.parquet,6,1006,20260902_002859
paper_main,raw_x,10,medium,10,0.5,1000,10,0.0,0.0,750,x_learner,h_y,frozen,1006,42,dd34b7e5891261e9fb24703963931ff3,0,2.0,10000,histgbr,,,,,,,84.14679795547714,9.17315637910295,1.0169645381551027,0.11403752184448326,0.10408648013127389,3.079579780049622,0.9184359760368251,0.04189156964654233,0.7316192388534546,0.046284254740833926,0.7316192388534546,0.06662205582100589,-0.2220097929239273,-0.017884852502720823,-0.2220097929239273,0.009595613274548076,0.42332494258880615,0.06327730648009232,0.42332494258880615,0.10914224283974588,paper_main_20260902_002859/task6_seed1006/results.parquet,6,1006,20260902_002859
paper_main,raw_x,10,medium,10,0.5,1000,10,0.0,0.0,750,x_learner,true_y,frozen,1006,42,dd34b7e5891261e9fb24703963931ff3,0,2.0,10000,histgbr,,,,,,,55.84669838230981,7.473064858698191,0.8284871246654063,0.6748165312293888,0.678224053110555,0.9328758921027185,0.2782154844745664,0.6703875867351405,9.262115478515625,0.5859470192698226,9.262115478515625,0.5947766178169812,7.517189025878906,0.6055760657773492,7.517189025878906,0.6162245722361015,4.8038105964660645,0.7180587884238128,4.8038105964660645,0.7318635310819778,paper_main_20260902_002859/task6_seed1006/results.parquet,6,1006,20260902_002859
paper_main,raw_x,10,medium,10,0.5,1000,10,0.0,0.0,750,dml_learner,h_y,frozen,1006,42,dd34b7e5891261e9fb24703963931ff3,0,2.0,10000,histgbr,,,,,,,241.29148548200894,15.533559974519973,1.7220985877204789,0.0001852732182634991,0.011534507987329527,3.6006171362201376,1.0738271290331614,-0.07605442089369299,-0.047325365245342255,-0.0029939333800886787,-0.047325365245342255,0.01839471538984463,-0.48463958501815796,-0.03904200522361469,-0.48463958501815796,-0.0109903467324927,-0.3916800916194916,-0.05854713178011679,-0.3916800916194916,-0.006717281634869879,paper_main_20260902_002859/task6_seed1006/results.parquet,6,1006,20260902_002859
paper_main,raw_x,10,medium,10,0.5,1000,10,0.0,0.0,750,dml_learner,true_y,frozen,1006,42,dd34b7e5891261e9fb24703963931ff3,0,2.0,10000,histgbr,,,,,,,731.6160622715972,27.048402212914485,2.9986696756803783,0.3148438806113433,0.35037331656340015,2.25286707162112,0.6718819824736695,0.2873599917899931,4.335594654083252,0.27428169841058775,4.335594654083252,0.2897574987539646,3.5814714431762695,0.2885192029608473,3.5814714431762695,0.3077274892872873,2.273020029067993,0.33976402178227577,2.273020029067993,0.37209128505110994,paper_main_20260902_002859/task6_seed1006/results.parquet,6,1006,20260902_002859
paper_main,encoder_pred,10,medium,10,0.5,1000,10,0.0,0.0,50,x_learner,h_y,frozen,1007,42,046578539f5ee11f7116ae6569884826,46,2.0,10000,histgbr,,,,,,,154.49938464654764,12.429778141485375,1.1376623295292596,,,4.589832161664963,1.0,-0.3563675422966613,-9.851292610168457,-0.5308056869602572,-9.851292610168457,-0.5375641710267709,-11.537652969360352,-0.7573417624687047,-11.537652969360352,-0.7668027440013199,-2.049452543258667,-0.22403514807488317,-2.049452543258667,-0.2350489217770525,paper_main_20260902_002859/task7_seed1007/results.parquet,7,1007,20260902_002859
paper_main,encoder_pred,10,medium,10,0.5,1000,10,0.0,0.0,50,x_learner,true_y,frozen,1007,42,046578539f5ee11f7116ae6569884826,46,2.0,10000,histgbr,,,,,,,177.3926900488898,13.318884714903488,1.219039731764514,,,4.589832161664963,1.0,0.18727833598428167,8.259982109069824,0.4450629629210931,8.259982109069824,0.44261292425520365,-1.0017852783203125,-0.06575807318118439,-1.0017852783203125,-0.07149578320660259,1.3050155639648438,0.14265729454170153,1.3050155639648438,0.13494299111015853,paper_main_20260902_002859/task7_seed1007/results.parquet,7,1007,20260902_002859
paper_main,encoder_pred,10,medium,10,0.5,1000,10,0.0,0.0,50,dml_learner,h_y,frozen,1007,42,046578539f5ee11f7116ae6569884826,46,2.0,10000,histgbr,,,,,,,151.75186018083596,12.318760496934582,1.1275011994848732,0.6971908763505402,0.6500432546305501,1.5569156789779663,0.3392097192532624,0.7047653486025368,11.160018920898438,0.6013222573129585,11.160018920898438,0.599562101079822,11.989274024963379,0.786986568663403,11.989274024963379,0.7858397705942309,6.146900653839111,0.6719461754380478,6.146900653839111,0.6689943724677335,paper_main_20260902_002859/task7_seed1007/results.parquet,7,1007,20260902_002859
paper_main,encoder_pred,10,medium,10,0.5,1000,10,0.0,0.0,50,dml_learner,true_y,frozen,1007,42,046578539f5ee11f7116ae6569884826,46,2.0,10000,histgbr,,,,,,,269.16138662182954,16.406138687144807,1.5016073291849457,0.8164705882352942,0.8006296290212933,1.1268403255939483,0.24550795887603583,0.8168149887223465,12.55715560913086,0.6766025407154742,12.55715560913086,0.6751747458004542,11.896289825439453,0.7808830034291043,11.896289825439453,0.7797033456628613,8.540343284606934,0.9335844729222212,8.540343284606934,0.9329868711403644,paper_main_20260902_002859/task7_seed1007/results.parquet,7,1007,20260902_002859
paper_main,mi_mine_cond,10,medium,10,0.5,1000,10,0.0,0.0,50,x_learner,h_y,frozen,1007,42,170fb0fe08485992dcf5ba3960c91803,16,2.0,10000,histgbr,,,,,,,176.1638739496279,13.27267395627678,1.2148101921291192,,,4.589832161664963,1.0,0.07282603630885093,8.840616226196289,0.47634859249377975,8.840616226196289,0.474036679411548,3.616565704345703,0.23739457685949938,3.616565704345703,0.2332889464243193,-0.12617450952529907,-0.01379271992306309,-0.12617450952529907,-0.022914748498549922,paper_main_20260902_002859/task7_seed1007/results.parquet,7,1007,20260902_002859
paper_main,mi_mine_cond,10,medium,10,0.5,1000,10,0.0,0.0,50,x_learner,true_y,frozen,1007,42,170fb0fe08485992dcf5ba3960c91803,16,2.0,10000,histgbr,,,,,,,177.39269004888982,13.31888471490349,1.2190397317645143,,,4.589832161664963,1.0,0.10479136462277498,6.245383262634277,0.3365126876477982,6.245383262634277,0.33358340115045665,7.003456115722656,0.45971306401215845,7.003456115722656,0.45680432717288055,0.16095897555351257,0.01759517098394281,0.16095897555351257,0.008755568226033064,paper_main_20260902_002859/task7_seed1007/results.parquet,7,1007,20260902_002859
paper_main,mi_mine_cond,10,medium,10,0.5,1000,10,0.0,0.0,50,dml_learner,h_y,frozen,1007,42,170fb0fe08485992dcf5ba3960c91803,16,2.0,10000,histgbr,,,,,,,258.16366322696075,16.067472210243924,1.4706101473640893,0.5391116446578631,0.49665175409214823,2.4486711943149566,0.5334990710045268,0.5444732702380126,7.908278465270996,0.4261125265021844,7.908278465270996,0.4235788219447441,6.104701042175293,0.40071798474988224,6.104701042175293,0.3974916367507628,5.530315399169922,0.6045443859772578,5.530315399169922,0.6009861069123559,paper_main_20260902_002859/task7_seed1007/results.parquet,7,1007,20260902_002859
paper_main,mi_mine_cond,10,medium,10,0.5,1000,10,0.0,0.0,50,dml_learner,true_y,frozen,1007,42,170fb0fe08485992dcf5ba3960c91803,16,2.0,10000,histgbr,,,,,,,295.06725490475753,17.177521791712493,1.5722098363023507,0.5526530612244898,0.5249949517788267,2.409721566438675,0.5250130029949827,0.5542207837908545,7.848369598388672,0.4228845270407067,7.848369598388672,0.42033657091423127,6.104701042175293,0.40071798474988224,6.104701042175293,0.3974916367507628,5.996784687042236,0.6555363039529204,5.996784687042236,0.6524368462266924,paper_main_20260902_002859/task7_seed1007/results.parquet,7,1007,20260902_002859
paper_main,mi_infonce_cond,10,medium,10,0.5,1000,10,0.0,0.0,50,x_learner,h_y,frozen,1007,42,0a7d44039a1dfc1e2ce0c5895278fca7,34,2.0,10000,histgbr,,,,,,,174.7759627084984,13.220286029753607,1.2100152738410253,,,4.589832161664963,1.0,0.1319974600404122,6.245383262634277,0.3365126876477982,6.245383262634277,0.33358340115045665,3.459125518798828,0.22706006359912345,3.459125518798828,0.2228987953584845,-0.5002197027206421,-0.05468133211360183,-0.5002197027206421,-0.06417127326281714,paper_main_20260902_002859/task7_seed1007/results.parquet,7,1007,20260902_002859
paper_main,mi_infonce_cond,10,medium,10,0.5,1000,10,0.0,0.0,50,x_learner,true_y,frozen,1007,42,0a7d44039a1dfc1e2ce0c5895278fca7,34,2.0,10000,histgbr,,,,,,,177.39269004888982,13.31888471490349,1.2190397317645143,,,4.589832161664963,1.0,0.06552171706704318,7.199939727783203,0.38794593811309586,7.199939727783203,0.3852437286423944,1.1847126483917236,0.0777655878136277,1.1847126483917236,0.07280056454451676,-1.4706776142120361,-0.16076658039933175,-1.4706776142120361,-0.17121106841723388,paper_main_20260902_002859/task7_seed1007/results.parquet,7,1007,20260902_002859
paper_main,mi_infonce_cond,10,medium,10,0.5,1000,10,0.0,0.0,50,dml_learner,h_y,frozen,1007,42,0a7d44039a1dfc1e2ce0c5895278fca7,34,2.0,10000,histgbr,,,,,,,145.05535871932344,12.043893005142625,1.1023433577708508,0.7891956782713084,0.7918155756035636,1.2413223278522492,0.27045048361898255,0.7986924037589266,12.80998706817627,0.6902255627506981,12.80998706817627,0.6888579132729123,10.351016998291016,0.6794499260505881,10.351016998291016,0.6777241841404582,7.320733070373535,0.8002632326533591,7.320733070373535,0.7984660166510094,paper_main_20260902_002859/task7_seed1007/results.parquet,7,1007,20260902_002859
paper_main,mi_infonce_cond,10,medium,10,0.5,1000,10,0.0,0.0,50,dml_learner,true_y,frozen,1007,42,0a7d44039a1dfc1e2ce0c5895278fca7,34,2.0,10000,histgbr,,,,,,,172.17980683819613,13.121730329426684,1.2009947501964322,0.7957262905162064,0.8146577516613993,0.7581712543964385,0.16518496269401967,0.8032598170433084,13.51319694519043,0.7281157987447496,13.51319694519043,0.7269154340885605,10.579459190368652,0.6944450739224939,10.579459190368652,0.6928000612251585,7.320733547210693,0.800263284778637,7.320733547210693,0.7984660692453064,paper_main_20260902_002859/task7_seed1007/results.parquet,7,1007,20260902_002859
paper_main,autoencoder,10,medium,10,0.5,1000,10,0.0,0.0,50,x_learner,h_y,frozen,1007,42,b9f116f6359230079c37508f5f8441c8,54,2.0,10000,histgbr,,,,,,,197.72271952249554,14.061391094855997,1.2869992342022756,,,4.589832161664963,1.0,0.03595562945906578,5.4604644775390625,0.29421982604906516,5.4604644775390625,0.29110381720434986,4.746752738952637,0.31158105507838335,4.746752738952637,0.30787482157064705,-0.3986451327800751,-0.043577745503543215,-0.3986451327800751,-0.05296777743822498,paper_main_20260902_002859/task7_seed1007/results.parquet,7,1007,20260902_002859
paper_main,autoencoder,10,medium,10,0.5,1000,10,0.0,0.0,50,x_learner,true_y,frozen,1007,42,b9f116f6359230079c37508f5f8441c8,54,2.0,10000,histgbr,,,,,,,177.39269004888982,13.31888471490349,1.2190397317645143,,,4.589832161664963,1.0,-0.10154297205850304,4.479729652404785,0.24137603760612436,4.479729652404785,0.23802672423082882,-0.6092420816421509,-0.0399911899851976,-0.6092420816421509,-0.04559017912474337,-1.4968974590301514,-0.16363279305482797,-1.4968974590301514,-0.17410307103278114,paper_main_20260902_002859/task7_seed1007/results.parquet,7,1007,20260902_002859
paper_main,autoencoder,10,medium,10,0.5,1000,10,0.0,0.0,50,dml_learner,h_y,frozen,1007,42,b9f116f6359230079c37508f5f8441c8,54,2.0,10000,histgbr,,,,,,,420.65211207720904,20.509805266681813,1.8772042889493084,0.1824249699879952,0.18116099071996664,3.8632556080818174,0.8416986660968493,0.23962975223138339,4.6625800132751465,0.25122834991207904,4.6625800132751465,0.24792253434731903,3.1862292289733887,0.20914690936780608,3.1862292289733887,0.20488920227560573,2.8115944862365723,0.30734841317622774,2.8115944862365723,0.3011159877072993,paper_main_20260902_002859/task7_seed1007/results.parquet,7,1007,20260902_002859
paper_main,autoencoder,10,medium,10,0.5,1000,10,0.0,0.0,50,dml_learner,true_y,frozen,1007,42,b9f116f6359230079c37508f5f8441c8,54,2.0,10000,histgbr,,,,,,,423.24667034636076,20.572959688541676,1.8829846340106065,0.16725090036014406,0.18260481444586346,3.8632556080818174,0.8416986660968493,0.22664431198062002,4.6625800132751465,0.25122834991207904,4.6625800132751465,0.24792253434731903,3.1862292289733887,0.20914690936780608,3.1862292289733887,0.20488920227560573,2.0250930786132812,0.22137230219108606,2.0250930786132812,0.21436627031741323,paper_main_20260902_002859/task7_seed1007/results.parquet,7,1007,20260902_002859
paper_main,pca,10,medium,10,0.5,1000,10,0.0,0.0,50,x_learner,h_y,frozen,1007,42,b4bf743fbcae0dbf7e5acfca52574495,0,2.0,10000,histgbr,,,,,,,196.68213722460735,14.02434088378514,1.2836081334958405,,,4.589832161664963,1.0,-0.014381435142692531,-4.322203159332275,-0.23288822167387951,-4.322203159332275,-0.23833140461535468,-1.360623836517334,-0.08931255404729832,-1.360623836517334,-0.09517707407248094,0.3251084089279175,0.03553910568660719,0.3251084089279175,0.026860961066931855,paper_main_20260902_002859/task7_seed1007/results.parquet,7,1007,20260902_002859
paper_main,pca,10,medium,10,0.5,1000,10,0.0,0.0,50,x_learner,true_y,frozen,1007,42,b4bf743fbcae0dbf7e5acfca52574495,0,2.0,10000,histgbr,,,,,,,177.39269004888982,13.31888471490349,1.2190397317645143,,,4.589832161664963,1.0,-0.19489609123857127,1.8809131383895874,0.10134704449900465,1.8809131383895874,0.09737950522683278,-0.36846399307250977,-0.024186302938808347,-0.36846399307250977,-0.029700203481665393,-1.6157373189926147,-0.1766237284690024,-1.6157373189926147,-0.1872108978802255,paper_main_20260902_002859/task7_seed1007/results.parquet,7,1007,20260902_002859
paper_main,pca,10,medium,10,0.5,1000,10,0.0,0.0,50,dml_learner,h_y,frozen,1007,42,b4bf743fbcae0dbf7e5acfca52574495,0,2.0,10000,histgbr,,,,,,,520.3226757509177,22.810582538613907,2.0877879052552264,-0.08148859543817527,-0.006014111446854178,5.327706251144409,1.1607627607044748,-0.04486010079266348,-1.5014934539794922,-0.0809032170543034,-1.5014934539794922,-0.08567538848803449,-1.089442491531372,-0.07151197031456638,-1.089442491531372,-0.07728065753274363,-1.6634489297866821,-0.18183930558704792,-1.6634489297866821,-0.19247340435826094,paper_main_20260902_002859/task7_seed1007/results.parquet,7,1007,20260902_002859
paper_main,pca,10,medium,10,0.5,1000,10,0.0,0.0,50,dml_learner,true_y,frozen,1007,42,b4bf743fbcae0dbf7e5acfca52574495,0,2.0,10000,histgbr,,,,,,,534.7371091925467,23.124383433781464,2.1165092109246473,-0.07755102040816325,0.005615653450473653,5.296686201095581,1.1540043327366913,-0.0405578440242512,-5.013974666595459,-0.2701621373581369,-5.013974666595459,-0.2757698840763177,-1.089442491531372,-0.07151197031456638,-1.089442491531372,-0.07728065753274363,-1.406870722770691,-0.15379155361997024,-1.406870722770691,-0.1641732808857524,paper_main_20260902_002859/task7_seed1007/results.parquet,7,1007,20260902_002859
paper_main,pls,10,medium,10,0.5,1000,10,0.0,0.0,50,x_learner,h_y,frozen,1007,42,2d76c26dca5bda0cb184a0dbfcc4efc8,0,2.0,10000,histgbr,,,,,,,195.00543055355746,13.964434487424024,1.278125070993669,,,4.589832161664963,1.0,-0.2097144838853567,-6.823007106781006,-0.36763611819948555,-6.823007106781006,-0.3736742110759198,-7.5325164794921875,-0.49444105500075936,-7.5325164794921875,-0.5024866608839781,-0.7840940356254578,-0.08571295000403971,-0.7840940356254578,-0.09548211125375214,paper_main_20260902_002859/task7_seed1007/results.parquet,7,1007,20260902_002859
paper_main,pls,10,medium,10,0.5,1000,10,0.0,0.0,50,x_learner,true_y,frozen,1007,42,2d76c26dca5bda0cb184a0dbfcc4efc8,0,2.0,10000,histgbr,,,,,,,177.39269004888982,13.31888471490349,1.2190397317645143,,,4.589832161664963,1.0,0.2442499013478337,6.245383262634277,0.3365126876477982,6.245383262634277,0.33358340115045665,3.086280345916748,0.20258617613619362,3.086280345916748,0.19829314809659968,1.7582299709320068,0.1922002601051367,1.7582299709320068,0.184931740450398,paper_main_20260902_002859/task7_seed1007/results.parquet,7,1007,20260902_002859
paper_main,pls,10,medium,10,0.5,1000,10,0.0,0.0,50,dml_learner,h_y,frozen,1007,42,2d76c26dca5bda0cb184a0dbfcc4efc8,0,2.0,10000,histgbr,,,,,,,256.92251205161716,16.028802576974275,1.4670708255381624,0.815222088835534,0.8103160523683681,0.7991816341876983,0.1741200126798961,0.8283657134092685,14.290799140930176,0.7700144291098041,14.290799140930176,0.7689990462760259,10.509881973266602,0.6898779637513291,10.509881973266602,0.6882083631531598,8.311919212341309,0.9086143798004123,8.311919212341309,0.9077920990496564,paper_main_20260902_002859/task7_seed1007/results.parquet,7,1007,20260902_002859
paper_main,pls,10,medium,10,0.5,1000,10,0.0,0.0,50,dml_learner,true_y,frozen,1007,42,2d76c26dca5bda0cb184a0dbfcc4efc8,0,2.0,10000,histgbr,,,,,,,293.3264678856877,17.126776342490366,1.5675652493018497,0.7900600240096038,0.791268860779953,0.7991816341876983,0.1741200126798961,0.805163257807597,14.290799140930176,0.7700144291098041,14.290799140930176,0.7689990462760259,10.509881973266602,0.6898779637513291,10.509881973266602,0.6882083631531598,7.948443412780762,0.8688811569726681,7.948443412780762,0.867701359752413,paper_main_20260902_002859/task7_seed1007/results.parquet,7,1007,20260902_002859
paper_main,ica,10,medium,10,0.5,1000,10,0.0,0.0,50,x_learner,h_y,frozen,1007,42,2c668c4e1d12971d94a618fc9ef854ed,0,2.0,10000,histgbr,,,,,,,196.8925898970639,14.031841999433428,1.2842946893301732,,,4.589832161664963,1.0,-0.25426786502150933,1.2481396198272705,0.067252048491675,1.2481396198272705,0.0631339803253226,-4.200711250305176,-0.2757384080086969,-4.200711250305176,-0.28260658685494633,-3.908590316772461,-0.42726610736243487,-3.908590316772461,-0.44010853753610196,paper_main_20260902_002859/task7_seed1007/results.parquet,7,1007,20260902_002859
paper_main,ica,10,medium,10,0.5,1000,10,0.0,0.0,50,x_learner,true_y,frozen,1007,42,2c668c4e1d12971d94a618fc9ef854ed,0,2.0,10000,histgbr,,,,,,,177.39269004888982,13.31888471490349,1.2190397317645143,,,4.589832161664963,1.0,0.09382180191033307,7.453453063964844,0.40160570093717274,7.453453063964844,0.3989637991137353,1.8970921039581299,0.12452680639576964,1.8970921039581299,0.11981353098521226,0.2682208716869354,0.0293204655569195,0.2682208716869354,0.02058636609376493,paper_main_20260902_002859/task7_seed1007/results.parquet,7,1007,20260902_002859
paper_main,ica,10,medium,10,0.5,1000,10,0.0,0.0,50,dml_learner,h_y,frozen,1007,42,2c668c4e1d12971d94a618fc9ef854ed,0,2.0,10000,histgbr,,,,,,,483.24425205333444,21.982817200107323,2.0120248922239705,-0.07313325330132053,-0.01090360955329175,5.327706251144409,1.1607627607044748,-0.03616146726471155,-1.5014934539794922,-0.0809032170543034,-1.5014934539794922,-0.08567538848803449,-1.089442491531372,-0.07151197031456638,-1.089442491531372,-0.07728065753274363,-1.406870722770691,-0.15379155361997024,-1.406870722770691,-0.1641732808857524,paper_main_20260902_002859/task7_seed1007/results.parquet,7,1007,20260902_002859
paper_main,ica,10,medium,10,0.5,1000,10,0.0,0.0,50,dml_learner,true_y,frozen,1007,42,2c668c4e1d12971d94a618fc9ef854ed,0,2.0,10000,histgbr,,,,,,,500.28450892127825,22.367040683140857,2.0471917775691613,-0.0712124849939976,-0.00010436022585161298,5.476216554641724,1.193119129797379,-0.03354547088268571,1.6486889123916626,0.08883437791935114,1.6486889123916626,0.08481159541256854,-1.089442491531372,-0.07151197031456638,-1.089442491531372,-0.07728065753274363,-1.406870722770691,-0.15379155361997024,-1.406870722770691,-0.1641732808857524,paper_main_20260902_002859/task7_seed1007/results.parquet,7,1007,20260902_002859
paper_main,raw_x,10,medium,10,0.5,1000,10,0.0,0.0,50,x_learner,h_y,frozen,1007,42,dd34b7e5891261e9fb24703963931ff3,0,2.0,10000,histgbr,,,,,,,123.11909261645661,11.095904317199956,1.015576642643998,,,4.589832161664963,1.0,-0.28420099511277414,-2.49129056930542,-0.13423529828895833,-2.49129056930542,-0.1392429300585954,-2.6297879219055176,-0.17262160900348644,-2.6297879219055176,-0.17893463907223217,-3.131251335144043,-0.342291583592005,-3.131251335144043,-0.35436941956531026,paper_main_20260902_002859/task7_seed1007/results.parquet,7,1007,20260902_002859
paper_main,raw_x,10,medium,10,0.5,1000,10,0.0,0.0,50,x_learner,true_y,frozen,1007,42,dd34b7e5891261e9fb24703963931ff3,0,2.0,10000,histgbr,,,,,,,177.39269004888982,13.31888471490349,1.2190397317645143,,,4.589832161664963,1.0,0.23716000192207912,2.6946511268615723,0.14519273755360815,2.6946511268615723,0.14141877635631475,4.10059928894043,0.2691669701724643,4.10059928894043,0.26523239242197016,3.4773905277252197,0.38012966162875855,3.4773905277252197,0.37455211621084683,paper_main_20260902_002859/task7_seed1007/results.parquet,7,1007,20260902_002859
paper_main,raw_x,10,medium,10,0.5,1000,10,0.0,0.0,50,dml_learner,h_y,frozen,1007,42,dd34b7e5891261e9fb24703963931ff3,0,2.0,10000,histgbr,,,,,,,996.3808358629401,31.565500722512546,2.889100728586275,0.24100840336134452,0.25397451357533024,2.9812017929553987,0.6495230518132862,0.25219930018847053,4.917588233947754,0.2649686598501798,4.917588233947754,0.2617235075469798,3.9186389446258545,0.2572229319674174,3.9186389446258545,0.2532240512297092,3.166346549987793,0.34612800404492156,3.166346549987793,0.34024451433879555,paper_main_20260902_002859/task7_seed1007/results.parquet,7,1007,20260902_002859
paper_main,raw_x,10,medium,10,0.5,1000,10,0.0,0.0,50,dml_learner,true_y,frozen,1007,42,dd34b7e5891261e9fb24703963931ff3,0,2.0,10000,histgbr,,,,,,,1611.4641504013746,40.14304610267356,3.674179122404717,0.40984393757502996,0.42366770360113676,2.4650206673145294,0.5370611779451958,0.4342627103548129,0.598362147808075,0.032240848331968185,0.598362147808075,0.027968206243893057,3.3003315925598145,0.21663668960039523,3.3003315925598145,0.21241930515571697,4.2410054206848145,0.46360394171351427,4.2410054206848145,0.4587774914191788,paper_main_20260902_002859/task7_seed1007/results.parquet,7,1007,20260902_002859
paper_main,encoder_pred,10,medium,10,0.5,1000,10,0.0,0.0,100,x_learner,h_y,frozen,1007,42,046578539f5ee11f7116ae6569884826,46,2.0,10000,histgbr,,,,,,,89.76741443851942,9.474566715080929,0.9388513814507927,0.29872187218721863,0.3478850305068323,2.0098623222112657,0.4161572479279432,0.43897981954322446,0.5954939723014832,0.03356718598572334,0.5954939723014832,-0.03715512334641828,0.06051664426922798,0.004005033835940944,0.06051664426922798,-0.0826718627567899,5.281016826629639,0.5562628837163889,5.281016826629639,0.49146539163958236,paper_main_20260902_002859/task7_seed1007/results.parquet,7,1007,20260902_002859
paper_main,encoder_pred,10,medium,10,0.5,1000,10,0.0,0.0,100,x_learner,true_y,frozen,1007,42,046578539f5ee11f7116ae6569884826,46,2.0,10000,histgbr,,,,,,,36.95260426737888,6.078865376645454,0.6023653986659621,0.7940234023402339,0.8201660412451599,1.0541577166318894,0.21827135589709235,0.8383603134377594,13.6950101852417,0.7719691136212676,13.6950101852417,0.7552821068786334,14.165553092956543,0.9374862094089573,14.165553092956543,0.9320459195011197,7.420821666717529,0.7816539494928684,7.420821666717529,0.7497695838210658,paper_main_20260902_002859/task7_seed1007/results.parquet,7,1007,20260902_002859
paper_main,encoder_pred,10,medium,10,0.5,1000,10,0.0,0.0,100,dml_learner,h_y,frozen,1007,42,046578539f5ee11f7116ae6569884826,46,2.0,10000,histgbr,,,,,,,77.77827272959463,8.819199097967719,0.8739098584041004,0.5505070507050704,0.5065521566933833,1.9803559762239455,0.41004773504897984,0.6209445970456213,8.371438980102539,0.4718866391328814,8.371438980102539,0.43323998317493345,8.155863761901855,0.5397607670118459,8.155863761901855,0.4997082469079832,5.727625846862793,0.6033053434631409,5.727625846862793,0.5453773092271462,paper_main_20260902_002859/task7_seed1007/results.parquet,7,1007,20260902_002859
paper_main,encoder_pred,10,medium,10,0.5,1000,10,0.0,0.0,100,dml_learner,true_y,frozen,1007,42,046578539f5ee11f7116ae6569884826,46,2.0,10000,histgbr,,,,,,,10.487738262653858,3.238477769362306,0.32090642443035583,0.9586078607860785,0.9556563766700831,0.1319289189577102,0.0273168839620539,0.9683909883355046,17.075641632080078,0.9625307142477769,17.075641632080078,0.9597887601470918,14.50696086883545,0.9600808147569548,14.50696086883545,0.9566068302400416,9.215954780578613,0.970739868995313,9.215954780578613,0.9664671069536299,paper_main_20260902_002859/task7_seed1007/results.parquet,7,1007,20260902_002859
paper_main,mi_mine_cond,10,medium,10,0.5,1000,10,0.0,0.0,100,x_learner,h_y,frozen,1007,42,170fb0fe08485992dcf5ba3960c91803,16,2.0,10000,histgbr,,,,,,,80.76168514100306,8.986750532923624,0.8905128230464863,0.5234803480348034,0.5036228374110157,2.273999080657959,0.470848768464955,0.5961551871082806,9.66744327545166,0.5449406400863214,9.66744327545166,0.5116399818826501,9.264488220214844,0.6131303089041902,9.264488220214844,0.5794628052027209,5.138263702392578,0.5412263354237923,5.138263702392578,0.4742331049624841,paper_main_20260902_002859/task7_seed1007/results.parquet,7,1007,20260902_002859
paper_main,mi_mine_cond,10,medium,10,0.5,1000,10,0.0,0.0,100,x_learner,true_y,frozen,1007,42,170fb0fe08485992dcf5ba3960c91803,16,2.0,10000,histgbr,,,,,,,74.53659794659536,8.63345805263426,0.855504453466072,0.5429702970297029,0.5378746449733138,2.0342851704359055,0.42121418401326954,0.6173657127916332,9.667442321777344,0.5449405863289961,9.667442321777344,0.5116399241914331,8.705991744995117,0.5761686216275851,8.705991744995117,0.5392845109604141,5.114569187164307,0.5387305320961684,5.114569187164307,0.4713728475686747,paper_main_20260902_002859/task7_seed1007/results.parquet,7,1007,20260902_002859
paper_main,mi_mine_cond,10,medium,10,0.5,1000,10,0.0,0.0,100,dml_learner,h_y,frozen,1007,42,170fb0fe08485992dcf5ba3960c91803,16,2.0,10000,histgbr,,,,,,,53.943528050917074,7.344625793797603,0.7277918114999632,0.7281128112811281,0.7157275285531273,1.0066966038942335,0.2084441722924113,0.7807327645675943,11.104621887207031,0.6259524454099737,11.104621887207031,0.5985801268410638,10.191084861755371,0.674453122593747,10.191084861755371,0.6461222635155092,7.783599376678467,0.8198662449116823,7.783599376678467,0.7935618968196005,paper_main_20260902_002859/task7_seed1007/results.parquet,7,1007,20260902_002859
paper_main,mi_mine_cond,10,medium,10,0.5,1000,10,0.0,0.0,100,dml_learner,true_y,frozen,1007,42,170fb0fe08485992dcf5ba3960c91803,16,2.0,10000,histgbr,,,,,,,50.99925544096144,7.141376298792933,0.7076514636716477,0.7254845484548453,0.7067394791119539,1.079598692059517,0.2235391029470075,0.7773673231514039,10.792932510375977,0.6083829388011558,10.792932510375977,0.5797249063541741,9.679971694946289,0.6406272958020557,9.679971694946289,0.6093527293853371,7.688662052154541,0.8098662559615049,7.688662052154541,0.7821016419124209,paper_main_20260902_002859/task7_seed1007/results.parquet,7,1007,20260902_002859
paper_main,mi_infonce_cond,10,medium,10,0.5,1000,10,0.0,0.0,100,x_learner,h_y,frozen,1007,42,0a7d44039a1dfc1e2ce0c5895278fca7,34,2.0,10000,histgbr,,,,,,,61.84785312730157,7.8643406034645755,0.7792912606768436,0.7388418841884188,0.7485112847785391,1.554589078426361,0.32188946744619235,0.7880765664673802,13.565359115600586,0.7646608590119532,13.565359115600586,0.7474390436042334,10.001591682434082,0.6619123314770841,10.001591682434082,0.6324901045789901,7.011595249176025,0.7385490940099816,7.011595249176025,0.7003702660785941,paper_main_20260902_002859/task7_seed1007/results.parquet,7,1007,20260902_002859
paper_main,mi_infonce_cond,10,medium,10,0.5,1000,10,0.0,0.0,100,x_learner,true_y,frozen,1007,42,0a7d44039a1dfc1e2ce0c5895278fca7,34,2.0,10000,histgbr,,,,,,,51.533791330964014,7.178704014720485,0.711350332307952,0.7708850885088507,0.7718993188998402,1.3198577791452406,0.2732865704060073,0.8103996086720505,13.318516731262207,0.7507466892476103,13.318516731262207,0.7325066528069286,10.96965217590332,0.7259792518822106,10.96965217590332,0.7021324766918267,7.530757427215576,0.793233761708166,7.530757427215576,0.7630403584614945,paper_main_20260902_002859/task7_seed1007/results.parquet,7,1007,20260902_002859
paper_main,mi_infonce_cond,10,medium,10,0.5,1000,10,0.0,0.0,100,dml_learner,h_y,frozen,1007,42,0a7d44039a1dfc1e2ce0c5895278fca7,34,2.0,10000,histgbr,,,,,,,80.05681743861965,8.947447537628799,0.8866182205240336,0.6386798679867987,0.6065320903790117,1.8578659170866012,0.38468523865019916,0.7033093244128524,8.237662315368652,0.46434583033457055,8.237662315368652,0.4251473476953311,10.337244033813477,0.6841260388070388,10.337244033813477,0.6566369694836214,6.864672660827637,0.7230733654976925,6.864672660827637,0.6826346671185579,paper_main_20260902_002859/task7_seed1007/results.parquet,7,1007,20260902_002859
paper_main,mi_infonce_cond,10,medium,10,0.5,1000,10,0.0,0.0,100,dml_learner,true_y,frozen,1007,42,0a7d44039a1dfc1e2ce0c5895278fca7,34,2.0,10000,histgbr,,,,,,,47.86216710478327,6.91824884669403,0.685541374319571,0.8905850585058505,0.8908529541766693,0.95903288602829,0.19857503775822005,0.9156716160670751,16.688587188720703,0.9407129812543906,16.688587188720703,0.9363744335371507,13.880205154418945,0.918601683297846,13.880205154418945,0.9115179592637901,8.491912841796875,0.894474696961128,8.491912841796875,0.879065179170884,paper_main_20260902_002859/task7_seed1007/results.parquet,7,1007,20260902_002859
paper_main,autoencoder,10,medium,10,0.5,1000,10,0.0,0.0,100,x_learner,h_y,frozen,1007,42,b9f116f6359230079c37508f5f8441c8,54,2.0,10000,histgbr,,,,,,,199.3009468728817,14.117398728975592,1.3989177233923977,0.050537053705370524,0.037738183066279435,3.799607648849487,0.7867376013156361,0.21816333644090669,-0.5958733558654785,-0.033588571321671146,-0.5958733558654785,-0.10922525253032236,1.1634924411773682,0.07700074336650481,1.1634924411773682,-0.0033236697482608188,1.825922966003418,0.19232909264583078,1.825922966003418,0.07438752927546055,paper_main_20260902_002859/task7_seed1007/results.parquet,7,1007,20260902_002859
paper_main,autoencoder,10,medium,10,0.5,1000,10,0.0,0.0,100,x_learner,true_y,frozen,1007,42,b9f116f6359230079c37508f5f8441c8,54,2.0,10000,histgbr,,,,,,,186.58003259220203,13.659430170845416,1.3535368182395364,0.03641164116411641,0.03566209214535229,3.85402687728405,0.7980055155848949,0.20419342157508447,0.6514963507652283,0.03672396395657354,0.6514963507652283,-0.033767336427082545,0.3065055012702942,0.02028474840786522,0.3065055012702942,-0.06497539891961138,1.8259228467941284,0.19232908008921426,1.8259228467941284,0.07438751488524203,paper_main_20260902_002859/task7_seed1007/results.parquet,7,1007,20260902_002859
paper_main,autoencoder,10,medium,10,0.5,1000,10,0.0,0.0,100,dml_learner,h_y,frozen,1007,42,b9f116f6359230079c37508f5f8441c8,54,2.0,10000,histgbr,,,,,,,436.0134414683569,20.880934880133047,2.0691283462063312,0.11615961596159614,0.0889997767745979,3.49523513674736,0.7237149626097291,0.2708731263670187,4.87921142578125,0.27503451757853786,4.87921142578125,0.22198247675433366,2.055549383163452,0.13603769558655643,2.055549383163452,0.06085099900306545,2.880504846572876,0.3034108742910911,2.880504846572876,0.2016902232625135,paper_main_20260902_002859/task7_seed1007/results.parquet,7,1007,20260902_002859
paper_main,autoencoder,10,medium,10,0.5,1000,10,0.0,0.0,100,dml_learner,true_y,frozen,1007,42,b9f116f6359230079c37508f5f8441c8,54,2.0,10000,histgbr,,,,,,,400.21902115271905,20.005474779487717,1.9823774741492866,0.11942394239423941,0.09607382557512394,3.80643612742424,0.7881514896301738,0.2746652780383502,4.87921142578125,0.27503451757853786,4.87921142578125,0.22198247675433366,3.0363712310791016,0.20094917135273266,3.0363712310791016,0.13141142427581942,3.060404062271118,0.32236011452036084,3.060404062271118,0.22340655959116124,paper_main_20260902_002859/task7_seed1007/results.parquet,7,1007,20260902_002859
paper_main,pca,10,medium,10,0.5,1000,10,0.0,0.0,100,x_learner,h_y,frozen,1007,42,b4bf743fbcae0dbf7e5acfca52574495,0,2.0,10000,histgbr,,,,,,,214.80547428050573,14.656243525559534,1.4523127964203977,-0.2188178817881788,-0.18643510933621943,5.380837838053703,1.1141433129445932,0.0019809666586894214,-3.809434413909912,-0.2147326411683488,-3.809434413909912,-0.3036252122387763,-2.082594156265259,-0.13782753758235855,-2.082594156265259,-0.23684747559993938,0.14707550406455994,0.015491835512140692,0.14707550406455994,-0.12827269904435135,paper_main_20260902_002859/task7_seed1007/results.parquet,7,1007,20260902_002859
paper_main,pca,10,medium,10,0.5,1000,10,0.0,0.0,100,x_learner,true_y,frozen,1007,42,b4bf743fbcae0dbf7e5acfca52574495,0,2.0,10000,histgbr,,,,,,,201.1090968117603,14.181293904709834,1.4052492080723935,-0.21008100810081004,-0.18714382674319904,5.450038391947746,1.1284718128350484,0.010264250275125055,-3.809434413909912,-0.2147326411683488,-3.809434413909912,-0.3036252122387763,-0.6761762499809265,-0.04474981706165612,-0.6761762499809265,-0.1356696258308617,-0.5829741954803467,-0.061406149186065045,-0.5829741954803467,-0.21639984707226975,paper_main_20260902_002859/task7_seed1007/results.parquet,7,1007,20260902_002859
paper_main,pca,10,medium,10,0.5,1000,10,0.0,0.0,100,dml_learner,h_y,frozen,1007,42,b4bf743fbcae0dbf7e5acfca52574495,0,2.0,10000,histgbr,,,,,,,358.45759114032444,18.932976288484713,1.8761017234831034,-0.13016501650165016,-0.11640593428286618,4.800669278800488,0.9940150094857261,0.06704484794949715,-3.8764090538024902,-0.21850791060543864,-3.8764090538024902,-0.30767675103372566,-2.1256215572357178,-0.14067512106687294,-2.1256215572357178,-0.23994287127990796,0.948707103729248,0.09992972312861462,0.948707103729248,-0.031504620526483985,paper_main_20260902_002859/task7_seed1007/results.parquet,7,1007,20260902_002859
paper_main,pca,10,medium,10,0.5,1000,10,0.0,0.0,100,dml_learner,true_y,frozen,1007,42,b4bf743fbcae0dbf7e5acfca52574495,0,2.0,10000,histgbr,,,,,,,332.85671438358264,18.244361166771025,1.8078656470744863,-0.11615961596159614,-0.09839563345255253,4.451452411413193,0.9217070066659002,0.07956296668967305,-3.393012285232544,-0.19125949166213135,-3.393012285232544,-0.2784343278664559,-1.85992431640625,-0.12309109187146589,-1.85992431640625,-0.22082858426992194,0.8583284020423889,0.09040990547278624,0.8583284020423889,-0.042414586282368785,paper_main_20260902_002859/task7_seed1007/results.parquet,7,1007,20260902_002859
paper_main,pls,10,medium,10,0.5,1000,10,0.0,0.0,100,x_learner,h_y,frozen,1007,42,2d76c26dca5bda0cb184a0dbfcc4efc8,0,2.0,10000,histgbr,,,,,,,60.95560896212567,7.8074073137070075,0.7736496414506736,0.6617461746174617,0.6483229594496431,0.9653864353895187,0.19989058837455992,0.7225289156498639,11.89296817779541,0.6703904545052831,11.89296817779541,0.6462700522411279,11.460614204406738,0.7584714622495036,11.460614204406738,0.7374523358462634,6.893038272857666,0.72606118728736,6.893038272857666,0.6860587908348353,paper_main_20260902_002859/task7_seed1007/results.parquet,7,1007,20260902_002859
paper_main,pls,10,medium,10,0.5,1000,10,0.0,0.0,100,x_learner,true_y,frozen,1007,42,2d76c26dca5bda0cb184a0dbfcc4efc8,0,2.0,10000,histgbr,,,,,,,51.72902853418055,7.19228951963007,0.7126965437427998,0.7146834683468345,0.7025467525281184,0.9828124815225601,0.20349878348367226,0.7682883498276801,14.261210441589355,0.8038850526466988,14.261210441589355,0.7895336132395805,12.163175582885742,0.8049674655658093,12.163175582885742,0.787994674142498,7.256826877593994,0.7643799628143335,7.256826877593994,0.7299731328864154,paper_main_20260902_002859/task7_seed1007/results.parquet,7,1007,20260902_002859
paper_main,pls,10,medium,10,0.5,1000,10,0.0,0.0,100,dml_learner,h_y,frozen,1007,42,2d76c26dca5bda0cb184a0dbfcc4efc8,0,2.0,10000,histgbr,,,,,,,77.48912649119502,8.80279083536551,0.8722839349740854,0.7092949294929493,0.6788924136685088,0.7457993865013126,0.1544234233175054,0.7596299470431962,13.412368774414062,0.7560370013819934,13.412368774414062,0.7381841031735881,10.86909294128418,0.7193241714158475,10.86909294128418,0.6948982349435336,8.12016773223877,0.855317842620592,8.12016773223877,0.8341903763744386,paper_main_20260902_002859/task7_seed1007/results.parquet,7,1007,20260902_002859
paper_main,pls,10,medium,10,0.5,1000,10,0.0,0.0,100,dml_learner,true_y,frozen,1007,42,2d76c26dca5bda0cb184a0dbfcc4efc8,0,2.0,10000,histgbr,,,,,,,71.23353721955385,8.439996280778438,0.8363339882377624,0.7384818481848185,0.7194138209258951,1.0705824899673462,0.2216722298741734,0.7867570538099612,13.213342666625977,0.7448181701479553,13.213342666625977,0.7261442923107819,11.21409797668457,0.7421568459144758,11.21409797668457,0.7197179329048159,8.262765884399414,0.8703380673117017,8.262765884399414,0.8514039557674614,paper_main_20260902_002859/task7_seed1007/results.parquet,7,1007,20260902_002859
paper_main,ica,10,medium,10,0.5,1000,10,0.0,0.0,100,x_learner,h_y,frozen,1007,42,2c668c4e1d12971d94a618fc9ef854ed,0,2.0,10000,histgbr,,,,,,,206.0754493295106,14.355328255721309,1.4224945762016759,0.007764776477647763,0.00811473324742644,3.8924513959884646,0.8059616038105758,0.17751043554355211,2.719434976577759,0.1532908541157361,2.719434976577759,0.09132976870841077,-0.6342229247093201,-0.04197331665797365,-0.6342229247093201,-0.13265149926785583,1.6587553024291992,0.17472089906177965,1.6587553024291992,0.05420806828469516,paper_main_20260902_002859/task7_seed1007/results.parquet,7,1007,20260902_002859
paper_main,ica,10,medium,10,0.5,1000,10,0.0,0.0,100,x_learner,true_y,frozen,1007,42,2c668c4e1d12971d94a618fc9ef854ed,0,2.0,10000,histgbr,,,,,,,201.21840308441162,14.185147270451992,1.405631044821139,0.01471347134713471,0.01598028069240847,3.8389660429954526,0.7948870555392605,0.18394009952830317,2.719434976577759,0.1532908541157361,2.719434976577759,0.09132976870841077,-0.335639625787735,-0.02221286514139995,-0.335639625787735,-0.11117138583439086,1.6587555408477783,0.17472092417501273,1.6587555408477783,0.0542080970651322,paper_main_20260902_002859/task7_seed1007/results.parquet,7,1007,20260902_002859
paper_main,ica,10,medium,10,0.5,1000,10,0.0,0.0,100,dml_learner,h_y,frozen,1007,42,2c668c4e1d12971d94a618fc9ef854ed,0,2.0,10000,histgbr,,,,,,,284.7192497314041,16.873625862019228,1.6720370890865863,-0.09148514851485147,-0.0963607441721205,4.707152646780014,0.9746516810691245,0.09475727247155755,-2.140059232711792,-0.12063223076342498,-2.140059232711792,-0.2026386549269655,-1.4234658479690552,-0.0942059652227171,-1.4234658479690552,-0.18942971686880358,0.5934566259384155,0.0625102901472449,0.5934566259384155,-0.0743882919570421,paper_main_20260902_002859/task7_seed1007/results.parquet,7,1007,20260902_002859
paper_main,ica,10,medium,10,0.5,1000,10,0.0,0.0,100,dml_learner,true_y,frozen,1007,42,2c668c4e1d12971d94a618fc9ef854ed,0,2.0,10000,histgbr,,,,,,,295.5641846266818,17.19198024157432,1.7035833811782828,-0.0761956195619562,-0.08228339345988447,4.607724692225457,0.9540643684570818,0.10736164873825768,-2.140059232711792,-0.12063223076342498,-2.140059232711792,-0.2026386549269655,-0.23056760430335999,-0.015259125284584783,-0.23056760430335999,-0.10361249373185376,0.6945381164550781,0.07315745966990564,0.6945381164550781,-0.062186350797149036,paper_main_20260902_002859/task7_seed1007/results.parquet,7,1007,20260902_002859
paper_main,raw_x,10,medium,10,0.5,1000,10,0.0,0.0,100,x_learner,h_y,frozen,1007,42,dd34b7e5891261e9fb24703963931ff3,0,2.0,10000,histgbr,,,,,,,100.09503635959109,10.004750689527006,0.9913882384702769,0.24561656165616558,0.23124993514975867,2.3813133776187896,0.4930690081266481,0.3869715579415076,3.3366901874542236,0.1880846915479938,3.3366901874542236,0.12866977437714974,3.2106220722198486,0.21248121386991375,3.2106220722198486,0.14394704782575854,5.251461982727051,0.5531497971202354,5.251461982727051,0.48789771110335445,paper_main_20260902_002859/task7_seed1007/results.parquet,7,1007,20260902_002859
paper_main,raw_x,10,medium,10,0.5,1000,10,0.0,0.0,100,x_learner,true_y,frozen,1007,42,dd34b7e5891261e9fb24703963931ff3,0,2.0,10000,histgbr,,,,,,,104.36904543362587,10.216116944985794,1.01233289028361,0.378025802580258,0.35350695443413566,2.280159802436829,0.4721243926668772,0.5014768648049469,6.466061592102051,0.36448310504030834,6.466061592102051,0.3179767967078622,4.648377895355225,0.3076328996418612,4.648377895355225,0.24737935057717028,4.9146833419799805,0.5176760495397699,4.9146833419799805,0.44724384720304805,paper_main_20260902_002859/task7_seed1007/results.parquet,7,1007,20260902_002859
paper_main,raw_x,10,medium,10,0.5,1000,10,0.0,0.0,100,dml_learner,h_y,frozen,1007,42,dd34b7e5891261e9fb24703963931ff3,0,2.0,10000,histgbr,,,,,,,598.5743617536303,24.46577940212881,2.4243568577545007,0.17249324932493248,0.1853260927171328,3.608489342033863,0.7471651053719671,0.3103082365429049,1.8187873363494873,0.10252257055057608,1.8187873363494873,0.03684632750115512,4.1847076416015625,0.2769468780121554,4.1847076416015625,0.21402286452344835,2.8071277141571045,0.2956818750062155,2.8071277141571045,0.1928325832767702,paper_main_20260902_002859/task7_seed1007/results.parquet,7,1007,20260902_002859
paper_main,raw_x,10,medium,10,0.5,1000,10,0.0,0.0,100,dml_learner,true_y,frozen,1007,42,dd34b7e5891261e9fb24703963931ff3,0,2.0,10000,histgbr,,,,,,,1718.345662553955,41.45293309952813,4.107643618544814,0.3109150915091509,0.321592567647504,2.7353734833002092,0.5663798401936658,0.44313500384477783,2.3233845233917236,0.13096602827334267,2.3233845233917236,0.06737124084750475,6.790557861328125,0.449403867777959,6.790557861328125,0.4014879990856002,3.5219740867614746,0.3709784547546432,3.5219740867614746,0.27912447838335913,paper_main_20260902_002859/task7_seed1007/results.parquet,7,1007,20260902_002859
paper_main,encoder_pred,10,medium,10,0.5,1000,10,0.0,0.0,250,x_learner,h_y,frozen,1007,42,046578539f5ee11f7116ae6569884826,46,2.0,10000,histgbr,,,,,,,58.73609131046151,7.663947501807506,0.8061356244663049,0.7972370757932125,0.778182274252474,0.5863539983928203,0.15602411655417953,0.7857097958889089,11.714975357055664,0.7245657014985907,11.714975357055664,0.7282738167394068,9.871288299560547,0.7482363221352777,9.871288299560547,0.7523776548603073,6.264847755432129,0.8335361184405446,6.264847755432129,0.8382834940313922,paper_main_20260902_002859/task7_seed1007/results.parquet,7,1007,20260902_002859
paper_main,encoder_pred,10,medium,10,0.5,1000,10,0.0,0.0,250,x_learner,true_y,frozen,1007,42,046578539f5ee11f7116ae6569884826,46,2.0,10000,histgbr,,,,,,,14.62185287490309,3.8238531450492563,0.4022136428028405,0.927922046752748,0.9181557836306637,0.17105059334635753,0.045515196939195014,0.9258571610987387,14.587026596069336,0.9022007162818275,14.587026596069336,0.903517367898817,12.277705192565918,0.9306409354851581,12.277705192565918,0.9317818425694878,7.125375270843506,0.9480290467619623,7.125375270843506,0.9495112039273725,paper_main_20260902_002859/task7_seed1007/results.parquet,7,1007,20260902_002859
paper_main,encoder_pred,10,medium,10,0.5,1000,10,0.0,0.0,250,dml_learner,h_y,frozen,1007,42,046578539f5ee11f7116ae6569884826,46,2.0,10000,histgbr,,,,,,,63.63406988907819,7.97709658265952,0.8390743456389318,0.7288855181682906,0.6979300330021869,0.8601041906774047,0.22886685664772444,0.7259075130116551,8.237445831298828,0.5094821402007425,8.237445831298828,0.5160858811353698,8.3369140625,0.6319318944783104,8.3369140625,0.637986351989277,5.813697814941406,0.773510753912691,5.813697814941406,0.7799699900448265,paper_main_20260902_002859/task7_seed1007/results.parquet,7,1007,20260902_002859
paper_main,encoder_pred,10,medium,10,0.5,1000,10,0.0,0.0,250,dml_learner,true_y,frozen,1007,42,046578539f5ee11f7116ae6569884826,46,2.0,10000,histgbr,,,,,,,8.424169557530139,2.902441998995008,0.30529461387688905,0.9544077185234963,0.9527773895928007,0.19142765322327637,0.050937369848363,0.9559624484448072,15.341496467590332,0.9488643220562024,15.341496467590332,0.9495527511580409,12.567172050476074,0.9525823083404513,12.567172050476074,0.9533622955088965,7.182806015014648,0.9556701900816956,7.182806015014648,0.9569344298409848,paper_main_20260902_002859/task7_seed1007/results.parquet,7,1007,20260902_002859
paper_main,mi_mine_cond,10,medium,10,0.5,1000,10,0.0,0.0,250,x_learner,h_y,frozen,1007,42,170fb0fe08485992dcf5ba3960c91803,16,2.0,10000,histgbr,,,,,,,64.06808854864661,8.004254403043834,0.841930952692867,0.5420527048432774,0.557569393738383,1.8026601094901564,0.4796734597215737,0.5309988903006746,10.509387969970703,0.6500006901163891,10.509387969970703,0.6547126587503458,7.614397048950195,0.5771656414328252,7.614397048950195,0.5841209646996789,3.9038424491882324,0.5194050692258744,3.9038424491882324,0.5331111334006863,paper_main_20260902_002859/task7_seed1007/results.parquet,7,1007,20260902_002859
paper_main,mi_mine_cond,10,medium,10,0.5,1000,10,0.0,0.0,250,x_learner,true_y,frozen,1007,42,170fb0fe08485992dcf5ba3960c91803,16,2.0,10000,histgbr,,,,,,,60.65084283340971,7.7878651011307145,0.8191699506134008,0.576777612441799,0.5808896592331472,1.6926373748481276,0.45039728863644507,0.5635768884813812,10.607250213623047,0.6560534237381871,10.607250213623047,0.6606839056658269,6.899669170379639,0.5229897990341192,6.899669170379639,0.5308362762233125,4.246734142303467,0.5650267063481741,4.246734142303467,0.5774316892045647,paper_main_20260902_002859/task7_seed1007/results.parquet,7,1007,20260902_002859
paper_main,mi_mine_cond,10,medium,10,0.5,1000,10,0.0,0.0,250,dml_learner,h_y,frozen,1007,42,170fb0fe08485992dcf5ba3960c91803,16,2.0,10000,histgbr,,,,,,,54.87599375948794,7.407833270227398,0.7791961385211252,0.6602497959967358,0.6450611793358143,1.2594927568435672,0.33514096472700344,0.6485784641546792,10.702836990356445,0.6619654208040717,10.702836990356445,0.6665163107326652,9.515192985534668,0.721244561788435,9.515192985534668,0.7258298896972758,4.842855930328369,0.6443405317922596,4.842855930328369,0.6544835673997779,paper_main_20260902_002859/task7_seed1007/results.parquet,7,1007,20260902_002859
paper_main,mi_mine_cond,10,medium,10,0.5,1000,10,0.0,0.0,250,dml_learner,true_y,frozen,1007,42,170fb0fe08485992dcf5ba3960c91803,16,2.0,10000,histgbr,,,,,,,52.385419609408,7.237777256133819,0.7613087233107201,0.6724043584697356,0.6537065286216752,1.226011332035065,0.3262318249564206,0.661736347748321,11.509992599487305,0.7118876146050334,11.509992599487305,0.7157664123189118,9.462757110595703,0.7172699614098782,9.462757110595703,0.7219206686568199,5.143293857574463,0.6843137080744592,5.143293857574463,0.6933167505519785,paper_main_20260902_002859/task7_seed1007/results.parquet,7,1007,20260902_002859
paper_main,mi_infonce_cond,10,medium,10,0.5,1000,10,0.0,0.0,250,x_learner,h_y,frozen,1007,42,0a7d44039a1dfc1e2ce0c5895278fca7,34,2.0,10000,histgbr,,,,,,,33.84111446272148,5.817311618155029,0.6118964323425347,0.8177053712859405,0.8115495002567141,0.6436790107786656,0.1712778445725343,0.8172009135423498,11.441993713378906,0.7076819155649087,11.441993713378906,0.7116173337388888,10.507589340209961,0.7964674684637222,10.507589340209961,0.7998154332718634,6.321163177490234,0.8410288684870167,6.321163177490234,0.845562558692508,paper_main_20260902_002859/task7_seed1007/results.parquet,7,1007,20260902_002859
paper_main,mi_infonce_cond,10,medium,10,0.5,1000,10,0.0,0.0,250,x_learner,true_y,frozen,1007,42,0a7d44039a1dfc1e2ce0c5895278fca7,34,2.0,10000,histgbr,,,,,,,25.496649974689635,5.049420756353112,0.5311255007495582,0.8619313589017423,0.8553114965739277,0.6098710575401785,0.1622818181942744,0.8593702406926828,13.04243278503418,0.8066683174407984,13.04243278503418,0.8092711020704937,11.008528709411621,0.8344383006235835,11.008528709411621,0.8371616723563697,6.307005405426025,0.8391451811520876,6.307005405426025,0.843732592147884,paper_main_20260902_002859/task7_seed1007/results.parquet,7,1007,20260902_002859
paper_main,mi_infonce_cond,10,medium,10,0.5,1000,10,0.0,0.0,250,dml_learner,h_y,frozen,1007,42,0a7d44039a1dfc1e2ce0c5895278fca7,34,2.0,10000,histgbr,,,,,,,26.792206921119444,5.176118905233867,0.5444523002014887,0.8685416406662505,0.8794795788922376,0.5096106142699721,0.1356033148849399,0.8731857291142363,14.362936019897461,0.8883408198181608,14.362936019897461,0.8898440643670861,11.542654037475586,0.8749246038194562,11.542654037475586,0.8769820047745569,6.500166893005371,0.8648452592504712,6.500166893005371,0.8686997309305184,paper_main_20260902_002859/task7_seed1007/results.parquet,7,1007,20260902_002859
paper_main,mi_infonce_cond,10,medium,10,0.5,1000,10,0.0,0.0,250,dml_learner,true_y,frozen,1007,42,0a7d44039a1dfc1e2ce0c5895278fca7,34,2.0,10000,histgbr,,,,,,,13.099410529323308,3.6193107809807255,0.38069876599173097,0.9400128642058273,0.9447720925566914,0.1800279332697392,0.047903995402907074,0.9425087673586361,15.091020584106445,0.9333725067775918,15.091020584106445,0.9342694989983124,12.540133476257324,0.9505328044950292,12.540133476257324,0.9513465045382509,7.05275297164917,0.9383666715940762,7.05275297164917,0.9401243895814011,paper_main_20260902_002859/task7_seed1007/results.parquet,7,1007,20260902_002859
paper_main,autoencoder,10,medium,10,0.5,1000,10,0.0,0.0,250,x_learner,h_y,frozen,1007,42,b9f116f6359230079c37508f5f8441c8,54,2.0,10000,histgbr,,,,,,,144.0278778739894,12.001161521869015,1.2623473523887223,0.06581596505544088,0.09643257422783919,3.369362153351307,0.8965603624579337,0.05303196899504037,1.6043329238891602,0.09922723480036348,1.6043329238891602,0.1113541530430156,-0.25657275319099426,-0.01944802414658463,-0.25657275319099426,-0.0026788321023950463,0.7545822858810425,0.10039694724774571,0.7545822858810425,0.12605268430060712,paper_main_20260902_002859/task7_seed1007/results.parquet,7,1007,20260902_002859
paper_main,autoencoder,10,medium,10,0.5,1000,10,0.0,0.0,250,x_learner,true_y,frozen,1007,42,b9f116f6359230079c37508f5f8441c8,54,2.0,10000,histgbr,,,,,,,139.98341686582796,11.83145878012631,1.2444970962829576,0.0798644458311333,0.11292678414572807,3.103193791538477,0.8257350869070738,0.07058005408384502,1.6254756450653076,0.10053490213500776,1.6254756450653076,0.11264421552162018,0.031525593250989914,0.0023896165557542827,0.031525593250989914,0.018799595003903904,1.4523383378982544,0.19323318109118223,1.4523383378982544,0.21624132596749612,paper_main_20260902_002859/task7_seed1007/results.parquet,7,1007,20260902_002859
paper_main,autoencoder,10,medium,10,0.5,1000,10,0.0,0.0,250,dml_learner,h_y,frozen,1007,42,b9f116f6359230079c37508f5f8441c8,54,2.0,10000,histgbr,,,,,,,125.80179895762264,11.216140109575248,1.1797745364515562,0.06668305092881485,0.06209368805293854,3.521742653787136,0.9371075967664755,0.04524681259029304,-1.6353137493133545,-0.10114338424347495,-1.6353137493133545,-0.08631891761875592,-0.3747989535331726,-0.028409482331125568,-0.3747989535331726,-0.011492880698871555,0.47868210077285767,0.06368851021147469,0.47868210077285767,0.09039113344968507,paper_main_20260902_002859/task7_seed1007/results.parquet,7,1007,20260902_002859
paper_main,autoencoder,10,medium,10,0.5,1000,10,0.0,0.0,250,dml_learner,true_y,frozen,1007,42,b9f116f6359230079c37508f5f8441c8,54,2.0,10000,histgbr,,,,,,,134.28952559917053,11.588335756232235,1.218924096123084,0.07447760764172226,0.06774716441423724,3.3096623764336113,0.8806747285616933,0.05295218553743633,-0.6242488622665405,-0.03860949775924517,-0.6242488622665405,-0.024626911970722903,-0.03831654042005539,-0.002904365307831834,-0.03831654042005539,0.013592695361722109,0.5494101643562317,0.07309885789837313,0.5494101643562317,0.09953310787451816,paper_main_20260902_002859/task7_seed1007/results.parquet,7,1007,20260902_002859
paper_main,pca,10,medium,10,0.5,1000,10,0.0,0.0,250,x_learner,h_y,frozen,1007,42,b4bf743fbcae0dbf7e5acfca52574495,0,2.0,10000,histgbr,,,,,,,227.97602489611128,15.098874954648485,1.5881816762749952,0.07545144722315555,0.09284328350638424,3.5442783956527713,0.9431041777143607,0.05804582353418863,-0.3077326714992523,-0.01903312061724482,-0.3077326714992523,-0.005314087562841623,-0.6836287975311279,-0.0518185551518362,-0.6836287975311279,-0.03451689098730102,0.305528461933136,0.040650470398428645,0.305528461933136,0.06801011440802099,paper_main_20260902_002859/task7_seed1007/results.parquet,7,1007,20260902_002859
paper_main,pca,10,medium,10,0.5,1000,10,0.0,0.0,250,x_learner,true_y,frozen,1007,42,b4bf743fbcae0dbf7e5acfca52574495,0,2.0,10000,histgbr,,,,,,,226.9151763181742,15.063703937550493,1.584482197667565,0.080476551624826,0.09666027493224212,3.6679166307449345,0.9760033247406411,0.0621985919060735,-0.2563745081424713,-0.01585664243217778,-0.2563745081424713,-0.0021803736494511814,-0.4746047556400299,-0.03597468800944831,-0.4746047556400299,-0.018933644145840922,0.6263670325279236,0.0833379461711173,0.6263670325279236,0.10948018807149727,paper_main_20260902_002859/task7_seed1007/results.parquet,7,1007,20260902_002859
paper_main,pca,10,medium,10,0.5,1000,10,0.0,0.0,250,dml_learner,h_y,frozen,1007,42,b4bf743fbcae0dbf7e5acfca52574495,0,2.0,10000,histgbr,,,,,,,296.0724689597985,17.206756491558732,1.8099001051469805,0.07695137522200354,0.06818963547124153,3.6706337190270424,0.9767263202347923,0.04724386322534725,-0.5891313552856445,-0.03643749651255286,-0.5891313552856445,-0.022484151929536778,-0.5336860418319702,-0.04045300562572613,-0.5336860418319702,-0.02333829663514466,0.42378947138786316,0.056385062304238565,0.42378947138786316,0.08329597222902038,paper_main_20260902_002859/task7_seed1007/results.parquet,7,1007,20260902_002859
paper_main,pca,10,medium,10,0.5,1000,10,0.0,0.0,250,dml_learner,true_y,frozen,1007,42,b4bf743fbcae0dbf7e5acfca52574495,0,2.0,10000,histgbr,,,,,,,284.41938084011935,16.864737793399556,1.773924720822561,0.06952316037056593,0.06763125738594909,3.5897295995354654,0.9551983801101128,0.03983475238028294,-0.5971437096595764,-0.036933056852260004,-0.5971437096595764,-0.022973040642440684,-0.7704988121986389,-0.058403237749096545,-0.7704988121986389,-0.04099326025773342,0.8123128414154053,0.10807798037960509,0.8123128414154053,0.13351466241067395,paper_main_20260902_002859/task7_seed1007/results.parquet,7,1007,20260902_002859
paper_main,pls,10,medium,10,0.5,1000,10,0.0,0.0,250,x_learner,h_y,frozen,1007,42,2d76c26dca5bda0cb184a0dbfcc4efc8,0,2.0,10000,histgbr,,,,,,,17.726698300383898,4.210308575435285,0.4428631239780653,0.8989057744923917,0.898140158741946,0.3269705854058267,0.08700426170364405,0.90001546032385,15.1854887008667,0.9392153152516548,15.1854887008667,0.9400336469450927,11.87485122680664,0.9001049040625168,11.87485122680664,0.9017481070590116,6.841390609741211,0.9102449726148113,6.841390609741211,0.9128046920096285,paper_main_20260902_002859/task7_seed1007/results.parquet,7,1007,20260902_002859
paper_main,pls,10,medium,10,0.5,1000,10,0.0,0.0,250,x_learner,true_y,frozen,1007,42,2d76c26dca5bda0cb184a0dbfcc4efc8,0,2.0,10000,histgbr,,,,,,,16.535096735311882,4.0663370169369735,0.4277194134831734,0.908902990447847,0.9075661918083314,0.2768112626373771,0.07365726646978478,0.9092326551021939,15.28033447265625,0.9450814815111921,15.28033447265625,0.9458208382162916,12.160566329956055,0.9217618966932088,12.160566329956055,0.9230488576254476,6.919806957244873,0.9206782441757703,6.919806957244873,0.9229404175907799,paper_main_20260902_002859/task7_seed1007/results.parquet,7,1007,20260902_002859
paper_main,pls,10,medium,10,0.5,1000,10,0.0,0.0,250,dml_learner,h_y,frozen,1007,42,2d76c26dca5bda0cb184a0dbfcc4efc8,0,2.0,10000,histgbr,,,,,,,8.833828885505016,2.972175783076266,0.3126295920410121,0.9524761676186818,0.9580451480229534,0.21232101759314537,0.05649692726007775,0.9555385363392418,15.618634223937988,0.9660051615987154,15.618634223937988,0.9664628271075889,12.566431999206543,0.9525262130038243,12.566431999206543,0.9533071229005012,7.196892261505127,0.9575443609604515,7.196892261505127,0.9587551513288006,paper_main_20260902_002859/task7_seed1007/results.parquet,7,1007,20260902_002859
paper_main,pls,10,medium,10,0.5,1000,10,0.0,0.0,250,dml_learner,true_y,frozen,1007,42,2d76c26dca5bda0cb184a0dbfcc4efc8,0,2.0,10000,histgbr,,,,,,,7.9996533064355235,2.8283658367395694,0.2975028807910646,0.9513057168914703,0.9566118496229383,0.23156155213713658,0.06161667985404789,0.954387433833719,15.446881294250488,0.9553823238896706,15.446881294250488,0.9559830024750707,12.779157638549805,0.9686506584840727,12.779157638549805,0.9691663327665154,7.079230308532715,0.9418894733402825,7.079230308532715,0.9435467247106772,paper_main_20260902_002859/task7_seed1007/results.parquet,7,1007,20260902_002859
paper_main,ica,10,medium,10,0.5,1000,10,0.0,0.0,250,x_learner,h_y,frozen,1007,42,2c668c4e1d12971d94a618fc9ef854ed,0,2.0,10000,histgbr,,,,,,,204.4626392267407,14.29904329760354,1.5040510383540309,0.135140594249508,0.1522662667554901,3.4971291988492013,0.9305581529619418,0.11296196656824943,1.6112844944000244,0.09965718615836508,1.6112844944000244,0.11177831605442387,0.17790162563323975,0.013484811103291177,0.17790162563323975,0.029712281523833362,1.0820496082305908,0.14396637645704874,1.0820496082305908,0.16837955901221552,paper_main_20260902_002859/task7_seed1007/results.parquet,7,1007,20260902_002859
paper_main,ica,10,medium,10,0.5,1000,10,0.0,0.0,250,x_learner,true_y,frozen,1007,42,2c668c4e1d12971d94a618fc9ef854ed,0,2.0,10000,histgbr,,,,,,,193.49462566337843,13.910234565361522,1.4631540241077892,0.12751116017856284,0.14577846412213202,3.5487168194949628,0.944285206855066,0.10428762394018445,1.6714541912078857,0.10337865353219854,1.6714541912078857,0.11544968207936145,-0.4171455502510071,-0.031619322913383596,-0.4171455502510071,-0.014649921695588987,0.6233357787132263,0.08293463875849581,0.6233357787132263,0.10908838256396385,paper_main_20260902_002859/task7_seed1007/results.parquet,7,1007,20260902_002859
paper_main,ica,10,medium,10,0.5,1000,10,0.0,0.0,250,dml_learner,h_y,frozen,1007,42,2c668c4e1d12971d94a618fc9ef854ed,0,2.0,10000,histgbr,,,,,,,253.6813971484906,15.927378853674908,1.6753282163389656,0.0719777276436423,0.0660727110626042,3.3700556532144548,0.8967448972334697,0.0420178703182766,-1.75388765335083,-0.10847712429326478,-1.75388765335083,-0.09355392503648514,-0.4890136420726776,-0.03706687090019714,-0.4890136420726776,-0.020007861407927447,0.5347070097923279,0.07114260758512311,0.5347070097923279,0.09763264777173128,paper_main_20260902_002859/task7_seed1007/results.parquet,7,1007,20260902_002859
paper_main,ica,10,medium,10,0.5,1000,10,0.0,0.0,250,dml_learner,true_y,frozen,1007,42,2c668c4e1d12971d94a618fc9ef854ed,0,2.0,10000,histgbr,,,,,,,270.4835230056887,16.446383280395988,1.7299199208798566,0.08094350309604953,0.0715917787138544,3.410180355668068,0.9074217601345226,0.05246125203404885,-1.331321358680725,-0.08234159823405704,-1.331321358680725,-0.0677702561825499,-0.0005488300230354071,-4.160090815417825e-05,-0.0005488300230354071,0.016408369331227367,0.6692699193954468,0.0890461624256051,0.6692699193954468,0.11502561197571685,paper_main_20260902_002859/task7_seed1007/results.parquet,7,1007,20260902_002859
paper_main,raw_x,10,medium,10,0.5,1000,10,0.0,0.0,250,x_learner,h_y,frozen,1007,42,dd34b7e5891261e9fb24703963931ff3,0,2.0,10000,histgbr,,,,,,,81.33018454779807,9.018324930262718,0.9485963986030421,0.3513875102001632,0.35457200827218716,2.580475640922785,0.686643961272743,0.3226595229243292,5.031467437744141,0.31119388837644635,5.031467437744141,0.3204671432120837,4.6122589111328125,0.34960580014214676,4.6122589111328125,0.3603043203055201,2.4852828979492188,0.330666145587822,2.4852828979492188,0.34975484622844355,paper_main_20260902_002859/task7_seed1007/results.parquet,7,1007,20260902_002859
paper_main,raw_x,10,medium,10,0.5,1000,10,0.0,0.0,250,x_learner,true_y,frozen,1007,42,dd34b7e5891261e9fb24703963931ff3,0,2.0,10000,histgbr,,,,,,,105.94736840780158,10.2930738075563,1.082681409231367,0.5186598185570969,0.5119477528659023,1.7530921888649464,0.4664838318752997,0.5045415524668155,7.781509876251221,0.48128271638304454,7.781509876251221,0.4882661003534505,7.747833251953125,0.5872800065232515,7.747833251953125,0.5940689557066904,4.089237213134766,0.5440717870699275,4.089237213134766,0.5570743822813694,paper_main_20260902_002859/task7_seed1007/results.parquet,7,1007,20260902_002859
paper_main,raw_x,10,medium,10,0.5,1000,10,0.0,0.0,250,dml_learner,h_y,frozen,1007,42,dd34b7e5891261e9fb24703963931ff3,0,2.0,10000,histgbr,,,,,,,602.0383128895033,24.536469038749306,2.5808790817115295,0.11751164018624297,0.11904293413192074,3.4561568440496924,0.9196557365407015,0.09016219978107128,2.384406089782715,0.14747439225814457,2.384406089782715,0.15895176895543126,0.7478290796279907,0.05668488885605416,0.7478290796279907,0.07220174884526372,0.6858663558959961,0.09125431333376052,0.6858663558959961,0.11717078873221798,paper_main_20260902_002859/task7_seed1007/results.parquet,7,1007,20260902_002859
paper_main,raw_x,10,medium,10,0.5,1000,10,0.0,0.0,250,dml_learner,true_y,frozen,1007,42,dd34b7e5891261e9fb24703963931ff3,0,2.0,10000,histgbr,,,,,,,1689.6133452835686,41.104906584051115,4.323637333103883,0.3499044784716555,0.3405212964274767,2.5421337754726414,0.6764414970612,0.34126392428939206,3.8054730892181396,0.23536671605226056,3.8054730892181396,0.245660816493885,4.050956726074219,0.3070595113691368,4.050956726074219,0.31845788760197424,2.4263226985931396,0.3228215087135845,2.4263226985931396,0.342133930183415,paper_main_20260902_002859/task7_seed1007/results.parquet,7,1007,20260902_002859
paper_main,encoder_pred,10,medium,10,0.5,1000,10,0.0,0.0,500,x_learner,h_y,frozen,1007,42,046578539f5ee11f7116ae6569884826,46,2.0,10000,histgbr,,,,,,,58.98727287741963,7.6803172380715905,0.8141552241746564,0.813197076788307,0.8038744113379115,0.5060531223192815,0.12168227089414471,0.8310133956149508,12.4454927444458,0.7524990667313871,12.4454927444458,0.743621669326766,10.662188529968262,0.7719067363980799,10.662188529968262,0.7620409626008344,7.122236251831055,0.8579549344833687,7.122236251831055,0.8474297833541089,paper_main_20260902_002859/task7_seed1007/results.parquet,7,1007,20260902_002859
paper_main,encoder_pred,10,medium,10,0.5,1000,10,0.0,0.0,500,x_learner,true_y,frozen,1007,42,046578539f5ee11f7116ae6569884826,46,2.0,10000,histgbr,,,,,,,10.488268880559891,3.23855969229531,0.3433048675663463,0.9453935415741663,0.9393430729193215,0.20807440079003614,0.05003222880442116,0.9515204948033078,15.387567520141602,0.9303874451528098,15.387567520141602,0.9278905724922983,13.111000061035156,0.9491924889137934,13.111000061035156,0.9469948991925451,7.849912166595459,0.945611833201986,7.849912166595459,0.9415818186913767,paper_main_20260902_002859/task7_seed1007/results.parquet,7,1007,20260902_002859
paper_main,encoder_pred,10,medium,10,0.5,1000,10,0.0,0.0,500,dml_learner,h_y,frozen,1007,42,046578539f5ee11f7116ae6569884826,46,2.0,10000,histgbr,,,,,,,62.74254131141321,7.921018956637663,0.8396709099938519,0.8167500510002039,0.8189907627124143,0.7131581751480702,0.17148141653790755,0.8417371600390119,12.629081726074219,0.7635995141121631,12.629081726074219,0.7551202690759667,10.684406280517578,0.7735152271191383,10.684406280517578,0.7637190257650169,6.848361492156982,0.8249635827246555,6.848361492156982,0.8119938625992389,paper_main_20260902_002859/task7_seed1007/results.parquet,7,1007,20260902_002859
paper_main,encoder_pred,10,medium,10,0.5,1000,10,0.0,0.0,500,dml_learner,true_y,frozen,1007,42,046578539f5ee11f7116ae6569884826,46,2.0,10000,histgbr,,,,,,,7.475017392019067,2.7340478035358244,0.2898238748990576,0.9644509618038473,0.9601082755238368,0.10585820431262238,0.025453981262878664,0.969149487865903,15.947242736816406,0.964227413313848,15.947242736816406,0.9629443172704906,13.236444473266602,0.9582742441812777,13.236444473266602,0.9564694698449998,8.081738471984863,0.973537967019964,8.081738471984863,0.971577202699927,paper_main_20260902_002859/task7_seed1007/results.parquet,7,1007,20260902_002859
paper_main,mi_mine_cond,10,medium,10,0.5,1000,10,0.0,0.0,500,x_learner,h_y,frozen,1007,42,170fb0fe08485992dcf5ba3960c91803,16,2.0,10000,histgbr,,,,,,,60.62764176173325,7.786375393065328,0.8253979630196676,0.6158475513902054,0.6051222364910277,1.7047076445519926,0.4099030086980088,0.6567846666265013,10.633794784545898,0.6429573192073889,10.633794784545898,0.6301508633853927,8.84888744354248,0.6406298114219481,8.84888744354248,0.6250858846351742,5.559082984924316,0.6696552191584737,5.559082984924316,0.6451775737684468,paper_main_20260902_002859/task7_seed1007/results.parquet,7,1007,20260902_002859
paper_main,mi_mine_cond,10,medium,10,0.5,1000,10,0.0,0.0,500,x_learner,true_y,frozen,1007,42,170fb0fe08485992dcf5ba3960c91803,16,2.0,10000,histgbr,,,,,,,56.454061251853425,7.5135917677135895,0.7964814213241603,0.6210954123816496,0.6135325515306368,1.4557628178000455,0.3500433407886499,0.6649479247295111,10.408117294311523,0.6293120498499793,10.408117294311523,0.6160161636360285,9.023984909057617,0.6533062814334727,9.023984909057617,0.6383106531089434,5.359618186950684,0.6456273995767784,5.359618186950684,0.6193693584265458,paper_main_20260902_002859/task7_seed1007/results.parquet,7,1007,20260902_002859
paper_main,mi_mine_cond,10,medium,10,0.5,1000,10,0.0,0.0,500,dml_learner,h_y,frozen,1007,42,170fb0fe08485992dcf5ba3960c91803,16,2.0,10000,histgbr,,,,,,,61.25312600006946,7.826437631519813,0.8296447772747046,0.6250579242316969,0.6200660154399905,1.559430050238967,0.3749704950815946,0.6696407977646122,10.95861530303955,0.6625971311490062,10.95861530303955,0.6504951187941729,8.583224296569824,0.6213966894241028,8.583224296569824,0.6050208677008054,5.4577436447143555,0.6574477348914259,5.4577436447143555,0.632065548281671,paper_main_20260902_002859/task7_seed1007/results.parquet,7,1007,20260902_002859
paper_main,mi_mine_cond,10,medium,10,0.5,1000,10,0.0,0.0,500,dml_learner,true_y,frozen,1007,42,170fb0fe08485992dcf5ba3960c91803,16,2.0,10000,histgbr,,,,,,,53.44923003417595,7.310898031991415,0.7749947875393401,0.6473124452497809,0.6404602580448477,1.39930567971617,0.33646802138592535,0.6890430899203165,11.141705513000488,0.6736674210083406,11.141705513000488,0.6619624793278187,8.302868843078613,0.6010998936464306,8.302868843078613,0.5838461696440862,5.401491165161133,0.6506714794144746,5.401491165161133,0.6247871907941641,paper_main_20260902_002859/task7_seed1007/results.parquet,7,1007,20260902_002859
paper_main,mi_infonce_cond,10,medium,10,0.5,1000,10,0.0,0.0,500,x_learner,h_y,frozen,1007,42,0a7d44039a1dfc1e2ce0c5895278fca7,34,2.0,10000,histgbr,,,,,,,26.342545834192087,5.132498985308432,0.5440726902850146,0.8792751011004044,0.8752147287384131,0.7339395777881146,0.17647837862366014,0.893120561519541,14.742465019226074,0.8913822374159237,14.742465019226074,0.8874863206170438,11.576240539550781,0.8380810402599767,11.576240539550781,0.8310775198356806,7.398862361907959,0.8912777179120149,7.398862361907959,0.8832216939598132,paper_main_20260902_002859/task7_seed1007/results.parquet,7,1007,20260902_002859
paper_main,mi_infonce_cond,10,medium,10,0.5,1000,10,0.0,0.0,500,x_learner,true_y,frozen,1007,42,0a7d44039a1dfc1e2ce0c5895278fca7,34,2.0,10000,histgbr,,,,,,,14.710435657973857,3.835418576632003,0.40657514192024613,0.9289738278953117,0.9215777081139357,0.3160129357874397,0.0759864329703318,0.9351740326761795,14.89786148071289,0.9007780640531916,14.89786148071289,0.8972191580522203,12.737646102905273,0.9221629129002654,12.737646102905273,0.918796206307375,7.783045768737793,0.9375570096936583,7.783045768737793,0.9329301547758422,paper_main_20260902_002859/task7_seed1007/results.parquet,7,1007,20260902_002859
paper_main,mi_infonce_cond,10,medium,10,0.5,1000,10,0.0,0.0,500,dml_learner,h_y,frozen,1007,42,0a7d44039a1dfc1e2ce0c5895278fca7,34,2.0,10000,histgbr,,,,,,,23.76946796824845,4.875394134657059,0.5168181836246858,0.9295567422269689,0.9307683910567541,0.4045835346579554,0.09728354809457945,0.9390549507664077,15.065600395202637,0.9109201596053667,15.065600395202637,0.9077250316780504,12.95715045928955,0.9380542930691221,12.95715045928955,0.9353749402349363,7.769411087036133,0.9359145561113242,7.769411087036133,0.9311659998720719,paper_main_20260902_002859/task7_seed1007/results.parquet,7,1007,20260902_002859
paper_main,mi_infonce_cond,10,medium,10,0.5,1000,10,0.0,0.0,500,dml_learner,true_y,frozen,1007,42,0a7d44039a1dfc1e2ce0c5895278fca7,34,2.0,10000,histgbr,,,,,,,8.852582412156064,2.9753289586457603,0.3154009841301566,0.9718688154752618,0.9707555949354693,0.13032675708085328,0.031337531694671156,0.975598012368441,15.736830711364746,0.9515051486327571,15.736830711364746,0.9497657286557107,13.393746376037598,0.9696623750566497,13.393746376037598,0.9683501743344085,8.056961059570312,0.9705532438946496,8.056961059570312,0.9683713197486187,paper_main_20260902_002859/task7_seed1007/results.parquet,7,1007,20260902_002859
paper_main,autoencoder,10,medium,10,0.5,1000,10,0.0,0.0,500,x_learner,h_y,frozen,1007,42,b9f116f6359230079c37508f5f8441c8,54,2.0,10000,histgbr,,,,,,,161.2132493574914,12.696977961605329,1.3459484313263859,0.15665333061332246,0.1762929335770129,3.213249775104225,0.7726373227237854,0.2500980469249546,2.699458599090576,0.16321893541758134,2.699458599090576,0.13320515747801304,3.333188533782959,0.2413116852773906,3.333188533782959,0.20849595377586766,1.934244990348816,0.23300196389060573,1.934244990348816,0.17616950570886333,paper_main_20260902_002859/task7_seed1007/results.parquet,7,1007,20260902_002859
paper_main,autoencoder,10,medium,10,0.5,1000,10,0.0,0.0,500,x_learner,true_y,frozen,1007,42,b9f116f6359230079c37508f5f8441c8,54,2.0,10000,histgbr,,,,,,,169.21820926687965,13.008389956750207,1.3789597894329313,0.16977859911439647,0.18738154459398443,3.114160842366517,0.7488110368573103,0.26347962585720264,2.6515674591064453,0.16032326556482732,2.6515674591064453,0.13020562534201024,2.8843929767608643,0.2088203901969129,2.8843929767608643,0.17459930475121127,2.0282299518585205,0.24432352900630236,2.0282299518585205,0.18832996785649178,paper_main_20260902_002859/task7_seed1007/results.parquet,7,1007,20260902_002859
paper_main,autoencoder,10,medium,10,0.5,1000,10,0.0,0.0,500,dml_learner,h_y,frozen,1007,42,b9f116f6359230079c37508f5f8441c8,54,2.0,10000,histgbr,,,,,,,98.29234300576357,9.914249492814045,1.0509641422536058,0.049720902883611535,0.058328754680914176,3.5808127138093115,0.8610191370147,0.14738882447277513,2.073723316192627,0.12538473904863917,2.073723316192627,0.09401391896698305,1.6639519929885864,0.12046455085846469,1.6639519929885864,0.08242178865294329,1.3426001071929932,0.16173156102593322,1.3426001071929932,0.09961816078213746,paper_main_20260902_002859/task7_seed1007/results.parquet,7,1007,20260902_002859
paper_main,autoencoder,10,medium,10,0.5,1000,10,0.0,0.0,500,dml_learner,true_y,frozen,1007,42,b9f116f6359230079c37508f5f8441c8,54,2.0,10000,histgbr,,,,,,,98.16899823806443,9.90802695989794,1.0503045200629841,0.03840293761175045,0.04922869522365475,3.63630226700753,0.8743617971945549,0.1409327279075941,1.6732945442199707,0.10117338129936132,1.6732945442199707,0.06893414491879563,0.8676921129226685,0.06281800262694145,0.8676921129226685,0.022281840151446335,1.066064476966858,0.12841967693166648,1.066064476966858,0.06383795712170114,paper_main_20260902_002859/task7_seed1007/results.parquet,7,1007,20260902_002859
paper_main,pca,10,medium,10,0.5,1000,10,0.0,0.0,500,x_learner,h_y,frozen,1007,42,b4bf743fbcae0dbf7e5acfca52574495,0,2.0,10000,histgbr,,,,,,,189.92539409908903,13.781342245916724,1.4608969184284892,0.12125798903195611,0.12912574558921466,3.3045945781543855,0.7946015050977243,0.21327537305849442,1.3166823387145996,0.07961133009431173,1.3166823387145996,0.04659870310516085,1.5203454494476318,0.11006791811852223,1.5203454494476318,0.07157546781066247,1.735804557800293,0.2090975408574258,1.735804557800293,0.15049383026246585,paper_main_20260902_002859/task7_seed1007/results.parquet,7,1007,20260902_002859
paper_main,pca,10,medium,10,0.5,1000,10,0.0,0.0,500,x_learner,true_y,frozen,1007,42,b4bf743fbcae0dbf7e5acfca52574495,0,2.0,10000,histgbr,,,,,,,193.55792969750988,13.912509827400298,1.4748013924751915,0.11210588842355369,0.12094979854088991,3.320201390840113,0.7983542186474704,0.20518703528261073,1.7313085794448853,0.1046811176550434,1.7313085794448853,0.07256769724296228,0.8352134823799133,0.060466658563340304,0.8352134823799133,0.019828792827149725,1.614769697189331,0.19451750556598418,1.614769697189331,0.134833454204844,paper_main_20260902_002859/task7_seed1007/results.parquet,7,1007,20260902_002859
paper_main,pca,10,medium,10,0.5,1000,10,0.0,0.0,500,dml_learner,h_y,frozen,1007,42,b4bf743fbcae0dbf7e5acfca52574495,0,2.0,10000,histgbr,,,,,,,161.3586336811054,12.70270182603313,1.3465551919564365,-0.018917835671342684,-0.026710686833943155,3.848166226655245,0.9253052388878048,0.07904139656907173,-0.3623756468296051,-0.021910529510143825,-0.3623756468296051,-0.05856455647731732,-0.05211262404918671,-0.003772779429090394,-0.05211262404918671,-0.0471892093108736,0.5381977558135986,0.06483208419398345,0.5381977558135986,-0.004461302445630224,paper_main_20260902_002859/task7_seed1007/results.parquet,7,1007,20260902_002859
paper_main,pca,10,medium,10,0.5,1000,10,0.0,0.0,500,dml_learner,true_y,frozen,1007,42,b4bf743fbcae0dbf7e5acfca52574495,0,2.0,10000,histgbr,,,,,,,166.684861994433,12.910649170139857,1.3685987366837955,-0.015209340837363349,-0.021045211017407785,3.699295078724623,0.8895086425388012,0.08426214907696351,-0.3558722734451294,-0.021517312262509518,-0.3558722734451294,-0.05815723525953834,-0.28665590286254883,-0.02075292720870072,-0.28665590286254883,-0.06490380358132727,0.8968745470046997,0.10803881196968061,0.8968745470046997,0.041946925769283196,paper_main_20260902_002859/task7_seed1007/results.parquet,7,1007,20260902_002859
paper_main,pls,10,medium,10,0.5,1000,10,0.0,0.0,500,x_learner,h_y,frozen,1007,42,2d76c26dca5bda0cb184a0dbfcc4efc8,0,2.0,10000,histgbr,,,,,,,15.135107405535722,3.890386536776998,0.41240204340452763,0.9108203472813889,0.914179715336197,0.2996003324687484,0.07203996420051142,0.9235618129020068,14.864293098449707,0.8987483994313549,14.864293098449707,0.8951166931414788,12.561463356018066,0.9094078721525702,12.561463356018066,0.9054894686581395,7.600092887878418,0.9155182396555408,7.600092887878418,0.9092583721123967,paper_main_20260902_002859/task7_seed1007/results.parquet,7,1007,20260902_002859
paper_main,pls,10,medium,10,0.5,1000,10,0.0,0.0,500,x_learner,true_y,frozen,1007,42,2d76c26dca5bda0cb184a0dbfcc4efc8,0,2.0,10000,histgbr,,,,,,,14.100241418991333,3.755028817331677,0.3980533920399069,0.9251701966807868,0.9254226052435701,0.28495048366487064,0.06851735601554104,0.9349518367566717,15.274255752563477,0.9235362098419158,15.274255752563477,0.9207935961340306,12.773913383483887,0.9247885425363186,12.773913383483887,0.9215354029451694,7.748706817626953,0.9334204897147045,7.748706817626953,0.9284871299720333,paper_main_20260902_002859/task7_seed1007/results.parquet,7,1007,20260902_002859
paper_main,pls,10,medium,10,0.5,1000,10,0.0,0.0,500,dml_learner,h_y,frozen,1007,42,2d76c26dca5bda0cb184a0dbfcc4efc8,0,2.0,10000,histgbr,,,,,,,7.298180005218732,2.7015143910811825,0.2863751569764596,0.9557303829215316,0.9587364105870553,0.16369229772687,0.039360394466095086,0.9622156946983742,15.833202362060547,0.9573321238033721,15.833202362060547,0.955801706570571,13.231098175048828,0.9578871900978226,13.231098175048828,0.9560656744164723,7.983250141143799,0.9616739194868036,7.983250141143799,0.9588340616703677,paper_main_20260902_002859/task7_seed1007/results.parquet,7,1007,20260902_002859
paper_main,pls,10,medium,10,0.5,1000,10,0.0,0.0,500,dml_learner,true_y,frozen,1007,42,2d76c26dca5bda0cb184a0dbfcc4efc8,0,2.0,10000,histgbr,,,,,,,6.593278047332978,2.567737924191832,0.27219412694690587,0.9706534506138024,0.9713218523084457,0.15782368395477597,0.03794926543775069,0.9748949802108555,16.158679962158203,0.977011665252204,16.158679962158203,0.9761871165099769,13.430707931518555,0.9723382678701475,13.430707931518555,0.9711418081951726,8.106224060058594,0.9764875365608766,8.106224060058594,0.9747453272823079,paper_main_20260902_002859/task7_seed1007/results.parquet,7,1007,20260902_002859
paper_main,ica,10,medium,10,0.5,1000,10,0.0,0.0,500,x_learner,h_y,frozen,1007,42,2c668c4e1d12971d94a618fc9ef854ed,0,2.0,10000,histgbr,,,,,,,195.87576063163655,13.995562176334202,1.4836053912773937,0.07402445609782439,0.08824019459482518,3.5111438949033618,0.8442670220269769,0.1683802853202453,0.10733198374509811,0.006489676162854998,0.10733198374509811,-0.029145688333827694,0.5455354452133179,0.03949493895371396,0.5455354452133179,-0.002050021707335632,1.2138144969940186,0.14621785916968613,1.2138144969940186,0.08295493601907625,paper_main_20260902_002859/task7_seed1007/results.parquet,7,1007,20260902_002859
paper_main,ica,10,medium,10,0.5,1000,10,0.0,0.0,500,x_learner,true_y,frozen,1007,42,2c668c4e1d12971d94a618fc9ef854ed,0,2.0,10000,histgbr,,,,,,,200.05940808635432,14.144235860814621,1.4993656070555925,0.07611620846483386,0.08810924420561983,3.6168701425716283,0.8696892738459758,0.1670386656195195,1.737065076828003,0.10502917610458698,1.737065076828003,0.07292823990068975,0.8397731184959412,0.06079676094556636,0.8397731184959412,0.020173173208565875,0.9658980965614319,0.11635348910813288,0.9658980965614319,0.05087769775872461,paper_main_20260902_002859/task7_seed1007/results.parquet,7,1007,20260902_002859
paper_main,ica,10,medium,10,0.5,1000,10,0.0,0.0,500,dml_learner,h_y,frozen,1007,42,2c668c4e1d12971d94a618fc9ef854ed,0,2.0,10000,histgbr,,,,,,,175.10929568443999,13.232886899102553,1.4027576812076845,-0.059762831051324204,-0.06368947641864144,4.088904200144112,0.9831915397771761,0.03859358488696737,-0.6225489974021912,-0.03764154213570838,-0.6225489974021912,-0.07485981122031538,-0.6412342190742493,-0.04642320963666627,-0.6412342190742493,-0.09168440902254811,-0.1036655604839325,-0.01248770414352772,-0.1036655604839325,-0.08751027577506494,paper_main_20260902_002859/task7_seed1007/results.parquet,7,1007,20260902_002859
paper_main,ica,10,medium,10,0.5,1000,10,0.0,0.0,500,dml_learner,true_y,frozen,1007,42,2c668c4e1d12971d94a618fc9ef854ed,0,2.0,10000,histgbr,,,,,,,178.42532699486114,13.357594356577128,1.4159773471211146,-0.04196176784707138,-0.05080932561592755,3.991333019323647,0.9597302027506521,0.05456674073470923,-1.265952467918396,-0.07654402040931887,-1.265952467918396,-0.11515764891782213,-0.7608508467674255,-0.05508305282383778,-0.7608508467674255,-0.10071881852814171,0.1481919288635254,0.017851415218974664,0.1481919288635254,-0.054923110588108344,paper_main_20260902_002859/task7_seed1007/results.parquet,7,1007,20260902_002859
paper_main,raw_x,10,medium,10,0.5,1000,10,0.0,0.0,500,x_learner,h_y,frozen,1007,42,dd34b7e5891261e9fb24703963931ff3,0,2.0,10000,histgbr,,,,,,,92.21395340033646,9.602809661777977,1.0179498333918338,0.13622435289741158,0.1242615476184008,3.2053840849995616,0.7707459895971395,0.21585603050560365,2.6266956329345703,0.15881942587229333,2.6266956329345703,0.12864784572122162,1.2375619411468506,0.08959533930544573,1.2375619411468506,0.05021738353185423,1.7346575260162354,0.20895936774095714,1.7346575260162354,0.15034541889570993,paper_main_20260902_002859/task7_seed1007/results.parquet,7,1007,20260902_002859
paper_main,raw_x,10,medium,10,0.5,1000,10,0.0,0.0,500,x_learner,true_y,frozen,1007,42,dd34b7e5891261e9fb24703963931ff3,0,2.0,10000,histgbr,,,,,,,75.94524486312633,8.71465689876121,0.9238008302372696,0.6169461797847191,0.6021729871434934,1.400227522775531,0.3366896818241753,0.6557885607597902,9.868209838867188,0.5966673113341422,9.868209838867188,0.5822005191638066,8.14950942993164,0.5899971858144057,8.14950942993164,0.5722632336708269,5.417785167694092,0.6526342786507457,5.417785167694092,0.6268954280892867,paper_main_20260902_002859/task7_seed1007/results.parquet,7,1007,20260902_002859
paper_main,raw_x,10,medium,10,0.5,1000,10,0.0,0.0,500,dml_learner,h_y,frozen,1007,42,dd34b7e5891261e9fb24703963931ff3,0,2.0,10000,histgbr,,,,,,,343.49228856695197,18.533544954135245,1.9646561436404564,0.05511113244452977,0.07416995081675788,3.6177167712226512,0.8698928487125598,0.1488695731293804,1.2895599603652954,0.07797141395643963,1.2895599603652954,0.04489996623043785,1.6384462118148804,0.11861801773351181,1.6384462118148804,0.08049538697846718,1.0796247720718384,0.1300531697964079,1.0796247720718384,0.06559248734319577,paper_main_20260902_002859/task7_seed1007/results.parquet,7,1007,20260902_002859
paper_main,raw_x,10,medium,10,0.5,1000,10,0.0,0.0,500,dml_learner,true_y,frozen,1007,42,dd34b7e5891261e9fb24703963931ff3,0,2.0,10000,histgbr,,,,,,,841.7937035994673,29.013681317603723,3.075607359051842,0.35667224268897074,0.3663343893210852,2.4874689000472427,0.5981207331536627,0.4289033798240195,6.562803745269775,0.39681062010668267,6.562803745269775,0.3751753407368532,5.555770397186279,0.4022191676141644,5.555770397186279,0.3763632068570745,3.162959098815918,0.3810146519220739,3.162959098815918,0.3351495293877411,paper_main_20260902_002859/task7_seed1007/results.parquet,7,1007,20260902_002859
paper_main,encoder_pred,10,medium,10,0.5,1000,10,0.0,0.0,750,x_learner,h_y,frozen,1007,42,046578539f5ee11f7116ae6569884826,46,2.0,10000,histgbr,,,,,,,57.75643436786328,7.5997654153179806,0.8036124874659444,0.8666333771260035,0.849368244095991,0.36887843579798973,0.08952351325141346,0.874127457727474,14.091439247131348,0.8268638754049835,14.091439247131348,0.821519598929502,12.380677223205566,0.8886443569176513,12.380677223205566,0.884410646603967,7.5202131271362305,0.9133108593618615,7.5202131271362305,0.9075834539707558,paper_main_20260902_002859/task7_seed1007/results.parquet,7,1007,20260902_002859
paper_main,encoder_pred,10,medium,10,0.5,1000,10,0.0,0.0,750,x_learner,true_y,frozen,1007,42,046578539f5ee11f7116ae6569884826,46,2.0,10000,histgbr,,,,,,,8.70150454955566,2.9498312747605855,0.31192031842682966,0.9557515160026949,0.9502303017945843,0.15691748753873025,0.03808247761803315,0.9598687444559942,15.901604652404785,0.9330815836091422,15.901604652404785,0.9310159804929198,13.484593391418457,0.9678798345661468,13.484593391418457,0.9666586348863606,7.903952598571777,0.9599150473686088,7.903952598571777,0.9572667021189819,paper_main_20260902_002859/task7_seed1007/results.parquet,7,1007,20260902_002859
paper_main,encoder_pred,10,medium,10,0.5,1000,10,0.0,0.0,750,dml_learner,h_y,frozen,1007,42,046578539f5ee11f7116ae6569884826,46,2.0,10000,histgbr,,,,,,,63.95516861091756,7.997197547323535,0.8456376562370931,0.8225758694682123,0.8085433257633683,0.6228426570761951,0.15115836940612562,0.8442387079028386,13.926990509033203,0.8172142776240491,13.926990509033203,0.8115721423479324,11.319100379943848,0.8124478569854184,11.319100379943848,0.8053171771181462,7.01122522354126,0.8514955661277268,7.01122522354126,0.8416841285139484,paper_main_20260902_002859/task7_seed1007/results.parquet,7,1007,20260902_002859
paper_main,encoder_pred,10,medium,10,0.5,1000,10,0.0,0.0,750,dml_learner,true_y,frozen,1007,42,046578539f5ee11f7116ae6569884826,46,2.0,10000,histgbr,,,,,,,6.539282913371472,2.5572021651350663,0.27040302964292307,0.9676189859893082,0.9627857962780084,0.11480626624512169,0.0278624590112092,0.9716303767880281,16.295324325561523,0.9561844454999769,16.295324325561523,0.9548319695928121,13.472024917602539,0.966977710786468,13.472024917602539,0.9657222126136326,7.988220691680908,0.9701491940920002,7.988220691680908,0.968177001664808,paper_main_20260902_002859/task7_seed1007/results.parquet,7,1007,20260902_002859
paper_main,mi_mine_cond,10,medium,10,0.5,1000,10,0.0,0.0,750,x_learner,h_y,frozen,1007,42,170fb0fe08485992dcf5ba3960c91803,16,2.0,10000,histgbr,,,,,,,58.9856325131025,7.6802104471884425,0.8121188858391624,0.6044376541113851,0.604443694673128,1.5902421024963265,0.38593760469573457,0.6461502092775864,9.17341136932373,0.5382816008000956,9.17341136932373,0.5240295157143697,9.113451957702637,0.6541336558773237,9.113451957702637,0.640983914492546,5.088959693908691,0.6180412805762528,5.088959693908691,0.5928059118472084,paper_main_20260902_002859/task7_seed1007/results.parquet,7,1007,20260902_002859
paper_main,mi_mine_cond,10,medium,10,0.5,1000,10,0.0,0.0,750,x_learner,true_y,frozen,1007,42,170fb0fe08485992dcf5ba3960c91803,16,2.0,10000,histgbr,,,,,,,54.454908019534194,7.379356883870992,0.7803061038428626,0.6295246462660377,0.6368020804349162,1.5327068038408957,0.37197429979161106,0.6701568173457924,10.018694877624512,0.5878815306037024,10.018694877624512,0.5751604705345927,9.450434684753418,0.6783211694820814,9.450434684753418,0.6660910305797312,5.236745357513428,0.6359894755471053,5.236745357513428,0.6119399138047257,paper_main_20260902_002859/task7_seed1007/results.parquet,7,1007,20260902_002859
paper_main,mi_mine_cond,10,medium,10,0.5,1000,10,0.0,0.0,750,dml_learner,h_y,frozen,1007,42,170fb0fe08485992dcf5ba3960c91803,16,2.0,10000,histgbr,,,,,,,57.19208146480047,7.562544642169094,0.7996766978117935,0.6464554070318346,0.6465545242421608,1.5524749361599488,0.37677184956377935,0.6857240540531584,11.232589721679688,0.6591110038666215,11.232589721679688,0.6485886183907568,8.666606903076172,0.6220605851517503,8.666606903076172,0.6076914346147847,5.819783687591553,0.7067980057419584,5.819783687591553,0.6874266442284533,paper_main_20260902_002859/task7_seed1007/results.parquet,7,1007,20260902_002859
paper_main,mi_mine_cond,10,medium,10,0.5,1000,10,0.0,0.0,750,dml_learner,true_y,frozen,1007,42,170fb0fe08485992dcf5ba3960c91803,16,2.0,10000,histgbr,,,,,,,51.97875979359636,7.209629657173547,0.7623588500286707,0.6569497759107127,0.6530882610467481,1.3568494423950717,0.3292952833462707,0.6949634744608437,11.268050193786621,0.6611917695624321,11.268050193786621,0.6507336120874258,8.997650146484375,0.6458217821239988,8.997650146484375,0.6323560256306784,5.678234577178955,0.6896072243788155,5.678234577178955,0.6691000969189438,paper_main_20260902_002859/task7_seed1007/results.parquet,7,1007,20260902_002859
paper_main,mi_infonce_cond,10,medium,10,0.5,1000,10,0.0,0.0,750,x_learner,h_y,frozen,1007,42,0a7d44039a1dfc1e2ce0c5895278fca7,34,2.0,10000,histgbr,,,,,,,21.65112911099816,4.65307738072323,0.4920245407519677,0.9009082256146231,0.9002488867590497,0.45235382716109385,0.10978224778192487,0.9130803738606826,15.232514381408691,0.893820400647705,15.232514381408691,0.8905429036128034,12.538456916809082,0.8999692652267186,12.538456916809082,0.8961661247502014,7.533085823059082,0.914874215715843,7.533085823059082,0.9092500986437135,paper_main_20260902_002859/task7_seed1007/results.parquet,7,1007,20260902_002859
paper_main,mi_infonce_cond,10,medium,10,0.5,1000,10,0.0,0.0,750,x_learner,true_y,frozen,1007,42,0a7d44039a1dfc1e2ce0c5895278fca7,34,2.0,10000,histgbr,,,,,,,11.054492282506201,3.3248296621791322,0.3515733038073695,0.9398297668084743,0.9395323872177634,0.2277092730918282,0.05526301390594083,0.9475640619183282,16.086923599243164,0.9439558129821245,16.086923599243164,0.942225869962043,13.071052551269531,0.9381972309954371,13.071052551269531,0.9358475070541422,7.7927727699279785,0.9464125384468915,7.7927727699279785,0.9428721051938259,paper_main_20260902_002859/task7_seed1007/results.parquet,7,1007,20260902_002859
paper_main,mi_infonce_cond,10,medium,10,0.5,1000,10,0.0,0.0,750,dml_learner,h_y,frozen,1007,42,0a7d44039a1dfc1e2ce0c5895278fca7,34,2.0,10000,histgbr,,,,,,,18.393806333108767,4.288800104121054,0.45350522438102336,0.9621183610993085,0.9604867331481942,0.24296281729390268,0.058964913323160374,0.9667037095543034,16.03370475769043,0.9408330136144293,16.03370475769043,0.9390066776362781,13.441756248474121,0.9648051251090092,13.441756248474121,0.9634670258381476,7.929408073425293,0.963006550391314,7.929408073425293,0.9605624555350872,paper_main_20260902_002859/task7_seed1007/results.parquet,7,1007,20260902_002859
paper_main,mi_infonce_cond,10,medium,10,0.5,1000,10,0.0,0.0,750,dml_learner,true_y,frozen,1007,42,0a7d44039a1dfc1e2ce0c5895278fca7,34,2.0,10000,histgbr,,,,,,,7.569800075723426,2.7513269663425004,0.2909301256586375,0.9744383261125796,0.9720015642859043,0.09419855096129126,0.022861149926002425,0.9775517891604263,16.356952667236328,0.9598007013371787,16.356952667236328,0.9585598501475318,13.514117240905762,0.9699989595355147,13.514117240905762,0.9688583283926294,8.04769515991211,0.9773722177978473,8.04769515991211,0.9758772383711352,paper_main_20260902_002859/task7_seed1007/results.parquet,7,1007,20260902_002859
paper_main,autoencoder,10,medium,10,0.5,1000,10,0.0,0.0,750,x_learner,h_y,frozen,1007,42,b9f116f6359230079c37508f5f8441c8,54,2.0,10000,histgbr,,,,,,,163.74887933987438,12.796440104180318,1.3531179583651727,0.1339521954705697,0.13466669151572724,3.253517241750534,0.7895996773990424,0.2176540197976928,0.7754893898963928,0.04550451880887286,0.7754893898963928,0.01604164525769983,1.513333797454834,0.10862213067960129,1.513333797454834,0.07473219412792571,1.8207870721817017,0.22112998361823064,1.8207870721817017,0.1696713545678348,paper_main_20260902_002859/task7_seed1007/results.parquet,7,1007,20260902_002859
paper_main,autoencoder,10,medium,10,0.5,1000,10,0.0,0.0,750,x_learner,true_y,frozen,1007,42,b9f116f6359230079c37508f5f8441c8,54,2.0,10000,histgbr,,,,,,,169.19779300411165,13.007605198656348,1.375446924795614,0.1375192773676042,0.13713211991246171,3.20467717132407,0.7777466269962318,0.22199524554905403,0.8807117938995361,0.05167880684486463,0.8807117938995361,0.022406518027991165,1.5099505186080933,0.10837929003358236,1.5099505186080933,0.07448012074866424,1.6283992528915405,0.19776496967565857,1.6283992528915405,0.14476265354020385,paper_main_20260902_002859/task7_seed1007/results.parquet,7,1007,20260902_002859
paper_main,autoencoder,10,medium,10,0.5,1000,10,0.0,0.0,750,dml_learner,h_y,frozen,1007,42,b9f116f6359230079c37508f5f8441c8,54,2.0,10000,histgbr,,,,,,,110.51256993572176,10.512495894682754,1.1116097028960816,0.03937012510244462,0.04386340586785284,3.667538359606639,0.8900789178040139,0.1214094174361535,0.10589709132909775,0.0062138776454873975,0.10589709132909775,-0.02446179912492847,0.4429519772529602,0.03179363841531783,0.4429519772529602,-0.005017295861130261,0.6984752416610718,0.08482805106979532,0.6984752416610718,0.02436418309847525,paper_main_20260902_002859/task7_seed1007/results.parquet,7,1007,20260902_002859
paper_main,autoencoder,10,medium,10,0.5,1000,10,0.0,0.0,750,dml_learner,true_y,frozen,1007,42,b9f116f6359230079c37508f5f8441c8,54,2.0,10000,histgbr,,,,,,,111.05089156646294,10.538068682944846,1.1143138142552715,0.03435820508125347,0.043852664263528046,3.5959489712758614,0.8727048104208415,0.11737472065943705,0.03933262825012207,0.0023079778335190464,0.03933262825012207,-0.028488264235037326,0.20528832077980042,0.014734921564721682,0.20528832077980042,-0.022724580341255362,0.6578722596168518,0.07989692161953434,0.6578722596168518,0.019107262237781936,paper_main_20260902_002859/task7_seed1007/results.parquet,7,1007,20260902_002859
paper_main,pca,10,medium,10,0.5,1000,10,0.0,0.0,750,x_learner,h_y,frozen,1007,42,b4bf743fbcae0dbf7e5acfca52574495,0,2.0,10000,histgbr,,,,,,,183.03002198011794,13.528858857276838,1.4305651983623788,0.11605449254132007,0.11243024228982997,3.387403930249314,0.8220927850703522,0.19304269395320886,1.6443030834197998,0.09648516351327575,1.6443030834197998,0.06859593417318761,0.9952150583267212,0.0714332689203675,0.9952150583267212,0.03612942227643178,1.4148091077804565,0.17182498690060724,1.4148091077804565,0.11710885982992612,paper_main_20260902_002859/task7_seed1007/results.parquet,7,1007,20260902_002859
paper_main,pca,10,medium,10,0.5,1000,10,0.0,0.0,750,x_learner,true_y,frozen,1007,42,b4bf743fbcae0dbf7e5acfca52574495,0,2.0,10000,histgbr,,,,,,,180.6762850556574,13.441587891899431,1.4213370138411654,0.12485007084457037,0.132180739718509,3.3957943848396344,0.8241290737221325,0.20465961599855068,2.097989797592163,0.12310679868632464,2.097989797592163,0.0960393122316509,1.3171855211257935,0.09454325149258737,1.3171855211257935,0.06011803990347973,1.5644290447235107,0.189995949727982,1.5644290447235107,0.13648034754072907,paper_main_20260902_002859/task7_seed1007/results.parquet,7,1007,20260902_002859
paper_main,pca,10,medium,10,0.5,1000,10,0.0,0.0,750,dml_learner,h_y,frozen,1007,42,b4bf743fbcae0dbf7e5acfca52574495,0,2.0,10000,histgbr,,,,,,,140.24937779766108,11.842693012894538,1.2522670727711591,0.012011384909128724,-3.9910375707082404e-05,3.7634514246955515,0.9133561650491556,0.09394258343210823,0.7134205102920532,0.041862412886858005,0.7134205102920532,0.0122871166910996,0.6152021288871765,0.04415718868549633,0.6152021288871765,0.007816313122228162,0.6754444241523743,0.0820310165476255,0.6754444241523743,0.02138235322035358,paper_main_20260902_002859/task7_seed1007/results.parquet,7,1007,20260902_002859
paper_main,pca,10,medium,10,0.5,1000,10,0.0,0.0,750,dml_learner,true_y,frozen,1007,42,b4bf743fbcae0dbf7e5acfca52574495,0,2.0,10000,histgbr,,,,,,,139.41515240140282,11.807419379415759,1.2485371770713907,0.02129373385552685,0.01068714371340985,3.659253355905414,0.8880682211444759,0.10416268529268484,0.49021708965301514,0.02876518114519506,0.49021708965301514,-0.0012143936357206897,0.5423526763916016,0.038928294199547395,0.5423526763916016,0.002388617534677587,0.9917560815811157,0.12044626712476321,0.9917560815811157,0.06233563464699055,paper_main_20260902_002859/task7_seed1007/results.parquet,7,1007,20260902_002859
paper_main,pls,10,medium,10,0.5,1000,10,0.0,0.0,750,x_learner,h_y,frozen,1007,42,2d76c26dca5bda0cb184a0dbfcc4efc8,0,2.0,10000,histgbr,,,,,,,11.87677743679416,3.446270076008867,0.36441462557236814,0.9398531197388793,0.9367802637220956,0.21709693793704155,0.052687494616495925,0.9470696166944856,16.057199478149414,0.942211647497709,16.057199478149414,0.9404278664782526,13.216526985168457,0.948638908169426,13.216526985168457,0.9466861738652974,7.8164472579956055,0.9492877451300604,7.8164472579956055,0.94593727193585,paper_main_20260902_002859/task7_seed1007/results.parquet,7,1007,20260902_002859
paper_main,pls,10,medium,10,0.5,1000,10,0.0,0.0,750,x_learner,true_y,frozen,1007,42,2d76c26dca5bda0cb184a0dbfcc4efc8,0,2.0,10000,histgbr,,,,,,,11.01388080464261,3.3187167406457894,0.35092691279256366,0.9422735187084775,0.9372175985798825,0.2529705154815072,0.06139369260210092,0.9492589397265087,16.04790496826172,0.9416662600230198,16.04790496826172,0.9398656442646675,13.190210342407227,0.9467499859674198,13.190210342407227,0.9447254353710315,7.824875831604004,0.9503113740718657,7.824875831604004,0.9470285303163213,paper_main_20260902_002859/task7_seed1007/results.parquet,7,1007,20260902_002859
paper_main,pls,10,medium,10,0.5,1000,10,0.0,0.0,750,dml_learner,h_y,frozen,1007,42,2d76c26dca5bda0cb184a0dbfcc4efc8,0,2.0,10000,histgbr,,,,,,,5.510330633618205,2.347409345133099,0.2482191699155604,0.9806878945562568,0.9823410894944155,0.0995042378132549,0.024148792902941675,0.9836780052515474,16.72434425354004,0.9813586717839599,16.72434425354004,0.9807832608921558,13.717384338378906,0.9845888043283323,13.717384338378906,0.984002874991881,8.094862937927246,0.9831006251108989,8.094862937927246,0.9819841118990518,paper_main_20260902_002859/task7_seed1007/results.parquet,7,1007,20260902_002859
paper_main,pls,10,medium,10,0.5,1000,10,0.0,0.0,750,dml_learner,true_y,frozen,1007,42,2d76c26dca5bda0cb184a0dbfcc4efc8,0,2.0,10000,histgbr,,,,,,,3.5510093300387293,1.8844121974872508,0.19926104171342174,0.9849613670424301,0.9854719715384481,0.054819567255055546,0.013304221063988424,0.98714994747348,16.7714900970459,0.984125117012642,16.7714900970459,0.9836350993233886,13.755029678344727,0.9872908632158841,13.755029678344727,0.9868076654003846,8.140103340148926,0.9885949575097858,8.140103340148926,0.9878414455778022,paper_main_20260902_002859/task7_seed1007/results.parquet,7,1007,20260902_002859
paper_main,ica,10,medium,10,0.5,1000,10,0.0,0.0,750,x_learner,h_y,frozen,1007,42,2c668c4e1d12971d94a618fc9ef854ed,0,2.0,10000,histgbr,,,,,,,195.81811239707739,13.993502506416233,1.479697430512276,0.1005104577963694,0.09731879149310463,3.6986274543479087,0.8976239643964601,0.17632427863026742,1.5790996551513672,0.09265912712038547,1.5790996551513672,0.06465179766493037,1.1018978357315063,0.07909060837053679,1.1018978357315063,0.04407789162454068,0.996669590473175,0.12104300034931714,0.996669590473175,0.06297179302978466,paper_main_20260902_002859/task7_seed1007/results.parquet,7,1007,20260902_002859
paper_main,ica,10,medium,10,0.5,1000,10,0.0,0.0,750,x_learner,true_y,frozen,1007,42,2c668c4e1d12971d94a618fc9ef854ed,0,2.0,10000,histgbr,,,,,,,190.82978373966796,13.814115380279258,1.4607287220355987,0.1268076778803162,0.12631807854042332,3.4470412117714684,0.8365662225080197,0.20131197549425192,1.5811160802841187,0.09277744783060464,1.5811160802841187,0.06477377063772424,1.9695327281951904,0.14136659191750758,1.9695327281951904,0.10872159059696751,1.3074688911437988,0.15878878914355685,1.3074688911437988,0.10321138246203133,paper_main_20260902_002859/task7_seed1007/results.parquet,7,1007,20260902_002859
paper_main,ica,10,medium,10,0.5,1000,10,0.0,0.0,750,dml_learner,h_y,frozen,1007,42,2c668c4e1d12971d94a618fc9ef854ed,0,2.0,10000,histgbr,,,,,,,152.56113988087145,12.351564268580375,1.306076009394041,0.006527940494116433,-0.006436440542230779,3.8100879758273565,0.9246744409310637,0.08853578320852531,0.26619815826416016,0.015620096493179803,0.26619815826416016,-0.014765233971815755,0.41157540678977966,0.029541531218041654,0.41157540678977966,-0.007355027542309598,0.7529011368751526,0.09143793835479039,0.7529011368751526,0.03141077449418135,paper_main_20260902_002859/task7_seed1007/results.parquet,7,1007,20260902_002859
paper_main,ica,10,medium,10,0.5,1000,10,0.0,0.0,750,dml_learner,true_y,frozen,1007,42,2c668c4e1d12971d94a618fc9ef854ed,0,2.0,10000,histgbr,,,,,,,153.30300142755038,12.381558925577602,1.3092476968874003,0.006924371421104748,-0.010061666446781279,3.743771414148311,0.9085800016466988,0.08900425514522395,-0.7487286925315857,-0.043934242448627474,-0.7487286925315857,-0.07615786549042657,0.2530154287815094,0.01816061665660428,0.2530154287815094,-0.01916864128291912,0.7690873146057129,0.09340370869174244,0.7690873146057129,0.03350641996362009,paper_main_20260902_002859/task7_seed1007/results.parquet,7,1007,20260902_002859
paper_main,raw_x,10,medium,10,0.5,1000,10,0.0,0.0,750,x_learner,h_y,frozen,1007,42,dd34b7e5891261e9fb24703963931ff3,0,2.0,10000,histgbr,,,,,,,95.2042399225354,9.75726600654791,1.0317503735818656,0.049632927347426394,0.03986466972913235,3.7132057356784745,0.9011619835247846,0.11932658350059706,-0.47306615114212036,-0.027758790581730225,-0.47306615114212036,-0.05948311812933509,0.08912859857082367,0.006397358135747758,0.08912859857082367,-0.03137913559303382,0.8286983966827393,0.10064332380355405,0.8286983966827393,0.041224344242135766,paper_main_20260902_002859/task7_seed1007/results.parquet,7,1007,20260902_002859
paper_main,raw_x,10,medium,10,0.5,1000,10,0.0,0.0,750,x_learner,true_y,frozen,1007,42,dd34b7e5891261e9fb24703963931ff3,0,2.0,10000,histgbr,,,,,,,54.29097611796725,7.368241046407701,0.7791306957472209,0.6949076745025324,0.6934675134355499,1.1346742921266708,0.2753753517944021,0.7252470845295866,11.414515495300293,0.6697861270796465,11.414515495300293,0.6595932557938081,10.300872802734375,0.7393628250253613,10.300872802734375,0.7294534727440074,5.987070083618164,0.7271145153317331,5.987070083618164,0.7090854313595253,paper_main_20260902_002859/task7_seed1007/results.parquet,7,1007,20260902_002859
paper_main,raw_x,10,medium,10,0.5,1000,10,0.0,0.0,750,dml_learner,h_y,frozen,1007,42,dd34b7e5891261e9fb24703963931ff3,0,2.0,10000,histgbr,,,,,,,279.2863359924013,16.711862134196814,1.7671415321295034,0.025086835709930148,0.02550064992511771,3.7616595840025697,0.9129213012608304,0.1105474605554003,0.2295285314321518,0.013468379466961809,0.2295285314321518,-0.016983369087915385,0.38478946685791016,0.02761892440614805,0.38478946685791016,-0.009350731325882083,0.6960376501083374,0.08453201174243004,0.6960376501083374,0.024048584951780916,paper_main_20260902_002859/task7_seed1007/results.parquet,7,1007,20260902_002859
paper_main,raw_x,10,medium,10,0.5,1000,10,0.0,0.0,750,dml_learner,true_y,frozen,1007,42,dd34b7e5891261e9fb24703963931ff3,0,2.0,10000,histgbr,,,,,,,708.2366639749616,26.612716208139325,2.814075159101905,0.3830830205920366,0.38357891905988595,2.3911807778148604,0.5803182926270704,0.44247180634891525,8.15918254852295,0.4787682211795232,8.15918254852295,0.4626791078281677,6.011518478393555,0.43148705648490027,6.011518478393555,0.4098723538456902,3.488752841949463,0.42370020667158675,3.488752841949463,0.38562505078810405,paper_main_20260902_002859/task7_seed1007/results.parquet,7,1007,20260902_002859
paper_main,encoder_pred,10,medium,10,0.5,1000,10,0.0,0.0,50,x_learner,h_y,frozen,1008,42,046578539f5ee11f7116ae6569884826,46,2.0,10000,histgbr,,,,,,,83.62078120698573,9.144439906685687,1.008479074624767,,,3.554057593345642,1.0,-0.2045109792384108,-2.159453868865967,-0.15392987081143256,-2.159453868865967,-0.11538590579230935,-1.8998600244522095,-0.1670508152389702,-1.8998600244522095,-0.11933742443558343,-1.2000606060028076,-0.16882965074055475,-1.2000606060028076,-0.09420271768679672,paper_main_20260902_002859/task8_seed1008/results.parquet,8,1008,20260902_002859
paper_main,encoder_pred,10,medium,10,0.5,1000,10,0.0,0.0,50,x_learner,true_y,frozen,1008,42,046578539f5ee11f7116ae6569884826,46,2.0,10000,histgbr,,,,,,,83.01195239573202,9.111089528466506,1.0048010846212156,,,3.554057593345642,1.0,0.5476888284432113,7.5888190269470215,0.5409450737851353,7.5888190269470215,0.5562785853489185,5.806674480438232,0.5105690384028241,5.806674480438232,0.5305788018484558,4.5539045333862305,0.6406627365581797,4.5539045333862305,0.6636055476732151,paper_main_20260902_002859/task8_seed1008/results.parquet,8,1008,20260902_002859
paper_main,encoder_pred,10,medium,10,0.5,1000,10,0.0,0.0,50,dml_learner,h_y,frozen,1008,42,046578539f5ee11f7116ae6569884826,46,2.0,10000,histgbr,,,,,,,314.7808556583022,17.742064582745215,1.9566535572351644,-0.4514285714285714,-0.47587216158775336,5.386654869318009,1.5156352219512672,-0.6268571837879531,-10.35197639465332,-0.7379080479773329,-10.35197639465332,-0.6798578417194888,-8.099209785461426,-0.7121469897988318,-8.099209785461426,-0.6421480339946785,-3.762906074523926,-0.5293816955190511,-3.762906074523926,-0.4317343905137152,paper_main_20260902_002859/task8_seed1008/results.parquet,8,1008,20260902_002859
paper_main,encoder_pred,10,medium,10,0.5,1000,10,0.0,0.0,50,dml_learner,true_y,frozen,1008,42,046578539f5ee11f7116ae6569884826,46,2.0,10000,histgbr,,,,,,,188.6912692968702,13.736494068606815,1.5149059940531746,0.16811524609843936,0.1681580191666912,3.2269863277673725,0.907972435170816,0.07071963230137657,1.3069168329238892,0.09315945209744478,1.3069168329238892,0.12345005401391984,2.0199198722839355,0.17760743267374116,2.0199198722839355,0.21122990861589075,0.6541425585746765,0.092027568563014,0.6541425585746765,0.1499994020227269,paper_main_20260902_002859/task8_seed1008/results.parquet,8,1008,20260902_002859
paper_main,mi_mine_cond,10,medium,10,0.5,1000,10,0.0,0.0,50,x_learner,h_y,frozen,1008,42,170fb0fe08485992dcf5ba3960c91803,16,2.0,10000,histgbr,,,,,,,85.50185746046333,9.24672144386665,1.0197590208019014,,,3.554057593345642,1.0,0.11126751682555383,2.9442718029022217,0.2098731465342604,2.9442718029022217,0.23626523722451867,4.396989345550537,0.38661830098934213,4.396989345550537,0.4116956329567151,1.079710841178894,0.15189833188857862,1.079710841178894,0.20604756259027332,paper_main_20260902_002859/task8_seed1008/results.parquet,8,1008,20260902_002859
paper_main,mi_mine_cond,10,medium,10,0.5,1000,10,0.0,0.0,50,x_learner,true_y,frozen,1008,42,170fb0fe08485992dcf5ba3960c91803,16,2.0,10000,histgbr,,,,,,,83.01195239573202,9.111089528466506,1.0048010846212156,,,3.554057593345642,1.0,-0.02670005360976829,1.3113547563552856,0.09347579549811424,1.3113547563552856,0.12375583080280651,-0.15444540977478027,-0.013580069731838743,-0.15444540977478027,0.02785886449977531,0.4154788851737976,0.05845134380971688,0.4154788851737976,0.11856693763286227,paper_main_20260902_002859/task8_seed1008/results.parquet,8,1008,20260902_002859
paper_main,mi_mine_cond,10,medium,10,0.5,1000,10,0.0,0.0,50,dml_learner,h_y,frozen,1008,42,170fb0fe08485992dcf5ba3960c91803,16,2.0,10000,histgbr,,,,,,,202.92984683396472,14.24534474254536,1.5710237292028744,-0.21949579831932772,-0.22643738204293726,4.792437313199043,1.3484410950942531,-0.40539176146306277,-6.46613073348999,-0.46091777314911747,-6.46613073348999,-0.41211969194122,-4.536834239959717,-0.3989145771977944,-4.536834239959717,-0.3417217308788228,-2.6174309253692627,-0.3682313599473207,-2.6174309253692627,-0.28087311228809386,paper_main_20260902_002859/task8_seed1008/results.parquet,8,1008,20260902_002859
paper_main,mi_mine_cond,10,medium,10,0.5,1000,10,0.0,0.0,50,dml_learner,true_y,frozen,1008,42,170fb0fe08485992dcf5ba3960c91803,16,2.0,10000,histgbr,,,,,,,182.53860170272495,13.51068472368166,1.49000299271733,-0.16456182472989198,-0.1728976097113633,4.765212495923042,1.3407808879757823,-0.3435853538876727,2.2115540504455566,0.15764366823745027,2.2115540504455566,0.18578034604288887,-4.536833763122559,-0.39891453527047604,-4.536833763122559,-0.3417216906656496,-2.4223098754882812,-0.34078089741338147,-2.4223098754882812,-0.25517529508490666,paper_main_20260902_002859/task8_seed1008/results.parquet,8,1008,20260902_002859
paper_main,mi_infonce_cond,10,medium,10,0.5,1000,10,0.0,0.0,50,x_learner,h_y,frozen,1008,42,0a7d44039a1dfc1e2ce0c5895278fca7,34,2.0,10000,histgbr,,,,,,,88.4928620546436,9.407064475948042,1.037442180652703,,,3.554057593345642,1.0,-0.36182327460552083,-1.52945077419281,-0.10902208353613935,-1.52945077419281,-0.07197814397402938,-5.692200660705566,-0.5005035890203757,-5.692200660705566,-0.4391574049382767,-3.637016534805298,-0.5116710174780661,-3.637016534805298,-0.4151544962303666,paper_main_20260902_002859/task8_seed1008/results.parquet,8,1008,20260902_002859
paper_main,mi_infonce_cond,10,medium,10,0.5,1000,10,0.0,0.0,50,x_learner,true_y,frozen,1008,42,0a7d44039a1dfc1e2ce0c5895278fca7,34,2.0,10000,histgbr,,,,,,,83.01195239573202,9.111089528466506,1.0048010846212156,,,3.554057593345642,1.0,0.403287266985468,4.362349510192871,0.31095635161261376,4.362349510192871,0.33397202609326204,5.14954137802124,0.45278866560355757,5.14954137802124,0.4751607062286729,2.552061080932617,0.3590348510793532,2.552061080932617,0.39995891835296027,paper_main_20260902_002859/task8_seed1008/results.parquet,8,1008,20260902_002859
paper_main,mi_infonce_cond,10,medium,10,0.5,1000,10,0.0,0.0,50,dml_learner,h_y,frozen,1008,42,0a7d44039a1dfc1e2ce0c5895278fca7,34,2.0,10000,histgbr,,,,,,,161.78572668566366,12.719501825372866,1.4027487261589113,0.0319327731092437,0.07222497554871515,3.490436034798622,0.9820988948895649,-0.06177788027252697,0.44459590315818787,0.03169161931316059,0.44459590315818787,0.06403539105959487,-1.6372859477996826,-0.14396321246777571,-1.6372859477996826,-0.0971937289898894,-0.8045997619628906,-0.11319453044174879,-0.8045997619628906,-0.042119764630964285,paper_main_20260902_002859/task8_seed1008/results.parquet,8,1008,20260902_002859
paper_main,mi_infonce_cond,10,medium,10,0.5,1000,10,0.0,0.0,50,dml_learner,true_y,frozen,1008,42,0a7d44039a1dfc1e2ce0c5895278fca7,34,2.0,10000,histgbr,,,,,,,160.3462315312113,12.662789247682017,1.3964942755361414,0.18857142857142856,0.22115923624738462,3.6103755432367324,1.0158460993982021,0.11002817360216298,0.44459590315818787,0.03169161931316059,0.44459590315818787,0.06403539105959487,1.9267208576202393,0.16941263348924426,1.9267208576202393,0.2033701433913034,0.41140830516815186,0.057878677231689865,0.41140830516815186,0.1180308344243164,paper_main_20260902_002859/task8_seed1008/results.parquet,8,1008,20260902_002859
paper_main,autoencoder,10,medium,10,0.5,1000,10,0.0,0.0,50,x_learner,h_y,frozen,1008,42,b9f116f6359230079c37508f5f8441c8,54,2.0,10000,histgbr,,,,,,,86.29569155046777,9.289547435180454,1.0244820127544711,,,3.554057593345642,1.0,-0.1912096932623259,4.353802680969238,0.3103471177978937,4.353802680969238,0.33338314211732945,0.7581509947776794,0.06666266994504753,0.7581509947776794,0.10482098164733862,-2.1648824214935303,-0.304564903878083,-2.1648824214935303,-0.22127160473538182,paper_main_20260902_002859/task8_seed1008/results.parquet,8,1008,20260902_002859
paper_main,autoencoder,10,medium,10,0.5,1000,10,0.0,0.0,50,x_learner,true_y,frozen,1008,42,b9f116f6359230079c37508f5f8441c8,54,2.0,10000,histgbr,,,,,,,83.01195239573202,9.111089528466506,1.0048010846212156,,,3.554057593345642,1.0,-0.08534843156370404,-4.084852695465088,-0.2911758647693994,-4.084852695465088,-0.24804756154746077,-3.2814102172851562,-0.2885277046076194,-3.2814102172851562,-0.23584788541881627,0.34019529819488525,0.047860127305676244,0.34019529819488525,0.1086519445669455,paper_main_20260902_002859/task8_seed1008/results.parquet,8,1008,20260902_002859
paper_main,autoencoder,10,medium,10,0.5,1000,10,0.0,0.0,50,dml_learner,h_y,frozen,1008,42,b9f116f6359230079c37508f5f8441c8,54,2.0,10000,histgbr,,,,,,,597.9925247976037,24.45388567891826,2.6968553844861507,0.015990396158463382,-0.010342699650173412,3.2263125979900362,0.907782868806276,-0.09923837656217535,-3.915898084640503,-0.2791324672270004,-3.915898084640503,-0.23640644173902778,-2.082969903945923,-0.18315129330263918,-2.082969903945923,-0.13477965489602708,0.4934598505496979,0.06942203902541645,0.4934598505496979,0.1288371806167961,paper_main_20260902_002859/task8_seed1008/results.parquet,8,1008,20260902_002859
paper_main,autoencoder,10,medium,10,0.5,1000,10,0.0,0.0,50,dml_learner,true_y,frozen,1008,42,b9f116f6359230079c37508f5f8441c8,54,2.0,10000,histgbr,,,,,,,555.7321250085935,23.573971345715034,2.599815521842504,0.042977190876350546,0.011016206903075476,3.2906373393535615,0.9258818274399128,-0.06985374862831939,-3.915897846221924,-0.2791324502320826,-3.915897846221924,-0.23640642531178008,-1.2888411283493042,-0.11332517050372906,-1.2888411283493042,-0.06780828447112347,0.4934597909450531,0.0694220306399805,0.4934597909450531,0.12883717276674986,paper_main_20260902_002859/task8_seed1008/results.parquet,8,1008,20260902_002859
paper_main,pca,10,medium,10,0.5,1000,10,0.0,0.0,50,x_learner,h_y,frozen,1008,42,b4bf743fbcae0dbf7e5acfca52574495,0,2.0,10000,histgbr,,,,,,,85.80914584301385,9.263322613566574,1.0215898526983884,,,3.554057593345642,1.0,-0.15212913996053562,-2.4539237022399902,-0.1749202258556601,-2.4539237022399902,-0.13567513373078416,-2.6932311058044434,-0.2368103155290653,-2.6932311058044434,-0.18624489612835587,-0.8516613245010376,-0.11981535202932246,-0.8516613245010376,-0.0483178628481446,paper_main_20260902_002859/task8_seed1008/results.parquet,8,1008,20260902_002859
paper_main,pca,10,medium,10,0.5,1000,10,0.0,0.0,50,x_learner,true_y,frozen,1008,42,b4bf743fbcae0dbf7e5acfca52574495,0,2.0,10000,histgbr,,,,,,,83.01195239573202,9.111089528466506,1.0048010846212156,,,3.554057593345642,1.0,-0.0700973313882922,-2.2981948852539062,-0.16381958739058672,-2.2981948852539062,-0.12494528263460593,-1.8326902389526367,-0.1611447130615923,-1.8326902389526367,-0.11367278574688514,0.9421443343162537,0.13254488824494703,0.9421443343162537,0.18792978929624135,paper_main_20260902_002859/task8_seed1008/results.parquet,8,1008,20260902_002859
paper_main,pca,10,medium,10,0.5,1000,10,0.0,0.0,50,dml_learner,h_y,frozen,1008,42,b4bf743fbcae0dbf7e5acfca52574495,0,2.0,10000,histgbr,,,,,,,514.4804233109794,22.68216090479431,2.501463717097974,-0.24494597839135654,-0.24094118618071292,4.985838090181351,1.4028579895600086,-0.4030934804780914,-3.3042664527893066,-0.23553423184330957,-3.3042664527893066,-0.19426448970671842,-2.739304304122925,-0.24086143784371492,-2.739304304122925,-0.1901303934507881,-3.0223958492279053,-0.42520355478084565,-3.0223958492279053,-0.33420777091856874,paper_main_20260902_002859/task8_seed1008/results.parquet,8,1008,20260902_002859
paper_main,pca,10,medium,10,0.5,1000,10,0.0,0.0,50,dml_learner,true_y,frozen,1008,42,b4bf743fbcae0dbf7e5acfca52574495,0,2.0,10000,histgbr,,,,,,,508.3381254343826,22.546355036554857,2.4864865968228873,-0.2302521008403361,-0.2244311232996833,5.208027340173722,1.4653750546768998,-0.391140931476143,-4.600380897521973,-0.32792366970581116,-4.600380897521973,-0.2835679035818137,-2.6091761589050293,-0.22941953556438657,-2.6091761589050293,-0.17915627881862917,-3.11409068107605,-0.4381035752949762,-3.11409068107605,-0.3462841564687076,paper_main_20260902_002859/task8_seed1008/results.parquet,8,1008,20260902_002859
paper_main,pls,10,medium,10,0.5,1000,10,0.0,0.0,50,x_learner,h_y,frozen,1008,42,2d76c26dca5bda0cb184a0dbfcc4efc8,0,2.0,10000,histgbr,,,,,,,89.39135538036608,9.454700174006899,1.042695602971371,,,3.554057593345642,1.0,-0.4991868011078255,-4.683025360107422,-0.3338147200461174,-4.683025360107422,-0.28926217901925433,-5.7711358070373535,-0.507444195368222,-5.7711358070373535,-0.44581425340792,-3.3811960220336914,-0.4756810952962534,-3.3811960220336914,-0.38146244312773964,paper_main_20260902_002859/task8_seed1008/results.parquet,8,1008,20260902_002859
paper_main,pls,10,medium,10,0.5,1000,10,0.0,0.0,50,x_learner,true_y,frozen,1008,42,2d76c26dca5bda0cb184a0dbfcc4efc8,0,2.0,10000,histgbr,,,,,,,83.01195239573202,9.111089528466506,1.0048010846212156,,,3.554057593345642,1.0,0.31145445151341106,7.124067783355713,0.5078167444807304,7.124067783355713,0.5242568199685007,3.5367724895477295,0.3109811881346695,3.5367724895477295,0.339150847426398,2.421602725982666,0.34068141260115015,2.421602725982666,0.38277730232446266,paper_main_20260902_002859/task8_seed1008/results.parquet,8,1008,20260902_002859
paper_main,pls,10,medium,10,0.5,1000,10,0.0,0.0,50,dml_learner,h_y,frozen,1008,42,2d76c26dca5bda0cb184a0dbfcc4efc8,0,2.0,10000,histgbr,,,,,,,413.84123799970604,20.343088211962954,2.2435030449498656,0.2169987995198079,0.12308844990753529,2.6318054610490798,0.7405072630158498,0.1325168393792617,-5.6427741050720215,-0.4022273879219158,-5.6427741050720215,-0.35538970327916264,-2.908860683441162,-0.2557701842932048,-2.908860683441162,-0.2044296147309841,2.9571874141693115,0.41602975367345824,2.9571874141693115,0.45331483490867996,paper_main_20260902_002859/task8_seed1008/results.parquet,8,1008,20260902_002859
paper_main,pls,10,medium,10,0.5,1000,10,0.0,0.0,50,dml_learner,true_y,frozen,1008,42,2d76c26dca5bda0cb184a0dbfcc4efc8,0,2.0,10000,histgbr,,,,,,,380.3018572737689,19.501329628355318,2.150671124557077,0.22093637454981993,0.13276001631017992,2.55011938393116,0.7175233706695743,0.13728459808408444,-2.637066125869751,-0.18797495696886804,-2.637066125869751,-0.14829380619598453,-2.908860683441162,-0.2557701842932048,-2.908860683441162,-0.2044296147309841,1.3287560939788818,0.18693508156480015,1.3287560939788818,0.23884730093567175,paper_main_20260902_002859/task8_seed1008/results.parquet,8,1008,20260902_002859
paper_main,ica,10,medium,10,0.5,1000,10,0.0,0.0,50,x_learner,h_y,frozen,1008,42,2c668c4e1d12971d94a618fc9ef854ed,0,2.0,10000,histgbr,,,,,,,85.92168077915525,9.269394844279493,1.022259518382975,,,3.554057593345642,1.0,-0.19353870292143283,4.405357360839844,0.31402203085189406,4.405357360839844,0.3369353044532969,-1.8998600244522095,-0.1670508152389702,-1.8998600244522095,-0.11933742443558343,-1.2000603675842285,-0.1688296171988109,-1.2000603675842285,-0.09420268628661173,paper_main_20260902_002859/task8_seed1008/results.parquet,8,1008,20260902_002859
paper_main,ica,10,medium,10,0.5,1000,10,0.0,0.0,50,x_learner,true_y,frozen,1008,42,2c668c4e1d12971d94a618fc9ef854ed,0,2.0,10000,histgbr,,,,,,,83.01195239573202,9.111089528466506,1.0048010846212156,,,3.554057593345642,1.0,0.03133041382948999,-3.214003801345825,-0.2291001428932692,-3.214003801345825,-0.18804531442317832,0.18238385021686554,0.01603663979083635,0.18238385021686554,0.056264732457272766,1.1049556732177734,0.1554498826642717,1.1049556732177734,0.20937235547887248,paper_main_20260902_002859/task8_seed1008/results.parquet,8,1008,20260902_002859
paper_main,ica,10,medium,10,0.5,1000,10,0.0,0.0,50,dml_learner,h_y,frozen,1008,42,2c668c4e1d12971d94a618fc9ef854ed,0,2.0,10000,histgbr,,,,,,,479.9478959248219,21.907713160547402,2.4160550586745813,-0.23755102040816325,-0.2423102790456091,4.985838090181351,1.4028579895600086,-0.39423447120609667,-3.3042659759521484,-0.2355341978534739,-3.3042659759521484,-0.194264456852223,-2.739304304122925,-0.24086143784371492,-2.739304304122925,-0.1901303934507881,-3.022395610809326,-0.42520352123910177,-3.022395610809326,-0.33420773951838373,paper_main_20260902_002859/task8_seed1008/results.parquet,8,1008,20260902_002859
paper_main,ica,10,medium,10,0.5,1000,10,0.0,0.0,50,dml_learner,true_y,frozen,1008,42,2c668c4e1d12971d94a618fc9ef854ed,0,2.0,10000,histgbr,,,,,,,477.0895744152079,21.842380236943225,2.4088499277960134,-0.23399759903961587,-0.22755623959064622,5.128735772371292,1.4430649019233572,-0.39489210104206907,-4.600380897521973,-0.32792366970581116,-4.600380897521973,-0.2835679035818137,-2.6091763973236084,-0.22941955652804571,-2.6091763973236084,-0.17915629892521573,-3.0223963260650635,-0.4252036218643333,-3.0223963260650635,-0.33420783371893875,paper_main_20260902_002859/task8_seed1008/results.parquet,8,1008,20260902_002859
paper_main,raw_x,10,medium,10,0.5,1000,10,0.0,0.0,50,x_learner,h_y,frozen,1008,42,dd34b7e5891261e9fb24703963931ff3,0,2.0,10000,histgbr,,,,,,,82.61585623318581,9.089326500527187,1.002400985927229,,,3.554057593345642,1.0,0.02412221081733599,5.490437030792236,0.391368519158031,5.490437030792236,0.4116982385807666,-0.20075778663158417,-0.01765222252731334,-0.20075778663158417,0.023953196501024662,1.2421683073043823,0.17475354197460782,1.2421683073043823,0.22744352304831866,paper_main_20260902_002859/task8_seed1008/results.parquet,8,1008,20260902_002859
paper_main,raw_x,10,medium,10,0.5,1000,10,0.0,0.0,50,x_learner,true_y,frozen,1008,42,dd34b7e5891261e9fb24703963931ff3,0,2.0,10000,histgbr,,,,,,,83.01195239573202,9.111089528466506,1.0048010846212156,,,3.554057593345642,1.0,0.08340941437039366,-1.1197597980499268,-0.07981855206019192,-1.1197597980499268,-0.0437500789662931,-1.485180139541626,-0.13058885912328805,-1.485180139541626,-0.08436616910078135,0.9534690976142883,0.134138104306505,0.9534690976142883,0.1894212823836339,paper_main_20260902_002859/task8_seed1008/results.parquet,8,1008,20260902_002859
paper_main,raw_x,10,medium,10,0.5,1000,10,0.0,0.0,50,dml_learner,h_y,frozen,1008,42,dd34b7e5891261e9fb24703963931ff3,0,2.0,10000,histgbr,,,,,,,2255.0114292596127,47.48696062351867,5.237019062407068,-0.2615606242496999,-0.22551306904751817,4.713371144533157,1.3261943625669232,-0.35629800552964713,-1.9380903244018555,-0.1381506674244134,-1.9380903244018555,-0.10013376481936154,-2.2829504013061523,-0.20073517037040017,-2.2829504013061523,-0.15164463747571819,-2.5915768146514893,-0.3645940932452429,-2.5915768146514893,-0.277468076226728,paper_main_20260902_002859/task8_seed1008/results.parquet,8,1008,20260902_002859
paper_main,raw_x,10,medium,10,0.5,1000,10,0.0,0.0,50,dml_learner,true_y,frozen,1008,42,dd34b7e5891261e9fb24703963931ff3,0,2.0,10000,histgbr,,,,,,,2990.2467162477683,54.68314837541606,6.030638446307625,0.16292917166866747,0.19031970361153916,3.173258620500565,0.892855148560885,0.11250340369031132,3.423053026199341,0.24400155877386426,3.423053026199341,0.26925368042371933,4.571345329284668,0.4019490668614107,4.571345329284668,0.426399619931226,0.680492639541626,0.09573461047771628,0.680492639541626,0.15346975831893833,paper_main_20260902_002859/task8_seed1008/results.parquet,8,1008,20260902_002859
paper_main,encoder_pred,10,medium,10,0.5,1000,10,0.0,0.0,100,x_learner,h_y,frozen,1008,42,046578539f5ee11f7116ae6569884826,46,2.0,10000,histgbr,,,,,,,74.48060038468392,8.630214388106701,0.876738368853305,0.5983318331833183,0.5660955029416904,1.2408678865432736,0.3460334296502061,0.4877545572961138,7.139761447906494,0.45711026215731076,7.139761447906494,0.4872760173663459,7.466577053070068,0.6003038678184573,7.466577053070068,0.627802809588153,5.048029899597168,0.7114626997553544,5.048029899597168,0.7445478479168574,paper_main_20260902_002859/task8_seed1008/results.parquet,8,1008,20260902_002859
paper_main,encoder_pred,10,medium,10,0.5,1000,10,0.0,0.0,100,x_learner,true_y,frozen,1008,42,046578539f5ee11f7116ae6569884826,46,2.0,10000,histgbr,,,,,,,40.29695884525816,6.347988566881494,0.6448883992148516,0.8149054905490549,0.7659766932453668,0.8879227471351623,0.24760972282998794,0.7763320367158358,10.969452857971191,0.7022993006439648,10.969452857971191,0.7188410876705874,10.420553207397461,0.8378000187698624,10.420553207397461,0.8489593157451641,5.699981689453125,0.8033479282002709,5.699981689453125,0.8258970507097142,paper_main_20260902_002859/task8_seed1008/results.parquet,8,1008,20260902_002859
paper_main,encoder_pred,10,medium,10,0.5,1000,10,0.0,0.0,100,dml_learner,h_y,frozen,1008,42,046578539f5ee11f7116ae6569884826,46,2.0,10000,histgbr,,,,,,,83.31628407829776,9.127775417827596,0.9272852992057699,0.38735073507350726,0.38058662063756254,2.5549595081806182,0.7124863257570582,0.2724389166264265,4.8868937492370605,0.3128744985595675,4.8868937492370605,0.3510547370674904,4.001593112945557,0.3217233018641663,4.001593112945557,0.36838848054372136,2.2256593704223633,0.31368150662951855,2.2256593704223633,0.3923782609829039,paper_main_20260902_002859/task8_seed1008/results.parquet,8,1008,20260902_002859
paper_main,encoder_pred,10,medium,10,0.5,1000,10,0.0,0.0,100,dml_learner,true_y,frozen,1008,42,046578539f5ee11f7116ae6569884826,46,2.0,10000,histgbr,,,,,,,25.749783498574956,5.074424449981984,0.5155077747868723,0.8576297629762977,0.8659225238623005,0.4815620917081831,0.1342903495129644,0.8445005456722698,13.074213027954102,0.837052748654649,13.074213027954102,0.8461069387662574,10.343889236450195,0.8316363271672904,10.343889236450195,0.8432196837789473,6.113046169281006,0.8615646931237189,6.113046169281006,0.8774383865245424,paper_main_20260902_002859/task8_seed1008/results.parquet,8,1008,20260902_002859
paper_main,mi_mine_cond,10,medium,10,0.5,1000,10,0.0,0.0,100,x_learner,h_y,frozen,1008,42,170fb0fe08485992dcf5ba3960c91803,16,2.0,10000,histgbr,,,,,,,85.02836602612948,9.221082692728087,0.9367643300061101,0.4705190519051905,0.48690913760840604,2.5190935361385343,0.7024845959612828,0.3898751521813492,5.099166393280029,0.3264648691448142,5.099166393280029,0.3638899565351203,6.980804443359375,0.5612483308010376,6.980804443359375,0.5914342786529898,2.588174819946289,0.3647739576551949,2.588174819946289,0.43761219281301844,paper_main_20260902_002859/task8_seed1008/results.parquet,8,1008,20260902_002859
paper_main,mi_mine_cond,10,medium,10,0.5,1000,10,0.0,0.0,100,x_learner,true_y,frozen,1008,42,170fb0fe08485992dcf5ba3960c91803,16,2.0,10000,histgbr,,,,,,,88.53195624687649,9.409142163177071,0.9558691802397357,0.4872487248724872,0.5051808626952238,2.3851662456989287,0.6651370909310123,0.4182591412584458,5.899623394012451,0.37771267512826756,5.899623394012451,0.41229016997346474,7.6664838790893555,0.6163761376162152,7.6664838790893555,0.6427693133409329,2.158184766769409,0.3041717246681074,2.158184766769409,0.3839589187840819,paper_main_20260902_002859/task8_seed1008/results.parquet,8,1008,20260902_002859
paper_main,mi_mine_cond,10,medium,10,0.5,1000,10,0.0,0.0,100,dml_learner,h_y,frozen,1008,42,170fb0fe08485992dcf5ba3960c91803,16,2.0,10000,histgbr,,,,,,,73.45664929228161,8.570685462218387,0.8706908605254895,0.5290729072907291,0.5601619204060557,1.7828622555732725,0.49717616805163983,0.4678502942741981,9.159148216247559,0.586397833150884,9.159148216247559,0.6093797037765399,8.023543357849121,0.6450832927982001,8.023543357849121,0.6695014271723438,3.4964067935943604,0.4927789783915727,3.4964067935943604,0.5509395095822194,paper_main_20260902_002859/task8_seed1008/results.parquet,8,1008,20260902_002859
paper_main,mi_mine_cond,10,medium,10,0.5,1000,10,0.0,0.0,100,dml_learner,true_y,frozen,1008,42,170fb0fe08485992dcf5ba3960c91803,16,2.0,10000,histgbr,,,,,,,85.57463863897482,9.250656119377416,0.9397686769059584,0.5588478847884789,0.5868771434963682,1.798630094528198,0.501573251295485,0.5074975422416542,11.923529624938965,0.763382333214292,11.923529624938965,0.7765300317557203,7.061982154846191,0.5677749217462351,7.061982154846191,0.5975118426251791,3.3586554527282715,0.4733644854474385,3.3586554527282715,0.5337511807249902,paper_main_20260902_002859/task8_seed1008/results.parquet,8,1008,20260902_002859
paper_main,mi_infonce_cond,10,medium,10,0.5,1000,10,0.0,0.0,100,x_learner,h_y,frozen,1008,42,0a7d44039a1dfc1e2ce0c5895278fca7,34,2.0,10000,histgbr,,,,,,,47.265957436695736,6.875024177171723,0.698429634752435,0.8172817281728173,0.7663339765507888,0.4359434497356416,0.12156895079765251,0.7616721190106754,9.88360595703125,0.6327799245173439,9.88360595703125,0.6531845668096671,9.54769229888916,0.7676230453427125,9.54769229888916,0.7836104913804379,6.480240345001221,0.9133165576705579,6.480240345001221,0.9232561201818416,paper_main_20260902_002859/task8_seed1008/results.parquet,8,1008,20260902_002859
paper_main,mi_infonce_cond,10,medium,10,0.5,1000,10,0.0,0.0,100,x_learner,true_y,frozen,1008,42,0a7d44039a1dfc1e2ce0c5895278fca7,34,2.0,10000,histgbr,,,,,,,43.86288654835543,6.6229062010838895,0.6728171188665654,0.8171737173717372,0.778216187900175,0.4519982850551605,0.12604606700666213,0.7686462546179847,10.02596664428711,0.6418943090170531,10.02596664428711,0.6617925090752833,8.919561386108398,0.7171220709660284,8.919561386108398,0.736583964820193,6.2679572105407715,0.8833976516894716,6.2679572105407715,0.896767867486743,paper_main_20260902_002859/task8_seed1008/results.parquet,8,1008,20260902_002859
paper_main,mi_infonce_cond,10,medium,10,0.5,1000,10,0.0,0.0,100,dml_learner,h_y,frozen,1008,42,0a7d44039a1dfc1e2ce0c5895278fca7,34,2.0,10000,histgbr,,,,,,,15.3513968231045,3.918085862140402,0.3980360224346377,0.9374137413741372,0.9294339771654234,0.2179553043842315,0.060779896316464195,0.9247332195924981,11.547574996948242,0.739312520824344,11.547574996948242,0.7537976623452027,11.107155799865723,0.8930020462830458,11.107155799865723,0.9003634647753387,6.755085468292236,0.9520528681363147,6.755085468292236,0.9575507291070943,paper_main_20260902_002859/task8_seed1008/results.parquet,8,1008,20260902_002859
paper_main,mi_infonce_cond,10,medium,10,0.5,1000,10,0.0,0.0,100,dml_learner,true_y,frozen,1008,42,0a7d44039a1dfc1e2ce0c5895278fca7,34,2.0,10000,histgbr,,,,,,,16.985317332317706,4.121324706003848,0.41868293622417563,0.9363216321632163,0.933989278797466,0.3587571853399276,0.10004447741866879,0.9271325881154313,12.892539978027344,0.8254214615192379,12.892539978027344,0.8351219459628908,11.419992446899414,0.918153738668309,11.419992446899414,0.9237847302972327,6.473733901977539,0.9123995481417906,6.473733901977539,0.9224442596098956,paper_main_20260902_002859/task8_seed1008/results.parquet,8,1008,20260902_002859
paper_main,autoencoder,10,medium,10,0.5,1000,10,0.0,0.0,100,x_learner,h_y,frozen,1008,42,b9f116f6359230079c37508f5f8441c8,54,2.0,10000,histgbr,,,,,,,127.27088670623475,11.28143992166934,1.1460748007455697,-0.013033303330333031,-0.005220029416791665,4.249908255338669,1.1851465778442303,-0.1995108817874721,1.2249327898025513,0.07842409760565762,1.2249327898025513,0.12963161018204916,-1.1329545974731445,-0.09108819504463363,-1.1329545974731445,-0.0160217424938569,-1.3820559978485107,-0.19478515599141902,-1.3820559978485107,-0.05778503894026462,paper_main_20260902_002859/task8_seed1008/results.parquet,8,1008,20260902_002859
paper_main,autoencoder,10,medium,10,0.5,1000,10,0.0,0.0,100,x_learner,true_y,frozen,1008,42,b9f116f6359230079c37508f5f8441c8,54,2.0,10000,histgbr,,,,,,,130.53787076705177,11.425317097002244,1.1606911977832177,-0.01428142814281428,0.003971336612022133,4.32245005339384,1.2053758765844458,-0.2033043648001715,1.2249326705932617,0.07842408997349931,1.2249326705932617,0.12963160297397294,-1.1329543590545654,-0.09108817587606492,-1.1329543590545654,-0.01602172464407843,-1.0977569818496704,-0.15471642631205113,-1.0977569818496704,-0.022310792736555073,paper_main_20260902_002859/task8_seed1008/results.parquet,8,1008,20260902_002859
paper_main,autoencoder,10,medium,10,0.5,1000,10,0.0,0.0,100,dml_learner,h_y,frozen,1008,42,b9f116f6359230079c37508f5f8441c8,54,2.0,10000,histgbr,,,,,,,246.76065276851287,15.708617150103088,1.5958291135967733,0.0679147914791479,0.05440775271387477,4.289620347917079,1.1962208523439715,-0.09365845802527065,-0.03656616061925888,-0.002341082035963096,-0.03656616061925888,0.05335416067908295,0.9096579551696777,0.07313541198314638,0.9096579551696777,0.1369033428739358,-0.22702215611934662,-0.03199620432316397,-0.22702215611934662,0.0863377070747409,paper_main_20260902_002859/task8_seed1008/results.parquet,8,1008,20260902_002859
paper_main,autoencoder,10,medium,10,0.5,1000,10,0.0,0.0,100,dml_learner,true_y,frozen,1008,42,b9f116f6359230079c37508f5f8441c8,54,2.0,10000,histgbr,,,,,,,250.0320096454546,15.812400502310034,1.6063724028867172,0.07392739273927393,0.07694961646454627,3.8302904114127156,1.0681302514078874,-0.08606512921687491,0.0870218276977539,0.0055714145020898985,0.0870218276977539,0.06082699808007484,1.2388248443603516,0.09960003631293654,1.2388248443603516,0.1615472111222755,-0.15094445645809174,-0.02127391331682649,-0.15094445645809174,0.09583052589056906,paper_main_20260902_002859/task8_seed1008/results.parquet,8,1008,20260902_002859
paper_main,pca,10,medium,10,0.5,1000,10,0.0,0.0,100,x_learner,h_y,frozen,1008,42,b4bf743fbcae0dbf7e5acfca52574495,0,2.0,10000,histgbr,,,,,,,137.34920446779216,11.719607692571973,1.1905880051075228,-0.02958295829582958,0.0023281890830099683,4.199128088355065,1.1709858154213293,-0.18982603642263882,-2.3334524631500244,-0.14939505681592338,-2.3334524631500244,-0.08552873644640654,-1.1475293636322021,-0.09225998881782377,-1.1475293636322021,-0.0171129173014364,-1.0791749954223633,-0.15209750556606974,-1.0791749954223633,-0.0199921707069981,paper_main_20260902_002859/task8_seed1008/results.parquet,8,1008,20260902_002859
paper_main,pca,10,medium,10,0.5,1000,10,0.0,0.0,100,x_learner,true_y,frozen,1008,42,b4bf743fbcae0dbf7e5acfca52574495,0,2.0,10000,histgbr,,,,,,,137.61371591498303,11.73088726034749,1.1917338897180496,-0.025178517851785175,-0.001532944881569756,4.051391434073448,1.129787375425814,-0.18238350146624793,-2.0047340393066406,-0.1283494566239105,-2.0047340393066406,-0.06565253839881849,-1.4650356769561768,-0.11778711678964197,-1.4650356769561768,-0.0408837885844214,-1.1309682130813599,-0.15939717359450734,-1.1309682130813599,-0.026454821829663456,paper_main_20260902_002859/task8_seed1008/results.parquet,8,1008,20260902_002859
paper_main,pca,10,medium,10,0.5,1000,10,0.0,0.0,100,dml_learner,h_y,frozen,1008,42,b4bf743fbcae0dbf7e5acfca52574495,0,2.0,10000,histgbr,,,,,,,318.2415200306293,17.8393251002001,1.812286472436574,-0.17375337533753374,-0.1533832619734083,4.654147909283638,1.2978744801230615,-0.3881289089654716,-8.888607025146484,-0.5690769246456252,-8.888607025146484,-0.4818909140920034,-3.8259804248809814,-0.30760425171121647,-3.8259804248809814,-0.2176415768678152,-2.5189805030822754,-0.35502180157392305,-2.5189805030822754,-0.1996481392116273,paper_main_20260902_002859/task8_seed1008/results.parquet,8,1008,20260902_002859
paper_main,pca,10,medium,10,0.5,1000,10,0.0,0.0,100,dml_learner,true_y,frozen,1008,42,b4bf743fbcae0dbf7e5acfca52574495,0,2.0,10000,histgbr,,,,,,,312.6863664076086,17.68293998201681,1.79639940089199,-0.17380138013801377,-0.1488329848082259,4.836178827881813,1.348636357151223,-0.3848770096213817,-7.21264123916626,-0.46177625845589715,-7.21264123916626,-0.3805524265997546,-4.334360122680664,-0.34847737158132414,-4.334360122680664,-0.25570264164717366,-2.22514271736145,-0.3136086902261166,-2.22514271736145,-0.1629836649502886,paper_main_20260902_002859/task8_seed1008/results.parquet,8,1008,20260902_002859
paper_main,pls,10,medium,10,0.5,1000,10,0.0,0.0,100,x_learner,h_y,frozen,1008,42,2d76c26dca5bda0cb184a0dbfcc4efc8,0,2.0,10000,histgbr,,,,,,,60.011453693499845,7.746705989870781,0.7869832738923919,0.698121812181218,0.6712811347905943,1.0206892892718313,0.28463353690122756,0.6331259717406393,7.5980963706970215,0.48645432333376093,7.5980963706970215,0.5149895710850474,8.472119331359863,0.6811482647384824,8.472119331359863,0.7030851427694673,5.516746997833252,0.7775230715766764,5.516746997833252,0.8030334029382049,paper_main_20260902_002859/task8_seed1008/results.parquet,8,1008,20260902_002859
paper_main,pls,10,medium,10,0.5,1000,10,0.0,0.0,100,x_learner,true_y,frozen,1008,42,2d76c26dca5bda0cb184a0dbfcc4efc8,0,2.0,10000,histgbr,,,,,,,60.48141972708886,7.7769801161561976,0.7900588044533143,0.7421782178217821,0.7252159935799141,0.8657264277338981,0.24141996756971834,0.6900939465319992,11.329397201538086,0.7253440836455243,11.329397201538086,0.7406053836148067,8.845037460327148,0.7111304364361061,8.845037460327148,0.7310045524655124,5.686005115509033,0.8013780882370829,5.686005115509033,0.8241530825730848,paper_main_20260902_002859/task8_seed1008/results.parquet,8,1008,20260902_002859
paper_main,pls,10,medium,10,0.5,1000,10,0.0,0.0,100,dml_learner,h_y,frozen,1008,42,2d76c26dca5bda0cb184a0dbfcc4efc8,0,2.0,10000,histgbr,,,,,,,113.17868889837527,10.638547311469516,1.0807637211979744,0.612013201320132,0.6204602220633366,1.990780448615551,0.5551570749679412,0.5555212996090181,9.56641960144043,0.6124726440550036,9.56641960144043,0.634005663637755,6.076260089874268,0.48852404627936546,6.076260089874268,0.5237133972275376,3.9467406272888184,0.5562484370683142,3.9467406272888184,0.6071312386819879,paper_main_20260902_002859/task8_seed1008/results.parquet,8,1008,20260902_002859
paper_main,pls,10,medium,10,0.5,1000,10,0.0,0.0,100,dml_learner,true_y,frozen,1008,42,2d76c26dca5bda0cb184a0dbfcc4efc8,0,2.0,10000,histgbr,,,,,,,117.91118017818113,10.858691457914306,1.1031280346653887,0.6336033603360335,0.641294459319406,1.9330741855502127,0.5390648734230835,0.5874295315625563,9.56641960144043,0.6124726440550036,9.56641960144043,0.634005663637755,7.551947116851807,0.607167518875673,7.551947116851807,0.6341942440649386,4.150913238525391,0.5850242565653547,4.150913238525391,0.6326074769785355,paper_main_20260902_002859/task8_seed1008/results.parquet,8,1008,20260902_002859
paper_main,ica,10,medium,10,0.5,1000,10,0.0,0.0,100,x_learner,h_y,frozen,1008,42,2c668c4e1d12971d94a618fc9ef854ed,0,2.0,10000,histgbr,,,,,,,128.1498809558602,11.320330426090052,1.1500256640586162,-0.06082208220822082,-0.031036148583407773,4.398851988911629,1.2266816288452946,-0.25196658433854907,-0.5931093096733093,-0.03797274657015385,-0.5931093096733093,0.019702375289965136,-1.5560944080352783,-0.1251081298960358,-1.5560944080352783,-0.04770111877547378,-1.6663028001785278,-0.23484652674492398,-1.6663028001785278,-0.09325277002982041,paper_main_20260902_002859/task8_seed1008/results.parquet,8,1008,20260902_002859
paper_main,ica,10,medium,10,0.5,1000,10,0.0,0.0,100,x_learner,true_y,frozen,1008,42,2c668c4e1d12971d94a618fc9ef854ed,0,2.0,10000,histgbr,,,,,,,130.45369041375037,11.421632563418873,1.1603168881984731,-0.014041404140414038,-0.0040121133062797285,4.098387523293495,1.142892894642902,-0.2045417003168945,0.5364147424697876,0.03434297985226217,0.5364147424697876,0.08799986679475177,-1.1445088386535645,-0.09201714222096545,-1.1445088386535645,-0.01688677845801449,-1.5508918762207031,-0.2185806627992991,-1.5508918762207031,-0.07885203242370019,paper_main_20260902_002859/task8_seed1008/results.parquet,8,1008,20260902_002859
paper_main,ica,10,medium,10,0.5,1000,10,0.0,0.0,100,dml_learner,h_y,frozen,1008,42,2c668c4e1d12971d94a618fc9ef854ed,0,2.0,10000,histgbr,,,,,,,263.9935660736876,16.247878817669942,1.6506123870527873,-0.07152715271527152,-0.04283972588285873,4.185001218914985,1.1670463395628725,-0.25207469417919803,-1.277453064918518,-0.08178661285242025,-1.277453064918518,-0.021676966496987953,-2.9876983165740967,-0.24020737247687965,-2.9876983165740967,-0.15488157727354068,-1.1129133701324463,-0.15685254775758073,-1.1129133701324463,-0.02420197567861775,paper_main_20260902_002859/task8_seed1008/results.parquet,8,1008,20260902_002859
paper_main,ica,10,medium,10,0.5,1000,10,0.0,0.0,100,dml_learner,true_y,frozen,1008,42,2c668c4e1d12971d94a618fc9ef854ed,0,2.0,10000,histgbr,,,,,,,271.3238796256403,16.471911838813377,1.6733717689978358,-0.06489048904890488,-0.03220872104648955,4.18296235859394,1.1664777747405253,-0.24256909046389763,-1.2774531841278076,-0.08178662048457855,-1.2774531841278076,-0.021676973705064155,-3.918522357940674,-0.315044512483492,-3.918522357940674,-0.22456995053072232,-0.9929656982421875,-0.13994728052070818,-0.9929656982421875,-0.009235152000922826,paper_main_20260902_002859/task8_seed1008/results.parquet,8,1008,20260902_002859
paper_main,raw_x,10,medium,10,0.5,1000,10,0.0,0.0,100,x_learner,h_y,frozen,1008,42,dd34b7e5891261e9fb24703963931ff3,0,2.0,10000,histgbr,,,,,,,198.83464597637027,14.10087394370896,1.4324994333687247,-0.44798079807980795,-0.4282255128093614,5.620559495091438,1.5673719174548846,-0.7015412417367564,-7.154659271240234,-0.45806406824443935,-7.154659271240234,-0.3770465048317807,-7.754255771636963,-0.623432892834513,-7.754255771636963,-0.5117413276862465,-3.709658622741699,-0.5228344109287374,-3.709658622741699,-0.3482185048802184,paper_main_20260902_002859/task8_seed1008/results.parquet,8,1008,20260902_002859
paper_main,raw_x,10,medium,10,0.5,1000,10,0.0,0.0,100,x_learner,true_y,frozen,1008,42,dd34b7e5891261e9fb24703963931ff3,0,2.0,10000,histgbr,,,,,,,106.33005606332348,10.311646622306425,1.0475540737772981,0.22366636663666364,0.2869101652806888,3.56618519872427,0.9944808053015288,0.08626621778970416,4.472872257232666,0.28636752432384116,4.472872257232666,0.326020627099386,1.8247745037078857,0.1467096883466757,1.8247745037078857,0.20541573702603244,0.3352692127227783,0.04725240221886064,0.3352692127227783,0.15649926703106434,paper_main_20260902_002859/task8_seed1008/results.parquet,8,1008,20260902_002859
paper_main,raw_x,10,medium,10,0.5,1000,10,0.0,0.0,100,dml_learner,h_y,frozen,1008,42,dd34b7e5891261e9fb24703963931ff3,0,2.0,10000,histgbr,,,,,,,1722.8263872155303,41.50694384335626,4.216665844531043,-0.18373837383738373,-0.1567212179218982,4.48136827647686,1.2496924540087548,-0.4036437219840507,-0.19043216109275818,-0.012192073322816422,-0.19043216109275818,0.04405054130039353,-1.2679812908172607,-0.10194417974780912,-1.2679812908172607,-0.02613083958124295,-1.5700709819793701,-0.22128374075908766,-1.5700709819793701,-0.08124516177470965,paper_main_20260902_002859/task8_seed1008/results.parquet,8,1008,20260902_002859
paper_main,raw_x,10,medium,10,0.5,1000,10,0.0,0.0,100,dml_learner,true_y,frozen,1008,42,dd34b7e5891261e9fb24703963931ff3,0,2.0,10000,histgbr,,,,,,,3974.0214482584956,63.039840166822245,6.404180030197121,0.20076807680768077,0.17531752801733594,3.177726358771324,0.8861536045377829,0.0769393959615523,1.4618103504180908,0.09358975329628337,1.4618103504180908,0.14395458378594797,2.88537859916687,0.23198098953365479,2.88537859916687,0.2848204051456145,0.8570537567138672,0.12079203010183745,0.8570537567138672,0.2216064687348708,paper_main_20260902_002859/task8_seed1008/results.parquet,8,1008,20260902_002859
paper_main,encoder_pred,10,medium,10,0.5,1000,10,0.0,0.0,250,x_learner,h_y,frozen,1008,42,046578539f5ee11f7116ae6569884826,46,2.0,10000,histgbr,,,,,,,58.62459648117858,7.656670064798312,0.8286859621277093,0.7457994527912446,0.7279200447262801,0.8594516547322275,0.24397893272079435,0.7121369418248119,9.873159408569336,0.6598218980969751,9.873159408569336,0.6720838106413121,8.996453285217285,0.7411320920146384,8.996453285217285,0.7525386960808981,5.022921562194824,0.7180470549950168,5.022921562194824,0.7389293995435393,paper_main_20260902_002859/task8_seed1008/results.parquet,8,1008,20260902_002859
paper_main,encoder_pred,10,medium,10,0.5,1000,10,0.0,0.0,250,x_learner,true_y,frozen,1008,42,046578539f5ee11f7116ae6569884826,46,2.0,10000,histgbr,,,,,,,12.95621676109857,3.5994745118001004,0.38957327058911284,0.9391357941727068,0.9280051077677369,0.1388581232428554,0.039418688092420544,0.9313237040040432,13.707590103149414,0.9160763789902138,13.707590103149414,0.9191014534893343,10.978219032287598,0.9043908949500776,10.978219032287598,0.9086037586260786,6.754159927368164,0.9655346166092403,6.754159927368164,0.9680872340715266,paper_main_20260902_002859/task8_seed1008/results.parquet,8,1008,20260902_002859
paper_main,encoder_pred,10,medium,10,0.5,1000,10,0.0,0.0,250,dml_learner,h_y,frozen,1008,42,046578539f5ee11f7116ae6569884826,46,2.0,10000,histgbr,,,,,,,52.73729438216641,7.262044779686119,0.785975432445021,0.9148266692267074,0.912998730632794,0.4014191070199016,0.11395382714687263,0.9092003624661229,12.84722900390625,0.8585785639484849,12.84722900390625,0.8636761797887089,10.884145736694336,0.8966410922049993,10.884145736694336,0.9011954386557199,6.661850452423096,0.9523386019369587,6.661850452423096,0.9558685588097239,paper_main_20260902_002859/task8_seed1008/results.parquet,8,1008,20260902_002859
paper_main,encoder_pred,10,medium,10,0.5,1000,10,0.0,0.0,250,dml_learner,true_y,frozen,1008,42,046578539f5ee11f7116ae6569884826,46,2.0,10000,histgbr,,,,,,,9.456512158892359,3.0751442500950033,0.3328246940256002,0.9529400470407525,0.952402018762118,0.056821234941482945,0.016130266525834727,0.9511273456331004,13.831914901733398,0.9243849883408345,13.831914901733398,0.9271105743054125,11.291736602783203,0.9302186212260044,11.291736602783203,0.9332934270799524,6.826565742492676,0.9758853222037652,6.826565742492676,0.9776713330234382,paper_main_20260902_002859/task8_seed1008/results.parquet,8,1008,20260902_002859
paper_main,mi_mine_cond,10,medium,10,0.5,1000,10,0.0,0.0,250,x_learner,h_y,frozen,1008,42,170fb0fe08485992dcf5ba3960c91803,16,2.0,10000,histgbr,,,,,,,64.27485001811357,8.017159722627058,0.8677019725352013,0.5229622233955743,0.5361275690503571,1.6762087320685388,0.47583783824905695,0.48538804538425623,6.035266876220703,0.4033360630573253,6.035266876220703,0.42484315293825026,6.538881301879883,0.53867614548288,6.538881301879883,0.5590036499454846,3.726590633392334,0.5327312792657124,3.726590633392334,0.5673387079022473,paper_main_20260902_002859/task8_seed1008/results.parquet,8,1008,20260902_002859
paper_main,mi_mine_cond,10,medium,10,0.5,1000,10,0.0,0.0,250,x_learner,true_y,frozen,1008,42,170fb0fe08485992dcf5ba3960c91803,16,2.0,10000,histgbr,,,,,,,68.82225013555201,8.295917678928113,0.8978721121994574,0.5636653386454182,0.572651716826375,1.59130135935545,0.4517345509255596,0.53236509145191,8.368873596191406,0.5592906822085666,8.368873596191406,0.5751762994249665,6.988213062286377,0.5756923091910698,6.988213062286377,0.5943887550695603,3.750446081161499,0.5361415124943499,3.750446081161499,0.5704963682582376,paper_main_20260902_002859/task8_seed1008/results.parquet,8,1008,20260902_002859
paper_main,mi_mine_cond,10,medium,10,0.5,1000,10,0.0,0.0,250,dml_learner,h_y,frozen,1008,42,170fb0fe08485992dcf5ba3960c91803,16,2.0,10000,histgbr,,,,,,,59.9624384856871,7.743541727509906,0.8380881339317111,0.54889108625738,0.5759315424515927,1.8546997320055962,0.5265074057868361,0.5203092933211817,8.638145446777344,0.577286083296033,8.638145446777344,0.5925230460778871,6.838200092315674,0.563334169517694,6.838200092315674,0.5825751572335517,3.1484906673431396,0.45008953919980565,3.1484906673431396,0.4908176816672076,paper_main_20260902_002859/task8_seed1008/results.parquet,8,1008,20260902_002859
paper_main,mi_mine_cond,10,medium,10,0.5,1000,10,0.0,0.0,250,dml_learner,true_y,frozen,1008,42,170fb0fe08485992dcf5ba3960c91803,16,2.0,10000,histgbr,,,,,,,58.62140462285824,7.656461625506801,0.8286634026190236,0.6004554312869006,0.6217526963624527,1.7052809494733812,0.4840907848053938,0.5756585573286185,9.478449821472168,0.6334435101688433,9.478449821472168,0.6466562466610648,6.910039901733398,0.5692523671179837,6.910039901733398,0.5882325788367787,4.181764602661133,0.597800248409845,4.181764602661133,0.6275884593110909,paper_main_20260902_002859/task8_seed1008/results.parquet,8,1008,20260902_002859
paper_main,mi_infonce_cond,10,medium,10,0.5,1000,10,0.0,0.0,250,x_learner,h_y,frozen,1008,42,0a7d44039a1dfc1e2ce0c5895278fca7,34,2.0,10000,histgbr,,,,,,,19.656998049699524,4.433621324571994,0.4798534770297239,0.9024209667354677,0.8941143233846722,0.20746033573150635,0.05889330832627299,0.8890687108562352,12.645602226257324,0.8451038738690335,12.645602226257324,0.8506871925525387,10.623671531677246,0.8751831035554752,10.623671531677246,0.8806829622656656,6.4598708152771,0.9234647917796941,6.4598708152771,0.9291332361654092,paper_main_20260902_002859/task8_seed1008/results.parquet,8,1008,20260902_002859
paper_main,mi_infonce_cond,10,medium,10,0.5,1000,10,0.0,0.0,250,x_learner,true_y,frozen,1008,42,0a7d44039a1dfc1e2ce0c5895278fca7,34,2.0,10000,histgbr,,,,,,,14.67254428306014,3.8304757254236894,0.4145746695450929,0.9252762444199105,0.9141708101193791,0.15702086758613598,0.044574681400194056,0.9140289067253496,13.32973861694336,0.8908246156477875,13.32973861694336,0.8947599042728701,10.74951171875,0.8855498778995373,10.74951171875,0.8905929411293328,6.593916893005371,0.9426272234749962,6.593916893005371,0.9468764363607823,paper_main_20260902_002859/task8_seed1008/results.parquet,8,1008,20260902_002859
paper_main,mi_infonce_cond,10,medium,10,0.5,1000,10,0.0,0.0,250,dml_learner,h_y,frozen,1008,42,0a7d44039a1dfc1e2ce0c5895278fca7,34,2.0,10000,histgbr,,,,,,,8.507142631293407,2.916700641357184,0.31567624786836795,0.9711304180866893,0.9660104142551702,0.15152241951227197,0.043013796055107356,0.9677746589128202,13.090524673461914,0.8748379803968469,13.090524673461914,0.8793495163530443,11.616424560546875,0.956966569307362,11.616424560546875,0.9588627692239291,6.82410192489624,0.97553310946318,6.82410192489624,0.9773452062944857,paper_main_20260902_002859/task8_seed1008/results.parquet,8,1008,20260902_002859
paper_main,mi_infonce_cond,10,medium,10,0.5,1000,10,0.0,0.0,250,dml_learner,true_y,frozen,1008,42,0a7d44039a1dfc1e2ce0c5895278fca7,34,2.0,10000,histgbr,,,,,,,6.648456700307045,2.5784601413066373,0.27906827706084847,0.9661905630490087,0.9624617012251817,0.1347497526407242,0.03825241437683644,0.9638609200206321,13.622611999511719,0.9103973039020267,13.622611999511719,0.913627083882407,11.67526626586914,0.9618139769224116,11.67526626586914,0.9634965835054405,6.7674479484558105,0.9674341932382107,6.7674479484558105,0.969846121928256,paper_main_20260902_002859/task8_seed1008/results.parquet,8,1008,20260902_002859
paper_main,autoencoder,10,medium,10,0.5,1000,10,0.0,0.0,250,x_learner,h_y,frozen,1008,42,b9f116f6359230079c37508f5f8441c8,54,2.0,10000,histgbr,,,,,,,135.04321516599052,11.620809574465564,1.257727142663886,0.20116968271492344,0.2007059572060924,2.778769565999508,0.7888299816012477,0.12658287456871267,4.686485767364502,0.31319720531839207,4.686485767364502,0.33795340143001823,3.7090530395507812,0.30555354998757506,3.7090530395507812,0.336153232127237,1.3381186723709106,0.19128950353545382,1.3381186723709106,0.25118521140571903,paper_main_20260902_002859/task8_seed1008/results.parquet,8,1008,20260902_002859
paper_main,autoencoder,10,medium,10,0.5,1000,10,0.0,0.0,250,x_learner,true_y,frozen,1008,42,b9f116f6359230079c37508f5f8441c8,54,2.0,10000,histgbr,,,,,,,134.19557048166618,11.584281181051598,1.2537736528850327,0.20824998799980798,0.2071599259082162,3.0056831411719322,0.8532456256756971,0.1371532200097539,4.082754611968994,0.2728499344592186,4.082754611968994,0.2990604708235248,3.7262320518493652,0.3069687651751552,3.7262320518493652,0.3375060881006569,1.1582285165786743,0.16557347452926566,1.1582285165786743,0.22737379445498407,paper_main_20260902_002859/task8_seed1008/results.parquet,8,1008,20260902_002859
paper_main,autoencoder,10,medium,10,0.5,1000,10,0.0,0.0,250,dml_learner,h_y,frozen,1008,42,b9f116f6359230079c37508f5f8441c8,54,2.0,10000,histgbr,,,,,,,195.39521905990858,13.978383993148443,1.51288882638538,0.043606585705371285,0.03468999942965538,3.8579512822628024,1.0951853209574178,-0.08709052752769894,-1.3062498569488525,-0.08729649996867478,-1.3062498569488525,-0.04810428119328706,1.310042142868042,0.10792189357182684,1.310042142868042,0.1472299014102501,-0.7654078006744385,-0.10941815641340409,-0.7654078006744385,-0.027251069312391584,paper_main_20260902_002859/task8_seed1008/results.parquet,8,1008,20260902_002859
paper_main,autoencoder,10,medium,10,0.5,1000,10,0.0,0.0,250,dml_learner,true_y,frozen,1008,42,b9f116f6359230079c37508f5f8441c8,54,2.0,10000,histgbr,,,,,,,195.13830167822255,13.9691911604868,1.5118938806303164,0.04705265684250948,0.03866121942290393,4.014744036793709,1.1396952462082135,-0.08436472529033984,0.150379478931427,0.010049840088396404,0.150379478931427,0.045733154846701436,0.9509275555610657,0.07833786340728131,0.9509275555610657,0.11894944464496247,-0.3518173098564148,-0.05029371454653615,-0.3518173098564148,0.027494425683461377,paper_main_20260902_002859/task8_seed1008/results.parquet,8,1008,20260902_002859
paper_main,pca,10,medium,10,0.5,1000,10,0.0,0.0,250,x_learner,h_y,frozen,1008,42,b4bf743fbcae0dbf7e5acfca52574495,0,2.0,10000,histgbr,,,,,,,171.9228675083754,13.11193607017573,1.4191126515462318,0.07058532136514184,0.06496774148030507,3.5142465660572055,0.9976153071361383,-0.04950591609877358,2.0567238330841064,0.13745057354477444,2.0567238330841064,0.16854165663682186,1.063852310180664,0.08764065829523823,1.063852310180664,0.12784232662087722,-0.014058845117688179,-0.002009769057388182,-0.014058845117688179,0.07220230642943509,paper_main_20260902_002859/task8_seed1008/results.parquet,8,1008,20260902_002859
paper_main,pca,10,medium,10,0.5,1000,10,0.0,0.0,250,x_learner,true_y,frozen,1008,42,b4bf743fbcae0dbf7e5acfca52574495,0,2.0,10000,histgbr,,,,,,,167.0900248258776,12.926330679116855,1.3990244695083442,0.07138175010800173,0.061910704167522125,3.523335302591324,1.0001953943663684,-0.0498279567611851,0.6529123187065125,0.04363404130251492,0.6529123187065125,0.07810679448776395,1.2539044618606567,0.10329724476336598,1.2539044618606567,0.1428090304215822,-0.0013765906915068626,-0.00019678923505589017,-0.0013765906915068626,0.07388101111834469,paper_main_20260902_002859/task8_seed1008/results.parquet,8,1008,20260902_002859
paper_main,pca,10,medium,10,0.5,1000,10,0.0,0.0,250,dml_learner,h_y,frozen,1008,42,b4bf743fbcae0dbf7e5acfca52574495,0,2.0,10000,histgbr,,,,,,,138.78761812817888,11.78081568178447,1.2750446989733166,0.0011063217011472181,-0.01894202824006964,3.6023259431719783,1.0226190549384158,-0.13349826652294325,-1.680214524269104,-0.11228850773452602,-1.680214524269104,-0.07219543787020015,-1.5417985916137695,-0.12701409982815665,-1.5417985916137695,-0.07735400980819641,-0.05857301875948906,-0.008373251125195985,-0.05857301875948906,0.06631012436903086,paper_main_20260902_002859/task8_seed1008/results.parquet,8,1008,20260902_002859
paper_main,pca,10,medium,10,0.5,1000,10,0.0,0.0,250,dml_learner,true_y,frozen,1008,42,b4bf743fbcae0dbf7e5acfca52574495,0,2.0,10000,histgbr,,,,,,,144.78030886825724,12.032468943166121,1.3022812813604048,-0.0035224883598137567,-0.028166249605502597,3.705664146602154,1.0519544392422995,-0.13918238489592633,-1.7705247402191162,-0.11832392716206663,-1.7705247402191162,-0.07801330718274249,-0.9151248335838318,-0.07538841817619156,-0.9151248335838318,-0.028003131992819803,-0.2815762162208557,-0.04025246468823583,-0.2815762162208557,0.036791988189125165,paper_main_20260902_002859/task8_seed1008/results.parquet,8,1008,20260902_002859
paper_main,pls,10,medium,10,0.5,1000,10,0.0,0.0,250,x_learner,h_y,frozen,1008,42,2d76c26dca5bda0cb184a0dbfcc4efc8,0,2.0,10000,histgbr,,,,,,,19.428509038060998,4.4077782428408305,0.4770564648994516,0.8869578073249171,0.8813968188629733,0.343173309028149,0.09741915931389684,0.8758772132996544,13.613616943359375,0.9097961655249053,13.613616943359375,0.9130476138788994,10.71312141418457,0.8825520273359221,10.71312141418457,0.8877271860992857,6.3487372398376465,0.9075777954236338,6.3487372398376465,0.9144228820031112,paper_main_20260902_002859/task8_seed1008/results.parquet,8,1008,20260902_002859
paper_main,pls,10,medium,10,0.5,1000,10,0.0,0.0,250,x_learner,true_y,frozen,1008,42,2d76c26dca5bda0cb184a0dbfcc4efc8,0,2.0,10000,histgbr,,,,,,,22.03431399898149,4.6940722191910815,0.5080422325027766,0.880422790764652,0.8711158814920043,0.47554818880558036,0.13499740086979167,0.8681427462794393,13.639754295349121,0.9115429211972723,13.639754295349121,0.914731406752747,10.743752479553223,0.8850754290407483,10.743752479553223,0.8901393981075169,6.176388740539551,0.8829398768693707,6.176388740539551,0.8916097271667778,paper_main_20260902_002859/task8_seed1008/results.parquet,8,1008,20260902_002859
paper_main,pls,10,medium,10,0.5,1000,10,0.0,0.0,250,dml_learner,h_y,frozen,1008,42,2d76c26dca5bda0cb184a0dbfcc4efc8,0,2.0,10000,histgbr,,,,,,,16.875755391274367,4.10801112355777,0.44461249101066963,0.9436778188451015,0.9451854322271864,0.24926564443111454,0.07076089220075114,0.9399179610708053,14.05566692352295,0.9393383054717295,14.05566692352295,0.9415248906426614,11.560620307922363,0.9523693884873519,11.560620307922363,0.954468155890337,6.602850914001465,0.9439043780922993,6.602850914001465,0.9480590007876557,paper_main_20260902_002859/task8_seed1008/results.parquet,8,1008,20260902_002859
paper_main,pls,10,medium,10,0.5,1000,10,0.0,0.0,250,dml_learner,true_y,frozen,1008,42,2d76c26dca5bda0cb184a0dbfcc4efc8,0,2.0,10000,histgbr,,,,,,,21.802305931838234,4.669293943610557,0.505360464976484,0.9471845629530072,0.9497653843169487,0.3701919890642169,0.10508915294579961,0.9446029554209349,14.735466003417969,0.9847691853612608,14.735466003417969,0.9853181887099022,11.636608123779297,0.9586293008270526,11.636608123779297,0.9604522351145921,6.624708652496338,0.9470290306596862,6.624708652496338,0.9509522315073103,paper_main_20260902_002859/task8_seed1008/results.parquet,8,1008,20260902_002859
paper_main,ica,10,medium,10,0.5,1000,10,0.0,0.0,250,x_learner,h_y,frozen,1008,42,2c668c4e1d12971d94a618fc9ef854ed,0,2.0,10000,histgbr,,,,,,,195.80596858341195,13.993068590677742,1.5144781491234685,0.10491931070897134,0.092407258039398,3.171908607542515,0.9004332849847558,-0.0033764002036659876,-0.6712872385978699,-0.04486203469534642,-0.6712872385978699,-0.007199390278615054,-0.6181477904319763,-0.0509233083941937,-0.6181477904319763,-0.004616038496782761,0.7694621682167053,0.10999774473417413,0.7694621682167053,0.1759141824684729,paper_main_20260902_002859/task8_seed1008/results.parquet,8,1008,20260902_002859
paper_main,ica,10,medium,10,0.5,1000,10,0.0,0.0,250,x_learner,true_y,frozen,1008,42,2c668c4e1d12971d94a618fc9ef854ed,0,2.0,10000,histgbr,,,,,,,194.42709666516615,13.943711724830163,1.509136226131311,0.11254874477991647,0.09510820809147796,3.335705554664135,0.9469315424744201,0.008234850422868468,0.8473742008209229,0.05662990238958241,0.8473742008209229,0.09063421239404904,-0.5532667636871338,-0.04557837861364614,-0.5532667636871338,0.0004933754245640804,0.6645424962043762,0.09499905113192395,0.6645424962043762,0.16202634049281017,paper_main_20260902_002859/task8_seed1008/results.parquet,8,1008,20260902_002859
paper_main,ica,10,medium,10,0.5,1000,10,0.0,0.0,250,dml_learner,h_y,frozen,1008,42,2c668c4e1d12971d94a618fc9ef854ed,0,2.0,10000,histgbr,,,,,,,148.6696702092731,12.193017272573393,1.3196575226894565,0.031094129506072096,0.011019792605981323,3.794321723997593,1.0771223250581567,-0.09893603649228146,-2.613046884536743,-0.1746295672766067,-2.613046884536743,-0.1322893785773236,-0.8859849572181702,-0.07298786132925973,-0.8859849572181702,-0.025708351878525874,-0.367999792098999,-0.05260706616330306,-0.367999792098999,0.025352408349166158,paper_main_20260902_002859/task8_seed1008/results.parquet,8,1008,20260902_002859
paper_main,ica,10,medium,10,0.5,1000,10,0.0,0.0,250,dml_learner,true_y,frozen,1008,42,2c668c4e1d12971d94a618fc9ef854ed,0,2.0,10000,histgbr,,,,,,,151.35847373259583,12.302783170185347,1.3315375511746292,0.03409321749147986,0.007283733875137616,3.60735872989893,1.0240477495339664,-0.09339951480338919,-2.8082261085510254,-0.18767336822510772,-2.8082261085510254,-0.1448630083255577,-0.886583685874939,-0.073037184880205,-0.886583685874939,-0.025755502065375326,-0.41545569896698,-0.05939108095364786,-0.41545569896698,0.01907083957608764,paper_main_20260902_002859/task8_seed1008/results.parquet,8,1008,20260902_002859
paper_main,raw_x,10,medium,10,0.5,1000,10,0.0,0.0,250,x_learner,h_y,frozen,1008,42,dd34b7e5891261e9fb24703963931ff3,0,2.0,10000,histgbr,,,,,,,129.83453551427988,11.394495842918188,1.2332330726853085,-0.3373620697931166,-0.326757738207623,4.7171137092113495,1.339082148436356,-0.4859460058721177,-6.2091755867004395,-0.4149583584843333,-6.2091755867004395,-0.36395538225349,-5.896512508392334,-0.48575749935989865,-5.896512508392334,-0.4202899500388265,-2.758838415145874,-0.394387165850347,-2.758838415145874,-0.2911143547406413,paper_main_20260902_002859/task8_seed1008/results.parquet,8,1008,20260902_002859
paper_main,raw_x,10,medium,10,0.5,1000,10,0.0,0.0,250,x_learner,true_y,frozen,1008,42,dd34b7e5891261e9fb24703963931ff3,0,2.0,10000,histgbr,,,,,,,68.33106106297762,8.266260403772533,0.8946622876427771,0.5699538232611722,0.5822268784433747,1.6413404710292818,0.4659395256827283,0.5324273415212647,8.957036972045898,0.5985975604820605,8.957036972045898,0.6130663389863734,7.478657245635986,0.6160953338162933,7.478657245635986,0.63301148445245,4.043676376342773,0.5780599751426557,4.043676376342773,0.6093102143544771,paper_main_20260902_002859/task8_seed1008/results.parquet,8,1008,20260902_002859
paper_main,raw_x,10,medium,10,0.5,1000,10,0.0,0.0,250,dml_learner,h_y,frozen,1008,42,dd34b7e5891261e9fb24703963931ff3,0,2.0,10000,histgbr,,,,,,,572.6119062435098,23.929310609449445,2.589883541751745,-0.059731771708347335,-0.050468340779237175,4.01926843982935,1.1409796221446102,-0.1941954152511629,-0.5128903388977051,-0.034276391469316166,-0.5128903388977051,0.003004687435887549,-2.188164710998535,-0.18026204755597558,-2.188164710998535,-0.12825567111604524,-1.1019129753112793,-0.15752293898798722,-1.1019129753112793,-0.0717930565271445,paper_main_20260902_002859/task8_seed1008/results.parquet,8,1008,20260902_002859
paper_main,raw_x,10,medium,10,0.5,1000,10,0.0,0.0,250,dml_learner,true_y,frozen,1008,42,dd34b7e5891261e9fb24703963931ff3,0,2.0,10000,histgbr,,,,,,,1515.1493911449388,38.924919924708114,4.212867270701767,0.2437144914318629,0.235012684674656,2.7545175790786747,0.7819453897190585,0.1595130441481031,4.630018711090088,0.30942351964097914,4.630018711090088,0.3343157403923085,2.623011589050293,0.21608493978019166,2.623011589050293,0.25062691442314783,1.5345767736434937,0.21937398769511696,1.5345767736434937,0.2771896680817918,paper_main_20260902_002859/task8_seed1008/results.parquet,8,1008,20260902_002859
paper_main,encoder_pred,10,medium,10,0.5,1000,10,0.0,0.0,500,x_learner,h_y,frozen,1008,42,046578539f5ee11f7116ae6569884826,46,2.0,10000,histgbr,,,,,,,53.99065145035036,7.347833112581584,0.7890781094617181,0.7967033468133873,0.7690145150864438,0.7345813685134055,0.19517664495035364,0.788191777852512,11.283425331115723,0.6843020460127004,11.283425331115723,0.6848956092801388,10.222039222717285,0.7771482030208084,10.222039222717285,0.7776732084416039,6.0835795402526855,0.8101397009690734,6.0835795402526855,0.810921775105815,paper_main_20260902_002859/task8_seed1008/results.parquet,8,1008,20260902_002859
paper_main,encoder_pred,10,medium,10,0.5,1000,10,0.0,0.0,500,x_learner,true_y,frozen,1008,42,046578539f5ee11f7116ae6569884826,46,2.0,10000,histgbr,,,,,,,10.525376411959018,3.2442836515876685,0.3484011097052434,0.947325165300661,0.939355680399294,0.12759619819372903,0.033902027657291355,0.9467445687970959,14.202527046203613,0.8613358116942343,14.202527046203613,0.8615965228190546,11.993791580200195,0.9118487388743292,11.993791580200195,0.9120564100287388,7.221441745758057,0.9616668308130669,7.221441745758057,0.9618247331252062,paper_main_20260902_002859/task8_seed1008/results.parquet,8,1008,20260902_002859
paper_main,encoder_pred,10,medium,10,0.5,1000,10,0.0,0.0,500,dml_learner,h_y,frozen,1008,42,046578539f5ee11f7116ae6569884826,46,2.0,10000,histgbr,,,,,,,52.7254886718036,7.261231897674361,0.7797780720372057,0.8431708926835706,0.8375634119504831,0.4553132701069118,0.12097572885721705,0.8508028451827151,12.949592590332031,0.7853495232656341,12.949592590332031,0.7857531009154685,11.509098052978516,0.8749990755645836,11.509098052978516,0.8752935590007622,6.599462985992432,0.878839001718108,6.599462985992432,0.8793380891188006,paper_main_20260902_002859/task8_seed1008/results.parquet,8,1008,20260902_002859
paper_main,encoder_pred,10,medium,10,0.5,1000,10,0.0,0.0,500,dml_learner,true_y,frozen,1008,42,046578539f5ee11f7116ae6569884826,46,2.0,10000,histgbr,,,,,,,7.105901882312181,2.6656897573258935,0.28626635933258987,0.9670397081588327,0.961698540404948,0.07044817078113574,0.018717923167283115,0.9682580050741236,15.323416709899902,0.9293140246670865,15.323416709899902,0.9294469257453188,12.601178169250488,0.9580263543123861,12.601178169250488,0.9581252379283822,7.355344772338867,0.9794984638500415,7.355344772338867,0.9795829139497632,paper_main_20260902_002859/task8_seed1008/results.parquet,8,1008,20260902_002859
paper_main,mi_mine_cond,10,medium,10,0.5,1000,10,0.0,0.0,500,x_learner,h_y,frozen,1008,42,170fb0fe08485992dcf5ba3960c91803,16,2.0,10000,histgbr,,,,,,,63.31141768871105,7.956847220395215,0.8544796630171791,0.516876723506894,0.5382819457903976,1.7004810380637645,0.45181405088267407,0.5399923257924205,9.09537124633789,0.5516038765241393,9.09537124633789,0.5524469338350771,7.106889247894287,0.5403135409414682,7.106889247894287,0.5413964933167391,4.093125343322754,0.5450743792741961,4.093125343322754,0.5469483127080249,paper_main_20260902_002859/task8_seed1008/results.parquet,8,1008,20260902_002859
paper_main,mi_mine_cond,10,medium,10,0.5,1000,10,0.0,0.0,500,x_learner,true_y,frozen,1008,42,170fb0fe08485992dcf5ba3960c91803,16,2.0,10000,histgbr,,,,,,,66.81176977935561,8.173846694143194,0.8777830685077107,0.5298210312841252,0.5545504594787622,1.559390385121107,0.41432657644409515,0.5517136182048266,9.684048652648926,0.5873051943207147,9.684048652648926,0.5880811273738752,7.159048080444336,0.5442790063544602,7.159048080444336,0.5453526166877731,4.358930587768555,0.580471201133188,4.358930587768555,0.5821993276814275,paper_main_20260902_002859/task8_seed1008/results.parquet,8,1008,20260902_002859
paper_main,mi_mine_cond,10,medium,10,0.5,1000,10,0.0,0.0,500,dml_learner,h_y,frozen,1008,42,170fb0fe08485992dcf5ba3960c91803,16,2.0,10000,histgbr,,,,,,,59.40927746305054,7.707741398298891,0.8277283816334062,0.529254917019668,0.5627556230148452,1.6865977349281311,0.4481252879450497,0.5506596230528883,9.154256820678711,0.555175089858705,9.154256820678711,0.5560114327103667,6.923073768615723,0.5263386513625598,6.923073768615723,0.5274545264823784,4.0885539054870605,0.5444656088526535,4.0885539054870605,0.5463420499387105,paper_main_20260902_002859/task8_seed1008/results.parquet,8,1008,20260902_002859
paper_main,mi_mine_cond,10,medium,10,0.5,1000,10,0.0,0.0,500,dml_learner,true_y,frozen,1008,42,170fb0fe08485992dcf5ba3960c91803,16,2.0,10000,histgbr,,,,,,,59.53576717011563,7.715942403239907,0.8286090812050204,0.543751167004668,0.575739517854946,1.712016435563564,0.4548789804856885,0.5640482151425427,8.394664764404297,0.5091083696039809,8.394664764404297,0.51003132534828,7.747076988220215,0.5889849206094865,7.747076988220215,0.5899532105117161,4.005931377410889,0.5334629105652307,4.005931377410889,0.5353846740583884,paper_main_20260902_002859/task8_seed1008/results.parquet,8,1008,20260902_002859
paper_main,mi_infonce_cond,10,medium,10,0.5,1000,10,0.0,0.0,500,x_learner,h_y,frozen,1008,42,0a7d44039a1dfc1e2ce0c5895278fca7,34,2.0,10000,histgbr,,,,,,,19.50179622697045,4.4160838111352065,0.4742398216623047,0.8952169248676994,0.8896585422905252,0.35397263471037155,0.09404974616606632,0.8955839285584816,14.505146026611328,0.8796886417417036,14.505146026611328,0.8799148465745694,11.750835418701172,0.8933775766915246,11.750835418701172,0.8936287631345962,6.771993637084961,0.9018146082930317,6.771993637084961,0.9022190543823501,paper_main_20260902_002859/task8_seed1008/results.parquet,8,1008,20260902_002859
paper_main,mi_infonce_cond,10,medium,10,0.5,1000,10,0.0,0.0,500,x_learner,true_y,frozen,1008,42,0a7d44039a1dfc1e2ce0c5895278fca7,34,2.0,10000,histgbr,,,,,,,12.389896703755687,3.519928508330203,0.37800239747385295,0.9361884487537949,0.9260771366035623,0.17547554157674305,0.04662346330006324,0.9351767419456607,14.794831275939941,0.8972570842135668,14.794831275939941,0.8974502575301185,12.253278732299805,0.9315766981951106,12.253278732299805,0.9317378932352369,7.179386615753174,0.9560664223330035,7.179386615753174,0.9562473938947428,paper_main_20260902_002859/task8_seed1008/results.parquet,8,1008,20260902_002859
paper_main,mi_infonce_cond,10,medium,10,0.5,1000,10,0.0,0.0,500,dml_learner,h_y,frozen,1008,42,0a7d44039a1dfc1e2ce0c5895278fca7,34,2.0,10000,histgbr,,,,,,,12.966291929792272,3.600873773099006,0.38669504679168765,0.9409963399853598,0.9411644304802851,0.11348034287989117,0.030151476120250542,0.9430311855776952,15.087201118469238,0.9149883382932554,15.087201118469238,0.9151481739813102,12.287834167480469,0.9342038348916294,12.287834167480469,0.9343588407915938,7.209190368652344,0.9600353362432649,7.209190368652344,0.9601999590215247,paper_main_20260902_002859/task8_seed1008/results.parquet,8,1008,20260902_002859
paper_main,mi_infonce_cond,10,medium,10,0.5,1000,10,0.0,0.0,500,dml_learner,true_y,frozen,1008,42,0a7d44039a1dfc1e2ce0c5895278fca7,34,2.0,10000,histgbr,,,,,,,5.663281253749671,2.37976495766907,0.25556111645287527,0.9701827607310427,0.9692908304790111,0.09800583706796173,0.026039934150775695,0.9717009877381854,15.72355842590332,0.9535812827842717,15.72355842590332,0.9536685574881869,12.706295013427734,0.9660180441092727,12.706295013427734,0.9660981005023273,7.281999111175537,0.969731149786162,7.281999111175537,0.9698558334879258,paper_main_20260902_002859/task8_seed1008/results.parquet,8,1008,20260902_002859
paper_main,autoencoder,10,medium,10,0.5,1000,10,0.0,0.0,500,x_learner,h_y,frozen,1008,42,b9f116f6359230079c37508f5f8441c8,54,2.0,10000,histgbr,,,,,,,161.8817170906292,12.72327462136337,1.3663426115648858,0.09304270817083268,0.10121210148874007,3.1652974428609015,0.841012529922681,0.09868026124281636,0.9160473346710205,0.05555521013917819,0.9160473346710205,0.05733091925703842,1.1264123916625977,0.08563744933550133,1.1264123916625977,0.08779155041154539,1.0589393377304077,0.14101710888087907,1.0589393377304077,0.14455543841304944,paper_main_20260902_002859/task8_seed1008/results.parquet,8,1008,20260902_002859
paper_main,autoencoder,10,medium,10,0.5,1000,10,0.0,0.0,500,x_learner,true_y,frozen,1008,42,b9f116f6359230079c37508f5f8441c8,54,2.0,10000,histgbr,,,,,,,172.70496405122276,13.141726068185365,1.4112797884850365,0.062294649178596714,0.08796662336333808,3.599717485792935,0.9564369745288003,0.07043569625679742,0.10643304884433746,0.006454808796997465,0.10643304884433746,0.00832283461911603,1.6333461999893188,0.12417796846362894,1.6333461999893188,0.12624127385511127,0.3332105278968811,0.04437306616014326,0.3332105278968811,0.0483094926439556,paper_main_20260902_002859/task8_seed1008/results.parquet,8,1008,20260902_002859
paper_main,autoencoder,10,medium,10,0.5,1000,10,0.0,0.0,500,dml_learner,h_y,frozen,1008,42,b9f116f6359230079c37508f5f8441c8,54,2.0,10000,histgbr,,,,,,,106.95499183122872,10.341904652008195,1.1106091341495974,-0.03860194640778563,-0.03131743171845896,3.8518750923648475,1.023434692901396,-0.040529937450002856,-3.8268308639526367,-0.23208450564438637,-3.8268308639526367,-0.2297679872897566,-1.3150449991226196,-0.09997856941190392,-1.3150449991226196,-0.09738718482569834,-0.2186497151851654,-0.029117202085554628,-0.2186497151851654,-0.02487805387218363,paper_main_20260902_002859/task8_seed1008/results.parquet,8,1008,20260902_002859
paper_main,autoencoder,10,medium,10,0.5,1000,10,0.0,0.0,500,dml_learner,true_y,frozen,1008,42,b9f116f6359230079c37508f5f8441c8,54,2.0,10000,histgbr,,,,,,,109.07275324809339,10.443790176372437,1.12155054173399,-0.04214935259741039,-0.032895624406139,3.87360552469641,1.0292084207109895,-0.04479166840953721,-2.9362497329711914,-0.178073735670988,-2.9362497329711914,-0.17585876630866992,-0.9999253153800964,-0.07602105069951846,-0.9999253153800964,-0.07348610643537135,-0.38228583335876465,-0.0509083391895816,-0.38228583335876465,-0.04657942874141883,paper_main_20260902_002859/task8_seed1008/results.parquet,8,1008,20260902_002859
paper_main,pca,10,medium,10,0.5,1000,10,0.0,0.0,500,x_learner,h_y,frozen,1008,42,b4bf743fbcae0dbf7e5acfca52574495,0,2.0,10000,histgbr,,,,,,,210.3673023659165,14.504044345144443,1.5575780935768262,0.0559503678014712,0.06418541808161085,3.5943640554621816,0.9550145799300285,0.059567980502902275,1.6724072694778442,0.10142591302609694,1.6724072694778442,0.10311537779570791,1.3208520412445068,0.10042005982801006,1.3208520412445068,0.10253933529013817,0.3691864013671875,0.04916391062638076,0.3691864013671875,0.05308060262347144,paper_main_20260902_002859/task8_seed1008/results.parquet,8,1008,20260902_002859
paper_main,pca,10,medium,10,0.5,1000,10,0.0,0.0,500,x_learner,true_y,frozen,1008,42,b4bf743fbcae0dbf7e5acfca52574495,0,2.0,10000,histgbr,,,,,,,215.60688785805672,14.683558419472329,1.5768559710438403,0.06802846411385645,0.0722906277332788,3.6054741112664344,0.9579664971852586,0.06816834367994241,1.973130702972412,0.1196637844867085,1.973130702972412,0.12131895910512096,2.1055562496185303,0.16007855380888417,2.1055562496185303,0.16205728280398346,0.34267550706863403,0.04563350096586028,0.34267550706863403,0.04956473545604556,paper_main_20260902_002859/task8_seed1008/results.parquet,8,1008,20260902_002859
paper_main,pca,10,medium,10,0.5,1000,10,0.0,0.0,500,dml_learner,h_y,frozen,1008,42,b4bf743fbcae0dbf7e5acfca52574495,0,2.0,10000,histgbr,,,,,,,143.09693473401575,11.962313101320152,1.2846235430437647,0.032989859959439836,0.02980875764209871,3.576757916904986,0.9503366678546397,0.029414824127165784,1.4091206789016724,0.08545846100404617,1.4091206789016724,0.08717794716871267,1.085180640220642,0.08250273415369061,1.085180640220642,0.08466422014870509,0.2559407651424408,0.03408318631594327,0.2559407651424408,0.0380619989591444,paper_main_20260902_002859/task8_seed1008/results.parquet,8,1008,20260902_002859
paper_main,pca,10,medium,10,0.5,1000,10,0.0,0.0,500,dml_learner,true_y,frozen,1008,42,b4bf743fbcae0dbf7e5acfca52574495,0,2.0,10000,histgbr,,,,,,,147.34643038088072,12.138633793836963,1.3035584857103195,0.027388621554486212,0.027673851074021736,3.6075419318452475,0.9585159125396785,0.027849261613141486,1.2330094575881958,0.0747779038563621,1.2330094575881958,0.07651747119773113,1.076480507850647,0.08184129155010926,1.076480507850647,0.08400433580472555,0.36610522866249084,0.04875359621903213,0.36610522866249084,0.052671978386672196,paper_main_20260902_002859/task8_seed1008/results.parquet,8,1008,20260902_002859
paper_main,pls,10,medium,10,0.5,1000,10,0.0,0.0,500,x_learner,h_y,frozen,1008,42,2d76c26dca5bda0cb184a0dbfcc4efc8,0,2.0,10000,histgbr,,,,,,,17.351893442638307,4.165560399590709,0.4473363064451527,0.9053582134328536,0.9008045809332623,0.36053677427768704,0.09579382353128352,0.9058725349071408,14.51525592803955,0.8803017734839984,14.51525592803955,0.8805268255299178,11.979355812072754,0.9107512346469403,11.979355812072754,0.9109614913567574,6.799463272094727,0.9054726917857013,6.799463272094727,0.9058620694668045,paper_main_20260902_002859/task8_seed1008/results.parquet,8,1008,20260902_002859
paper_main,pls,10,medium,10,0.5,1000,10,0.0,0.0,500,x_learner,true_y,frozen,1008,42,2d76c26dca5bda0cb184a0dbfcc4efc8,0,2.0,10000,histgbr,,,,,,,13.959631884356018,3.736259076182488,0.40123396967809516,0.9277376309505238,0.9230052880665292,0.2775072613656522,0.0737330655858044,0.9290291960096352,14.886078834533691,0.9027909437648128,14.886078834533691,0.9029737125294336,12.202871322631836,0.9277443877344604,12.202871322631836,0.9279146111234414,7.017731666564941,0.9345391140552054,7.017731666564941,0.9348087610858217,paper_main_20260902_002859/task8_seed1008/results.parquet,8,1008,20260902_002859
paper_main,pls,10,medium,10,0.5,1000,10,0.0,0.0,500,dml_learner,h_y,frozen,1008,42,2d76c26dca5bda0cb184a0dbfcc4efc8,0,2.0,10000,histgbr,,,,,,,13.416266675576262,3.6628222282246052,0.39334764342876716,0.9196545906183625,0.9234758775134446,0.22706308583170154,0.060330159713133165,0.9246118789966346,14.704803466796875,0.8917971983910628,14.704803466796875,0.8920006371769587,12.206429481506348,0.9280149029139799,12.206429481506348,0.9281844890097573,7.023895740509033,0.9353599730558605,7.023895740509033,0.9356262387971941,paper_main_20260902_002859/task8_seed1008/results.parquet,8,1008,20260902_002859
paper_main,pls,10,medium,10,0.5,1000,10,0.0,0.0,500,dml_learner,true_y,frozen,1008,42,2d76c26dca5bda0cb184a0dbfcc4efc8,0,2.0,10000,histgbr,,,,,,,7.0133582713268625,2.6482745838237514,0.2843961573325624,0.964883731534926,0.9685642360640314,0.12877593020349742,0.034215479843089515,0.9683548621998243,15.911158561706543,0.9649586042088565,15.911158561706543,0.965024487706417,12.731182098388672,0.9679101277664002,12.731182098388672,0.9679857266940447,7.24777889251709,0.9651741028160982,7.24777889251709,0.9653175579439758,paper_main_20260902_002859/task8_seed1008/results.parquet,8,1008,20260902_002859
paper_main,ica,10,medium,10,0.5,1000,10,0.0,0.0,500,x_learner,h_y,frozen,1008,42,2c668c4e1d12971d94a618fc9ef854ed,0,2.0,10000,histgbr,,,,,,,181.89716929430986,13.486925865233703,1.4483505274454878,0.13230331321325287,0.14630068550626935,3.3314080084264277,0.8851477398089544,0.13755731255497014,3.117518424987793,0.18906707618461205,3.117518424987793,0.1905917613777023,1.9048320055007935,0.1448181461524418,1.9048320055007935,0.14683282637993758,0.8299798965454102,0.11052697852450738,0.8299798965454102,0.11419090325746123,paper_main_20260902_002859/task8_seed1008/results.parquet,8,1008,20260902_002859
paper_main,ica,10,medium,10,0.5,1000,10,0.0,0.0,500,x_learner,true_y,frozen,1008,42,2c668c4e1d12971d94a618fc9ef854ed,0,2.0,10000,histgbr,,,,,,,193.66450191647232,13.916339386364228,1.494464913039083,0.1219690638762555,0.13729867331516704,3.3408118477761746,0.8876463191258381,0.12751599629823593,3.2432339191436768,0.19669130086301143,3.2432339191436768,0.1982016512792853,2.0393800735473633,0.1550473956225409,2.0393800735473633,0.15703797727198945,0.8072001934051514,0.10749344509766456,0.8072001934051514,0.11116986558696235,paper_main_20260902_002859/task8_seed1008/results.parquet,8,1008,20260902_002859
paper_main,ica,10,medium,10,0.5,1000,10,0.0,0.0,500,dml_learner,h_y,frozen,1008,42,2c668c4e1d12971d94a618fc9ef854ed,0,2.0,10000,histgbr,,,,,,,163.04845008561298,12.769042645618072,1.371257604257202,0.04414913659654639,0.05204503902956588,3.544081918694079,0.9416547273990641,0.049312651362497184,1.9115406274795532,0.11592855219358422,1.9115406274795532,0.11759074965347077,0.7979806661605835,0.060667859635466476,0.7979806661605835,0.06288078532107284,0.27542999386787415,0.03667853299091823,0.27542999386787415,0.040646654860320215,paper_main_20260902_002859/task8_seed1008/results.parquet,8,1008,20260902_002859
paper_main,ica,10,medium,10,0.5,1000,10,0.0,0.0,500,dml_learner,true_y,frozen,1008,42,2c668c4e1d12971d94a618fc9ef854ed,0,2.0,10000,histgbr,,,,,,,175.89829761035443,13.262665554493728,1.424267386291534,0.04752950211800847,0.0540037264929057,3.6210715197101235,0.9621106941121699,0.05352161401152655,0.9153556823730469,0.05551326373826325,0.9153556823730469,0.05728905172214865,0.9009830355644226,0.06849879283235556,0.9009830355644226,0.07069327001346708,0.39005738496780396,0.05194326319360824,0.39005738496780396,0.055848506458284555,paper_main_20260902_002859/task8_seed1008/results.parquet,8,1008,20260902_002859
paper_main,raw_x,10,medium,10,0.5,1000,10,0.0,0.0,500,x_learner,h_y,frozen,1008,42,dd34b7e5891261e9fb24703963931ff3,0,2.0,10000,histgbr,,,,,,,109.7008755474952,10.473818575261612,1.1247752682435048,-0.14276620306481227,-0.1489178091644413,4.391703531727194,1.1668659153087277,-0.151391254545174,-1.7255228757858276,-0.10464719707815917,-1.7255228757858276,-0.10257028149672058,-0.20309223234653473,-0.015440438055141593,-0.20309223234653473,-0.013048212631338301,-1.1086162328720093,-0.1476324945611027,-1.1086162328720093,-0.14290515716059468,paper_main_20260902_002859/task8_seed1008/results.parquet,8,1008,20260902_002859
paper_main,raw_x,10,medium,10,0.5,1000,10,0.0,0.0,500,x_learner,true_y,frozen,1008,42,dd34b7e5891261e9fb24703963931ff3,0,2.0,10000,histgbr,,,,,,,60.99246873025607,7.809767520884093,0.8386848879519003,0.6635244140976563,0.6670759127551156,1.347275443017483,0.35796810545890523,0.6728132830717355,11.2919282913208,0.6848177221389431,11.2919282913208,0.6854103158517724,8.986384391784668,0.6832054083894653,8.986384391784668,0.6839517289492665,5.087489128112793,0.6774920741418493,5.087489128112793,0.678820551495963,paper_main_20260902_002859/task8_seed1008/results.parquet,8,1008,20260902_002859
paper_main,raw_x,10,medium,10,0.5,1000,10,0.0,0.0,500,dml_learner,h_y,frozen,1008,42,dd34b7e5891261e9fb24703963931ff3,0,2.0,10000,histgbr,,,,,,,334.89862899742195,18.300235763438184,1.9652481510762116,-0.026894027576110303,-0.01008991916338476,3.690956763185561,0.9806790487393476,-0.021860473754972295,0.008079233579337597,0.0004899785221522399,0.008079233579337597,0.0023692191909397064,0.0003842258593067527,2.9211435175357604e-05,0.0003842258593067527,0.0023849926841938243,-0.12880893051624298,-0.01715326112860207,-0.12880893051624298,-0.012963394881201285,paper_main_20260902_002859/task8_seed1008/results.parquet,8,1008,20260902_002859
paper_main,raw_x,10,medium,10,0.5,1000,10,0.0,0.0,500,dml_learner,true_y,frozen,1008,42,dd34b7e5891261e9fb24703963931ff3,0,2.0,10000,histgbr,,,,,,,738.8861538234904,27.182460407834505,2.9191033792540972,0.36681631526526104,0.35612412162968154,2.19534891859442,0.583299352247084,0.38374900098660414,3.8487536907196045,0.2334140518389846,3.8487536907196045,0.234855357537726,4.277297019958496,0.3251889002205739,4.277297019958496,0.3267786539950531,3.1318113803863525,0.4170578716707887,3.1318113803863525,0.4194591317768267,paper_main_20260902_002859/task8_seed1008/results.parquet,8,1008,20260902_002859
paper_main,encoder_pred,10,medium,10,0.5,1000,10,0.0,0.0,750,x_learner,h_y,frozen,1008,42,046578539f5ee11f7116ae6569884826,46,2.0,10000,histgbr,,,,,,,52.56060797481522,7.249869514330256,0.7916293052804863,0.8424267420919858,0.8167636120680788,0.5829411222388345,0.15269471709548238,0.8434855261223748,13.4832181930542,0.8171879772119689,13.4832181930542,0.8142522135955762,11.213447570800781,0.8533825934410288,11.213447570800781,0.8504139032013902,6.720418453216553,0.8802513140932756,6.720418453216553,0.8760164097430807,paper_main_20260902_002859/task8_seed1008/results.parquet,8,1008,20260902_002859
paper_main,encoder_pred,10,medium,10,0.5,1000,10,0.0,0.0,750,x_learner,true_y,frozen,1008,42,046578539f5ee11f7116ae6569884826,46,2.0,10000,histgbr,,,,,,,10.627606768040124,3.2600010380427986,0.35596673179543303,0.9445878766006695,0.9386885045378146,0.2066534166683751,0.05413048383652055,0.9486419455696994,15.171642303466797,0.9195196211643574,15.171642303466797,0.9182271932134171,12.358818054199219,0.9405492946185118,12.358818054199219,0.9393455444434965,7.269176483154297,0.9521285313133938,7.269176483154297,0.9504355599921966,paper_main_20260902_002859/task8_seed1008/results.parquet,8,1008,20260902_002859
paper_main,encoder_pred,10,medium,10,0.5,1000,10,0.0,0.0,750,dml_learner,h_y,frozen,1008,42,046578539f5ee11f7116ae6569884826,46,2.0,10000,histgbr,,,,,,,53.04073122567984,7.2829067840855854,0.7952367179177868,0.8898653330939255,0.8860643673899511,0.3017986066440739,0.07905267119317605,0.9006884610973014,13.646231651306152,0.8270678616950269,13.646231651306152,0.8242907583513951,11.766310691833496,0.8954574112939567,11.766310691833496,0.8933406465113704,7.019524097442627,0.9194286567268585,7.019524097442627,0.9165792565055128,paper_main_20260902_002859/task8_seed1008/results.parquet,8,1008,20260902_002859
paper_main,encoder_pred,10,medium,10,0.5,1000,10,0.0,0.0,750,dml_learner,true_y,frozen,1008,42,046578539f5ee11f7116ae6569884826,46,2.0,10000,histgbr,,,,,,,6.809745126266624,2.609548835769629,0.2849424155665857,0.9686729398630041,0.9616948678393832,0.11802955776453006,0.03091648409112557,0.9710870499440186,15.561152458190918,0.9431269685264654,15.561152458190918,0.9422136490740158,12.707680702209473,0.9670989627231654,12.707680702209473,0.9664327867858735,7.472243309020996,0.9787265536779622,7.472243309020996,0.9779742196570026,paper_main_20260902_002859/task8_seed1008/results.parquet,8,1008,20260902_002859
paper_main,mi_mine_cond,10,medium,10,0.5,1000,10,0.0,0.0,750,x_learner,h_y,frozen,1008,42,170fb0fe08485992dcf5ba3960c91803,16,2.0,10000,histgbr,,,,,,,58.626808472401265,7.656814512080155,0.8360645306620401,0.5415742392430919,0.5650533731957912,1.805224238137404,0.47285771035957874,0.5831656962874818,10.081175804138184,0.6109977266069754,10.081175804138184,0.6047507702881044,7.671905994415283,0.5838588884294704,7.671905994415283,0.5754329171534412,4.064291954040527,0.532347555186921,4.064291954040527,0.5158090574328762,paper_main_20260902_002859/task8_seed1008/results.parquet,8,1008,20260902_002859
paper_main,mi_mine_cond,10,medium,10,0.5,1000,10,0.0,0.0,750,x_learner,true_y,frozen,1008,42,170fb0fe08485992dcf5ba3960c91803,16,2.0,10000,histgbr,,,,,,,60.25318987784768,7.762292823505674,0.8475819410417573,0.5571876785558728,0.5799573162001772,1.7359781678120294,0.45471949928656596,0.5952246196874685,11.140645980834961,0.6752098663361427,11.140645980834961,0.6699940876207611,7.642263889312744,0.5816030205201822,7.642263889312744,0.57313137272319,4.189082622528076,0.5486928394407858,4.189082622528076,0.5327323915823848,paper_main_20260902_002859/task8_seed1008/results.parquet,8,1008,20260902_002859
paper_main,mi_mine_cond,10,medium,10,0.5,1000,10,0.0,0.0,750,dml_learner,h_y,frozen,1008,42,170fb0fe08485992dcf5ba3960c91803,16,2.0,10000,histgbr,,,,,,,56.758179913769574,7.53380248704262,0.8226325752690326,0.5595677716760384,0.5812270483496961,1.4936446975866953,0.39124303611184497,0.5972506766978984,9.501320838928223,0.5758540020664688,9.501320838928223,0.5690426754929665,7.684636116027832,0.584827695223986,7.684636116027832,0.5764213402223303,4.582348823547363,0.600203484595629,4.582348823547363,0.5860647072933249,paper_main_20260902_002859/task8_seed1008/results.parquet,8,1008,20260902_002859
paper_main,mi_mine_cond,10,medium,10,0.5,1000,10,0.0,0.0,750,dml_learner,true_y,frozen,1008,42,170fb0fe08485992dcf5ba3960c91803,16,2.0,10000,histgbr,,,,,,,55.254843984596704,7.433360208182885,0.8116650604361995,0.5721054792986298,0.5921797796661021,1.6023395125667252,0.41971439177702574,0.6072523260574529,9.186506271362305,0.5567737887240354,9.186506271362305,0.5496560545342863,7.926741600036621,0.6032527696290882,7.926741600036621,0.5952194831452488,4.643174648284912,0.6081705498206238,4.643174648284912,0.594313527252613,paper_main_20260902_002859/task8_seed1008/results.parquet,8,1008,20260902_002859
paper_main,mi_infonce_cond,10,medium,10,0.5,1000,10,0.0,0.0,750,x_learner,h_y,frozen,1008,42,0a7d44039a1dfc1e2ce0c5895278fca7,34,2.0,10000,histgbr,,,,,,,16.868100598442933,4.1070793270209585,0.4484610858105634,0.9103993571544126,0.902835746408335,0.3011718562891086,0.07888850115182887,0.9161664865208812,14.428333282470703,0.8744693085005664,14.428333282470703,0.8724534211906165,11.992073059082031,0.9126387173327545,11.992073059082031,0.9108698374073532,7.052821159362793,0.9237899599276499,7.052821159362793,0.9210947969052989,paper_main_20260902_002859/task8_seed1008/results.parquet,8,1008,20260902_002859
paper_main,mi_infonce_cond,10,medium,10,0.5,1000,10,0.0,0.0,750,x_learner,true_y,frozen,1008,42,0a7d44039a1dfc1e2ce0c5895278fca7,34,2.0,10000,histgbr,,,,,,,10.583104259140478,3.253168341654099,0.355220654547465,0.9449597314839668,0.9357732336197706,0.19406363186240183,0.050832734619827825,0.9475058131252899,14.994566917419434,0.9087874743974514,14.994566917419434,0.9073226997620669,12.33501148223877,0.93873753119854,12.33501148223877,0.937497096672685,7.268608093261719,0.9520540826829488,7.268608093261719,0.9503584784908642,paper_main_20260902_002859/task8_seed1008/results.parquet,8,1008,20260902_002859
paper_main,mi_infonce_cond,10,medium,10,0.5,1000,10,0.0,0.0,750,dml_learner,h_y,frozen,1008,42,0a7d44039a1dfc1e2ce0c5895278fca7,34,2.0,10000,histgbr,,,,,,,12.382003468654325,3.5188071087592063,0.38422633971784254,0.9510310951663912,0.950110248823192,0.1316559269527593,0.03448575465526806,0.9555633352274855,15.621808052062988,0.9468031696642948,15.621808052062988,0.945948886031166,12.345170974731445,0.9395107041229865,12.345170974731445,0.938285924702267,7.367735862731934,0.9650379987808412,7.367735862731934,0.9638015699220739,paper_main_20260902_002859/task8_seed1008/results.parquet,8,1008,20260902_002859
paper_main,mi_infonce_cond,10,medium,10,0.5,1000,10,0.0,0.0,750,dml_learner,true_y,frozen,1008,42,0a7d44039a1dfc1e2ce0c5895278fca7,34,2.0,10000,histgbr,,,,,,,4.218833328482151,2.053979875383922,0.22427861061448123,0.9794410301173868,0.9775443292111317,0.08960032241543114,0.02346977312278696,0.9816550312463334,16.115251541137695,0.9767096861154712,16.115251541137695,0.9763356688321777,12.929028511047363,0.9839443054213771,12.929028511047363,0.9836192117991065,7.502765655517578,0.9827244201500964,7.502765655517578,0.9821134704122807,paper_main_20260902_002859/task8_seed1008/results.parquet,8,1008,20260902_002859
paper_main,autoencoder,10,medium,10,0.5,1000,10,0.0,0.0,750,x_learner,h_y,frozen,1008,42,b9f116f6359230079c37508f5f8441c8,54,2.0,10000,histgbr,,,,,,,164.15193575681016,12.812179196249565,1.3989902157836431,0.12460678507872901,0.1444165001339257,3.2438625996957224,0.8496924698927286,0.1761312973929235,4.506300449371338,0.27311688472327517,4.506300449371338,0.2614439270553111,2.0916988849639893,0.15918560352450148,2.0916988849639893,0.1421609026329299,1.1461732387542725,0.15012763068482746,1.1461732387542725,0.1200719506022358,paper_main_20260902_002859/task8_seed1008/results.parquet,8,1008,20260902_002859
paper_main,autoencoder,10,medium,10,0.5,1000,10,0.0,0.0,750,x_learner,true_y,frozen,1008,42,b9f116f6359230079c37508f5f8441c8,54,2.0,10000,histgbr,,,,,,,167.7164812390027,12.950539804927155,1.4140981170098827,0.12674236931976768,0.150471486659127,3.1879217707365752,0.8350394136471888,0.18003378495963496,4.1979217529296875,0.254426735268434,4.1979217529296875,0.24245363398891942,2.9969115257263184,0.22807545261969756,2.9969115257263184,0.21244562446130877,1.169776439666748,0.15321921624079385,1.169776439666748,0.12327286987673802,paper_main_20260902_002859/task8_seed1008/results.parquet,8,1008,20260902_002859
paper_main,autoencoder,10,medium,10,0.5,1000,10,0.0,0.0,750,dml_learner,h_y,frozen,1008,42,b9f116f6359230079c37508f5f8441c8,54,2.0,10000,histgbr,,,,,,,111.21715561735591,10.545954466872873,1.1515361195988985,-0.027967096830394365,-0.01661014786621478,3.7331554935624203,0.9778571114930088,0.03292680153659551,0.2850330173969269,0.017275219579640774,0.2850330173969269,0.001493721124089279,-0.44747522473335266,-0.0340544302162627,-0.44747522473335266,-0.05499183025821042,0.18734708428382874,0.02453902510392829,0.18734708428382874,-0.009958087701555526,paper_main_20260902_002859/task8_seed1008/results.parquet,8,1008,20260902_002859
paper_main,autoencoder,10,medium,10,0.5,1000,10,0.0,0.0,750,dml_learner,true_y,frozen,1008,42,b9f116f6359230079c37508f5f8441c8,54,2.0,10000,histgbr,,,,,,,111.61037611301293,10.564581208595678,1.1535700147718415,-0.020007985791974738,-0.015260621860963698,3.7123949791242676,0.9724191336973856,0.03774187890758575,0.43542277812957764,0.026390009728910657,0.43542277812957764,0.01075488495755775,0.18836115300655365,0.014334942776639393,0.18836115300655365,-0.005622675514439055,0.08382441103458405,0.010979457377534502,0.08382441103458405,-0.02399718864300268,paper_main_20260902_002859/task8_seed1008/results.parquet,8,1008,20260902_002859
paper_main,pca,10,medium,10,0.5,1000,10,0.0,0.0,750,x_learner,h_y,frozen,1008,42,b4bf743fbcae0dbf7e5acfca52574495,0,2.0,10000,histgbr,,,,,,,197.57015693640173,14.055965172708765,1.5348019606041245,0.06591924963422156,0.07135723273028875,3.618720283359289,0.9478821253732783,0.1130458659502458,2.9386746883392334,0.17810656104972356,2.9386746883392334,0.16490784021165383,1.876739740371704,0.1428264605278638,1.876739740371704,0.12547052182979457,0.5963276624679565,0.07810796487923333,0.5963276624679565,0.04550531408284809,paper_main_20260902_002859/task8_seed1008/results.parquet,8,1008,20260902_002859
paper_main,pca,10,medium,10,0.5,1000,10,0.0,0.0,750,x_learner,true_y,frozen,1008,42,b4bf743fbcae0dbf7e5acfca52574495,0,2.0,10000,histgbr,,,,,,,203.02933696913425,14.248836337369246,1.5558619901380382,0.06045776436935887,0.06801199874852722,3.542995250155528,0.9280468245496096,0.1090941308275826,3.0583088397979736,0.18535732187226966,3.0583088397979736,0.1722750404208954,2.022965908050537,0.15395478350033157,2.022965908050537,0.13682416964306576,0.7043290734291077,0.0922541649386923,0.7043290734291077,0.0601517935709865,paper_main_20260902_002859/task8_seed1008/results.parquet,8,1008,20260902_002859
paper_main,pca,10,medium,10,0.5,1000,10,0.0,0.0,750,dml_learner,h_y,frozen,1008,42,b4bf743fbcae0dbf7e5acfca52574495,0,2.0,10000,histgbr,,,,,,,125.56657274985702,11.20564914450997,1.2235696421778677,-0.026038560068551233,-0.016021074333980628,3.7700766561279693,0.9875281850503705,0.025587476696367496,0.2746378183364868,0.016645189599313614,0.2746378183364868,0.0008535735428227863,0.48509156703948975,0.03691716547678743,0.48509156703948975,0.017416789103245633,-0.01172027550637722,-0.0015351407040860557,-0.01172027550637722,-0.03695436465736212,paper_main_20260902_002859/task8_seed1008/results.parquet,8,1008,20260902_002859
paper_main,pca,10,medium,10,0.5,1000,10,0.0,0.0,750,dml_learner,true_y,frozen,1008,42,b4bf743fbcae0dbf7e5acfca52574495,0,2.0,10000,histgbr,,,,,,,121.6343433974577,11.028796099187694,1.2042586665625852,-0.016269554256985345,-0.009538031199777555,3.7476733845571677,0.9816599059326122,0.034349437692781606,0.48233887553215027,0.029233490431079985,0.48233887553215027,0.01364402888833772,-0.1272076666355133,-0.009680948501660838,-0.1272076666355133,-0.030124837445776896,0.12837062776088715,0.016814193128616255,0.12837062776088715,-0.017956107848320694,paper_main_20260902_002859/task8_seed1008/results.parquet,8,1008,20260902_002859
paper_main,pls,10,medium,10,0.5,1000,10,0.0,0.0,750,x_learner,h_y,frozen,1008,42,2d76c26dca5bda0cb184a0dbfcc4efc8,0,2.0,10000,histgbr,,,,,,,15.86738540970568,3.983388684236787,0.43495503064317237,0.9178105418854077,0.9084846378646178,0.2717653449624775,0.0711858039899955,0.9210103888122949,14.457986831665039,0.8762665444079225,14.457986831665039,0.8742795187653095,11.864518165588379,0.9029313436523214,11.864518165588379,0.9009659100831614,7.080491065979004,0.927414209195655,7.080491065979004,0.9248472175087559,paper_main_20260902_002859/task8_seed1008/results.parquet,8,1008,20260902_002859
paper_main,pls,10,medium,10,0.5,1000,10,0.0,0.0,750,x_learner,true_y,frozen,1008,42,2d76c26dca5bda0cb184a0dbfcc4efc8,0,2.0,10000,histgbr,,,,,,,13.914980257150795,3.7302788444231343,0.40731740678590395,0.932647332706369,0.9226469765162868,0.26158509131769314,0.06851920372635219,0.9351951799948833,14.904031753540039,0.9033003387316303,14.904031753540039,0.9017474466245377,12.159132957458496,0.9253525601037981,12.159132957458496,0.9238411084185254,7.128701686859131,0.9337289145489612,7.128701686859131,0.9313852419988728,paper_main_20260902_002859/task8_seed1008/results.parquet,8,1008,20260902_002859
paper_main,pls,10,medium,10,0.5,1000,10,0.0,0.0,750,dml_learner,h_y,frozen,1008,42,2d76c26dca5bda0cb184a0dbfcc4efc8,0,2.0,10000,histgbr,,,,,,,8.496604861533337,2.9148936278247506,0.31828368952025093,0.9521069228567516,0.9551094105244847,0.15272166624168548,0.040003682587296675,0.9581829942298729,15.781105041503906,0.9564578072080407,15.781105041503906,0.9557585666251345,12.318917274475098,0.9375127056777515,12.318917274475098,0.9362474710435453,7.317250728607178,0.9584253739919456,7.317250728607178,0.9569550900952489,paper_main_20260902_002859/task8_seed1008/results.parquet,8,1008,20260902_002859
paper_main,pls,10,medium,10,0.5,1000,10,0.0,0.0,750,dml_learner,true_y,frozen,1008,42,2d76c26dca5bda0cb184a0dbfcc4efc8,0,2.0,10000,histgbr,,,,,,,4.392972495345217,2.0959419112526034,0.22886053822534638,0.9750326453913695,0.97719846349376,0.09845363083978498,0.025788795359584827,0.9786767950180969,16.151935577392578,0.9789330242647077,16.151935577392578,0.9785947113904894,12.791284561157227,0.9734615088999803,12.791284561157227,0.9729241609727975,7.484592437744141,0.9803440625968082,7.484592437744141,0.9796489316716908,paper_main_20260902_002859/task8_seed1008/results.parquet,8,1008,20260902_002859
paper_main,ica,10,medium,10,0.5,1000,10,0.0,0.0,750,x_learner,h_y,frozen,1008,42,2c668c4e1d12971d94a618fc9ef854ed,0,2.0,10000,histgbr,,,,,,,183.7839579954644,13.55669421339378,1.4802854590466816,0.11753482939525223,0.11901914285613813,3.238152496094505,0.8481967739798633,0.16333520057420198,1.8294438123703003,0.11087853560242603,1.8294438123703003,0.0966002052939281,1.0263726711273193,0.07811055131736604,1.0263726711273193,0.05944425327976456,1.0707378387451172,0.14024697958408697,1.0707378387451172,0.10984187092937824,paper_main_20260902_002859/task8_seed1008/results.parquet,8,1008,20260902_002859
paper_main,ica,10,medium,10,0.5,1000,10,0.0,0.0,750,x_learner,true_y,frozen,1008,42,2c668c4e1d12971d94a618fc9ef854ed,0,2.0,10000,histgbr,,,,,,,188.80033910792608,13.740463569615331,1.5003516419634852,0.12574140754028004,0.13061491570644806,3.208246518909931,0.8403632474855846,0.1739193136654881,2.385721445083618,0.14459329026533246,2.385721445083618,0.13085638249877385,1.5412161350250244,0.11729194024018512,1.5412161350250244,0.09941898188578062,1.052442193031311,0.13785058622050786,1.052442193031311,0.10736072927312804,paper_main_20260902_002859/task8_seed1008/results.parquet,8,1008,20260902_002859
paper_main,ica,10,medium,10,0.5,1000,10,0.0,0.0,750,dml_learner,h_y,frozen,1008,42,2c668c4e1d12971d94a618fc9ef854ed,0,2.0,10000,histgbr,,,,,,,134.26063718588352,11.587089245616585,1.265219931420769,-0.03366137184243882,-0.026539517789954316,3.7559884636054437,0.9838379451795721,0.01717520100597776,0.5407527089118958,0.03277382343298762,0.5407527089118958,0.017241215814065045,-0.026336975395679474,-0.0020043359746990358,-0.026336975395679474,-0.022292789863611655,-0.3272342383861542,-0.042861671540387135,-0.3272342383861542,-0.07974240552103366,paper_main_20260902_002859/task8_seed1008/results.parquet,8,1008,20260902_002859
paper_main,ica,10,medium,10,0.5,1000,10,0.0,0.0,750,dml_learner,true_y,frozen,1008,42,2c668c4e1d12971d94a618fc9ef854ed,0,2.0,10000,histgbr,,,,,,,146.748021494194,12.113959777636461,1.322750091434164,-0.03287630378009561,-0.023914593815968846,3.6000314120699963,0.942986790655095,0.01903354497124146,0.3790511190891266,0.022973448388452652,0.3790511190891266,0.00728345733246747,-0.0009043756872415543,-6.882615400395506e-05,-0.0009043756872415543,-0.020318090090998338,-0.2525881230831146,-0.033084402231210466,-0.2525881230831146,-0.0696193637299551,paper_main_20260902_002859/task8_seed1008/results.parquet,8,1008,20260902_002859
paper_main,raw_x,10,medium,10,0.5,1000,10,0.0,0.0,750,x_learner,h_y,frozen,1008,42,dd34b7e5891261e9fb24703963931ff3,0,2.0,10000,histgbr,,,,,,,97.2700005431898,9.862555477318736,1.0769142707144768,-0.05992132963791935,-0.052621390409692284,4.044446971476078,1.059396331048678,-0.00990068738464799,1.4445836544036865,0.08755301423986066,1.4445836544036865,0.07290010125400233,0.8656976222991943,0.06588261793608771,0.8656976222991943,0.04696873028868536,-0.4022662341594696,-0.05268948409972119,-0.4022662341594696,-0.08991777802096568,paper_main_20260902_002859/task8_seed1008/results.parquet,8,1008,20260902_002859
paper_main,raw_x,10,medium,10,0.5,1000,10,0.0,0.0,750,x_learner,true_y,frozen,1008,42,dd34b7e5891261e9fb24703963931ff3,0,2.0,10000,histgbr,,,,,,,53.054634707848805,7.283861249903707,0.7953409381538918,0.6612859400638933,0.6763996535439866,1.2457259563207628,0.3263035754766423,0.6922175465782606,11.706544876098633,0.7095077444024662,11.706544876098633,0.7048427525610056,9.348771095275879,0.7114741895746272,9.348771095275879,0.7056321563713656,5.0767621994018555,0.6649625508399205,5.0767621994018555,0.653113973628548,paper_main_20260902_002859/task8_seed1008/results.parquet,8,1008,20260902_002859
paper_main,raw_x,10,medium,10,0.5,1000,10,0.0,0.0,750,dml_learner,h_y,frozen,1008,42,dd34b7e5891261e9fb24703963931ff3,0,2.0,10000,histgbr,,,,,,,313.9870306411941,17.719679191260607,1.934851006662094,-0.05676962270155146,-0.051188945104708915,3.9466338422596454,1.033775307716912,-0.007160881408207399,-0.24502934515476227,-0.014850685649197863,-0.24502934515476227,-0.031148091441018263,-0.1992935687303543,-0.015166937863257186,-0.1992935687303543,-0.03572190640873,-0.23158130049705505,-0.030332894521530145,-0.23158130049705505,-0.06677054913226102,paper_main_20260902_002859/task8_seed1008/results.parquet,8,1008,20260902_002859
paper_main,raw_x,10,medium,10,0.5,1000,10,0.0,0.0,750,dml_learner,true_y,frozen,1008,42,dd34b7e5891261e9fb24703963931ff3,0,2.0,10000,histgbr,,,,,,,731.942198264764,27.05443028904442,2.9541331484852376,0.3844833715259938,0.35230953054167913,2.128483603566885,0.5575317802950613,0.41799582241983174,6.308514595031738,0.38234509056464444,6.308514595031738,0.3724262198965532,4.988089084625244,0.3796110315293866,4.988089084625244,0.3670494761267721,3.2820518016815186,0.4298884707052134,3.2820518016815186,0.40972651421086514,paper_main_20260902_002859/task8_seed1008/results.parquet,8,1008,20260902_002859
paper_main,encoder_pred,10,medium,10,0.5,1000,10,0.0,0.0,50,x_learner,h_y,frozen,1009,42,046578539f5ee11f7116ae6569884826,46,2.0,10000,histgbr,,,,,,,93.04227570085146,9.645842404935479,1.009426281014395,,,3.0760723239183427,0.6417124176402436,0.02108325605582812,-6.794832706451416,-0.36615942371595694,-6.794832706451416,-0.5054937953267502,-6.779542446136475,-0.46293099013363326,-6.779542446136475,-0.6572887571861674,-0.06263511627912521,-0.006753709060490712,-0.06263511627912521,-0.23556529229815434,paper_main_20260902_002859/task9_seed1009/results.parquet,9,1009,20260902_002859
paper_main,encoder_pred,10,medium,10,0.5,1000,10,0.0,0.0,50,x_learner,true_y,frozen,1009,42,046578539f5ee11f7116ae6569884826,46,2.0,10000,histgbr,,,,,,,116.26273625984551,10.782519940155247,1.128378273896055,,,3.0760723239183427,0.6417124176402436,0.48687622799966657,6.2049150466918945,0.33436998611400903,6.2049150466918945,0.26648249209239544,8.937902450561523,0.6103113984505292,8.937902450561523,0.5585393005499567,4.961755275726318,0.5350074136092662,4.961755275726318,0.4293254688314029,paper_main_20260902_002859/task9_seed1009/results.parquet,9,1009,20260902_002859
paper_main,encoder_pred,10,medium,10,0.5,1000,10,0.0,0.0,50,dml_learner,h_y,frozen,1009,42,046578539f5ee11f7116ae6569884826,46,2.0,10000,histgbr,,,,,,,555.3489199702203,23.56584222917187,2.466138205637008,-0.7386794717887154,-0.7432361760501633,6.7622619849443435,1.410703985512189,-0.33922943061415856,-9.9086275100708,-0.5339553592627577,-9.9086275100708,-0.6904032103345831,-8.05742073059082,-0.5501890114813486,-8.05742073059082,-0.7561394471566283,-4.243285655975342,-0.4575375361849841,-4.243285655975342,-0.788801745376759,paper_main_20260902_002859/task9_seed1009/results.parquet,9,1009,20260902_002859
paper_main,encoder_pred,10,medium,10,0.5,1000,10,0.0,0.0,50,dml_learner,true_y,frozen,1009,42,046578539f5ee11f7116ae6569884826,46,2.0,10000,histgbr,,,,,,,177.00834503716794,13.304448317655563,1.392295169509263,-0.38698679471788716,-0.34712725692993335,3.530261910557747,0.7364628223830457,-0.060273171481771505,-5.77726936340332,-0.3113250483337325,-5.77726936340332,-0.4450668711512297,-5.394096374511719,-0.36832786214827745,-5.394096374511719,-0.5501171260824661,-1.4933041334152222,-0.1610173694093679,-1.4933041334152222,-0.4248894764303543,paper_main_20260902_002859/task9_seed1009/results.parquet,9,1009,20260902_002859
paper_main,mi_mine_cond,10,medium,10,0.5,1000,10,0.0,0.0,50,x_learner,h_y,frozen,1009,42,170fb0fe08485992dcf5ba3960c91803,16,2.0,10000,histgbr,,,,,,,107.15089069910218,10.35137144049532,1.0832590807446127,,,3.0760723239183427,0.6417124176402436,-0.08949138408007087,-5.5824689865112305,-0.3008276605651218,-5.5824689865112305,-0.43349885655612774,-4.036165714263916,-0.27560358317579664,-4.036165714263916,-0.4450739585676068,-0.7166070342063904,-0.07726904182892132,-0.7166070342063904,-0.3221071117713941,paper_main_20260902_002859/task9_seed1009/results.parquet,9,1009,20260902_002859
paper_main,mi_mine_cond,10,medium,10,0.5,1000,10,0.0,0.0,50,x_learner,true_y,frozen,1009,42,170fb0fe08485992dcf5ba3960c91803,16,2.0,10000,histgbr,,,,,,,116.26273625984551,10.782519940155247,1.128378273896055,,,3.0760723239183427,0.6417124176402436,0.3715353294613236,6.159927845001221,0.3319457192398576,6.159927845001221,0.263810974644363,7.094696998596191,0.4844508508284271,7.094696998596191,0.41595754382037214,3.2365875244140625,0.34898906216274606,3.2365875244140625,0.20102949464291278,paper_main_20260902_002859/task9_seed1009/results.parquet,9,1009,20260902_002859
paper_main,mi_mine_cond,10,medium,10,0.5,1000,10,0.0,0.0,50,dml_learner,h_y,frozen,1009,42,170fb0fe08485992dcf5ba3960c91803,16,2.0,10000,histgbr,,,,,,,310.2275760321661,17.613278401029323,1.8432092674171285,-0.45661464585834327,-0.5755588814564283,4.612387531399727,0.9622096108904119,-0.15420505526619382,-10.834798812866211,-0.5838648073896906,-10.834798812866211,-0.7454029147460224,-8.475637435913086,-0.5787463182647281,-8.475637435913086,-0.7884907363061513,-2.754192590713501,-0.29697423041964455,-2.754192590713501,-0.5917461536914348,paper_main_20260902_002859/task9_seed1009/results.parquet,9,1009,20260902_002859
paper_main,mi_mine_cond,10,medium,10,0.5,1000,10,0.0,0.0,50,dml_learner,true_y,frozen,1009,42,170fb0fe08485992dcf5ba3960c91803,16,2.0,10000,histgbr,,,,,,,196.58467440331867,14.020865679526306,1.4672674200280256,-0.2606002400960384,-0.348316166784321,4.354953115582466,0.9085051319438748,-0.0040103137934623875,-7.803334712982178,-0.42050550249094737,-7.803334712982178,-0.5653826216055622,-3.8026366233825684,-0.2596573959329809,-3.8026366233825684,-0.4270092398517294,-0.18457050621509552,-0.0199015436415768,-0.18457050621509552,-0.251701322323241,paper_main_20260902_002859/task9_seed1009/results.parquet,9,1009,20260902_002859
paper_main,mi_infonce_cond,10,medium,10,0.5,1000,10,0.0,0.0,50,x_learner,h_y,frozen,1009,42,0a7d44039a1dfc1e2ce0c5895278fca7,34,2.0,10000,histgbr,,,,,,,101.9301273694566,10.096045135074258,1.0565394774060328,,,3.0760723239183427,0.6417124176402436,0.3226998046430427,-0.321370929479599,-0.01731801199838014,-0.321370929479599,-0.12107410625023729,2.3955726623535156,0.16357812246641587,2.3955726623535156,0.05245525369974501,1.9642531871795654,0.21179803495908298,1.9642531871795654,0.032658154063731334,paper_main_20260902_002859/task9_seed1009/results.parquet,9,1009,20260902_002859
paper_main,mi_infonce_cond,10,medium,10,0.5,1000,10,0.0,0.0,50,x_learner,true_y,frozen,1009,42,0a7d44039a1dfc1e2ce0c5895278fca7,34,2.0,10000,histgbr,,,,,,,116.26273625984551,10.782519940155247,1.128378273896055,,,3.0760723239183427,0.6417124176402436,0.17404156097249152,4.668795108795166,0.25159167272230176,4.668795108795166,0.175261632333689,3.1097683906555176,0.212345917384563,3.1097683906555176,0.10770209635718514,0.448718786239624,0.048383659395375665,0.448718786239624,-0.16789648893581158,paper_main_20260902_002859/task9_seed1009/results.parquet,9,1009,20260902_002859
paper_main,mi_infonce_cond,10,medium,10,0.5,1000,10,0.0,0.0,50,dml_learner,h_y,frozen,1009,42,0a7d44039a1dfc1e2ce0c5895278fca7,34,2.0,10000,histgbr,,,,,,,184.86780521086467,13.596610063205633,1.4228695591669647,-0.24129651860744294,-0.2934576553481161,4.909715078473091,1.024236364156229,0.026665495806282608,-7.784188747406006,-0.41947376616649007,-7.784188747406006,-0.5642456586655717,-4.892734527587891,-0.33409311281885307,-4.892734527587891,-0.5113341174843921,-1.1248968839645386,-0.12129340102911323,-1.1248968839645386,-0.3761371786625167,paper_main_20260902_002859/task9_seed1009/results.parquet,9,1009,20260902_002859
paper_main,mi_infonce_cond,10,medium,10,0.5,1000,10,0.0,0.0,50,dml_learner,true_y,frozen,1009,42,0a7d44039a1dfc1e2ce0c5895278fca7,34,2.0,10000,histgbr,,,,,,,90.1558049135325,9.495041069607467,0.993645095224518,0.420984393757503,0.43630618377614594,2.7014273577928543,0.5635561515798633,0.5700650772335935,4.871944904327393,0.2625389933221848,4.871944904327393,0.18732546833443034,8.236019134521484,0.5623843383230628,8.236019134521484,0.5042448885442476,4.844228744506836,0.522334969684873,4.844228744506836,0.41377287464609147,paper_main_20260902_002859/task9_seed1009/results.parquet,9,1009,20260902_002859
paper_main,autoencoder,10,medium,10,0.5,1000,10,0.0,0.0,50,x_learner,h_y,frozen,1009,42,b9f116f6359230079c37508f5f8441c8,54,2.0,10000,histgbr,,,,,,,109.19681047281354,10.449727770272943,1.0935519571999497,,,3.0760723239183427,0.6417124176402436,0.04628025430526047,-1.3517450094223022,-0.07284273138778712,-1.3517450094223022,-0.18226178250301334,-3.4642226696014404,-0.23654930155292223,-3.4642226696014404,-0.40083111848144537,-0.3637804687023163,-0.03922508001032013,-0.3637804687023163,-0.27541664678324335,paper_main_20260902_002859/task9_seed1009/results.parquet,9,1009,20260902_002859
paper_main,autoencoder,10,medium,10,0.5,1000,10,0.0,0.0,50,x_learner,true_y,frozen,1009,42,b9f116f6359230079c37508f5f8441c8,54,2.0,10000,histgbr,,,,,,,116.26273625984551,10.782519940155247,1.128378273896055,,,3.0760723239183427,0.6417124176402436,0.25436313761500384,-4.8448567390441895,-0.2610792683490883,-4.8448567390441895,-0.3896965324520455,-3.813868761062622,-0.26042436577775374,-3.813868761062622,-0.4278781055121163,3.705836772918701,0.39958644410311367,3.705836772918701,0.26312647868582467,paper_main_20260902_002859/task9_seed1009/results.parquet,9,1009,20260902_002859
paper_main,autoencoder,10,medium,10,0.5,1000,10,0.0,0.0,50,dml_learner,h_y,frozen,1009,42,b9f116f6359230079c37508f5f8441c8,54,2.0,10000,histgbr,,,,,,,598.784829336137,24.470080288714563,2.560765675512404,0.2703961584633853,0.2900411254421827,2.683031113743782,0.559718433541689,0.48440608331976387,6.631264686584473,0.35734508280716976,6.631264686584473,0.2918008150627145,5.907279014587402,0.40336977678737135,5.907279014587402,0.32410443978807174,4.155141830444336,0.44803331892669407,4.155141830444336,0.3225841956166024,paper_main_20260902_002859/task9_seed1009/results.parquet,9,1009,20260902_002859
paper_main,autoencoder,10,medium,10,0.5,1000,10,0.0,0.0,50,dml_learner,true_y,frozen,1009,42,b9f116f6359230079c37508f5f8441c8,54,2.0,10000,histgbr,,,,,,,667.7425524962084,25.840715015188888,2.7042010185847976,0.2870108043217287,0.3046998236666424,2.683031113743782,0.559718433541689,0.49493350391253815,6.631264686584473,0.35734508280716976,6.631264686584473,0.2918008150627145,5.907278537750244,0.40336974422725397,5.907278537750244,0.3241044029021784,3.97133207321167,0.42821380398723535,3.97133207321167,0.2982601682512276,paper_main_20260902_002859/task9_seed1009/results.parquet,9,1009,20260902_002859
paper_main,pca,10,medium,10,0.5,1000,10,0.0,0.0,50,x_learner,h_y,frozen,1009,42,b4bf743fbcae0dbf7e5acfca52574495,0,2.0,10000,histgbr,,,,,,,109.09637442214769,10.44492098687911,1.0930489328625008,,,3.0760723239183427,0.6417124176402436,0.01920078304752534,-8.332560539245605,-0.4490243832245717,-8.332560539245605,-0.5968101382253661,-3.389941453933716,-0.23147711902871868,-3.389941453933716,-0.39508507090404676,-0.43638238310813904,-0.04705347143449303,-0.43638238310813904,-0.28502424857421066,paper_main_20260902_002859/task9_seed1009/results.parquet,9,1009,20260902_002859
paper_main,pca,10,medium,10,0.5,1000,10,0.0,0.0,50,x_learner,true_y,frozen,1009,42,b4bf743fbcae0dbf7e5acfca52574495,0,2.0,10000,histgbr,,,,,,,116.26273625984551,10.782519940155247,1.128378273896055,,,3.0760723239183427,0.6417124176402436,0.2039342420620849,0.015131902880966663,0.0008154268218200464,0.015131902880966663,-0.10109124103126223,4.136147499084473,0.2824306909061546,4.136147499084473,0.187097985835651,1.514707326889038,0.16332519527885897,1.514707326889038,-0.026831428928625937,paper_main_20260902_002859/task9_seed1009/results.parquet,9,1009,20260902_002859
paper_main,pca,10,medium,10,0.5,1000,10,0.0,0.0,50,dml_learner,h_y,frozen,1009,42,b4bf743fbcae0dbf7e5acfca52574495,0,2.0,10000,histgbr,,,,,,,587.1594527650781,24.231373315705365,2.5357852661400107,0.03932773109243697,0.08298269944868378,3.928033667206764,0.8194436657278147,0.27711922130189887,7.660067558288574,0.4127851330475279,7.660067558288574,0.3528951867740617,4.608006000518799,0.31465084809337723,4.608006000518799,0.22359875355558112,2.8373775482177734,0.3059437515855273,2.8373775482177734,0.14820099123959374,paper_main_20260902_002859/task9_seed1009/results.parquet,9,1009,20260902_002859
paper_main,pca,10,medium,10,0.5,1000,10,0.0,0.0,50,dml_learner,true_y,frozen,1009,42,b4bf743fbcae0dbf7e5acfca52574495,0,2.0,10000,histgbr,,,,,,,649.386683395601,25.483066601090243,2.666773524603601,0.033565426170468184,0.08642805441621763,3.928033667206764,0.8194436657278147,0.2738470462572276,7.660067558288574,0.4127851330475279,7.660067558288574,0.3528951867740617,4.126593589782715,0.2817783163944749,4.126593589782715,0.18635894007684678,2.8373775482177734,0.3059437515855273,2.8373775482177734,0.14820099123959374,paper_main_20260902_002859/task9_seed1009/results.parquet,9,1009,20260902_002859
paper_main,pls,10,medium,10,0.5,1000,10,0.0,0.0,50,x_learner,h_y,frozen,1009,42,2d76c26dca5bda0cb184a0dbfcc4efc8,0,2.0,10000,histgbr,,,,,,,110.02150144873934,10.489113472965165,1.0976736255545358,,,3.0760723239183427,0.6417124176402436,-0.02985839212110663,-7.53334903717041,-0.40595653510092783,-7.53334903717041,-0.5493498074596783,-5.765880584716797,-0.3937145949423718,-5.765880584716797,-0.5788766144828716,-0.7178208231925964,-0.07739992013107265,-0.7178208231925964,-0.3222677356520889,paper_main_20260902_002859/task9_seed1009/results.parquet,9,1009,20260902_002859
paper_main,pls,10,medium,10,0.5,1000,10,0.0,0.0,50,x_learner,true_y,frozen,1009,42,2d76c26dca5bda0cb184a0dbfcc4efc8,0,2.0,10000,histgbr,,,,,,,116.26273625984551,10.782519940155247,1.128378273896055,,,3.0760723239183427,0.6417124176402436,0.474858730097713,6.810242652893066,0.366989833727849,6.810242652893066,0.3024292325200708,8.40100383758545,0.5736500738137861,8.40100383758545,0.5170073338654062,5.369991302490234,0.5790259692783816,5.369991302490234,0.4833484131845041,paper_main_20260902_002859/task9_seed1009/results.parquet,9,1009,20260902_002859
paper_main,pls,10,medium,10,0.5,1000,10,0.0,0.0,50,dml_learner,h_y,frozen,1009,42,2d76c26dca5bda0cb184a0dbfcc4efc8,0,2.0,10000,histgbr,,,,,,,313.4962641246323,17.705825711460967,1.8528942366987229,-0.20182472989195677,-0.16846588510343205,4.924054809212684,1.0272278358487714,0.06604115799207774,0.9157854318618774,0.04934977511067166,0.9157854318618774,-0.047606882660884045,1.9114434719085693,0.13052007949878258,1.9114434719085693,0.015005282843750406,-2.146879196166992,-0.2314899107765261,-2.146879196166992,-0.511378779017145,paper_main_20260902_002859/task9_seed1009/results.parquet,9,1009,20260902_002859
paper_main,pls,10,medium,10,0.5,1000,10,0.0,0.0,50,dml_learner,true_y,frozen,1009,42,2d76c26dca5bda0cb184a0dbfcc4efc8,0,2.0,10000,histgbr,,,,,,,201.67618407237305,14.201274029902143,1.4861469457904042,0.08148859543817527,0.10623216363427469,3.1938208776712416,0.6662764399211517,0.29753672283197186,6.463997840881348,0.3483314198554254,6.463997840881348,0.2818678501309152,4.095477104187012,0.2796535733752013,4.095477104187012,0.18395191422155996,1.9492764472961426,0.21018314941474184,1.9492764472961426,0.030676242786261153,paper_main_20260902_002859/task9_seed1009/results.parquet,9,1009,20260902_002859
paper_main,ica,10,medium,10,0.5,1000,10,0.0,0.0,50,x_learner,h_y,frozen,1009,42,2c668c4e1d12971d94a618fc9ef854ed,0,2.0,10000,histgbr,,,,,,,108.83626423110778,10.432462040722113,1.0917451185188016,,,3.0760723239183427,0.6417124176402436,-0.005557195872884515,-5.5824689865112305,-0.3008276605651218,-5.5824689865112305,-0.43349885655612774,-5.473674774169922,-0.3737617550163745,-5.473674774169922,-0.5562729390488923,-0.3568097949028015,-0.038473458466461066,-0.3568097949028015,-0.2744941992330849,paper_main_20260902_002859/task9_seed1009/results.parquet,9,1009,20260902_002859
paper_main,ica,10,medium,10,0.5,1000,10,0.0,0.0,50,x_learner,true_y,frozen,1009,42,2c668c4e1d12971d94a618fc9ef854ed,0,2.0,10000,histgbr,,,,,,,116.26273625984551,10.782519940155247,1.128378273896055,,,3.0760723239183427,0.6417124176402436,0.30470351137177903,4.8208465576171875,0.2597854095339508,4.8208465576171875,0.18429104699521148,7.063928127288818,0.48234984413471815,7.063928127288818,0.4135774077813245,3.151130437850952,0.33977454586437417,3.151130437850952,0.18972073419721386,paper_main_20260902_002859/task9_seed1009/results.parquet,9,1009,20260902_002859
paper_main,ica,10,medium,10,0.5,1000,10,0.0,0.0,50,dml_learner,h_y,frozen,1009,42,2c668c4e1d12971d94a618fc9ef854ed,0,2.0,10000,histgbr,,,,,,,495.00024977501636,22.248601074562337,2.328290438269767,0.04614645858343337,0.0920312274938931,3.928033667206764,0.8194436657278147,0.2843716161846955,7.660067558288574,0.4127851330475279,7.660067558288574,0.3528951867740617,4.608006000518799,0.31465084809337723,4.608006000518799,0.22359875355558112,2.8373775482177734,0.3059437515855273,2.8373775482177734,0.14820099123959374,paper_main_20260902_002859/task9_seed1009/results.parquet,9,1009,20260902_002859
paper_main,ica,10,medium,10,0.5,1000,10,0.0,0.0,50,dml_learner,true_y,frozen,1009,42,2c668c4e1d12971d94a618fc9ef854ed,0,2.0,10000,histgbr,,,,,,,552.7027118019297,23.509630192793967,2.4602556808717098,0.04172869147659064,0.09313653043564636,3.928033667206764,0.8194436657278147,0.2823089438760151,7.660067558288574,0.4127851330475279,7.660067558288574,0.3528951867740617,4.126593589782715,0.2817783163944749,4.126593589782715,0.18635894007684678,2.8373775482177734,0.3059437515855273,2.8373775482177734,0.14820099123959374,paper_main_20260902_002859/task9_seed1009/results.parquet,9,1009,20260902_002859
paper_main,raw_x,10,medium,10,0.5,1000,10,0.0,0.0,50,x_learner,h_y,frozen,1009,42,dd34b7e5891261e9fb24703963931ff3,0,2.0,10000,histgbr,,,,,,,98.56940705924023,9.928212682010807,1.0389760047908596,,,3.0760723239183427,0.6417124176402436,0.0896954765988453,-5.505640506744385,-0.29668753334025405,-5.505640506744385,-0.428936478446589,-2.9258170127868652,-0.19978507066522275,-2.9258170127868652,-0.35918257393101843,0.17059998214244843,0.018395154564421277,0.17059998214244843,-0.20470067987504403,paper_main_20260902_002859/task9_seed1009/results.parquet,9,1009,20260902_002859
paper_main,raw_x,10,medium,10,0.5,1000,10,0.0,0.0,50,x_learner,true_y,frozen,1009,42,dd34b7e5891261e9fb24703963931ff3,0,2.0,10000,histgbr,,,,,,,116.26273625984554,10.782519940155249,1.128378273896055,,,3.0760723239183427,0.6417124176402436,0.2325251841162657,-9.3258056640625,-0.5025483003279807,-9.3258056640625,-0.6557929507009321,-3.5293185710906982,-0.24099427853617528,-3.5293185710906982,-0.4058666330955856,0.6673578023910522,0.07195868235499296,0.6673578023910522,-0.13896341436962187,paper_main_20260902_002859/task9_seed1009/results.parquet,9,1009,20260902_002859
paper_main,raw_x,10,medium,10,0.5,1000,10,0.0,0.0,50,dml_learner,h_y,frozen,1009,42,dd34b7e5891261e9fb24703963931ff3,0,2.0,10000,histgbr,,,,,,,2398.5852721277925,48.97535372131367,5.1252142729363666,-0.06852340936374549,-0.1550514664980689,4.489820640683174,0.9366404150191725,0.15643172721378995,6.855335235595703,0.3694197793658902,6.855335235595703,0.30510700790817447,4.096402168273926,0.27971674000290436,4.096402168273926,0.18402347285462445,0.5327200889587402,0.05744120399605828,0.5327200889587402,-0.15678037618516705,paper_main_20260902_002859/task9_seed1009/results.parquet,9,1009,20260902_002859
paper_main,raw_x,10,medium,10,0.5,1000,10,0.0,0.0,50,dml_learner,true_y,frozen,1009,42,dd34b7e5891261e9fb24703963931ff3,0,2.0,10000,histgbr,,,,,,,3704.9753101807037,60.86850836171939,6.369819187075449,0.18895558223289313,0.2086406256197867,3.202709389328956,0.6681307098161553,0.386085254760935,8.823473930358887,0.4754786863914205,8.823473930358887,0.4219828451598525,5.916183948516846,0.4039778369793067,5.916183948516846,0.3247932838460508,3.416928768157959,0.3684345803354207,3.416928768157959,0.2248945245193174,paper_main_20260902_002859/task9_seed1009/results.parquet,9,1009,20260902_002859
paper_main,encoder_pred,10,medium,10,0.5,1000,10,0.0,0.0,100,x_learner,h_y,frozen,1009,42,046578539f5ee11f7116ae6569884826,46,2.0,10000,histgbr,,,,,,,95.89285139457505,9.792489540182059,1.015800292298529,0.3577197719771976,0.306630321799479,3.7291142657399177,0.9674128306032933,0.3285967021828203,3.807605028152466,0.21107525928407156,3.807605028152466,0.21395529115687703,5.700252532958984,0.4236341309251495,5.700252532958984,0.4264514216123545,4.025195121765137,0.5233465253170463,4.025195121765137,0.5274077183965893,paper_main_20260902_002859/task9_seed1009/results.parquet,9,1009,20260902_002859
paper_main,encoder_pred,10,medium,10,0.5,1000,10,0.0,0.0,100,x_learner,true_y,frozen,1009,42,046578539f5ee11f7116ae6569884826,46,2.0,10000,histgbr,,,,,,,52.175429078388376,7.223256127148502,0.7492870587399345,0.8037563756375637,0.7654944888382974,0.8858921435475349,0.22981956709457177,0.7808735844353343,11.529390335083008,0.6391337957513246,11.529390335083008,0.6404511662385416,10.33320140838623,0.7679478712575364,10.33320140838623,0.7690821478279058,6.5894880294799805,0.8567499362203185,6.5894880294799805,0.8579704584625052,paper_main_20260902_002859/task9_seed1009/results.parquet,9,1009,20260902_002859
paper_main,encoder_pred,10,medium,10,0.5,1000,10,0.0,0.0,100,dml_learner,h_y,frozen,1009,42,046578539f5ee11f7116ae6569884826,46,2.0,10000,histgbr,,,,,,,99.5435633155728,9.977152064370513,1.0349558140151984,0.3003420342034203,0.22505200702824485,3.2347456100583076,0.8391629174943431,0.2978383137518189,2.108315944671631,0.11687486789832217,2.108315944671631,0.12009878571565451,4.076753616333008,0.30297815145300006,4.076753616333008,0.3063852115654281,2.86564302444458,0.37258425350183777,2.86564302444458,0.37792997449835314,paper_main_20260902_002859/task9_seed1009/results.parquet,9,1009,20260902_002859
paper_main,encoder_pred,10,medium,10,0.5,1000,10,0.0,0.0,100,dml_learner,true_y,frozen,1009,42,046578539f5ee11f7116ae6569884826,46,2.0,10000,histgbr,,,,,,,35.699377478731755,5.974895604002781,0.6197913897272729,0.8682868286828682,0.880667893916552,0.713506281375885,0.18509894900796686,0.8786701720781314,15.822491645812988,0.8771226274697265,15.822491645812988,0.8775712009914702,11.634737014770508,0.8646760253683725,11.634737014770508,0.8653374923183451,6.678393363952637,0.8683092014163895,6.678393363952637,0.8694312361612384,paper_main_20260902_002859/task9_seed1009/results.parquet,9,1009,20260902_002859
paper_main,mi_mine_cond,10,medium,10,0.5,1000,10,0.0,0.0,100,x_learner,h_y,frozen,1009,42,170fb0fe08485992dcf5ba3960c91803,16,2.0,10000,histgbr,,,,,,,88.82369037143123,9.42463210801521,0.977641488494249,0.23524752475247523,0.2201989862734226,2.9062099161744115,0.7539336584999491,0.21565022853814872,6.800746917724609,0.3770006101921222,6.800746917724609,0.37927491850923345,2.747925043106079,0.20422162540216604,2.747925043106079,0.20811140986742632,1.7818516492843628,0.23167221490482334,1.7818516492843628,0.23821853765160428,paper_main_20260902_002859/task9_seed1009/results.parquet,9,1009,20260902_002859
paper_main,mi_mine_cond,10,medium,10,0.5,1000,10,0.0,0.0,100,x_learner,true_y,frozen,1009,42,170fb0fe08485992dcf5ba3960c91803,16,2.0,10000,histgbr,,,,,,,72.79530788163098,8.532016636272516,0.8850481746708512,0.48859285928592855,0.49204528750672394,2.2989700758457183,0.5964025208288665,0.47436482480453185,9.216588020324707,0.5109231897008113,9.216588020324707,0.512708603098588,8.777478218078613,0.6523288810679994,8.777478218078613,0.6540283061348401,3.62152099609375,0.47086175261915175,3.62152099609375,0.4753701275760615,paper_main_20260902_002859/task9_seed1009/results.parquet,9,1009,20260902_002859
paper_main,mi_mine_cond,10,medium,10,0.5,1000,10,0.0,0.0,100,dml_learner,h_y,frozen,1009,42,170fb0fe08485992dcf5ba3960c91803,16,2.0,10000,histgbr,,,,,,,84.1720452418809,9.174532426335464,0.9516980010172809,0.3765376537653765,0.3297610805815638,1.8884165421128272,0.4898960616861041,0.33559311253956564,3.5729289054870605,0.19806594684931617,3.5729289054870605,0.20099347024130176,4.799577713012695,0.35669734305690276,4.799577713012695,0.35984182242617757,3.9424543380737305,0.5125887607026646,3.9424543380737305,0.516741612317231,paper_main_20260902_002859/task9_seed1009/results.parquet,9,1009,20260902_002859
paper_main,mi_mine_cond,10,medium,10,0.5,1000,10,0.0,0.0,100,dml_learner,true_y,frozen,1009,42,170fb0fe08485992dcf5ba3960c91803,16,2.0,10000,histgbr,,,,,,,64.81723747873029,8.050915319311853,0.8351422895138104,0.5879147914791478,0.5539474373033991,1.4382572522759438,0.3731150134880384,0.5709616513385725,8.603875160217285,0.4769573437536511,8.603875160217285,0.4788667521459641,7.7628631591796875,0.5769242272890738,7.7628631591796875,0.5789922321769304,4.832943439483643,0.6283680864142613,4.832943439483643,0.6315344725537847,paper_main_20260902_002859/task9_seed1009/results.parquet,9,1009,20260902_002859
paper_main,mi_infonce_cond,10,medium,10,0.5,1000,10,0.0,0.0,100,x_learner,h_y,frozen,1009,42,0a7d44039a1dfc1e2ce0c5895278fca7,34,2.0,10000,histgbr,,,,,,,46.97345753154417,6.853718518552113,0.7109539658847205,0.7359375937593758,0.707558748542074,0.9554450944066049,0.24786310565962938,0.7380682437215468,11.252923011779785,0.6238077807055581,11.252923011779785,0.6251811000172154,10.367834091186523,0.77052171976598,10.367834091186523,0.7716434153008958,6.078941822052002,0.790369903553962,6.078941822052002,0.7921559983632296,paper_main_20260902_002859/task9_seed1009/results.parquet,9,1009,20260902_002859
paper_main,mi_infonce_cond,10,medium,10,0.5,1000,10,0.0,0.0,100,x_learner,true_y,frozen,1009,42,0a7d44039a1dfc1e2ce0c5895278fca7,34,2.0,10000,histgbr,,,,,,,41.61170246147555,6.450713329661732,0.6691491942796173,0.7817821782178216,0.7538232888040584,0.7318950238823891,0.18986938621416563,0.7855645345756287,11.246828079223633,0.6234699070395404,11.246828079223633,0.6248444597856141,10.512130737304688,0.7812456278595659,10.512130737304688,0.7823149046652967,6.224881649017334,0.8093446610594278,6.224881649017334,0.8109690867359602,paper_main_20260902_002859/task9_seed1009/results.parquet,9,1009,20260902_002859
paper_main,mi_infonce_cond,10,medium,10,0.5,1000,10,0.0,0.0,100,dml_learner,h_y,frozen,1009,42,0a7d44039a1dfc1e2ce0c5895278fca7,34,2.0,10000,histgbr,,,,,,,27.087921918003154,5.204605836948957,0.5398872379467551,0.8311431143114311,0.8492806531034243,0.43536428123712545,0.11294290323163572,0.8470776607596034,15.746745109558105,0.8729236048133172,15.746745109558105,0.8733875071978295,11.59218978881836,0.8615139800054177,11.59218978881836,0.8621909031116819,6.801109790802002,0.8842645063514644,6.801109790802002,0.885250598367631,paper_main_20260902_002859/task9_seed1009/results.parquet,9,1009,20260902_002859
paper_main,mi_infonce_cond,10,medium,10,0.5,1000,10,0.0,0.0,100,dml_learner,true_y,frozen,1009,42,0a7d44039a1dfc1e2ce0c5895278fca7,34,2.0,10000,histgbr,,,,,,,8.476461901645989,2.9114363983515057,0.30201083517308025,0.9608280828082807,0.9568742949685423,0.1222412791848182,0.031712029582791054,0.9657605189438817,16.96566390991211,0.9404945844523978,16.96566390991211,0.9407118136563217,13.063436508178711,0.9708548068773742,13.063436508178711,0.9709972693054375,7.5025954246521,0.9754700399789333,7.5025954246521,0.9756790406663726,paper_main_20260902_002859/task9_seed1009/results.parquet,9,1009,20260902_002859
paper_main,autoencoder,10,medium,10,0.5,1000,10,0.0,0.0,100,x_learner,h_y,frozen,1009,42,b9f116f6359230079c37508f5f8441c8,54,2.0,10000,histgbr,,,,,,,177.19900662702753,13.311611721614613,1.3808479470205544,0.10357035703570355,0.12428195270692255,3.364795121252537,0.8729005712044583,0.10701378672853044,2.4250330924987793,0.13443213909715884,2.4250330924987793,0.1375919627138121,1.7793155908584595,0.13223603859943517,1.7793155908584595,0.1364776904013888,1.0467941761016846,0.13610174866372654,1.0467941761016846,0.14346235293098775,paper_main_20260902_002859/task9_seed1009/results.parquet,9,1009,20260902_002859
paper_main,autoencoder,10,medium,10,0.5,1000,10,0.0,0.0,100,x_learner,true_y,frozen,1009,42,b9f116f6359230079c37508f5f8441c8,54,2.0,10000,histgbr,,,,,,,170.47680725327288,13.056676730825226,1.354402880411255,0.12004800480048004,0.13527139393827348,3.445361746847629,0.8938012950131022,0.11672881137916341,2.4250330924987793,0.13443213909715884,2.4250330924987793,0.1375919627138121,1.7793152332305908,0.13223601202107388,1.7793152332305908,0.1364776639529432,1.0467939376831055,0.13610171766509638,1.0467939376831055,0.14346232219647276,paper_main_20260902_002859/task9_seed1009/results.parquet,9,1009,20260902_002859
paper_main,autoencoder,10,medium,10,0.5,1000,10,0.0,0.0,100,dml_learner,h_y,frozen,1009,42,b9f116f6359230079c37508f5f8441c8,54,2.0,10000,histgbr,,,,,,,386.63889671019587,19.663135475050662,2.039707949761128,0.16495649564956494,0.15391854059507082,3.518271394073963,0.9127156331575571,0.13813318586115217,2.073014259338379,0.11491791271789045,2.073014259338379,0.11814897455416708,0.2741928994655609,0.02037760081668571,0.2741928994655609,0.025166019441519527,0.7379474639892578,0.09594621613670892,0.7379474639892578,0.1036489544268314,paper_main_20260902_002859/task9_seed1009/results.parquet,9,1009,20260902_002859
paper_main,autoencoder,10,medium,10,0.5,1000,10,0.0,0.0,100,dml_learner,true_y,frozen,1009,42,b9f116f6359230079c37508f5f8441c8,54,2.0,10000,histgbr,,,,,,,377.4039588261931,19.42688752286874,2.015201338046446,0.18646264626462647,0.16996327632705588,3.376869330704212,0.8760328820725525,0.15925680751628973,2.4319851398468018,0.13481752707350864,2.4319851398468018,0.1379759438010152,1.7908737659454346,0.13309502465834047,1.7908737659454346,0.13733247771509763,0.7493045330047607,0.09742283588488225,0.7493045330047607,0.10511299304799966,paper_main_20260902_002859/task9_seed1009/results.parquet,9,1009,20260902_002859
paper_main,pca,10,medium,10,0.5,1000,10,0.0,0.0,100,x_learner,h_y,frozen,1009,42,b4bf743fbcae0dbf7e5acfca52574495,0,2.0,10000,histgbr,,,,,,,121.8036628503609,11.036469673331274,1.1448415721162293,0.23548754875487546,0.21704190314645133,3.1791246631741523,0.824733641845596,0.23142860157926048,5.459272861480713,0.30263575823111744,5.459272861480713,0.30518154129456476,3.8384552001953125,0.2852681742480202,3.8384552001953125,0.28876180116901085,1.9092872142791748,0.2482410912261787,1.9092872142791748,0.25464624348029335,paper_main_20260902_002859/task9_seed1009/results.parquet,9,1009,20260902_002859
paper_main,pca,10,medium,10,0.5,1000,10,0.0,0.0,100,x_learner,true_y,frozen,1009,42,b4bf743fbcae0dbf7e5acfca52574495,0,2.0,10000,histgbr,,,,,,,120.79731318764853,10.990783101656065,1.1401023857559718,0.25009300930093004,0.2288778270239336,2.918568322956562,0.7571396962973709,0.24734056661945503,5.01620626449585,0.2780742829343823,5.01620626449585,0.2807097295969627,3.79957914352417,0.2823789646232797,3.79957914352417,0.2858867140726953,2.6689956188201904,0.3470166143358125,2.6689956188201904,0.35258017727570273,paper_main_20260902_002859/task9_seed1009/results.parquet,9,1009,20260902_002859
paper_main,pca,10,medium,10,0.5,1000,10,0.0,0.0,100,dml_learner,h_y,frozen,1009,42,b4bf743fbcae0dbf7e5acfca52574495,0,2.0,10000,histgbr,,,,,,,233.83618768497973,15.291703230346178,1.5862479655851864,0.15858385838583855,0.14253678538754222,3.446277505457401,0.8940388625869811,0.14041135155516032,2.5409200191497803,0.140856351406376,2.5409200191497803,0.14399272293025875,2.952099323272705,0.21939554852847307,2.952099323272705,0.22321116248051276,1.479318380355835,0.19233754160403652,1.479318380355835,0.19921900447142915,paper_main_20260902_002859/task9_seed1009/results.parquet,9,1009,20260902_002859
paper_main,pca,10,medium,10,0.5,1000,10,0.0,0.0,100,dml_learner,true_y,frozen,1009,42,b4bf743fbcae0dbf7e5acfca52574495,0,2.0,10000,histgbr,,,,,,,214.18750987889763,14.635146390757342,1.5181416248198187,0.19225922592259226,0.1684242638995559,2.9658220210671424,0.769398326789231,0.1787053383750718,3.156169891357422,0.17496283706876434,3.156169891357422,0.17797470018175873,2.3999695777893066,0.17836210246036244,2.3999695777893066,0.18237828891621324,2.091830253601074,0.2719749134285756,2.091830253601074,0.27817784826563774,paper_main_20260902_002859/task9_seed1009/results.parquet,9,1009,20260902_002859
paper_main,pls,10,medium,10,0.5,1000,10,0.0,0.0,100,x_learner,h_y,frozen,1009,42,2d76c26dca5bda0cb184a0dbfcc4efc8,0,2.0,10000,histgbr,,,,,,,39.921466046739425,6.318343615754007,0.6554181411569974,0.7464746474647463,0.7564798889086257,0.7835461997985838,0.20326881748290954,0.7677104373455236,14.317354202270508,0.7936850666395141,14.317354202270508,0.7944382355455554,11.838043212890625,0.8797854339523469,11.838043212890625,0.8803730457377846,5.897174835205078,0.7667369818927702,5.897174835205078,0.7687244344241516,paper_main_20260902_002859/task9_seed1009/results.parquet,9,1009,20260902_002859
paper_main,pls,10,medium,10,0.5,1000,10,0.0,0.0,100,x_learner,true_y,frozen,1009,42,2d76c26dca5bda0cb184a0dbfcc4efc8,0,2.0,10000,histgbr,,,,,,,38.78731656503018,6.227946416358299,0.6460410056295776,0.7584998499849983,0.7662250643231916,0.7146923089027402,0.18540663017973183,0.7760455057016176,15.650738716125488,0.8676014733850607,15.650738716125488,0.8680848046293279,11.742240905761719,0.8726655516512534,11.742240905761719,0.8732879655982644,6.187508583068848,0.8044855017856761,6.187508583068848,0.8061513285744696,paper_main_20260902_002859/task9_seed1009/results.parquet,9,1009,20260902_002859
paper_main,pls,10,medium,10,0.5,1000,10,0.0,0.0,100,dml_learner,h_y,frozen,1009,42,2d76c26dca5bda0cb184a0dbfcc4efc8,0,2.0,10000,histgbr,,,,,,,57.54068597701443,7.585557723530579,0.7868695413144623,0.7475307530753074,0.7402291023867036,0.9107401874661445,0.2362656866793487,0.7639134469873065,12.51043701171875,0.6935182920710868,12.51043701171875,0.6946371276731572,9.409249305725098,0.6992811510088933,9.409249305725098,0.7007510722137862,5.671196460723877,0.7373557982472755,5.671196460723877,0.7395935849648689,paper_main_20260902_002859/task9_seed1009/results.parquet,9,1009,20260902_002859
paper_main,pls,10,medium,10,0.5,1000,10,0.0,0.0,100,dml_learner,true_y,frozen,1009,42,2d76c26dca5bda0cb184a0dbfcc4efc8,0,2.0,10000,histgbr,,,,,,,54.54595705605473,7.385523478810065,0.76611947123034,0.8155295529552954,0.8202989366090733,0.5948201170563698,0.15430919305099625,0.8289645935568956,15.044763565063477,0.8340091335324732,15.044763565063477,0.8346150962578749,9.812276840209961,0.7292335466831552,9.812276840209961,0.7305570598338584,6.450904369354248,0.8387316104501342,6.450904369354248,0.8401056528150296,paper_main_20260902_002859/task9_seed1009/results.parquet,9,1009,20260902_002859
paper_main,ica,10,medium,10,0.5,1000,10,0.0,0.0,100,x_learner,h_y,frozen,1009,42,2c668c4e1d12971d94a618fc9ef854ed,0,2.0,10000,histgbr,,,,,,,123.33799519651251,11.105764052802153,1.152029657498637,0.10624662466246623,0.14406219352287275,3.4817730429768563,0.9032471721153211,0.1316775892291308,0.07906182110309601,0.0043828060592997625,0.07906182110309601,0.008017385004130746,2.469733953475952,0.18354688515071915,2.469733953475952,0.18753772825996937,0.5280401110649109,0.06865454940546177,0.5280401110649109,0.07658981873531256,paper_main_20260902_002859/task9_seed1009/results.parquet,9,1009,20260902_002859
paper_main,ica,10,medium,10,0.5,1000,10,0.0,0.0,100,x_learner,true_y,frozen,1009,42,2c668c4e1d12971d94a618fc9ef854ed,0,2.0,10000,histgbr,,,,,,,127.76992318872904,11.303535871077202,1.1725450402302555,0.14016201620162014,0.1544601796032896,3.193565229475498,0.8284798368199482,0.157820394056468,0.8315602540969849,0.046097690003581215,0.8315602540969849,0.049579985480636954,2.4472718238830566,0.18187753371518287,2.4472718238830566,0.18587653665572315,1.6171685457229614,0.21026050008850108,1.6171685457229614,0.21698925538356256,paper_main_20260902_002859/task9_seed1009/results.parquet,9,1009,20260902_002859
paper_main,ica,10,medium,10,0.5,1000,10,0.0,0.0,100,dml_learner,h_y,frozen,1009,42,2c668c4e1d12971d94a618fc9ef854ed,0,2.0,10000,histgbr,,,,,,,287.690777736485,16.96144975338149,1.7594550953149557,0.18756675667566755,0.17334779201398579,3.209813827574253,0.8326950743160115,0.1703132281747922,-0.06376393884420395,-0.0035347652461328507,-0.06376393884420395,0.0001287174160465882,2.592952013015747,0.19270426462919074,2.592952013015747,0.1966503462400453,1.4396427869796753,0.1871790130594129,1.4396427869796753,0.1941044277314997,paper_main_20260902_002859/task9_seed1009/results.parquet,9,1009,20260902_002859
paper_main,ica,10,medium,10,0.5,1000,10,0.0,0.0,100,dml_learner,true_y,frozen,1009,42,2c668c4e1d12971d94a618fc9ef854ed,0,2.0,10000,histgbr,,,,,,,288.4519260165245,16.983872527092416,1.761781067683498,0.2008520852085208,0.18637848069431215,2.9334682610630987,0.7610050622454959,0.18356347816067434,0.3006870150566101,0.016668637948832467,0.3006870150566101,0.020258366497168504,3.0903751850128174,0.22967200105009333,3.0903751850128174,0.23343738344690035,1.2821954488754272,0.16670807567013612,1.2821954488754272,0.17380790725864714,paper_main_20260902_002859/task9_seed1009/results.parquet,9,1009,20260902_002859
paper_main,raw_x,10,medium,10,0.5,1000,10,0.0,0.0,100,x_learner,h_y,frozen,1009,42,dd34b7e5891261e9fb24703963931ff3,0,2.0,10000,histgbr,,,,,,,143.39479293689695,11.974756487582408,1.2421724925389879,-0.2184098409840984,-0.19485725326648584,4.388894868195057,1.1385741774309501,-0.22866552316783023,0.4392012655735016,0.02434719996517115,0.4392012655735016,0.02790889731838419,-1.413635492324829,-0.10505924777425715,-1.413635492324829,-0.09965769071717222,-2.233668327331543,-0.2904163705005876,-2.233668327331543,-0.27942173747689697,paper_main_20260902_002859/task9_seed1009/results.parquet,9,1009,20260902_002859
paper_main,raw_x,10,medium,10,0.5,1000,10,0.0,0.0,100,x_learner,true_y,frozen,1009,42,dd34b7e5891261e9fb24703963931ff3,0,2.0,10000,histgbr,,,,,,,89.58265194473573,9.464811247179508,0.9818093746216656,0.3235283528352835,0.3863928637405514,2.629472972154617,0.6821421146456138,0.3621334562394936,10.309985160827637,0.5715358538888566,10.309985160827637,0.5730999959843811,5.595035076141357,0.4158145289655234,5.595035076141357,0.4186700420613763,2.640347957611084,0.3432919119304118,2.640347957611084,0.34888721015900886,paper_main_20260902_002859/task9_seed1009/results.parquet,9,1009,20260902_002859
paper_main,raw_x,10,medium,10,0.5,1000,10,0.0,0.0,100,dml_learner,h_y,frozen,1009,42,dd34b7e5891261e9fb24703963931ff3,0,2.0,10000,histgbr,,,,,,,640.5716963724259,25.309517900829835,2.6254218170060786,0.11668766876687667,0.07037136468802765,3.423294440805912,0.8880765589282532,0.0740833446941673,4.014483451843262,0.22254360135157925,4.014483451843262,0.22538176713884064,3.930204391479492,0.29208683512102934,3.930204391479492,0.2955471322582707,0.7950364947319031,0.10336879938275527,0.7950364947319031,0.111008295621131,paper_main_20260902_002859/task9_seed1009/results.parquet,9,1009,20260902_002859
paper_main,raw_x,10,medium,10,0.5,1000,10,0.0,0.0,100,dml_learner,true_y,frozen,1009,42,dd34b7e5891261e9fb24703963931ff3,0,2.0,10000,histgbr,,,,,,,2282.1602841643844,47.77196127609149,4.955509222532756,0.34417041704170415,0.41142588317057155,2.8007733300328255,0.7265811294596137,0.343159199794193,9.033027648925781,0.5007474879930875,9.033027648925781,0.5025700485910138,7.238531589508057,0.5379566995260263,7.238531589508057,0.5402151786576935,2.0487778186798096,0.26637733578553163,2.0487778186798096,0.2726279632227605,paper_main_20260902_002859/task9_seed1009/results.parquet,9,1009,20260902_002859
paper_main,encoder_pred,10,medium,10,0.5,1000,10,0.0,0.0,250,x_learner,h_y,frozen,1009,42,046578539f5ee11f7116ae6569884826,46,2.0,10000,histgbr,,,,,,,62.93702695886497,7.93328601267249,0.8519698605814497,0.7562106273700379,0.7368062055946267,0.7845507817268373,0.21353607821335333,0.7472020940081204,10.337355613708496,0.6372296382274422,10.337355613708496,0.6400424047410639,8.749726295471191,0.6863517652357923,8.749726295471191,0.6894398826196461,5.761185169219971,0.7840288768838922,5.761185169219971,0.7876914270887796,paper_main_20260902_002859/task9_seed1009/results.parquet,9,1009,20260902_002859
paper_main,encoder_pred,10,medium,10,0.5,1000,10,0.0,0.0,250,x_learner,true_y,frozen,1009,42,046578539f5ee11f7116ae6569884826,46,2.0,10000,histgbr,,,,,,,14.464998423531435,3.803287843896572,0.40844192544422436,0.929285268564297,0.9142596571163498,0.1636015771925452,0.04452846137801544,0.9259921248458044,14.758065223693848,0.9097371624673817,14.758065223693848,0.9104370219751862,11.890514373779297,0.9327235223608203,11.890514373779297,0.9333859130172772,6.947147846221924,0.9454243117405623,6.947147846221924,0.9463498345388534,paper_main_20260902_002859/task9_seed1009/results.parquet,9,1009,20260902_002859
paper_main,encoder_pred,10,medium,10,0.5,1000,10,0.0,0.0,250,dml_learner,h_y,frozen,1009,42,046578539f5ee11f7116ae6569884826,46,2.0,10000,histgbr,,,,,,,68.94352515299269,8.303223780736774,0.891698143184407,0.7173676378822061,0.7113183090889028,1.0355599611997603,0.2818548117212397,0.7205883009957964,9.06876277923584,0.5590292760480733,9.06876277923584,0.562448374785244,8.700305938720703,0.6824751012181033,8.700305938720703,0.6856013874555245,5.223004341125488,0.7107888580652488,5.223004341125488,0.7156934504564241,paper_main_20260902_002859/task9_seed1009/results.parquet,9,1009,20260902_002859
paper_main,encoder_pred,10,medium,10,0.5,1000,10,0.0,0.0,250,dml_learner,true_y,frozen,1009,42,046578539f5ee11f7116ae6569884826,46,2.0,10000,histgbr,,,,,,,7.699449150975344,2.774788127222571,0.2979894901200596,0.9545298324773196,0.9562154338320099,0.13666586506366718,0.037197200654235936,0.9571545261604151,15.221807479858398,0.9383238069797011,15.221807479858398,0.9388020178499814,12.127835273742676,0.9513396039520263,12.127835273742676,0.9518187044164492,7.091465950012207,0.9650642916240814,7.091465950012207,0.9656567494676298,paper_main_20260902_002859/task9_seed1009/results.parquet,9,1009,20260902_002859
paper_main,mi_mine_cond,10,medium,10,0.5,1000,10,0.0,0.0,250,x_learner,h_y,frozen,1009,42,170fb0fe08485992dcf5ba3960c91803,16,2.0,10000,histgbr,,,,,,,64.1945924863934,8.012152799740742,0.8604395067628321,0.577152402438439,0.5424466627278663,1.8709901872873307,0.5092390655575296,0.5672082518490396,8.692425727844238,0.5358305846156306,8.692425727844238,0.5394295561023341,7.521562576293945,0.5900113417539554,7.521562576293945,0.5940480075546231,4.222169876098633,0.5745871741211207,4.222169876098633,0.5818015452375166,paper_main_20260902_002859/task9_seed1009/results.parquet,9,1009,20260902_002859
paper_main,mi_mine_cond,10,medium,10,0.5,1000,10,0.0,0.0,250,x_learner,true_y,frozen,1009,42,170fb0fe08485992dcf5ba3960c91803,16,2.0,10000,histgbr,,,,,,,67.2239741060907,8.199022753114587,0.8805078073218264,0.5876557384918158,0.563447407801211,1.6399121984243394,0.44634512847594965,0.579089234605469,8.761852264404297,0.5401102716486357,8.761852264404297,0.5436760602691414,7.99652099609375,0.6272683414399831,7.99652099609375,0.6309381823213677,4.619909286499023,0.6287147839911748,4.619909286499023,0.6350112310547654,paper_main_20260902_002859/task9_seed1009/results.parquet,9,1009,20260902_002859
paper_main,mi_mine_cond,10,medium,10,0.5,1000,10,0.0,0.0,250,dml_learner,h_y,frozen,1009,42,170fb0fe08485992dcf5ba3960c91803,16,2.0,10000,histgbr,,,,,,,57.50210933152132,7.58301452797773,0.8143535755383592,0.5891894590313445,0.597641145546789,1.6604776669740677,0.4519425602840771,0.5920150921285435,7.798982620239258,0.480755723160644,7.798982620239258,0.4847817216108679,7.473067760467529,0.586207279624095,7.473067760467529,0.5902813994547569,4.3506903648376465,0.5920772862218329,4.3506903648376465,0.5989950509552378,paper_main_20260902_002859/task9_seed1009/results.parquet,9,1009,20260902_002859
paper_main,mi_mine_cond,10,medium,10,0.5,1000,10,0.0,0.0,250,dml_learner,true_y,frozen,1009,42,170fb0fe08485992dcf5ba3960c91803,16,2.0,10000,histgbr,,,,,,,53.290755031259614,7.300051714286661,0.7839656897940377,0.6172211395382325,0.627774073544132,1.4682558182477954,0.3996243411452425,0.6224540564515646,10.212021827697754,0.6295036388421266,10.212021827697754,0.6323763094566486,7.248746395111084,0.5686109160473064,7.248746395111084,0.5728582861316958,4.426294326782227,0.602366087506692,4.426294326782227,0.6091093694170685,paper_main_20260902_002859/task9_seed1009/results.parquet,9,1009,20260902_002859
paper_main,mi_infonce_cond,10,medium,10,0.5,1000,10,0.0,0.0,250,x_learner,h_y,frozen,1009,42,0a7d44039a1dfc1e2ce0c5895278fca7,34,2.0,10000,histgbr,,,,,,,33.31349053310979,5.771783999173028,0.6198422698017874,0.8765366485863774,0.8446671123785008,0.454578067302704,0.12372534703231274,0.8615848921298934,12.34936237335205,0.7612565545365423,12.34936237335205,0.7631076692898675,10.569742202758789,0.8291186459976086,10.569742202758789,0.8308011094116557,6.722702503204346,0.9148799662562256,6.722702503204346,0.9163234758908941,paper_main_20260902_002859/task9_seed1009/results.parquet,9,1009,20260902_002859
paper_main,mi_infonce_cond,10,medium,10,0.5,1000,10,0.0,0.0,250,x_learner,true_y,frozen,1009,42,0a7d44039a1dfc1e2ce0c5895278fca7,34,2.0,10000,histgbr,,,,,,,21.86334080718451,4.675825147199637,0.5021452765473828,0.9162060192963087,0.8916639425489539,0.28528405439853666,0.07764753993232126,0.9061816148619367,13.428936004638672,0.8278051323558425,13.428936004638672,0.8291402578472428,11.055582046508789,0.8672292134735639,11.055582046508789,0.8685364479116867,6.913295269012451,0.9408173780438345,6.913295269012451,0.9418210276107017,paper_main_20260902_002859/task9_seed1009/results.parquet,9,1009,20260902_002859
paper_main,mi_infonce_cond,10,medium,10,0.5,1000,10,0.0,0.0,250,dml_learner,h_y,frozen,1009,42,0a7d44039a1dfc1e2ce0c5895278fca7,34,2.0,10000,histgbr,,,,,,,25.594227773803695,5.059073805925714,0.5433030396510088,0.913477271636346,0.9137071614844192,0.41867258501052884,0.11395272803350891,0.9161183814973516,13.801492691040039,0.8507707892768381,13.801492691040039,0.8519278488688218,11.781734466552734,0.9241905375763956,11.781734466552734,0.9249369422833978,6.73031759262085,0.9159162894826496,6.73031759262085,0.9173422246111039,paper_main_20260902_002859/task9_seed1009/results.parquet,9,1009,20260902_002859
paper_main,mi_infonce_cond,10,medium,10,0.5,1000,10,0.0,0.0,250,dml_learner,true_y,frozen,1009,42,0a7d44039a1dfc1e2ce0c5895278fca7,34,2.0,10000,histgbr,,,,,,,7.31409054642308,2.704457532745353,0.29043656102161897,0.9810178082849325,0.9791015038463229,0.07126789426803581,0.01939742716338143,0.9824071872783076,15.845636367797852,0.9767787340841073,15.845636367797852,0.9769587818665474,12.583686828613281,0.9870978104153374,12.583686828613281,0.9872248427768494,7.2204084396362305,0.9826118330332084,7.2204084396362305,0.9829067105777985,paper_main_20260902_002859/task9_seed1009/results.parquet,9,1009,20260902_002859
paper_main,autoencoder,10,medium,10,0.5,1000,10,0.0,0.0,250,x_learner,h_y,frozen,1009,42,b9f116f6359230079c37508f5f8441c8,54,2.0,10000,histgbr,,,,,,,224.822149631079,14.994070482396666,1.6102402104285873,0.15463889022224353,0.13396068655662896,3.2081373447477817,0.8731787449875511,0.11602149864053161,0.4956737756729126,0.030555011605871152,0.4956737756729126,0.03807167417673201,1.5084189176559448,0.11832438545924454,1.5084189176559448,0.1270051860836449,0.8419772386550903,0.11458310215603251,0.8419772386550903,0.1295984606623909,paper_main_20260902_002859/task9_seed1009/results.parquet,9,1009,20260902_002859
paper_main,autoencoder,10,medium,10,0.5,1000,10,0.0,0.0,250,x_learner,true_y,frozen,1009,42,b9f116f6359230079c37508f5f8441c8,54,2.0,10000,histgbr,,,,,,,212.76588680542807,14.58649672832473,1.5664701315635812,0.17808630538088607,0.1555763588208006,3.16014964735508,0.8601176341679655,0.14359027743649405,0.4956737160682678,0.03055500793163882,0.4956737160682678,0.03807167053098811,1.8914132118225098,0.14836747492279925,1.8914132118225098,0.15675247733584724,1.180511236190796,0.1606535585081358,1.180511236190796,0.17488763034562346,paper_main_20260902_002859/task9_seed1009/results.parquet,9,1009,20260902_002859
paper_main,autoencoder,10,medium,10,0.5,1000,10,0.0,0.0,250,dml_learner,h_y,frozen,1009,42,b9f116f6359230079c37508f5f8441c8,54,2.0,10000,histgbr,,,,,,,193.47537428186442,13.909542561920015,1.4937708054771932,0.1009402390438247,0.10591746288339254,3.344069523215294,0.9101762535861169,0.0865244971896652,1.1585708856582642,0.07141823633791086,1.1585708856582642,0.07861806290926153,1.2407479286193848,0.09732756228744498,1.2407479286193848,0.10621509340625185,0.8616861701011658,0.11726525364611216,0.8616861701011658,0.13223512683782387,paper_main_20260902_002859/task9_seed1009/results.parquet,9,1009,20260902_002859
paper_main,autoencoder,10,medium,10,0.5,1000,10,0.0,0.0,250,dml_learner,true_y,frozen,1009,42,b9f116f6359230079c37508f5f8441c8,54,2.0,10000,histgbr,,,,,,,180.21742808649685,13.424508485843974,1.44168212324493,0.12576777228435657,0.12402422247426449,3.1676591390371325,0.8621615393433983,0.11219399841500712,0.052657127380371094,0.0032459638116921247,0.052657127380371094,0.010974369080548036,1.2880877256393433,0.10104102167501121,1.2880877256393433,0.1098919908201867,1.0128618478775024,0.13783846790285686,1.0128618478775024,0.1524594498677969,paper_main_20260902_002859/task9_seed1009/results.parquet,9,1009,20260902_002859
paper_main,pca,10,medium,10,0.5,1000,10,0.0,0.0,250,x_learner,h_y,frozen,1009,42,b4bf743fbcae0dbf7e5acfca52574495,0,2.0,10000,histgbr,,,,,,,197.88892316736622,14.067299782380633,1.5107126372612554,0.19010032160514567,0.1613927175018723,2.933574370622635,0.7984492283229542,0.16936422336251383,2.5800130367279053,0.15904074847110783,2.5800130367279053,0.1655611874906105,1.7207839488983154,0.1349828624384614,1.7207839488983154,0.1434996470517826,1.7325565814971924,0.2357803734527344,1.7325565814971924,0.2487404058376423,paper_main_20260902_002859/task9_seed1009/results.parquet,9,1009,20260902_002859
paper_main,pca,10,medium,10,0.5,1000,10,0.0,0.0,250,x_learner,true_y,frozen,1009,42,b4bf743fbcae0dbf7e5acfca52574495,0,2.0,10000,histgbr,,,,,,,193.1864538503654,13.89915299039353,1.4926550506952807,0.20307281716507464,0.1788711422001523,2.7723646042346957,0.754571761005412,0.18293511899946777,1.9728672504425049,0.12161422429959726,1.9728672504425049,0.12842485260963762,1.9949947595596313,0.15649268658479448,1.9949947595596313,0.16479768979937812,1.8261804580688477,0.24852147109878164,1.8261804580688477,0.2612654333483829,paper_main_20260902_002859/task9_seed1009/results.parquet,9,1009,20260902_002859
paper_main,pca,10,medium,10,0.5,1000,10,0.0,0.0,250,dml_learner,h_y,frozen,1009,42,b4bf743fbcae0dbf7e5acfca52574495,0,2.0,10000,histgbr,,,,,,,153.6498260378167,12.395556705441539,1.3311811399834952,0.17821379542072674,0.15450941218061676,2.8712419208288193,0.7814838167977682,0.15281596458756677,1.0548090934753418,0.06502200776985502,1.0548090934753418,0.07227142796688611,1.4981428384780884,0.11751830252073306,1.4981428384780884,0.12620703967548602,1.1927343606948853,0.16231698058110672,1.1927343606948853,0.1765228432452277,paper_main_20260902_002859/task9_seed1009/results.parquet,9,1009,20260902_002859
paper_main,pca,10,medium,10,0.5,1000,10,0.0,0.0,250,dml_learner,true_y,frozen,1009,42,b4bf743fbcae0dbf7e5acfca52574495,0,2.0,10000,histgbr,,,,,,,150.08877569131653,12.251072430253464,1.3156647136764688,0.1779250228003648,0.155026364902503,3.0208590106964115,0.8222060330623417,0.15293457289270518,1.2251832485198975,0.07552444816557631,1.2251832485198975,0.0826924369234125,2.382031202316284,0.1868528529175523,2.382031202316284,0.19485893604575522,1.5285931825637817,0.20802337729757792,1.5285931825637817,0.22145412720475602,paper_main_20260902_002859/task9_seed1009/results.parquet,9,1009,20260902_002859
paper_main,pls,10,medium,10,0.5,1000,10,0.0,0.0,250,x_learner,h_y,frozen,1009,42,2d76c26dca5bda0cb184a0dbfcc4efc8,0,2.0,10000,histgbr,,,,,,,22.210554713382088,4.71280751923756,0.5061168800290663,0.9080504968079488,0.8861691188537972,0.39165385675430286,0.1065988722927143,0.9009261571450964,13.45335578918457,0.8293104506454774,13.45335578918457,0.8306339045415004,11.29244613647461,0.8858094616755169,11.29244613647461,0.8869337587299434,6.92996072769165,0.9430853490371668,6.92996072769165,0.9440505371768467,paper_main_20260902_002859/task9_seed1009/results.parquet,9,1009,20260902_002859
paper_main,pls,10,medium,10,0.5,1000,10,0.0,0.0,250,x_learner,true_y,frozen,1009,42,2d76c26dca5bda0cb184a0dbfcc4efc8,0,2.0,10000,histgbr,,,,,,,19.24735537921131,4.387180800834553,0.4711472407854726,0.9127100273604377,0.8873989424964255,0.2632119607925416,0.07164004058829125,0.9070136553306817,13.462121963500977,0.8298508273430609,13.462121963500977,0.831170091388865,10.83165168762207,0.8496635214825657,10.83165168762207,0.8511437041881564,6.793362617492676,0.9244959685923331,6.793362617492676,0.9257764050771371,paper_main_20260902_002859/task9_seed1009/results.parquet,9,1009,20260902_002859
paper_main,pls,10,medium,10,0.5,1000,10,0.0,0.0,250,dml_learner,h_y,frozen,1009,42,2d76c26dca5bda0cb184a0dbfcc4efc8,0,2.0,10000,histgbr,,,,,,,32.84485276084438,5.731042903420318,0.6154670102166764,0.8557242835885372,0.8554665845617994,0.669080695152283,0.18210786475365182,0.8598579780209377,13.346299171447754,0.8227111178625538,13.346299171447754,0.8240857401676315,10.670385360717773,0.8370133625626065,10.670385360717773,0.838618096186517,6.3878045082092285,0.8693043266656932,6.3878045082092285,0.871520731610215,paper_main_20260902_002859/task9_seed1009/results.parquet,9,1009,20260902_002859
paper_main,pls,10,medium,10,0.5,1000,10,0.0,0.0,250,dml_learner,true_y,frozen,1009,42,2d76c26dca5bda0cb184a0dbfcc4efc8,0,2.0,10000,histgbr,,,,,,,31.981182049357344,5.655190717328404,0.6073211074588157,0.8762563241011856,0.873760002694245,0.5225885138511659,0.14223617433852262,0.8793197211271834,13.625146865844727,0.8399002348922033,13.625146865844727,0.841141580122099,10.75521469116211,0.8436676005042408,10.75521469116211,0.8452068178408388,6.5801100730896,0.8954748300644052,6.5801100730896,0.8972474220528152,paper_main_20260902_002859/task9_seed1009/results.parquet,9,1009,20260902_002859
paper_main,ica,10,medium,10,0.5,1000,10,0.0,0.0,250,x_learner,h_y,frozen,1009,42,2c668c4e1d12971d94a618fc9ef854ed,0,2.0,10000,histgbr,,,,,,,148.00317809096876,12.165655678629442,1.306491655015002,0.1937191955071281,0.1975520761866865,2.8945690635442736,0.7878329106835935,0.1751620687075502,2.8040120601654053,0.1728488075146693,2.8040120601654053,0.17926218473919492,2.7602639198303223,0.21652243166426793,2.7602639198303223,0.22423639409245086,1.366929292678833,0.1860228419396181,1.366929292678833,0.19982668832432673,paper_main_20260902_002859/task9_seed1009/results.parquet,9,1009,20260902_002859
paper_main,ica,10,medium,10,0.5,1000,10,0.0,0.0,250,x_learner,true_y,frozen,1009,42,2c668c4e1d12971d94a618fc9ef854ed,0,2.0,10000,histgbr,,,,,,,155.07382707393964,12.452864211655873,1.3373354961987767,0.18274045984735757,0.17636879850570855,2.9727845435142517,0.8091213055681191,0.1582691305381476,3.9178106784820557,0.24150712953920542,3.9178106784820557,0.24738815944591694,3.6818976402282715,0.28881782806122436,3.6818976402282715,0.29581998456914166,1.382335901260376,0.18811949838581463,1.382335901260376,0.2018877885841878,paper_main_20260902_002859/task9_seed1009/results.parquet,9,1009,20260902_002859
paper_main,ica,10,medium,10,0.5,1000,10,0.0,0.0,250,dml_learner,h_y,frozen,1009,42,2c668c4e1d12971d94a618fc9ef854ed,0,2.0,10000,histgbr,,,,,,,168.283056481313,12.972395942204084,1.3931289436221719,0.12961013776220418,0.0892955577822921,3.0346442567110063,0.8259580494260037,0.1023893382849548,2.5293102264404297,0.15591525538912884,2.5293102264404297,0.162459928147674,0.8442568182945251,0.06622574672406892,0.8442568182945251,0.07541950005829134,1.3814983367919922,0.1880055158092828,1.3814983367919922,0.20177573898324547,paper_main_20260902_002859/task9_seed1009/results.parquet,9,1009,20260902_002859
paper_main,ica,10,medium,10,0.5,1000,10,0.0,0.0,250,dml_learner,true_y,frozen,1009,42,2c668c4e1d12971d94a618fc9ef854ed,0,2.0,10000,histgbr,,,,,,,170.3939321624374,13.053502677918958,1.401839141919427,0.13598694379110063,0.0969260093736307,2.922972708821297,0.7955637079253844,0.10739736068360209,2.5293102264404297,0.15591525538912884,2.5293102264404297,0.162459928147674,1.526126742362976,0.11971343425182764,1.526126742362976,0.12838055858142397,1.4164016246795654,0.1927554387501825,1.4164016246795654,0.20644511026988058,paper_main_20260902_002859/task9_seed1009/results.parquet,9,1009,20260902_002859
paper_main,raw_x,10,medium,10,0.5,1000,10,0.0,0.0,250,x_learner,h_y,frozen,1009,42,dd34b7e5891261e9fb24703963931ff3,0,2.0,10000,histgbr,,,,,,,97.68896391083351,9.883772756940212,1.0614361418834573,0.06426227619641914,0.07243877359095512,3.677951129466295,1.001050892228995,0.047548981712885484,-2.071129560470581,-0.1276714461472764,-2.071129560470581,-0.11892796317200756,0.6517626047134399,0.05112598944852564,0.6517626047134399,0.06046841195338641,0.09451232105493546,0.012862004388312974,0.09451232105493546,0.02960240197441093,paper_main_20260902_002859/task9_seed1009/results.parquet,9,1009,20260902_002859
paper_main,raw_x,10,medium,10,0.5,1000,10,0.0,0.0,250,x_learner,true_y,frozen,1009,42,dd34b7e5891261e9fb24703963931ff3,0,2.0,10000,histgbr,,,,,,,81.11123146393543,9.006177405755198,0.9671895979164696,0.5259052464839438,0.5296932052511605,1.7712548985779286,0.48209349014479946,0.5297184741216212,8.735706329345703,0.538498547590656,8.735706329345703,0.5420768328314405,7.2972869873046875,0.5724185689969665,7.2972869873046875,0.5766284496968729,3.8614752292633057,0.525500916597719,3.8614752292633057,0.5335477179017972,paper_main_20260902_002859/task9_seed1009/results.parquet,9,1009,20260902_002859
paper_main,raw_x,10,medium,10,0.5,1000,10,0.0,0.0,250,dml_learner,h_y,frozen,1009,42,dd34b7e5891261e9fb24703963931ff3,0,2.0,10000,histgbr,,,,,,,592.5452820494219,24.342253019172688,2.614158354792079,0.04197686362981807,0.07448375181497541,3.470695187449455,0.9446407501763938,0.019411402602262887,1.9171496629714966,0.11817960335456824,1.9171496629714966,0.12501686224913033,1.2338200807571411,0.0967841235044516,1.2338200807571411,0.10567700521212466,0.4744352400302887,0.06456500137895232,0.4744352400302887,0.08042859275369602,paper_main_20260902_002859/task9_seed1009/results.parquet,9,1009,20260902_002859
paper_main,raw_x,10,medium,10,0.5,1000,10,0.0,0.0,250,dml_learner,true_y,frozen,1009,42,dd34b7e5891261e9fb24703963931ff3,0,2.0,10000,histgbr,,,,,,,1458.3704793607085,38.188617143865116,4.101144314207936,0.2918227811644986,0.34931750050933774,2.573369558811188,0.7004100386882213,0.27947453217566937,5.9424052238464355,0.3663099996261101,5.9424052238464355,0.3712233613581971,4.0388946533203125,0.31682162176234296,4.0388946533203125,0.323548058554486,2.220463514328003,0.30217871222076215,2.220463514328003,0.31401272717449574,paper_main_20260902_002859/task9_seed1009/results.parquet,9,1009,20260902_002859
paper_main,encoder_pred,10,medium,10,0.5,1000,10,0.0,0.0,500,x_learner,h_y,frozen,1009,42,046578539f5ee11f7116ae6569884826,46,2.0,10000,histgbr,,,,,,,57.90024321950425,7.609220933808155,0.8320522898343257,0.7451212844851378,0.7229225321081025,0.8993018418103453,0.24493977496644312,0.7507934775063814,11.813379287719727,0.7266971591921729,11.813379287719727,0.7256608694226353,9.306037902832031,0.7241310450167536,9.306037902832031,0.7228065526864482,5.607122421264648,0.7639449327608884,5.607122421264648,0.7619533505998227,paper_main_20260902_002859/task9_seed1009/results.parquet,9,1009,20260902_002859
paper_main,encoder_pred,10,medium,10,0.5,1000,10,0.0,0.0,500,x_learner,true_y,frozen,1009,42,046578539f5ee11f7116ae6569884826,46,2.0,10000,histgbr,,,,,,,11.104576720376375,3.332353030574098,0.36438578847228914,0.9378908235632942,0.9320029603954919,0.20562052907049644,0.056004162092697936,0.9415809903669473,15.305760383605957,0.9415301345318524,15.305760383605957,0.9413084327623727,12.143343925476074,0.9449104354149279,12.143343925476074,0.9446459413337537,6.91605806350708,0.94228146192404,6.91605806350708,0.9417944941493621,paper_main_20260902_002859/task9_seed1009/results.parquet,9,1009,20260902_002859
paper_main,encoder_pred,10,medium,10,0.5,1000,10,0.0,0.0,500,dml_learner,h_y,frozen,1009,42,046578539f5ee11f7116ae6569884826,46,2.0,10000,histgbr,,,,,,,57.512936848012906,7.5837284265731,0.8292647378361568,0.804498577994312,0.8087415988720831,0.6794655646905299,0.185063718070138,0.8213699900857409,12.512168884277344,0.7696830315935902,12.512168884277344,0.7688097325184505,10.349617958068848,0.8053351754799773,10.349617958068848,0.8044005575666545,6.088538646697998,0.8295357043434591,6.088538646697998,0.828097507509564,paper_main_20260902_002859/task9_seed1009/results.parquet,9,1009,20260902_002859
paper_main,encoder_pred,10,medium,10,0.5,1000,10,0.0,0.0,500,dml_learner,true_y,frozen,1009,42,046578539f5ee11f7116ae6569884826,46,2.0,10000,histgbr,,,,,,,7.590453453203427,2.7550777581047377,0.3012619527338938,0.9583315133260533,0.9557565659255122,0.1084463784918186,0.029537170178857063,0.9616883764432412,15.684174537658691,0.9648081893585599,15.684174537658691,0.9646747516188298,12.172037124633789,0.9471431403004976,12.172037124633789,0.9468893658035439,7.12735652923584,0.9710699170470207,7.12735652923584,0.9708258357070132,paper_main_20260902_002859/task9_seed1009/results.parquet,9,1009,20260902_002859
paper_main,mi_mine_cond,10,medium,10,0.5,1000,10,0.0,0.0,500,x_learner,h_y,frozen,1009,42,170fb0fe08485992dcf5ba3960c91803,16,2.0,10000,histgbr,,,,,,,60.573968850216694,7.7829280383552755,0.8510467960204653,0.5503581054324217,0.562870755004051,1.5821855761185288,0.43093448823532304,0.5683686300791401,9.98491382598877,0.6142195501728683,9.98491382598877,0.6127567760126662,7.911177158355713,0.6155926982899367,7.911177158355713,0.6137470954642789,4.127540588378906,0.5623586360980104,4.127540588378906,0.5586662826845216,paper_main_20260902_002859/task9_seed1009/results.parquet,9,1009,20260902_002859
paper_main,mi_mine_cond,10,medium,10,0.5,1000,10,0.0,0.0,500,x_learner,true_y,frozen,1009,42,170fb0fe08485992dcf5ba3960c91803,16,2.0,10000,histgbr,,,,,,,64.34547471127186,8.021563108975199,0.8771410386073621,0.5863337693350773,0.5907271403857717,1.407551210917532,0.38336992189613767,0.6039229146238035,9.891613960266113,0.6084802315814347,9.891613960266113,0.6069956954917817,7.990600109100342,0.6217728390675193,7.990600109100342,0.6199569081165406,4.6458845138549805,0.6329806388909371,4.6458845138549805,0.6298841189945431,paper_main_20260902_002859/task9_seed1009/results.parquet,9,1009,20260902_002859
paper_main,mi_mine_cond,10,medium,10,0.5,1000,10,0.0,0.0,500,dml_learner,h_y,frozen,1009,42,170fb0fe08485992dcf5ba3960c91803,16,2.0,10000,histgbr,,,,,,,56.49848369416785,7.516547325346116,0.8219186258496924,0.5725195060780243,0.5898509474689069,1.5003935513868925,0.4086570734671214,0.5956786814615328,10.276394844055176,0.6321499342423521,10.276394844055176,0.6307551472041286,7.647933483123779,0.5951089092026668,7.647933483123779,0.593164960328816,4.587714195251465,0.6250551974977351,4.587714195251465,0.6218918111371644,paper_main_20260902_002859/task9_seed1009/results.parquet,9,1009,20260902_002859
paper_main,mi_mine_cond,10,medium,10,0.5,1000,10,0.0,0.0,500,dml_learner,true_y,frozen,1009,42,170fb0fe08485992dcf5ba3960c91803,16,2.0,10000,histgbr,,,,,,,55.44241380464131,7.44596627743111,0.8142007368506151,0.5972103248412993,0.6144393731973306,1.3483582617416974,0.3672477402473796,0.6194576550372912,11.309205055236816,0.6956830036690291,11.309205055236816,0.6945291166876056,8.020552635192871,0.624103536002858,8.020552635192871,0.6222987951120847,4.572366237640381,0.622964108064633,4.572366237640381,0.6197830793104425,paper_main_20260902_002859/task9_seed1009/results.parquet,9,1009,20260902_002859
paper_main,mi_infonce_cond,10,medium,10,0.5,1000,10,0.0,0.0,500,x_learner,h_y,frozen,1009,42,0a7d44039a1dfc1e2ce0c5895278fca7,34,2.0,10000,histgbr,,,,,,,21.324667399980594,4.617863943424556,0.5049537004765123,0.9042043848175391,0.8897757488734772,0.4371705572977662,0.11907065342033592,0.90616487680518,13.960783958435059,0.8587942362298182,13.960783958435059,0.8582588225181924,11.663396835327148,0.9075642961050367,11.663396835327148,0.907120497052466,6.698033332824707,0.9125765837873165,6.698033332824707,0.9118389977730658,paper_main_20260902_002859/task9_seed1009/results.parquet,9,1009,20260902_002859
paper_main,mi_infonce_cond,10,medium,10,0.5,1000,10,0.0,0.0,500,x_learner,true_y,frozen,1009,42,0a7d44039a1dfc1e2ce0c5895278fca7,34,2.0,10000,histgbr,,,,,,,13.133474492607638,3.624013588910455,0.3962782565093123,0.9345699782799131,0.9217037096039749,0.2018803941905496,0.05498547431374916,0.9345754315340796,14.645318984985352,0.9009032422175246,14.645318984985352,0.9005274943622121,12.024744033813477,0.9356818179962975,12.024744033813477,0.9353730158015443,6.9775214195251465,0.9506555646906227,6.9775214195251465,0.9502392487086808,paper_main_20260902_002859/task9_seed1009/results.parquet,9,1009,20260902_002859
paper_main,mi_infonce_cond,10,medium,10,0.5,1000,10,0.0,0.0,500,dml_learner,h_y,frozen,1009,42,0a7d44039a1dfc1e2ce0c5895278fca7,34,2.0,10000,histgbr,,,,,,,13.332753149730287,3.651404270925131,0.399273369923509,0.9471278845115382,0.949738494990678,0.2831209967061876,0.07711270009398409,0.9520530786122732,14.36020278930664,0.8833643886521624,14.36020278930664,0.8829221382516679,11.830105781555176,0.9205364250288838,11.830105781555176,0.9201549073057521,6.899918556213379,0.9400825274460767,6.899918556213379,0.9395770073957332,paper_main_20260902_002859/task9_seed1009/results.parquet,9,1009,20260902_002859
paper_main,mi_infonce_cond,10,medium,10,0.5,1000,10,0.0,0.0,500,dml_learner,true_y,frozen,1009,42,0a7d44039a1dfc1e2ce0c5895278fca7,34,2.0,10000,histgbr,,,,,,,6.833178212750109,2.6140348530098274,0.2858392079916967,0.9634892299569198,0.9638945107360085,0.12729270976036755,0.03467028113809709,0.96639189631395,14.813037872314453,0.9112204288578983,14.813037872314453,0.9108838009580691,11.981118202209473,0.9322871596724238,11.981118202209473,0.931962059163443,7.10543966293335,0.9680838436753592,7.10543966293335,0.967814569016995,paper_main_20260902_002859/task9_seed1009/results.parquet,9,1009,20260902_002859
paper_main,autoencoder,10,medium,10,0.5,1000,10,0.0,0.0,500,x_learner,h_y,frozen,1009,42,b9f116f6359230079c37508f5f8441c8,54,2.0,10000,histgbr,,,,,,,219.46418479650444,14.814323636147027,1.619915101825545,0.09742838971355884,0.09207746396680531,3.277302181571722,0.892627615701583,0.11414127622839804,1.3393924236297607,0.08239239980274465,1.3393924236297607,0.07891308225989087,2.224280595779419,0.17307802193047975,2.224280595779419,0.1691078331943802,0.7360719442367554,0.10028645527955092,0.7360719442367554,0.09269562714486246,paper_main_20260902_002859/task9_seed1009/results.parquet,9,1009,20260902_002859
paper_main,autoencoder,10,medium,10,0.5,1000,10,0.0,0.0,500,x_learner,true_y,frozen,1009,42,b9f116f6359230079c37508f5f8441c8,54,2.0,10000,histgbr,,,,,,,219.16075499580788,14.804078998566844,1.6187948722736287,0.10806840027360108,0.10374706624605061,3.183852967113256,0.8671751719323477,0.12431957573182444,1.2118099927902222,0.07454419754022164,1.2118099927902222,0.07103512175669287,2.6511833667755127,0.2062966218233378,2.6511833667755127,0.2024859210614623,0.8714869618415833,0.11873613565867173,0.8714869618415833,0.1113009663486388,paper_main_20260902_002859/task9_seed1009/results.parquet,9,1009,20260902_002859
paper_main,autoencoder,10,medium,10,0.5,1000,10,0.0,0.0,500,dml_learner,h_y,frozen,1009,42,b9f116f6359230079c37508f5f8441c8,54,2.0,10000,histgbr,,,,,,,170.59630391618515,13.061252004160442,1.4282204095138538,0.014034968139872558,0.02983778612122005,3.6458753527626393,0.9930146330665608,0.03044381745190256,0.9529601335525513,0.05862111128489001,0.9529601335525513,0.0550516595047668,-0.6108799576759338,-0.047534423000474266,-0.6108799576759338,-0.0525638084529956,0.33789002895355225,0.04603597996550907,0.33789002895355225,0.03798744388949802,paper_main_20260902_002859/task9_seed1009/results.parquet,9,1009,20260902_002859
paper_main,autoencoder,10,medium,10,0.5,1000,10,0.0,0.0,500,dml_learner,true_y,frozen,1009,42,b9f116f6359230079c37508f5f8441c8,54,2.0,10000,histgbr,,,,,,,167.12214964478787,12.927573231074263,1.413602917103506,0.019796815187260747,0.032841518444406685,3.573361193679273,0.9732641989164366,0.03624964732254196,1.0895243883132935,0.06702182826559261,1.0895243883132935,0.06348422971113712,-0.027323836460709572,-0.0021261506192811843,-0.027323836460709572,-0.006937523470475343,0.22883938252925873,0.03117832527364868,0.22883938252925873,0.023004436073954797,paper_main_20260902_002859/task9_seed1009/results.parquet,9,1009,20260902_002859
paper_main,pca,10,medium,10,0.5,1000,10,0.0,0.0,500,x_learner,h_y,frozen,1009,42,b4bf743fbcae0dbf7e5acfca52574495,0,2.0,10000,histgbr,,,,,,,180.18749457070228,13.42339355642612,1.4678198258572577,0.15336666146664585,0.14980262207092054,2.8802517223134636,0.7844843365270803,0.16702320299609325,2.032132863998413,0.12500615982962732,2.032132863998413,0.121688422032622,2.2076144218444824,0.17178117636914114,2.2076144218444824,0.16780476126371457,1.30939781665802,0.1783994983256407,1.30939781665802,0.17146770515638074,paper_main_20260902_002859/task9_seed1009/results.parquet,9,1009,20260902_002859
paper_main,pca,10,medium,10,0.5,1000,10,0.0,0.0,500,x_learner,true_y,frozen,1009,42,b4bf743fbcae0dbf7e5acfca52574495,0,2.0,10000,histgbr,,,,,,,181.74995859161473,13.481467226960675,1.4741700594708818,0.1792884931539726,0.16775013092691846,3.0095225919038056,0.8196934023101928,0.19130696372398956,0.8442894816398621,0.051936262512227264,0.8442894816398621,0.04834146361030488,3.179246425628662,0.2473868106485634,3.179246425628662,0.24377339065702,1.388271450996399,0.1891456723440153,1.388271450996399,0.18230454398752557,paper_main_20260902_002859/task9_seed1009/results.parquet,9,1009,20260902_002859
paper_main,pca,10,medium,10,0.5,1000,10,0.0,0.0,500,dml_learner,h_y,frozen,1009,42,b4bf743fbcae0dbf7e5acfca52574495,0,2.0,10000,histgbr,,,,,,,116.20497567797071,10.779841171277559,1.17875293786784,0.0826636266545066,0.07381823590231795,3.37069737239182,0.9180653452367208,0.101537220007308,0.6972393989562988,0.0428905123722818,0.6972393989562988,0.03926141445502495,1.7889132499694824,0.13920076778867377,1.7889132499694824,0.13506792877072085,0.5967872142791748,0.08130954418901988,0.5967872142791748,0.07355860901641832,paper_main_20260902_002859/task9_seed1009/results.parquet,9,1009,20260902_002859
paper_main,pca,10,medium,10,0.5,1000,10,0.0,0.0,500,dml_learner,true_y,frozen,1009,42,b4bf743fbcae0dbf7e5acfca52574495,0,2.0,10000,histgbr,,,,,,,111.07707933028688,10.539311141165104,1.1524514854497898,0.08047798591194365,0.07715343540695707,3.4828238484635947,0.9486048510399266,0.10174335390088397,2.0078377723693848,0.12351165316568898,2.0078377723693848,0.12018824860736582,2.1127822399139404,0.16440199655925833,2.1127822399139404,0.16039015279509514,0.6658487319946289,0.090718861935929,0.6658487319946289,0.0830473126015207,paper_main_20260902_002859/task9_seed1009/results.parquet,9,1009,20260902_002859
paper_main,pls,10,medium,10,0.5,1000,10,0.0,0.0,500,x_learner,h_y,frozen,1009,42,2d76c26dca5bda0cb184a0dbfcc4efc8,0,2.0,10000,histgbr,,,,,,,17.471513820769292,4.179893996355564,0.4570626087987476,0.9169953799815199,0.9067823096057149,0.2598509015217423,0.07077470364726071,0.9178351329238533,13.692163467407227,0.8422701119317307,13.692163467407227,0.8416720432513163,11.543952941894531,0.8982700043478639,11.543952941894531,0.8977815818683883,6.84131383895874,0.9320979012119899,6.84131383895874,0.931525015358588,paper_main_20260902_002859/task9_seed1009/results.parquet,9,1009,20260902_002859
paper_main,pls,10,medium,10,0.5,1000,10,0.0,0.0,500,x_learner,true_y,frozen,1009,42,2d76c26dca5bda0cb184a0dbfcc4efc8,0,2.0,10000,histgbr,,,,,,,14.986308972865197,3.871215438704645,0.4233092583637424,0.9233859335437341,0.9129407036114402,0.1978607088699933,0.05389064633489062,0.9244203788073964,14.314114570617676,0.8805292830674027,14.314114570617676,0.8800762827204227,11.601008415222168,0.9027096638416312,11.601008415222168,0.90224255689927,6.954964637756348,0.9475823057465492,6.954964637756348,0.94714006086691,paper_main_20260902_002859/task9_seed1009/results.parquet,9,1009,20260902_002859
paper_main,pls,10,medium,10,0.5,1000,10,0.0,0.0,500,dml_learner,h_y,frozen,1009,42,2d76c26dca5bda0cb184a0dbfcc4efc8,0,2.0,10000,histgbr,,,,,,,18.48877212300649,4.299857221234967,0.47018033488727934,0.8951781407125627,0.9013818215925941,0.40395892069488726,0.11002491324993824,0.9055676638364535,14.331744194030762,0.8816137650720764,14.331744194030762,0.8811648767848297,11.119576454162598,0.8652479822208805,11.119576454162598,0.864601015569441,6.715683460235596,0.9149813333870394,6.715683460235596,0.9142640360980451,paper_main_20260902_002859/task9_seed1009/results.parquet,9,1009,20260902_002859
paper_main,pls,10,medium,10,0.5,1000,10,0.0,0.0,500,dml_learner,true_y,frozen,1009,42,2d76c26dca5bda0cb184a0dbfcc4efc8,0,2.0,10000,histgbr,,,,,,,13.009655838074979,3.606890050732761,0.3944058336588319,0.9201589766359064,0.9229397206019373,0.2771787151619791,0.07549422114002613,0.9275185146310629,14.870121955871582,0.9147319424007825,14.870121955871582,0.9144086292017786,11.594252586364746,0.9021839723001224,11.594252586364746,0.9017143414260094,6.754464626312256,0.9202650909162964,6.754464626312256,0.91959237236633,paper_main_20260902_002859/task9_seed1009/results.parquet,9,1009,20260902_002859
paper_main,ica,10,medium,10,0.5,1000,10,0.0,0.0,500,x_learner,h_y,frozen,1009,42,2c668c4e1d12971d94a618fc9ef854ed,0,2.0,10000,histgbr,,,,,,,194.5872734723572,13.949454235645106,1.525343453643013,0.18630429721718886,0.1832375945862399,2.8712759660184384,0.7820396404029942,0.1960751840050202,3.7828752994537354,0.23270265575481203,3.7828752994537354,0.22979327367270688,3.460724115371704,0.2692894437294476,3.460724115371704,0.26578118189000893,1.5214903354644775,0.2072961395696788,1.5214903354644775,0.20060814559477394,paper_main_20260902_002859/task9_seed1009/results.parquet,9,1009,20260902_002859
paper_main,ica,10,medium,10,0.5,1000,10,0.0,0.0,500,x_learner,true_y,frozen,1009,42,2c668c4e1d12971d94a618fc9ef854ed,0,2.0,10000,histgbr,,,,,,,198.6733132959074,14.095152120353559,1.5412752106060765,0.1824577538310153,0.18029804622695744,3.0059343247711654,0.8187160782315286,0.19233320133654466,3.3288443088531494,0.20477304958381257,3.3288443088531494,0.20175776605898305,2.8608593940734863,0.22261214969326373,2.8608593940734863,0.21887978247033213,1.341715693473816,0.18280266208346882,1.341715693473816,0.17590801813745963,paper_main_20260902_002859/task9_seed1009/results.parquet,9,1009,20260902_002859
paper_main,ica,10,medium,10,0.5,1000,10,0.0,0.0,500,dml_learner,h_y,frozen,1009,42,2c668c4e1d12971d94a618fc9ef854ed,0,2.0,10000,histgbr,,,,,,,125.48940659449721,11.202205434399836,1.2249375808598264,0.10747847791391164,0.08890165122635793,3.1407106092870234,0.8554246350978999,0.1256334278920534,-0.09076438099145889,-0.005583348863681562,-0.09076438099145889,-0.009396246430954271,0.46771693229675293,0.0363944736194345,0.46771693229675293,0.03176804463539586,1.1757704019546509,0.16019337071311887,1.1757704019546509,0.15310797355899525,paper_main_20260902_002859/task9_seed1009/results.parquet,9,1009,20260902_002859
paper_main,ica,10,medium,10,0.5,1000,10,0.0,0.0,500,dml_learner,true_y,frozen,1009,42,2c668c4e1d12971d94a618fc9ef854ed,0,2.0,10000,histgbr,,,,,,,139.4453098370789,11.808696364843957,1.2912560872916314,0.09890708362833452,0.08188668766135104,3.0943184753954407,0.8427889678421291,0.11689002048148611,-0.3148382902145386,-0.01936720099571006,-0.3148382902145386,-0.02323236316772314,0.6808038353919983,0.052975412084211866,0.6808038353919983,0.04842859091913639,1.0732868909835815,0.14623045836417908,1.0732868909835815,0.13902725697278187,paper_main_20260902_002859/task9_seed1009/results.parquet,9,1009,20260902_002859
paper_main,raw_x,10,medium,10,0.5,1000,10,0.0,0.0,500,x_learner,h_y,frozen,1009,42,dd34b7e5891261e9fb24703963931ff3,0,2.0,10000,histgbr,,,,,,,90.62796209221193,9.519871957763504,1.0409779569145068,0.07858361033444133,0.08879585033967709,3.346467776916921,0.9114660129689223,0.09442816741308933,0.6974475383758545,0.04290331601815003,0.6974475383758545,0.03927426664882333,0.4665665030479431,0.03630495522902423,0.4665665030479431,0.03167809645243599,0.8172887563705444,0.11135187661747264,0.8172887563705444,0.10385440676565874,paper_main_20260902_002859/task9_seed1009/results.parquet,9,1009,20260902_002859
paper_main,raw_x,10,medium,10,0.5,1000,10,0.0,0.0,500,x_learner,true_y,frozen,1009,42,dd34b7e5891261e9fb24703963931ff3,0,2.0,10000,histgbr,,,,,,,68.42063743144593,8.271676821022805,0.9044904464690185,0.6015022140088561,0.5991061311820489,1.4594685136303305,0.3975104605363547,0.6168080837789511,10.163616180419922,0.6252123821257936,10.163616180419922,0.6237912897836707,7.98906135559082,0.621653103988154,7.98906135559082,0.6198365981693207,4.6356120109558105,0.631581057082837,4.6356120109558105,0.6284727290003508,paper_main_20260902_002859/task9_seed1009/results.parquet,9,1009,20260902_002859
paper_main,raw_x,10,medium,10,0.5,1000,10,0.0,0.0,500,dml_learner,h_y,frozen,1009,42,dd34b7e5891261e9fb24703963931ff3,0,2.0,10000,histgbr,,,,,,,334.2633783865757,18.28287117458786,1.9991934730101968,0.10622912891651565,0.10156826891363727,3.5096467476189135,0.9559105125849153,0.11758006854103978,2.534482479095459,0.15590807445720462,2.534482479095459,0.1527075082852473,2.607755422592163,0.2029173617200829,2.607755422592163,0.19909043657337533,0.30900248885154724,0.04210018398624521,0.30900248885154724,0.034018441840338795,paper_main_20260902_002859/task9_seed1009/results.parquet,9,1009,20260902_002859
paper_main,raw_x,10,medium,10,0.5,1000,10,0.0,0.0,500,dml_learner,true_y,frozen,1009,42,dd34b7e5891261e9fb24703963931ff3,0,2.0,10000,histgbr,,,,,,,796.7010911093371,28.2258939824647,3.0864420845482035,0.3645900663602654,0.38405947569459886,2.4782626468241213,0.6749959432962644,0.37694728005228234,8.057829856872559,0.495675447611353,8.057829856872559,0.4937631865729304,5.64546012878418,0.4392903817222602,5.64546012878418,0.4365983224110469,2.450629472732544,0.33388712196982223,2.450629472732544,0.32826716836892267,paper_main_20260902_002859/task9_seed1009/results.parquet,9,1009,20260902_002859
paper_main,encoder_pred,10,medium,10,0.5,1000,10,0.0,0.0,750,x_learner,h_y,frozen,1009,42,046578539f5ee11f7116ae6569884826,46,2.0,10000,histgbr,,,,,,,53.166757212663484,7.2915538270428675,0.8132364649263268,0.8035725859068192,0.7778468667330227,0.5792046740551791,0.16389203984631437,0.8000391280593333,12.863481521606445,0.8274507768689625,12.863481521606445,0.8284534393011297,10.019128799438477,0.8070814519543908,10.019128799438477,0.8084832429719246,5.827511787414551,0.824947434920655,5.827511787414551,0.8271704893834714,paper_main_20260902_002859/task9_seed1009/results.parquet,9,1009,20260902_002859
paper_main,encoder_pred,10,medium,10,0.5,1000,10,0.0,0.0,750,x_learner,true_y,frozen,1009,42,046578539f5ee11f7116ae6569884826,46,2.0,10000,histgbr,,,,,,,8.682657634693692,2.9466349680090493,0.32864202358687344,0.9495607423302084,0.9453798012681529,0.1554546451270582,0.043987522951224135,0.9509385172559321,14.602856636047363,0.9393370719822421,14.602856636047363,0.9396895768376391,11.658127784729004,0.9391094662937404,11.658127784729004,0.9395519110667649,6.742018699645996,0.9544057970799271,6.742018699645996,0.9549848139954124,paper_main_20260902_002859/task9_seed1009/results.parquet,9,1009,20260902_002859
paper_main,encoder_pred,10,medium,10,0.5,1000,10,0.0,0.0,750,dml_learner,h_y,frozen,1009,42,046578539f5ee11f7116ae6569884826,46,2.0,10000,histgbr,,,,,,,52.082550611149635,7.216824136082965,0.8049017654722991,0.8662784467172385,0.8420191261766935,0.4197250834107398,0.11876561632908579,0.8738421071572288,12.389246940612793,0.7969453672874109,12.389246940612793,0.7981252929237251,10.350841522216797,0.8338022568557787,10.350841522216797,0.8350098882931606,6.25112247467041,0.8849141175469184,6.25112247467041,0.8863756338890441,paper_main_20260902_002859/task9_seed1009/results.parquet,9,1009,20260902_002859
paper_main,encoder_pred,10,medium,10,0.5,1000,10,0.0,0.0,750,dml_learner,true_y,frozen,1009,42,046578539f5ee11f7116ae6569884826,46,2.0,10000,histgbr,,,,,,,6.643220524343938,2.5774445725066406,0.287465739458022,0.9600705281253832,0.9586539180264041,0.13200753885507588,0.03735291821210146,0.9626580907731718,14.768697738647461,0.9500048953823662,14.768697738647461,0.9502954108207017,11.696586608886719,0.9422074805286114,11.696586608886719,0.9426274144100155,6.800581932067871,0.9626960571651018,6.800581932067871,0.9631697931344215,paper_main_20260902_002859/task9_seed1009/results.parquet,9,1009,20260902_002859
paper_main,mi_mine_cond,10,medium,10,0.5,1000,10,0.0,0.0,750,x_learner,h_y,frozen,1009,42,170fb0fe08485992dcf5ba3960c91803,16,2.0,10000,histgbr,,,,,,,56.18693292619665,7.495794349246559,0.8360156755323874,0.5738997864885091,0.5825819569160713,1.6522615420768658,0.46752473973439823,0.5759860369099302,9.664315223693848,0.6216625822737101,9.664315223693848,0.6238610547359662,7.3069562911987305,0.5886049586665117,7.3069562911987305,0.59159425067312,4.046766757965088,0.572863681531322,4.046766757965088,0.5782880367732594,paper_main_20260902_002859/task9_seed1009/results.parquet,9,1009,20260902_002859
paper_main,mi_mine_cond,10,medium,10,0.5,1000,10,0.0,0.0,750,x_learner,true_y,frozen,1009,42,170fb0fe08485992dcf5ba3960c91803,16,2.0,10000,histgbr,,,,,,,59.640638636022864,7.722735178421106,0.8613266808466287,0.5939787270732925,0.595130900199541,1.3848317926675082,0.39185268612435986,0.596834160497018,9.820490837097168,0.6317086675750729,9.820490837097168,0.6338487634643185,7.437835216522217,0.5991477868100356,7.437835216522217,0.6020604721764803,4.384936332702637,0.6207352489214447,4.384936332702637,0.6255516661906914,paper_main_20260902_002859/task9_seed1009/results.parquet,9,1009,20260902_002859
paper_main,mi_mine_cond,10,medium,10,0.5,1000,10,0.0,0.0,750,dml_learner,h_y,frozen,1009,42,170fb0fe08485992dcf5ba3960c91803,16,2.0,10000,histgbr,,,,,,,52.63406805526173,7.254934048994638,0.809152213537291,0.5862280288498289,0.5983119784835332,1.52843050459524,0.43248544837810016,0.593879533996591,9.4812593460083,0.6098874086594038,9.4812593460083,0.6121543052153827,6.900514125823975,0.555864394139132,6.900514125823975,0.5590915866987374,4.297600269317627,0.6083718828582254,4.297600269317627,0.6133453068876404,paper_main_20260902_002859/task9_seed1009/results.parquet,9,1009,20260902_002859
paper_main,mi_mine_cond,10,medium,10,0.5,1000,10,0.0,0.0,750,dml_learner,true_y,frozen,1009,42,170fb0fe08485992dcf5ba3960c91803,16,2.0,10000,histgbr,,,,,,,51.66675848747597,7.187959271411877,0.80168242964039,0.605354960631041,0.6188656235754076,1.3966525952368976,0.3951975062414938,0.6137491289426591,10.299676895141602,0.662532583738644,10.299676895141602,0.6644935656209491,7.139268398284912,0.5750970189247209,7.139268398284912,0.5781844627616598,4.514702320098877,0.6391050304590241,4.514702320098877,0.6436881633727427,paper_main_20260902_002859/task9_seed1009/results.parquet,9,1009,20260902_002859
paper_main,mi_infonce_cond,10,medium,10,0.5,1000,10,0.0,0.0,750,x_learner,h_y,frozen,1009,42,0a7d44039a1dfc1e2ce0c5895278fca7,34,2.0,10000,histgbr,,,,,,,18.185690897275883,4.264468419073576,0.47562169932219134,0.9095325965023936,0.9033464004493539,0.3988105345269042,0.11284762527587354,0.9103484556521397,13.407257080078125,0.8624294494424786,13.407257080078125,0.8632288550863499,11.254843711853027,0.9066232989230738,11.254843711853027,0.9073017957402156,6.526371002197266,0.9238785289513451,6.526371002197266,0.9248452224462628,paper_main_20260902_002859/task9_seed1009/results.parquet,9,1009,20260902_002859
paper_main,mi_infonce_cond,10,medium,10,0.5,1000,10,0.0,0.0,750,x_learner,true_y,frozen,1009,42,0a7d44039a1dfc1e2ce0c5895278fca7,34,2.0,10000,histgbr,,,,,,,10.434602639697507,3.230263555764066,0.360275488213093,0.9408710344373943,0.934282770158827,0.1844741668204466,0.05219890110256947,0.9411036337404265,14.205343246459961,0.9137667967439695,14.205343246459961,0.914267887341431,11.460110664367676,0.9231583842972693,11.460110664367676,0.9237167333402,6.722688674926758,0.9516694226390333,6.722688674926758,0.9522831897417552,paper_main_20260902_002859/task9_seed1009/results.parquet,9,1009,20260902_002859
paper_main,mi_infonce_cond,10,medium,10,0.5,1000,10,0.0,0.0,750,dml_learner,h_y,frozen,1009,42,0a7d44039a1dfc1e2ce0c5895278fca7,34,2.0,10000,histgbr,,,,,,,10.766655872200705,3.2812582757534807,0.36596299553976086,0.9463430726099067,0.9488842460197475,0.2526979427884024,0.0715035343527166,0.9498688424833885,14.2304105758667,0.9153792669882651,14.2304105758667,0.9158709877183484,11.683677673339844,0.9411676134251022,11.683677673339844,0.9415951032226165,6.687683582305908,0.9467140724964398,6.687683582305908,0.9473907693439747,paper_main_20260902_002859/task9_seed1009/results.parquet,9,1009,20260902_002859
paper_main,mi_infonce_cond,10,medium,10,0.5,1000,10,0.0,0.0,750,dml_learner,true_y,frozen,1009,42,0a7d44039a1dfc1e2ce0c5895278fca7,34,2.0,10000,histgbr,,,,,,,4.380900935675337,2.093060184436973,0.2334417197822275,0.9736885292240518,0.97358358186686,0.08072185339530291,0.022841095394666968,0.9749542469975103,14.511999130249023,0.9334926111626005,14.511999130249023,0.93387907746502,12.027387619018555,0.9688548432793672,12.027387619018555,0.9690811512283589,6.907975673675537,0.9778988049067896,6.907975673675537,0.9781794758033472,paper_main_20260902_002859/task9_seed1009/results.parquet,9,1009,20260902_002859
paper_main,autoencoder,10,medium,10,0.5,1000,10,0.0,0.0,750,x_learner,h_y,frozen,1009,42,b9f116f6359230079c37508f5f8441c8,54,2.0,10000,histgbr,,,,,,,179.02302672684985,13.379948681771909,1.4922830476138351,0.14994320701014577,0.17316538238123352,3.02853819133838,0.8569566582669335,0.15063069458848471,3.657897472381592,0.235296338720217,3.657897472381592,0.23973993816965425,2.4782512187957764,0.19963318488185647,2.4782512187957764,0.20544883622036558,0.9889638423919678,0.13999854736844522,0.9889638423919678,0.1509200101098481,paper_main_20260902_002859/task9_seed1009/results.parquet,9,1009,20260902_002859
paper_main,autoencoder,10,medium,10,0.5,1000,10,0.0,0.0,750,x_learner,true_y,frozen,1009,42,b9f116f6359230079c37508f5f8441c8,54,2.0,10000,histgbr,,,,,,,180.66391579272124,13.441127772353079,1.4991064310149307,0.15688272512484464,0.17713773878058534,2.975739605223139,0.8420167443348788,0.15908983095762327,3.5941834449768066,0.2311978976111761,3.5941834449768066,0.23566531260064255,2.927185535430908,0.23579666449720396,2.927185535430908,0.2413495435859677,1.0285617113113403,0.1456040547590795,1.0285617113113403,0.15645433117873125,paper_main_20260902_002859/task9_seed1009/results.parquet,9,1009,20260902_002859
paper_main,autoencoder,10,medium,10,0.5,1000,10,0.0,0.0,750,dml_learner,h_y,frozen,1009,42,b9f116f6359230079c37508f5f8441c8,54,2.0,10000,histgbr,,,,,,,130.8057279183211,11.437033178159496,1.2755871590162313,0.05290213849269065,0.054733263180570646,3.4325338964114587,0.9712714819544044,0.030995542885465365,0.0765099823474884,0.004921548200253775,0.0765099823474884,0.01070382738166134,0.5299568176269531,0.04269017061318357,0.5299568176269531,0.04964620637763435,0.02121097780764103,0.003002643730787817,0.02121097780764103,0.01566386592576514,paper_main_20260902_002859/task9_seed1009/results.parquet,9,1009,20260902_002859
paper_main,autoencoder,10,medium,10,0.5,1000,10,0.0,0.0,750,dml_learner,true_y,frozen,1009,42,b9f116f6359230079c37508f5f8441c8,54,2.0,10000,histgbr,,,,,,,127.81752239600084,11.305641175802496,1.2609328384076248,0.058379296674305185,0.05525238766857883,3.52767345807453,0.9981922191816726,0.038156625924629414,0.40115466713905334,0.0258045024911239,0.40115466713905334,0.0314654333792145,0.740617036819458,0.059659705487757286,0.740617036819458,0.0664924366669316,0.1673487424850464,0.0236900277316274,0.1673487424850464,0.03608853351735808,paper_main_20260902_002859/task9_seed1009/results.parquet,9,1009,20260902_002859
paper_main,pca,10,medium,10,0.5,1000,10,0.0,0.0,750,x_learner,h_y,frozen,1009,42,b4bf743fbcae0dbf7e5acfca52574495,0,2.0,10000,histgbr,,,,,,,166.52645766474313,12.904513073523663,1.4392570969696903,0.17700976535069393,0.17835275195368888,2.773940321142475,0.7849155195192187,0.17124509672417007,3.3868608474731445,0.21786175342044906,3.3868608474731445,0.22240666311274504,2.610771894454956,0.21030826267215116,2.610771894454956,0.2160463464138195,1.3579933643341064,0.1922386746546102,1.3579933643341064,0.2024967215354745,paper_main_20260902_002859/task9_seed1009/results.parquet,9,1009,20260902_002859
paper_main,pca,10,medium,10,0.5,1000,10,0.0,0.0,750,x_learner,true_y,frozen,1009,42,b4bf743fbcae0dbf7e5acfca52574495,0,2.0,10000,histgbr,,,,,,,166.39676477662172,12.89948699664532,1.4386965320901124,0.17408299748088438,0.17237512049372491,3.0249702727794645,0.8559470782741959,0.1652680893663937,2.7947967052459717,0.17977689018810783,2.7947967052459717,0.18454310636271867,2.0483815670013428,0.16500544132586742,2.0483815670013428,0.17107270589890478,1.3567544221878052,0.19206328896979466,1.3567544221878052,0.20232356313552716,paper_main_20260902_002859/task9_seed1009/results.parquet,9,1009,20260902_002859
paper_main,pca,10,medium,10,0.5,1000,10,0.0,0.0,750,dml_learner,h_y,frozen,1009,42,b4bf743fbcae0dbf7e5acfca52574495,0,2.0,10000,histgbr,,,,,,,109.3791226937171,10.458447432277751,1.1664442202839376,0.06214230425298532,0.050089912155739776,3.2379060586740573,0.9161994931281862,0.04561254551581317,0.4471536874771118,0.028763415678817766,0.4471536874771118,0.03440715268426138,0.8255123496055603,0.06649836717971694,0.8255123496055603,0.07328140705326586,0.421408474445343,0.05965493554183731,0.421408474445343,0.07159671023781775,paper_main_20260902_002859/task9_seed1009/results.parquet,9,1009,20260902_002859
paper_main,pca,10,medium,10,0.5,1000,10,0.0,0.0,750,dml_learner,true_y,frozen,1009,42,b4bf743fbcae0dbf7e5acfca52574495,0,2.0,10000,histgbr,,,,,,,114.54872148678413,10.702743642953621,1.1936908938294462,0.05926386358020191,0.04981533660037811,3.2625778498401243,0.9231806353081331,0.04459002643434109,0.5977001190185547,0.03844740065011659,0.5977001190185547,0.04403486520328136,1.7450826168060303,0.14057348102273265,1.7450826168060303,0.14681827389898727,0.4408128261566162,0.0624018317737907,0.4408128261566162,0.0743087226625869,paper_main_20260902_002859/task9_seed1009/results.parquet,9,1009,20260902_002859
paper_main,pls,10,medium,10,0.5,1000,10,0.0,0.0,750,x_learner,h_y,frozen,1009,42,2d76c26dca5bda0cb184a0dbfcc4efc8,0,2.0,10000,histgbr,,,,,,,13.606233896371293,3.6886628873307594,0.411401360800812,0.9317923196307903,0.9198917377896152,0.250486120333274,0.07087767598142462,0.928464747123466,13.932320594787598,0.8962044591412248,13.932320594787598,0.896807602334553,10.984393119812012,0.8848374070680234,10.984393119812012,0.8856742052399118,6.757753849029541,0.9566332779663806,6.757753849029541,0.9571840073139389,paper_main_20260902_002859/task9_seed1009/results.parquet,9,1009,20260902_002859
paper_main,pls,10,medium,10,0.5,1000,10,0.0,0.0,750,x_learner,true_y,frozen,1009,42,2d76c26dca5bda0cb184a0dbfcc4efc8,0,2.0,10000,histgbr,,,,,,,13.48064886993748,3.671600314568224,0.409498349908334,0.9374235331973922,0.9231529706154578,0.17115788263082488,0.04843091876960506,0.9350120884765248,13.739524841308594,0.88380276246795,13.739524841308594,0.8844779704038704,11.596487998962402,0.9341441316034172,11.596487998962402,0.9346226556525844,6.743607521057129,0.9546307119656406,6.743607521057129,0.9552068726074106,paper_main_20260902_002859/task9_seed1009/results.parquet,9,1009,20260902_002859
paper_main,pls,10,medium,10,0.5,1000,10,0.0,0.0,750,dml_learner,h_y,frozen,1009,42,2d76c26dca5bda0cb184a0dbfcc4efc8,0,2.0,10000,histgbr,,,,,,,10.486609863319739,3.2383035471245956,0.36117219888782265,0.9305799868088652,0.9368975668213553,0.23023059483865893,0.06514616251101497,0.9364139591641776,14.308961868286133,0.9204321236217781,14.308961868286133,0.9208944828199483,11.449408531188965,0.9222962840730095,11.449408531188965,0.9228608973365807,6.688475131988525,0.9468261249304988,6.688475131988525,0.9475013987845261,paper_main_20260902_002859/task9_seed1009/results.parquet,9,1009,20260902_002859
paper_main,pls,10,medium,10,0.5,1000,10,0.0,0.0,750,dml_learner,true_y,frozen,1009,42,2d76c26dca5bda0cb184a0dbfcc4efc8,0,2.0,10000,histgbr,,,,,,,5.007240626562445,2.237686445095122,0.24957207440114776,0.9660799396976704,0.9686408427496109,0.10668812625110169,0.03018852475111139,0.969000369688186,14.781012535095215,0.950797051679288,14.781012535095215,0.9510829639942658,12.046545028686523,0.9703980503106387,12.046545028686523,0.9706131449585946,6.857386589050293,0.9707373718425598,6.857386589050293,0.971108988311531,paper_main_20260902_002859/task9_seed1009/results.parquet,9,1009,20260902_002859
paper_main,ica,10,medium,10,0.5,1000,10,0.0,0.0,750,x_learner,h_y,frozen,1009,42,2c668c4e1d12971d94a618fc9ef854ed,0,2.0,10000,histgbr,,,,,,,181.1983446178056,13.460993448397693,1.501322075655717,0.18162781444944792,0.18887049817593746,3.0100961580574515,0.8517382914465078,0.17737465771127026,3.829915761947632,0.24636151319090838,3.829915761947632,0.2507408142648107,2.570201873779297,0.2070401829969437,2.570201873779297,0.2128020133652568,1.4551074504852295,0.20598622578578962,1.4551074504852295,0.21606968765054113,paper_main_20260902_002859/task9_seed1009/results.parquet,9,1009,20260902_002859
paper_main,ica,10,medium,10,0.5,1000,10,0.0,0.0,750,x_learner,true_y,frozen,1009,42,2c668c4e1d12971d94a618fc9ef854ed,0,2.0,10000,histgbr,,,,,,,190.49956879842313,13.80215812104843,1.5393726145292337,0.1834078140583361,0.18787579143979588,2.8663752836883067,0.8110709620481766,0.1764372691493573,2.644970417022705,0.17013922884599766,2.644970417022705,0.17496144829194368,2.689715623855591,0.21666750018898295,2.689715623855591,0.22235937623253327,1.15946626663208,0.1641350129228182,1.15946626663208,0.17474995814793712,paper_main_20260902_002859/task9_seed1009/results.parquet,9,1009,20260902_002859
paper_main,ica,10,medium,10,0.5,1000,10,0.0,0.0,750,dml_learner,h_y,frozen,1009,42,2c668c4e1d12971d94a618fc9ef854ed,0,2.0,10000,histgbr,,,,,,,124.59655796981058,11.162282829681864,1.2449438959432024,0.05163246156882056,0.04053781867684631,3.40916424061358,0.9646587926395808,0.033412749498630843,1.2290313243865967,0.07905814008842116,1.2290313243865967,0.08440962060156279,0.544615626335144,0.04387099709550122,0.544615626335144,0.050818452700226835,0.33378297090530396,0.047250596088573536,0.33378297090530396,0.059349897880300144,paper_main_20260902_002859/task9_seed1009/results.parquet,9,1009,20260902_002859
paper_main,ica,10,medium,10,0.5,1000,10,0.0,0.0,750,dml_learner,true_y,frozen,1009,42,2c668c4e1d12971d94a618fc9ef854ed,0,2.0,10000,histgbr,,,,,,,116.04601548229088,10.772465617596135,1.2014670761810968,0.06543105676632313,0.05613239491481466,3.300377128854394,0.9338763379152886,0.04903922375295669,0.557507336139679,0.03586197699464747,0.557507336139679,0.04146446512846671,0.9443530440330505,0.07607146701003177,0.9443530440330505,0.082784946514772,0.2969360649585724,0.042034517313552344,0.2969360649585724,0.05420005993524883,paper_main_20260902_002859/task9_seed1009/results.parquet,9,1009,20260902_002859
paper_main,raw_x,10,medium,10,0.5,1000,10,0.0,0.0,750,x_learner,h_y,frozen,1009,42,dd34b7e5891261e9fb24703963931ff3,0,2.0,10000,histgbr,,,,,,,83.85432422609361,9.157200676303518,1.0213144801864822,0.11223084129927341,0.12036758168875669,3.1723799187193316,0.8976581842930093,0.10355026614277815,1.6502677202224731,0.10615441121800794,1.6502677202224731,0.11134843861359586,0.9645709991455078,0.07770010527732556,0.9645709991455078,0.08440175071780896,0.7275657653808594,0.10299481730491891,0.7275657653808594,0.11438620350743352,paper_main_20260902_002859/task9_seed1009/results.parquet,9,1009,20260902_002859
paper_main,raw_x,10,medium,10,0.5,1000,10,0.0,0.0,750,x_learner,true_y,frozen,1009,42,dd34b7e5891261e9fb24703963931ff3,0,2.0,10000,histgbr,,,,,,,60.415465837316674,7.772738631738281,0.8669036309143839,0.6490949992799986,0.6406471627472171,1.169189236546556,0.3308343622339534,0.6496857650418926,9.072181701660156,0.5835732561457906,9.072181701660156,0.585993061023702,7.759587287902832,0.625066220851302,7.759587287902832,0.6277905768507903,4.77764892578125,0.6763279715343616,4.77764892578125,0.6804383971487661,paper_main_20260902_002859/task9_seed1009/results.parquet,9,1009,20260902_002859
paper_main,raw_x,10,medium,10,0.5,1000,10,0.0,0.0,750,dml_learner,h_y,frozen,1009,42,dd34b7e5891261e9fb24703963931ff3,0,2.0,10000,histgbr,,,,,,,274.04541493207404,16.55431710859962,1.8463244795282259,0.09264481536856065,0.11144969166425106,3.4272412123034397,0.9697738614523939,0.0865232298315465,3.4933242797851562,0.22471007435337398,3.4933242797851562,0.22921518929030527,2.0820748805999756,0.16771957436125304,2.0820748805999756,0.17376711741270554,0.24604590237140656,0.03483046340161624,0.24604590237140656,0.047087492852951815,paper_main_20260902_002859/task9_seed1009/results.parquet,9,1009,20260902_002859
paper_main,raw_x,10,medium,10,0.5,1000,10,0.0,0.0,750,dml_learner,true_y,frozen,1009,42,dd34b7e5891261e9fb24703963931ff3,0,2.0,10000,histgbr,,,,,,,691.5655451732651,26.297633832215116,2.933009243423619,0.3903595775281377,0.4190622250275733,2.1583266690373417,0.6107211773113764,0.39565132188063323,7.743613243103027,0.49811233319812753,7.743613243103027,0.5010287410470814,5.1380534172058105,0.41389103735347677,5.1380534172058105,0.4181498413277823,2.675293207168579,0.37871674042439385,2.675293207168579,0.3866066363664875,paper_main_20260902_002859/task9_seed1009/results.parquet,9,1009,20260902_002859
